Round,Date,Team 1,FT,HT,Team 2
?,(Sat) 12 Oct 1974 (40),Aston Villa FC (1),1-0,?,Blackpool FC (1)
?,(Wed) 5 Mar 1975 (9),Aston Villa FC (2),0-0,?,Bolton Wanderers FC (1)
?,(Sat) 11 Jan 1975 (1),Aston Villa FC (3),2-0,?,Bristol City FC (1)
?,(Thu) 26 Dec 1974 (51),Aston Villa FC (4),1-0,?,Bristol Rovers FC (1)
?,(Wed) 9 Apr 1975 (14),Aston Villa FC (5),2-0,?,Cardiff City FC (1)
?,(Sat) 8 Feb 1975 (5),Aston Villa FC (6),1-1,?,Fulham FC (1)
?,(Wed) 28 Aug 1974 (34),Aston Villa FC (7),6-0,?,Hull City AFC (1)
?,(Sat) 7 Sep 1974 (35),Aston Villa FC (8),3-1,?,Leyton Orient FC (1)
?,(Sat) 22 Feb 1975 (7),Aston Villa FC (9),2-0,?,Manchester United FC (1)
?,(Sat) 21 Sep 1974 (37),Aston Villa FC (10),3-0,?,Millwall FC (1)
?,(Sat) 24 Aug 1974 (33),Aston Villa FC (11),1-1,?,Norwich City FC (1)
?,(Wed) 2 Oct 1974 (39),Aston Villa FC (12),3-0,?,Nottingham Forest FC (1)
?,(Sat) 9 Nov 1974 (44),Aston Villa FC (13),0-1,?,Notts County FC (1)
?,(Sat) 12 Apr 1975 (14),Aston Villa FC (14),5-0,?,Oldham Athletic AFC (1)
?,(Fri) 29 Nov 1974 (47),Aston Villa FC (15),0-0,?,Oxford United FC (1)
?,(Sat) 23 Nov 1974 (46),Aston Villa FC (16),2-0,?,Portsmouth FC (1)
?,(Sat) 26 Oct 1974 (42),Aston Villa FC (17),3-1,?,Sheffield Wednesday FC (1)
?,(Sat) 15 Mar 1975 (10),Aston Villa FC (18),3-0,?,Southampton FC (1)
?,(Sat) 26 Apr 1975 (16),Aston Villa FC (19),2-0,?,Sunderland AFC (1)
?,(Sat) 29 Mar 1975 (12),Aston Villa FC (20),3-1,?,West Bromwich Albion FC (1)
?,(Sat) 14 Dec 1974 (49),Aston Villa FC (21),4-0,?,York City FC (1)
?,(Sat) 19 Apr 1975 (15),Blackpool FC (2),0-3,?,Aston Villa FC (22)
?,(Sat) 24 Aug 1974 (33),Blackpool FC (3),2-1,?,Bolton Wanderers FC (2)
?,(Sat) 15 Feb 1975 (6),Blackpool FC (4),2-0,?,Bristol City FC (2)
?,(Sat) 15 Mar 1975 (10),Blackpool FC (5),0-0,?,Bristol Rovers FC (2)
?,(Tue) 24 Sep 1974 (38),Blackpool FC (6),4-0,?,Cardiff City FC (2)
?,(Sat) 18 Jan 1975 (2),Blackpool FC (7),1-0,?,Fulham FC (2)
?,(Sat) 5 Oct 1974 (39),Blackpool FC (8),1-2,?,Hull City AFC (2)
?,(Tue) 20 Aug 1974 (33),Blackpool FC (9),0-0,?,Leyton Orient FC (2)
?,(Sat) 19 Oct 1974 (41),Blackpool FC (10),0-3,?,Manchester United FC (2)
?,(Sat) 7 Sep 1974 (35),Blackpool FC (11),1-0,?,Millwall FC (2)
?,(Sat) 14 Dec 1974 (49),Blackpool FC (12),2-1,?,Norwich City FC (2)
?,(Sat) 29 Mar 1975 (12),Blackpool FC (13),0-0,?,Nottingham Forest FC (2)
?,(Sat) 7 Dec 1974 (48),Blackpool FC (14),3-1,?,Notts County FC (2)
?,(Thu) 26 Dec 1974 (51),Blackpool FC (15),1-0,?,Oldham Athletic AFC (2)
?,(Sat) 16 Nov 1974 (45),Blackpool FC (16),0-0,?,Oxford United FC (2)
?,(Sat) 5 Apr 1975 (13),Blackpool FC (17),2-2,?,Portsmouth FC (2)
?,(Sat) 2 Nov 1974 (43),Blackpool FC (18),3-1,?,Sheffield Wednesday FC (2)
?,(Sat) 1 Mar 1975 (8),Blackpool FC (19),3-0,?,Southampton FC (2)
?,(Sat) 1 Feb 1975 (4),Blackpool FC (20),3-2,?,Sunderland AFC (2)
?,(Mon) 31 Mar 1975 (13),Blackpool FC (21),2-0,?,West Bromwich Albion FC (2)
?,(Sat) 21 Sep 1974 (37),Blackpool FC (22),1-1,?,York City FC (2)
?,(Sat) 31 Aug 1974 (34),Bolton Wanderers FC (3),1-0,?,Aston Villa FC (23)
?,(Tue) 22 Oct 1974 (42),Bolton Wanderers FC (4),0-0,?,Blackpool FC (23)
?,(Sat) 22 Mar 1975 (11),Bolton Wanderers FC (5),0-2,?,Bristol City FC (3)
?,(Sat) 18 Jan 1975 (2),Bolton Wanderers FC (6),5-1,?,Bristol Rovers FC (3)
?,(Sat) 19 Oct 1974 (41),Bolton Wanderers FC (7),2-1,?,Cardiff City FC (3)
?,(Sat) 28 Dec 1974 (51),Bolton Wanderers FC (8),0-0,?,Fulham FC (3)
?,(Sat) 19 Apr 1975 (15),Bolton Wanderers FC (9),1-1,?,Hull City AFC (3)
?,(Sat) 5 Oct 1974 (39),Bolton Wanderers FC (10),2-0,?,Leyton Orient FC (3)
?,(Sat) 8 Mar 1975 (9),Bolton Wanderers FC (11),0-1,?,Manchester United FC (3)
?,(Sat) 1 Feb 1975 (4),Bolton Wanderers FC (12),2-0,?,Millwall FC (3)
?,(Sat) 15 Feb 1975 (6),Bolton Wanderers FC (13),0-0,?,Norwich City FC (3)
?,(Sat) 2 Nov 1974 (43),Bolton Wanderers FC (14),2-0,?,Nottingham Forest FC (3)
?,(Sat) 28 Sep 1974 (38),Bolton Wanderers FC (15),1-1,?,Notts County FC (3)
?,(Tue) 12 Nov 1974 (45),Bolton Wanderers FC (16),1-1,?,Oldham Athletic AFC (3)
?,(Sat) 21 Dec 1974 (50),Bolton Wanderers FC (17),3-1,?,Oxford United FC (3)
?,(Sat) 17 Aug 1974 (32),Bolton Wanderers FC (18),3-0,?,Portsmouth FC (3)
?,(Sat) 14 Sep 1974 (36),Bolton Wanderers FC (19),0-1,?,Sheffield Wednesday FC (3)
?,(Sat) 16 Nov 1974 (45),Bolton Wanderers FC (20),3-2,?,Southampton FC (3)
?,(Mon) 31 Mar 1975 (13),Bolton Wanderers FC (21),0-2,?,Sunderland AFC (3)
?,(Sat) 7 Dec 1974 (48),Bolton Wanderers FC (22),0-1,?,West Bromwich Albion FC (3)
?,(Sat) 5 Apr 1975 (13),Bolton Wanderers FC (23),1-1,?,York City FC (3)
?,(Sat) 7 Dec 1974 (48),Bristol City FC (4),1-0,?,Aston Villa FC (24)
?,(Sat) 23 Nov 1974 (46),Bristol City FC (5),0-1,?,Blackpool FC (24)
?,(Sat) 7 Sep 1974 (35),Bristol City FC (6),2-1,?,Bolton Wanderers FC (24)
?,(Tue) 1 Apr 1975 (13),Bristol City FC (7),1-1,?,Bristol Rovers FC (4)
?,(Thu) 26 Dec 1974 (51),Bristol City FC (8),0-0,?,Cardiff City FC (4)
?,(Sat) 26 Apr 1975 (16),Bristol City FC (9),3-1,?,Fulham FC (4)
?,(Sat) 18 Jan 1975 (2),Bristol City FC (10),2-0,?,Hull City AFC (4)
?,(Sat) 24 Aug 1974 (33),Bristol City FC (11),0-0,?,Leyton Orient FC (4)
?,(Sat) 9 Nov 1974 (44),Bristol City FC (12),1-0,?,Manchester United FC (4)
?,(Sat) 15 Mar 1975 (10),Bristol City FC (13),2-1,?,Millwall FC (4)
?,(Sat) 29 Mar 1975 (12),Bristol City FC (14),0-1,?,Norwich City FC (4)
?,(Sat) 14 Dec 1974 (49),Bristol City FC (15),1-0,?,Nottingham Forest FC (4)
?,(Sat) 26 Oct 1974 (42),Bristol City FC (16),3-0,?,Notts County FC (4)
?,(Sat) 1 Mar 1975 (8),Bristol City FC (17),3-1,?,Oldham Athletic AFC (4)
?,(Tue) 5 Nov 1974 (44),Bristol City FC (18),3-0,?,Oxford United FC (4)
?,(Sat) 8 Feb 1975 (5),Bristol City FC (19),3-1,?,Portsmouth FC (4)
?,(Sat) 12 Apr 1975 (14),Bristol City FC (20),1-0,?,Sheffield Wednesday FC (4)
?,(Sat) 21 Sep 1974 (37),Bristol City FC (21),2-0,?,Southampton FC (4)
?,(Sat) 12 Oct 1974 (40),Bristol City FC (22),1-1,?,Sunderland AFC (4)
?,(Sat) 22 Feb 1975 (7),Bristol City FC (23),2-1,?,West Bromwich Albion FC (4)
?,(Tue) 24 Sep 1974 (38),Bristol City FC (24),0-0,?,York City FC (4)
?,(Sat) 14 Sep 1974 (36),Bristol Rovers FC (5),2-0,?,Aston Villa FC (25)
?,(Sat) 28 Sep 1974 (38),Bristol Rovers FC (6),1-3,?,Blackpool FC (25)
?,(Sat) 30 Nov 1974 (47),Bristol Rovers FC (7),1-0,?,Bolton Wanderers FC (25)
?,(Sat) 28 Dec 1974 (51),Bristol Rovers FC (8),1-4,?,Bristol City FC (25)
?,(Sat) 5 Oct 1974 (39),Bristol Rovers FC (9),1-0,?,Cardiff City FC (5)
?,(Tue) 11 Mar 1975 (10),Bristol Rovers FC (10),1-2,?,Fulham FC (5)
?,(Sat) 31 Aug 1974 (34),Bristol Rovers FC (11),2-0,?,Hull City AFC (5)
?,(Sat) 16 Nov 1974 (45),Bristol Rovers FC (12),0-0,?,Leyton Orient FC (5)
?,(Fri) 28 Mar 1975 (12),Bristol Rovers FC (13),1-1,?,Manchester United FC (5)
?,(Sat) 19 Oct 1974 (41),Bristol Rovers FC (14),2-0,?,Millwall FC (5)
?,(Sat) 1 Feb 1975 (4),Bristol Rovers FC (15),0-2,?,Norwich City FC (5)
?,(Sat) 5 Apr 1975 (13),Bristol Rovers FC (16),4-2,?,Nottingham Forest FC (5)
?,(Sat) 17 Aug 1974 (32),Bristol Rovers FC (17),0-0,?,Notts County FC (5)
?,(Sat) 11 Jan 1975 (1),Bristol Rovers FC (18),2-1,?,Oldham Athletic AFC (5)
?,(Sat) 15 Feb 1975 (6),Bristol Rovers FC (19),1-0,?,Oxford United FC (5)
?,(Sat) 21 Dec 1974 (50),Bristol Rovers FC (20),0-1,?,Portsmouth FC (5)
?,(Tue) 17 Sep 1974 (37),Bristol Rovers FC (21),1-1,?,Sheffield Wednesday FC (5)
?,(Sat) 2 Nov 1974 (43),Bristol Rovers FC (22),0-1,?,Southampton FC (5)
?,(Sat) 22 Mar 1975 (11),Bristol Rovers FC (23),2-1,?,Sunderland AFC (5)
?,(Tue) 22 Oct 1974 (42),Bristol Rovers FC (24),2-1,?,West Bromwich Albion FC (5)
?,(Sat) 19 Apr 1975 (15),Bristol Rovers FC (25),1-3,?,York City FC (5)
?,(Sat) 28 Dec 1974 (51),Cardiff City FC (6),3-1,?,Aston Villa FC (26)
?,(Sat) 8 Mar 1975 (9),Cardiff City FC (7),1-1,?,Blackpool FC (26)
?,(Sat) 26 Apr 1975 (16),Cardiff City FC (8),1-2,?,Bolton Wanderers FC (26)
?,(Sat) 14 Sep 1974 (36),Cardiff City FC (9),0-1,?,Bristol City FC (26)
?,(Sat) 12 Apr 1975 (14),Cardiff City FC (10),2-2,?,Bristol Rovers FC (26)
?,(Wed) 11 Dec 1974 (49),Cardiff City FC (11),0-0,?,Fulham FC (6)
?,(Sat) 28 Sep 1974 (38),Cardiff City FC (12),1-2,?,Hull City AFC (6)
?,(Sat) 1 Feb 1975 (4),Cardiff City FC (13),0-0,?,Leyton Orient FC (6)
?,(Sat) 31 Aug 1974 (34),Cardiff City FC (14),0-1,?,Manchester United FC (6)
?,(Fri) 14 Feb 1975 (6),Cardiff City FC (15),0-1,?,Millwall FC (6)
?,(Sat) 11 Jan 1975 (1),Cardiff City FC (16),2-1,?,Norwich City FC (6)
?,(Sat) 16 Nov 1974 (45),Cardiff City FC (17),2-1,?,Nottingham Forest FC (6)
?,(Sat) 21 Dec 1974 (50),Cardiff City FC (18),0-0,?,Notts County FC (6)
?,(Sat) 26 Oct 1974 (42),Cardiff City FC (19),3-1,?,Oldham Athletic AFC (6)
?,(Sat) 17 Aug 1974 (32),Cardiff City FC (20),1-1,?,Oxford United FC (6)
?,(Wed) 2 Apr 1975 (13),Cardiff City FC (21),1-0,?,Portsmouth FC (6)
?,(Sat) 22 Mar 1975 (11),Cardiff City FC (22),0-0,?,Sheffield Wednesday FC (6)
?,(Fri) 29 Nov 1974 (47),Cardiff City FC (23),2-2,?,Southampton FC (6)
?,(Sat) 2 Nov 1974 (43),Cardiff City FC (24),2-0,?,Sunderland AFC (6)
?,(Sat) 12 Oct 1974 (40),Cardiff City FC (25),0-2,?,West Bromwich Albion FC (6)
?,(Wed) 16 Oct 1974 (41),Cardiff City FC (26),3-2,?,York City FC (6)
?,(Sat) 2 Nov 1974 (43),Fulham FC (7),3-1,?,Aston Villa FC (27)
?,(Sat) 30 Nov 1974 (47),Fulham FC (8),1-0,?,Blackpool FC (27)
?,(Fri) 28 Mar 1975 (12),Fulham FC (9),2-1,?,Bolton Wanderers FC (27)
?,(Sat) 19 Oct 1974 (41),Fulham FC (10),1-1,?,Bristol City FC (27)
?,(Wed) 25 Sep 1974 (38),Fulham FC (11),0-0,?,Bristol Rovers FC (27)
?,(Sat) 24 Aug 1974 (33),Fulham FC (12),4-0,?,Cardiff City FC (27)
?,(Sat) 1 Feb 1975 (4),Fulham FC (13),1-1,?,Hull City AFC (7)
?,(Thu) 26 Dec 1974 (51),Fulham FC (14),0-0,?,Leyton Orient FC (7)
?,(Sat) 5 Oct 1974 (39),Fulham FC (15),1-2,?,Manchester United FC (7)
?,(Tue) 4 Mar 1975 (9),Fulham FC (16),0-0,?,Millwall FC (7)
?,(Sat) 21 Sep 1974 (37),Fulham FC (17),4-0,?,Norwich City FC (7)
?,(Sat) 11 Jan 1975 (1),Fulham FC (18),0-1,?,Nottingham Forest FC (7)
?,(Wed) 28 Aug 1974 (34),Fulham FC (19),3-0,?,Notts County FC (7)
?,(Sat) 15 Mar 1975 (10),Fulham FC (20),0-0,?,Oldham Athletic AFC (7)
?,(Tue) 22 Apr 1975 (16),Fulham FC (21),0-0,?,Oxford United FC (7)
?,(Sat) 19 Apr 1975 (15),Fulham FC (22),2-2,?,Portsmouth FC (7)
?,(Tue) 25 Feb 1975 (8),Fulham FC (23),2-1,?,Sheffield Wednesday FC (7)
?,(Mon) 24 Mar 1975 (12),Fulham FC (24),3-2,?,Southampton FC (7)
?,(Sat) 16 Nov 1974 (45),Fulham FC (25),1-3,?,Sunderland AFC (7)
?,(Sat) 14 Dec 1974 (49),Fulham FC (26),1-0,?,West Bromwich Albion FC (7)
?,(Sat) 7 Sep 1974 (35),Fulham FC (27),0-2,?,York City FC (7)
?,(Tue) 20 Aug 1974 (33),Hull City AFC (8),1-1,?,Aston Villa FC (28)
?,(Sat) 12 Apr 1975 (14),Hull City AFC (9),1-0,?,Blackpool FC (28)
?,(Sat) 12 Oct 1974 (40),Hull City AFC (10),2-0,?,Bolton Wanderers FC (28)
?,(Sat) 30 Nov 1974 (47),Hull City AFC (11),1-0,?,Bristol City FC (28)
?,(Sat) 1 Mar 1975 (8),Hull City AFC (12),2-0,?,Bristol Rovers FC (28)
?,(Sat) 15 Mar 1975 (10),Hull City AFC (13),1-1,?,Cardiff City FC (28)
?,(Sat) 9 Nov 1974 (44),Hull City AFC (14),2-1,?,Fulham FC (28)
?,(Sat) 29 Mar 1975 (12),Hull City AFC (15),0-0,?,Leyton Orient FC (8)
?,(Sat) 23 Nov 1974 (46),Hull City AFC (16),2-0,?,Manchester United FC (8)
?,(Tue) 24 Sep 1974 (38),Hull City AFC (17),1-1,?,Millwall FC (8)
?,(Sat) 7 Sep 1974 (35),Hull City AFC (18),0-0,?,Norwich City FC (8)
?,(Thu) 26 Dec 1974 (51),Hull City AFC (19),1-3,?,Nottingham Forest FC (8)
?,(Sat) 8 Feb 1975 (5),Hull City AFC (20),1-0,?,Notts County FC (8)
?,(Sat) 21 Sep 1974 (37),Hull City AFC (21),1-1,?,Oldham Athletic AFC (8)
?,(Sat) 11 Jan 1975 (1),Hull City AFC (22),1-0,?,Oxford United FC (8)
?,(Sat) 22 Feb 1975 (7),Hull City AFC (23),0-0,?,Portsmouth FC (8)
?,(Sat) 26 Apr 1975 (16),Hull City AFC (24),1-0,?,Sheffield Wednesday FC (8)
?,(Sat) 14 Dec 1974 (49),Hull City AFC (25),1-1,?,Southampton FC (8)
?,(Sat) 26 Oct 1974 (42),Hull City AFC (26),3-1,?,Sunderland AFC (8)
?,(Sat) 24 Aug 1974 (33),Hull City AFC (27),1-0,?,West Bromwich Albion FC (8)
?,(Mon) 31 Mar 1975 (13),Hull City AFC (28),2-0,?,York City FC (8)
?,(Sat) 22 Mar 1975 (11),Leyton Orient FC (9),1-0,?,Aston Villa FC (29)
?,(Tue) 27 Aug 1974 (34),Leyton Orient FC (10),0-0,?,Blackpool FC (29)
?,(Sat) 12 Apr 1975 (14),Leyton Orient FC (11),0-0,?,Bolton Wanderers FC (29)
?,(Tue) 15 Apr 1975 (15),Leyton Orient FC (12),1-0,?,Bristol City FC (29)
?,(Sat) 22 Feb 1975 (7),Leyton Orient FC (13),1-0,?,Bristol Rovers FC (29)
?,(Sat) 9 Nov 1974 (44),Leyton Orient FC (14),1-1,?,Cardiff City FC (29)
?,(Sat) 14 Sep 1974 (36),Leyton Orient FC (15),0-0,?,Fulham FC (29)
?,(Sat) 21 Dec 1974 (50),Leyton Orient FC (16),0-0,?,Hull City AFC (29)
?,(Sat) 17 Aug 1974 (32),Leyton Orient FC (17),0-2,?,Manchester United FC (9)
?,(Sat) 11 Jan 1975 (1),Leyton Orient FC (18),2-1,?,Millwall FC (9)
?,(Sat) 26 Oct 1974 (42),Leyton Orient FC (19),0-3,?,Norwich City FC (9)
?,(Sat) 30 Nov 1974 (47),Leyton Orient FC (20),1-1,?,Nottingham Forest FC (9)
?,(Sat) 8 Mar 1975 (9),Leyton Orient FC (21),0-1,?,Notts County FC (9)
?,(Sat) 12 Oct 1974 (40),Leyton Orient FC (22),3-1,?,Oldham Athletic AFC (9)
?,(Mon) 31 Mar 1975 (13),Leyton Orient FC (23),1-1,?,Oxford United FC (9)
?,(Sat) 31 Aug 1974 (34),Leyton Orient FC (24),1-1,?,Portsmouth FC (9)
?,(Sat) 28 Sep 1974 (38),Leyton Orient FC (25),1-0,?,Sheffield Wednesday FC (9)
?,(Sat) 26 Apr 1975 (16),Leyton Orient FC (26),2-1,?,Southampton FC (9)
?,(Sat) 28 Dec 1974 (51),Leyton Orient FC (27),1-1,?,Sunderland AFC (9)
?,(Sat) 23 Nov 1974 (46),Leyton Orient FC (28),0-2,?,West Bromwich Albion FC (9)
?,(Sat) 8 Feb 1975 (5),Leyton Orient FC (29),1-0,?,York City FC (9)
?,(Sat) 16 Nov 1974 (45),Manchester United FC (10),2-1,?,Aston Villa FC (30)
?,(Sat) 26 Apr 1975 (16),Manchester United FC (11),4-0,?,Blackpool FC (30)
?,(Wed) 25 Sep 1974 (38),Manchester United FC (12),3-0,?,Bolton Wanderers FC (30)
?,(Sat) 1 Feb 1975 (4),Manchester United FC (13),0-1,?,Bristol City FC (30)
?,(Sat) 21 Sep 1974 (37),Manchester United FC (14),2-0,?,Bristol Rovers FC (30)
?,(Sat) 1 Mar 1975 (8),Manchester United FC (15),4-0,?,Cardiff City FC (30)
?,(Sat) 12 Apr 1975 (14),Manchester United FC (16),1-0,?,Fulham FC (30)
?,(Sat) 15 Feb 1975 (6),Manchester United FC (17),2-0,?,Hull City AFC (30)
?,(Sat) 14 Dec 1974 (49),Manchester United FC (18),0-0,?,Leyton Orient FC (30)
?,(Sat) 24 Aug 1974 (33),Manchester United FC (19),4-0,?,Millwall FC (10)
?,(Sat) 15 Mar 1975 (10),Manchester United FC (20),1-1,?,Norwich City FC (10)
?,(Sat) 7 Sep 1974 (35),Manchester United FC (21),2-2,?,Nottingham Forest FC (10)
?,(Sat) 12 Oct 1974 (40),Manchester United FC (22),1-0,?,Notts County FC (10)
?,(Mon) 31 Mar 1975 (13),Manchester United FC (23),3-2,?,Oldham Athletic AFC (10)
?,(Sat) 2 Nov 1974 (43),Manchester United FC (24),4-0,?,Oxford United FC (10)
?,(Wed) 28 Aug 1974 (34),Manchester United FC (25),2-1,?,Portsmouth FC (10)
?,(Sat) 11 Jan 1975 (1),Manchester United FC (26),2-0,?,Sheffield Wednesday FC (10)
?,(Sat) 26 Oct 1974 (42),Manchester United FC (27),1-0,?,Southampton FC (10)
?,(Sat) 30 Nov 1974 (47),Manchester United FC (28),3-2,?,Sunderland AFC (10)
?,(Thu) 26 Dec 1974 (51),Manchester United FC (29),2-1,?,West Bromwich Albion FC (10)
?,(Sat) 29 Mar 1975 (12),Manchester United FC (30),2-1,?,York City FC (10)
?,(Tue) 1 Apr 1975 (13),Millwall FC (11),1-3,?,Aston Villa FC (31)
?,(Sat) 22 Mar 1975 (11),Millwall FC (12),0-0,?,Blackpool FC (31)
?,(Sat) 9 Nov 1974 (44),Millwall FC (13),1-1,?,Bolton Wanderers FC (31)
?,(Sat) 28 Sep 1974 (38),Millwall FC (14),1-0,?,Bristol City FC (31)
?,(Sat) 26 Apr 1975 (16),Millwall FC (15),1-1,?,Bristol Rovers FC (31)
?,(Sat) 25 Jan 1975 (3),Millwall FC (16),5-1,?,Cardiff City FC (31)
?,(Sat) 31 Aug 1974 (34),Millwall FC (17),2-0,?,Fulham FC (31)
?,(Sat) 8 Mar 1975 (9),Millwall FC (18),2-0,?,Hull City AFC (31)
?,(Sat) 7 Dec 1974 (48),Millwall FC (19),1-1,?,Leyton Orient FC (31)
?,(Mon) 16 Sep 1974 (37),Millwall FC (20),0-1,?,Manchester United FC (31)
?,(Sat) 12 Apr 1975 (14),Millwall FC (21),1-1,?,Norwich City FC (11)
?,(Mon) 19 Aug 1974 (33),Millwall FC (22),3-0,?,Nottingham Forest FC (11)
?,(Sat) 18 Jan 1975 (2),Millwall FC (23),3-0,?,Notts County FC (11)
?,(Sat) 8 Feb 1975 (5),Millwall FC (24),0-0,?,Oldham Athletic AFC (11)
?,(Sat) 14 Sep 1974 (36),Millwall FC (25),0-0,?,Oxford United FC (11)
?,(Sat) 28 Dec 1974 (51),Millwall FC (26),0-0,?,Portsmouth FC (11)
?,(Sat) 21 Dec 1974 (50),Millwall FC (27),2-1,?,Sheffield Wednesday FC (11)
?,(Sat) 12 Oct 1974 (40),Millwall FC (28),4-0,?,Southampton FC (11)
?,(Sat) 17 Aug 1974 (32),Millwall FC (29),1-4,?,Sunderland AFC (11)
?,(Sat) 26 Oct 1974 (42),Millwall FC (30),2-2,?,West Bromwich Albion FC (11)
?,(Sat) 22 Feb 1975 (7),Millwall FC (31),1-3,?,York City FC (11)
?,(Wed) 30 Apr 1975 (17),Norwich City FC (12),1-4,?,Aston Villa FC (32)
?,(Sat) 17 Aug 1974 (32),Norwich City FC (13),2-1,?,Blackpool FC (32)
?,(Sat) 23 Nov 1974 (46),Norwich City FC (14),2-0,?,Bolton Wanderers FC (32)
?,(Sat) 21 Dec 1974 (50),Norwich City FC (15),3-2,?,Bristol City FC (32)
?,(Sat) 9 Nov 1974 (44),Norwich City FC (16),0-1,?,Bristol Rovers FC (32)
?,(Sat) 7 Dec 1974 (48),Norwich City FC (17),1-1,?,Cardiff City FC (32)
?,(Mon) 31 Mar 1975 (13),Norwich City FC (18),1-2,?,Fulham FC (32)
?,(Sat) 22 Mar 1975 (11),Norwich City FC (19),1-0,?,Hull City AFC (32)
?,(Sat) 5 Apr 1975 (13),Norwich City FC (20),2-0,?,Leyton Orient FC (32)
?,(Sat) 28 Sep 1974 (38),Norwich City FC (21),2-0,?,Manchester United FC (32)
?,(Sat) 5 Oct 1974 (39),Norwich City FC (22),2-0,?,Millwall FC (32)
?,(Sat) 19 Apr 1975 (15),Norwich City FC (23),3-0,?,Nottingham Forest FC (12)
?,(Sat) 14 Sep 1974 (36),Norwich City FC (24),3-0,?,Notts County FC (12)
?,(Sat) 22 Feb 1975 (7),Norwich City FC (25),1-0,?,Oldham Athletic AFC (12)
?,(Sat) 28 Dec 1974 (51),Norwich City FC (26),1-0,?,Oxford United FC (12)
?,(Sat) 19 Oct 1974 (41),Norwich City FC (27),2-0,?,Portsmouth FC (12)
?,(Sat) 31 Aug 1974 (34),Norwich City FC (28),1-1,?,Sheffield Wednesday FC (12)
?,(Wed) 21 Aug 1974 (33),Norwich City FC (29),1-0,?,Southampton FC (12)
?,(Sat) 8 Mar 1975 (9),Norwich City FC (30),0-0,?,Sunderland AFC (12)
?,(Sat) 8 Feb 1975 (5),Norwich City FC (31),3-2,?,West Bromwich Albion FC (12)
?,(Sat) 18 Jan 1975 (2),Norwich City FC (32),2-3,?,York City FC (12)
?,(Sat) 8 Mar 1975 (9),Nottingham Forest FC (13),2-3,?,Aston Villa FC (33)
?,(Sat) 21 Dec 1974 (50),Nottingham Forest FC (14),0-0,?,Blackpool FC (33)
?,(Sat) 8 Feb 1975 (5),Nottingham Forest FC (15),2-3,?,Bolton Wanderers FC (33)
?,(Sat) 17 Aug 1974 (32),Nottingham Forest FC (16),0-0,?,Bristol City FC (33)
?,(Sat) 26 Oct 1974 (42),Nottingham Forest FC (17),1-0,?,Bristol Rovers FC (33)
?,(Sat) 22 Feb 1975 (7),Nottingham Forest FC (18),0-0,?,Cardiff City FC (33)
?,(Sat) 7 Dec 1974 (48),Nottingham Forest FC (19),1-1,?,Fulham FC (33)
?,(Sat) 14 Sep 1974 (36),Nottingham Forest FC (20),4-0,?,Hull City AFC (33)
?,(Sat) 18 Jan 1975 (2),Nottingham Forest FC (21),2-2,?,Leyton Orient FC (33)
?,(Sat) 22 Mar 1975 (11),Nottingham Forest FC (22),0-1,?,Manchester United FC (33)
?,(Tue) 27 Aug 1974 (34),Nottingham Forest FC (23),2-1,?,Millwall FC (33)
?,(Sat) 12 Oct 1974 (40),Nottingham Forest FC (24),1-3,?,Norwich City FC (33)
?,(Sat) 28 Dec 1974 (51),Nottingham Forest FC (25),0-2,?,Notts County FC (13)
?,(Sat) 9 Nov 1974 (44),Nottingham Forest FC (26),1-0,?,Oldham Athletic AFC (13)
?,(Sat) 31 Aug 1974 (34),Nottingham Forest FC (27),1-2,?,Oxford United FC (13)
?,(Tue) 17 Sep 1974 (37),Nottingham Forest FC (28),1-2,?,Portsmouth FC (13)
?,(Tue) 1 Apr 1975 (13),Nottingham Forest FC (29),1-0,?,Sheffield Wednesday FC (13)
?,(Sat) 12 Apr 1975 (14),Nottingham Forest FC (30),0-0,?,Southampton FC (13)
?,(Sat) 28 Sep 1974 (38),Nottingham Forest FC (31),1-1,?,Sunderland AFC (13)
?,(Sat) 26 Apr 1975 (16),Nottingham Forest FC (32),2-1,?,West Bromwich Albion FC (13)
?,(Sat) 23 Nov 1974 (46),Nottingham Forest FC (33),2-1,?,York City FC (13)
?,(Sat) 1 Feb 1975 (4),Notts County FC (14),1-3,?,Aston Villa FC (34)
?,(Sat) 11 Jan 1975 (1),Notts County FC (15),0-0,?,Blackpool FC (34)
?,(Sat) 15 Mar 1975 (10),Notts County FC (16),1-1,?,Bolton Wanderers FC (34)
?,(Sat) 5 Apr 1975 (13),Notts County FC (17),1-2,?,Bristol City FC (34)
?,(Sat) 14 Dec 1974 (49),Notts County FC (18),3-2,?,Bristol Rovers FC (34)
?,(Sat) 29 Mar 1975 (12),Notts County FC (19),0-2,?,Cardiff City FC (34)
?,(Tue) 20 Aug 1974 (33),Notts County FC (20),1-1,?,Fulham FC (34)
?,(Sat) 2 Nov 1974 (43),Notts County FC (21),5-0,?,Hull City AFC (34)
?,(Tue) 24 Sep 1974 (38),Notts County FC (22),1-1,?,Leyton Orient FC (34)
?,(Sat) 19 Apr 1975 (15),Notts County FC (23),2-2,?,Manchester United FC (34)
?,(Sat) 30 Nov 1974 (47),Notts County FC (24),2-1,?,Millwall FC (34)
?,(Thu) 26 Dec 1974 (51),Notts County FC (25),1-1,?,Norwich City FC (34)
?,(Tue) 25 Mar 1975 (12),Notts County FC (26),2-2,?,Nottingham Forest FC (34)
?,(Sat) 24 Aug 1974 (33),Notts County FC (27),1-0,?,Oldham Athletic AFC (14)
?,(Sat) 19 Oct 1974 (41),Notts County FC (28),4-1,?,Oxford United FC (14)
?,(Sat) 5 Oct 1974 (39),Notts County FC (29),1-1,?,Portsmouth FC (14)
?,(Sat) 16 Nov 1974 (45),Notts County FC (30),3-3,?,Sheffield Wednesday FC (14)
?,(Sat) 7 Sep 1974 (35),Notts County FC (31),3-2,?,Southampton FC (14)
?,(Sat) 15 Feb 1975 (6),Notts County FC (32),0-0,?,Sunderland AFC (14)
?,(Sat) 21 Sep 1974 (37),Notts County FC (33),0-0,?,West Bromwich Albion FC (14)
?,(Sat) 1 Mar 1975 (8),Notts County FC (34),2-1,?,York City FC (14)
?,(Sat) 5 Oct 1974 (39),Oldham Athletic AFC (15),1-2,?,Aston Villa FC (35)
?,(Sat) 14 Sep 1974 (36),Oldham Athletic AFC (16),1-0,?,Blackpool FC (35)
?,(Tue) 4 Feb 1975 (5),Oldham Athletic AFC (17),1-0,?,Bolton Wanderers FC (35)
?,(Sat) 31 Aug 1974 (34),Oldham Athletic AFC (18),2-0,?,Bristol City FC (35)
?,(Sat) 7 Dec 1974 (48),Oldham Athletic AFC (19),3-4,?,Bristol Rovers FC (35)
?,(Sat) 5 Apr 1975 (13),Oldham Athletic AFC (20),4-0,?,Cardiff City FC (35)
?,(Sat) 28 Sep 1974 (38),Oldham Athletic AFC (21),1-0,?,Fulham FC (35)
?,(Fri) 28 Mar 1975 (12),Oldham Athletic AFC (22),0-1,?,Hull City AFC (35)
?,(Sat) 19 Apr 1975 (15),Oldham Athletic AFC (23),0-0,?,Leyton Orient FC (35)
?,(Sat) 28 Dec 1974 (51),Oldham Athletic AFC (24),1-0,?,Manchester United FC (35)
?,(Sat) 2 Nov 1974 (43),Oldham Athletic AFC (25),1-1,?,Millwall FC (35)
?,(Sat) 16 Nov 1974 (45),Oldham Athletic AFC (26),2-2,?,Norwich City FC (35)
?,(Sat) 1 Feb 1975 (4),Oldham Athletic AFC (27),2-0,?,Nottingham Forest FC (35)
?,(Tue) 15 Oct 1974 (41),Oldham Athletic AFC (28),1-0,?,Notts County FC (35)
?,(Sat) 22 Mar 1975 (11),Oldham Athletic AFC (29),1-1,?,Oxford United FC (15)
?,(Sat) 8 Mar 1975 (9),Oldham Athletic AFC (30),2-0,?,Portsmouth FC (15)
?,(Sat) 17 Aug 1974 (32),Oldham Athletic AFC (31),2-1,?,Sheffield Wednesday FC (15)
?,(Sat) 15 Feb 1975 (6),Oldham Athletic AFC (32),1-1,?,Southampton FC (15)
?,(Sat) 21 Dec 1974 (50),Oldham Athletic AFC (33),0-0,?,Sunderland AFC (15)
?,(Sat) 18 Jan 1975 (2),Oldham Athletic AFC (34),0-0,?,West Bromwich Albion FC (15)
?,(Sat) 19 Oct 1974 (41),Oldham Athletic AFC (35),2-3,?,York City FC (15)
?,(Sat) 18 Jan 1975 (2),Oxford United FC (16),1-2,?,Aston Villa FC (36)
?,(Sat) 22 Feb 1975 (7),Oxford United FC (17),0-0,?,Blackpool FC (36)
?,(Sat) 29 Mar 1975 (12),Oxford United FC (18),2-1,?,Bolton Wanderers FC (36)
?,(Wed) 23 Oct 1974 (42),Oxford United FC (19),2-0,?,Bristol City FC (36)
?,(Sat) 23 Nov 1974 (46),Oxford United FC (20),2-1,?,Bristol Rovers FC (36)
?,(Sat) 14 Dec 1974 (49),Oxford United FC (21),1-0,?,Cardiff City FC (36)
?,(Sat) 26 Oct 1974 (42),Oxford United FC (22),2-1,?,Fulham FC (36)
?,(Sat) 7 Dec 1974 (48),Oxford United FC (23),3-1,?,Hull City AFC (36)
?,(Sat) 21 Sep 1974 (37),Oxford United FC (24),1-2,?,Leyton Orient FC (36)
?,(Sat) 8 Feb 1975 (5),Oxford United FC (25),1-0,?,Manchester United FC (36)
?,(Thu) 26 Dec 1974 (51),Oxford United FC (26),3-1,?,Millwall FC (36)
?,(Sat) 25 Jan 1975 (3),Oxford United FC (27),2-1,?,Norwich City FC (36)
?,(Fri) 28 Feb 1975 (8),Oxford United FC (28),1-1,?,Nottingham Forest FC (36)
?,(Sat) 26 Apr 1975 (16),Oxford United FC (29),1-2,?,Notts County FC (36)
?,(Sat) 7 Sep 1974 (35),Oxford United FC (30),1-0,?,Oldham Athletic AFC (36)
?,(Sat) 9 Nov 1974 (44),Oxford United FC (31),1-0,?,Portsmouth FC (16)
?,(Sat) 12 Oct 1974 (40),Oxford United FC (32),1-0,?,Sheffield Wednesday FC (16)
?,(Wed) 25 Sep 1974 (38),Oxford United FC (33),0-4,?,Southampton FC (16)
?,(Sat) 12 Apr 1975 (14),Oxford United FC (34),1-0,?,Sunderland AFC (16)
?,(Sat) 15 Mar 1975 (10),Oxford United FC (35),1-1,?,West Bromwich Albion FC (16)
?,(Sat) 24 Aug 1974 (33),Oxford United FC (36),3-1,?,York City FC (16)
?,(Tue) 18 Feb 1975 (7),Portsmouth FC (17),2-3,?,Aston Villa FC (37)
?,(Sat) 26 Oct 1974 (42),Portsmouth FC (18),0-0,?,Blackpool FC (37)
?,(Sat) 14 Dec 1974 (49),Portsmouth FC (19),2-0,?,Bolton Wanderers FC (37)
?,(Sat) 2 Nov 1974 (43),Portsmouth FC (20),0-1,?,Bristol City FC (37)
?,(Sat) 29 Mar 1975 (12),Portsmouth FC (21),3-0,?,Bristol Rovers FC (37)
?,(Sat) 21 Sep 1974 (37),Portsmouth FC (22),2-2,?,Cardiff City FC (37)
?,(Sat) 12 Oct 1974 (40),Portsmouth FC (23),0-0,?,Fulham FC (37)
?,(Sat) 16 Nov 1974 (45),Portsmouth FC (24),1-1,?,Hull City AFC (37)
?,(Fri) 28 Feb 1975 (8),Portsmouth FC (25),3-0,?,Leyton Orient FC (37)
?,(Tue) 15 Oct 1974 (41),Portsmouth FC (26),0-0,?,Manchester United FC (37)
?,(Mon) 31 Mar 1975 (13),Portsmouth FC (27),1-0,?,Millwall FC (37)
?,(Sat) 26 Apr 1975 (16),Portsmouth FC (28),0-3,?,Norwich City FC (37)
?,(Sat) 24 Aug 1974 (33),Portsmouth FC (29),2-0,?,Nottingham Forest FC (37)
?,(Sat) 12 Apr 1975 (14),Portsmouth FC (30),1-1,?,Notts County FC (37)
?,(Tue) 24 Sep 1974 (38),Portsmouth FC (31),1-1,?,Oldham Athletic AFC (37)
?,(Sat) 1 Feb 1975 (4),Portsmouth FC (32),2-1,?,Oxford United FC (37)
?,(Sat) 30 Nov 1974 (47),Portsmouth FC (33),1-0,?,Sheffield Wednesday FC (17)
?,(Thu) 26 Dec 1974 (51),Portsmouth FC (34),1-2,?,Southampton FC (17)
?,(Sat) 11 Jan 1975 (1),Portsmouth FC (35),4-2,?,Sunderland AFC (17)
?,(Sat) 7 Sep 1974 (35),Portsmouth FC (36),1-3,?,West Bromwich Albion FC (17)
?,(Sat) 15 Mar 1975 (10),Portsmouth FC (37),1-0,?,York City FC (17)
?,(Wed) 23 Apr 1975 (16),Sheffield Wednesday FC (18),0-4,?,Aston Villa FC (38)
?,(Sat) 8 Feb 1975 (5),Sheffield Wednesday FC (19),0-0,?,Blackpool FC (38)
?,(Thu) 26 Dec 1974 (51),Sheffield Wednesday FC (20),0-2,?,Bolton Wanderers FC (38)
?,(Sat) 5 Oct 1974 (39),Sheffield Wednesday FC (21),1-1,?,Bristol City FC (38)
?,(Sat) 24 Aug 1974 (33),Sheffield Wednesday FC (22),1-1,?,Bristol Rovers FC (38)
?,(Sat) 7 Sep 1974 (35),Sheffield Wednesday FC (23),1-2,?,Cardiff City FC (38)
?,(Sat) 23 Nov 1974 (46),Sheffield Wednesday FC (24),1-0,?,Fulham FC (38)
?,(Sat) 19 Oct 1974 (41),Sheffield Wednesday FC (25),2-1,?,Hull City AFC (38)
?,(Sat) 15 Mar 1975 (10),Sheffield Wednesday FC (26),0-1,?,Leyton Orient FC (38)
?,(Sat) 7 Dec 1974 (48),Sheffield Wednesday FC (27),4-4,?,Manchester United FC (38)
?,(Sat) 29 Mar 1975 (12),Sheffield Wednesday FC (28),0-1,?,Millwall FC (38)
?,(Tue) 8 Apr 1975 (14),Sheffield Wednesday FC (29),0-1,?,Norwich City FC (38)
?,(Sat) 21 Sep 1974 (37),Sheffield Wednesday FC (30),2-3,?,Nottingham Forest FC (38)
?,(Sat) 22 Feb 1975 (7),Sheffield Wednesday FC (31),0-1,?,Notts County FC (38)
?,(Sat) 14 Dec 1974 (49),Sheffield Wednesday FC (32),1-1,?,Oldham Athletic AFC (38)
?,(Sat) 19 Apr 1975 (15),Sheffield Wednesday FC (33),1-1,?,Oxford United FC (38)
?,(Sat) 18 Jan 1975 (2),Sheffield Wednesday FC (34),0-2,?,Portsmouth FC (38)
?,(Mon) 31 Mar 1975 (13),Sheffield Wednesday FC (35),0-1,?,Southampton FC (18)
?,(Wed) 2 Oct 1974 (39),Sheffield Wednesday FC (36),0-2,?,Sunderland AFC (18)
?,(Wed) 25 Sep 1974 (38),Sheffield Wednesday FC (37),0-0,?,West Bromwich Albion FC (18)
?,(Sat) 9 Nov 1974 (44),Sheffield Wednesday FC (38),3-0,?,York City FC (18)
?,(Sat) 28 Sep 1974 (38),Southampton FC (19),0-0,?,Aston Villa FC (39)
?,(Sat) 31 Aug 1974 (34),Southampton FC (20),1-1,?,Blackpool FC (39)
?,(Sat) 22 Feb 1975 (7),Southampton FC (21),0-1,?,Bolton Wanderers FC (39)
?,(Fri) 28 Mar 1975 (12),Southampton FC (22),0-1,?,Bristol City FC (39)
?,(Sat) 8 Feb 1975 (5),Southampton FC (23),3-0,?,Bristol Rovers FC (39)
?,(Tue) 22 Apr 1975 (16),Southampton FC (24),2-0,?,Cardiff City FC (39)
?,(Sat) 21 Dec 1974 (50),Southampton FC (25),0-0,?,Fulham FC (39)
?,(Sat) 17 Aug 1974 (32),Southampton FC (26),3-3,?,Hull City AFC (39)
?,(Sat) 19 Oct 1974 (41),Southampton FC (27),4-2,?,Leyton Orient FC (39)
?,(Sat) 5 Apr 1975 (13),Southampton FC (28),0-1,?,Manchester United FC (39)
?,(Fri) 18 Apr 1975 (15),Southampton FC (29),3-2,?,Millwall FC (39)
?,(Tue) 27 Aug 1974 (34),Southampton FC (30),1-1,?,Norwich City FC (39)
?,(Sat) 5 Oct 1974 (39),Southampton FC (31),0-1,?,Nottingham Forest FC (39)
?,(Sat) 22 Mar 1975 (11),Southampton FC (32),3-2,?,Notts County FC (39)
?,(Sat) 25 Jan 1975 (3),Southampton FC (33),1-0,?,Oldham Athletic AFC (39)
?,(Tue) 18 Mar 1975 (11),Southampton FC (34),2-1,?,Oxford United FC (39)
?,(Sat) 14 Sep 1974 (36),Southampton FC (35),2-1,?,Portsmouth FC (39)
?,(Sat) 28 Dec 1974 (51),Southampton FC (36),0-1,?,Sheffield Wednesday FC (39)
?,(Tue) 14 Jan 1975 (2),Southampton FC (37),1-1,?,Sunderland AFC (19)
?,(Sat) 9 Nov 1974 (44),Southampton FC (38),1-0,?,West Bromwich Albion FC (19)
?,(Sat) 7 Dec 1974 (48),Southampton FC (39),2-1,?,York City FC (19)
?,(Sat) 19 Oct 1974 (41),Sunderland AFC (20),0-0,?,Aston Villa FC (40)
?,(Sat) 9 Nov 1974 (44),Sunderland AFC (21),1-0,?,Blackpool FC (40)
?,(Sat) 21 Sep 1974 (37),Sunderland AFC (22),0-0,?,Bolton Wanderers FC (40)
?,(Sat) 19 Apr 1975 (15),Sunderland AFC (23),3-0,?,Bristol City FC (40)
?,(Sat) 7 Sep 1974 (35),Sunderland AFC (24),5-1,?,Bristol Rovers FC (40)
?,(Sat) 8 Feb 1975 (5),Sunderland AFC (25),3-1,?,Cardiff City FC (40)
?,(Sat) 22 Feb 1975 (7),Sunderland AFC (26),1-2,?,Fulham FC (40)
?,(Sat) 5 Apr 1975 (13),Sunderland AFC (27),1-0,?,Hull City AFC (40)
?,(Fri) 28 Mar 1975 (12),Sunderland AFC (28),3-0,?,Leyton Orient FC (40)
?,(Sat) 18 Jan 1975 (2),Sunderland AFC (29),0-0,?,Manchester United FC (40)
?,(Sat) 14 Dec 1974 (49),Sunderland AFC (30),2-0,?,Millwall FC (40)
?,(Tue) 24 Sep 1974 (38),Sunderland AFC (31),0-0,?,Norwich City FC (40)
?,(Sat) 15 Mar 1975 (10),Sunderland AFC (32),0-0,?,Nottingham Forest FC (40)
?,(Sat) 23 Nov 1974 (46),Sunderland AFC (33),3-0,?,Notts County FC (40)
?,(Tue) 25 Mar 1975 (12),Sunderland AFC (34),2-2,?,Oldham Athletic AFC (40)
?,(Sat) 5 Oct 1974 (39),Sunderland AFC (35),2-0,?,Oxford United FC (40)
?,(Sat) 7 Dec 1974 (48),Sunderland AFC (36),4-1,?,Portsmouth FC (40)
?,(Tue) 15 Oct 1974 (41),Sunderland AFC (37),3-0,?,Sheffield Wednesday FC (40)
?,(Sat) 24 Aug 1974 (33),Sunderland AFC (38),3-1,?,Southampton FC (40)
?,(Sat) 1 Mar 1975 (8),Sunderland AFC (39),3-0,?,West Bromwich Albion FC (20)
?,(Thu) 26 Dec 1974 (51),Sunderland AFC (40),2-0,?,York City FC (20)
?,(Sat) 21 Dec 1974 (50),West Bromwich Albion FC (21),2-0,?,Aston Villa FC (41)
?,(Sat) 28 Dec 1974 (51),West Bromwich Albion FC (22),2-0,?,Blackpool FC (41)
?,(Tue) 8 Apr 1975 (14),West Bromwich Albion FC (23),0-1,?,Bolton Wanderers FC (41)
?,(Sat) 16 Nov 1974 (45),West Bromwich Albion FC (24),1-0,?,Bristol City FC (41)
?,(Wed) 6 Nov 1974 (44),West Bromwich Albion FC (25),2-2,?,Bristol Rovers FC (41)
?,(Sat) 19 Apr 1975 (15),West Bromwich Albion FC (26),2-0,?,Cardiff City FC (41)
?,(Sat) 17 Aug 1974 (32),West Bromwich Albion FC (27),0-1,?,Fulham FC (41)
?,(Wed) 18 Sep 1974 (37),West Bromwich Albion FC (28),2-2,?,Hull City AFC (41)
?,(Sat) 15 Feb 1975 (6),West Bromwich Albion FC (29),1-0,?,Leyton Orient FC (41)
?,(Sat) 14 Sep 1974 (36),West Bromwich Albion FC (30),1-1,?,Manchester United FC (41)
?,(Sat) 5 Apr 1975 (13),West Bromwich Albion FC (31),2-1,?,Millwall FC (41)
?,(Sat) 2 Nov 1974 (43),West Bromwich Albion FC (32),1-1,?,Norwich City FC (41)
?,(Sat) 19 Oct 1974 (41),West Bromwich Albion FC (33),0-1,?,Nottingham Forest FC (41)
?,(Wed) 2 Apr 1975 (13),West Bromwich Albion FC (34),4-1,?,Notts County FC (41)
?,(Sat) 30 Nov 1974 (47),West Bromwich Albion FC (35),1-0,?,Oldham Athletic AFC (41)
?,(Sat) 28 Sep 1974 (38),West Bromwich Albion FC (36),3-0,?,Oxford United FC (41)
?,(Sat) 22 Mar 1975 (11),West Bromwich Albion FC (37),2-1,?,Portsmouth FC (41)
?,(Sat) 8 Mar 1975 (9),West Bromwich Albion FC (38),4-0,?,Sheffield Wednesday FC (41)
?,(Sat) 1 Feb 1975 (4),West Bromwich Albion FC (39),0-3,?,Southampton FC (41)
?,(Sat) 31 Aug 1974 (34),West Bromwich Albion FC (40),1-0,?,Sunderland AFC (41)
?,(Sat) 5 Oct 1974 (39),West Bromwich Albion FC (41),2-0,?,York City FC (21)
?,(Sat) 17 Aug 1974 (32),York City FC (22),1-1,?,Aston Villa FC (42)
?,(Tue) 1 Apr 1975 (13),York City FC (23),0-0,?,Blackpool FC (42)
?,(Sat) 26 Oct 1974 (42),York City FC (24),1-3,?,Bolton Wanderers FC (42)
?,(Sat) 8 Mar 1975 (9),York City FC (25),1-0,?,Bristol City FC (42)
?,(Sat) 12 Oct 1974 (40),York City FC (26),3-0,?,Bristol Rovers FC (42)
?,(Tue) 27 Aug 1974 (34),York City FC (27),1-0,?,Cardiff City FC (42)
?,(Sat) 22 Mar 1975 (11),York City FC (28),3-2,?,Fulham FC (42)
?,(Sat) 28 Dec 1974 (51),York City FC (29),3-0,?,Hull City AFC (42)
?,(Fri) 1 Nov 1974 (43),York City FC (30),0-1,?,Leyton Orient FC (42)
?,(Sat) 21 Dec 1974 (50),York City FC (31),0-1,?,Manchester United FC (42)
?,(Sat) 16 Nov 1974 (45),York City FC (32),2-1,?,Millwall FC (42)
?,(Sat) 30 Nov 1974 (47),York City FC (33),1-0,?,Norwich City FC (42)
?,(Fri) 14 Feb 1975 (6),York City FC (34),1-1,?,Nottingham Forest FC (42)
?,(Sat) 31 Aug 1974 (34),York City FC (35),2-2,?,Notts County FC (42)
?,(Sat) 26 Apr 1975 (16),York City FC (36),0-0,?,Oldham Athletic AFC (42)
?,(Tue) 17 Sep 1974 (37),York City FC (37),1-1,?,Oxford United FC (42)
?,(Sat) 28 Sep 1974 (38),York City FC (38),3-0,?,Portsmouth FC (42)
?,(Fri) 31 Jan 1975 (4),York City FC (39),3-0,?,Sheffield Wednesday FC (42)
?,(Fri) 10 Jan 1975 (1),York City FC (40),1-1,?,Southampton FC (42)
?,(Sat) 14 Sep 1974 (36),York City FC (41),0-1,?,Sunderland AFC (42)
?,(Sat) 12 Apr 1975 (14),York City FC (42),1-3,?,West Bromwich Albion FC (42)
