Round,Date,Team 1,FT,HT,Team 2
?,(Sat) 16 Aug 1975 (32),Wrexham AFC (1),3-1,?,Aldershot Town FC (1)
?,(Sat) 16 Aug 1975 (32),Mansfield Town FC (1),1-2,?,Shrewsbury Town FC (1)
?,(Sat) 16 Aug 1975 (32),Peterborough United FC (1),0-0,?,Walsall FC (1)
?,(Sat) 16 Aug 1975 (32),Crystal Palace FC (1),2-0,?,Chester FC (1)
?,(Sat) 16 Aug 1975 (32),Grimsby Town FC (1),2-0,?,Cardiff City FC (1)
?,(Sat) 16 Aug 1975 (32),Brighton & Hove Albion FC (1),3-0,?,Rotherham United FC (1)
?,(Sat) 16 Aug 1975 (32),Bury FC (1),2-0,?,Gillingham FC (1)
?,(Sat) 16 Aug 1975 (32),FC Halifax Town (1),1-2,?,Millwall FC (1)
?,(Sat) 16 Aug 1975 (32),Hereford United FC (1924-2014) (1),0-0,?,Port Vale FC (1)
?,(Sat) 16 Aug 1975 (32),Southend United FC (1),2-1,?,Sheffield Wednesday FC (1)
?,(Sat) 16 Aug 1975 (32),Preston North End FC (1),2-1,?,Colchester United FC (1)
?,(Sat) 16 Aug 1975 (32),Swindon Town FC (1),0-1,?,Chesterfield FC (1)
?,(Sat) 23 Aug 1975 (33),Cardiff City FC (2),1-1,?,Bury FC (2)
?,(Sat) 23 Aug 1975 (33),Chesterfield FC (2),1-2,?,Crystal Palace FC (2)
?,(Sat) 23 Aug 1975 (33),Shrewsbury Town FC (2),3-1,?,Peterborough United FC (2)
?,(Sat) 23 Aug 1975 (33),Sheffield Wednesday FC (2),3-3,?,Brighton & Hove Albion FC (2)
?,(Sat) 23 Aug 1975 (33),Chester FC (2),1-1,?,Southend United FC (2)
?,(Sat) 23 Aug 1975 (33),Aldershot Town FC (2),1-2,?,FC Halifax Town (2)
?,(Sat) 23 Aug 1975 (33),Rotherham United FC (2),1-1,?,Hereford United FC (1924-2014) (2)
?,(Sat) 23 Aug 1975 (33),Walsall FC (2),1-1,?,Swindon Town FC (2)
?,(Sat) 23 Aug 1975 (33),Gillingham FC (2),3-0,?,Grimsby Town FC (2)
?,(Sat) 23 Aug 1975 (33),Port Vale FC (2),1-1,?,Preston North End FC (2)
?,(Sat) 23 Aug 1975 (33),Colchester United FC (2),0-2,?,Mansfield Town FC (2)
?,(Sat) 23 Aug 1975 (33),Millwall FC (2),2-1,?,Wrexham AFC (2)
?,(Sat) 30 Aug 1975 (34),Hereford United FC (1924-2014) (3),3-1,?,Sheffield Wednesday FC (3)
?,(Sat) 30 Aug 1975 (34),Brighton & Hove Albion FC (3),0-1,?,Cardiff City FC (3)
?,(Sat) 30 Aug 1975 (34),Swindon Town FC (3),2-2,?,Gillingham FC (3)
?,(Sat) 30 Aug 1975 (34),Mansfield Town FC (3),1-1,?,Chester FC (3)
?,(Sat) 30 Aug 1975 (34),Southend United FC (3),1-2,?,Rotherham United FC (3)
?,(Sat) 30 Aug 1975 (34),FC Halifax Town (3),2-1,?,Walsall FC (3)
?,(Sat) 30 Aug 1975 (34),Preston North End FC (3),2-1,?,Millwall FC (3)
?,(Sat) 30 Aug 1975 (34),Peterborough United FC (3),0-0,?,Port Vale FC (3)
?,(Sat) 30 Aug 1975 (34),Wrexham AFC (3),1-0,?,Chesterfield FC (3)
?,(Sat) 30 Aug 1975 (34),Crystal Palace FC (3),3-2,?,Colchester United FC (3)
?,(Sat) 30 Aug 1975 (34),Grimsby Town FC (3),3-2,?,Shrewsbury Town FC (3)
?,(Sat) 30 Aug 1975 (34),Bury FC (3),1-1,?,Aldershot Town FC (3)
?,(Sat) 6 Sep 1975 (35),Walsall FC (4),2-3,?,Southend United FC (4)
?,(Sat) 6 Sep 1975 (35),Chester FC (4),1-2,?,Grimsby Town FC (4)
?,(Sat) 6 Sep 1975 (35),Gillingham FC (4),1-0,?,Preston North End FC (4)
?,(Sat) 6 Sep 1975 (35),Port Vale FC (4),1-1,?,Brighton & Hove Albion FC (4)
?,(Sat) 6 Sep 1975 (35),Millwall FC (4),1-0,?,Hereford United FC (1924-2014) (4)
?,(Sat) 6 Sep 1975 (35),Sheffield Wednesday FC (4),1-0,?,Wrexham AFC (4)
?,(Sat) 6 Sep 1975 (35),Colchester United FC (4),0-1,?,FC Halifax Town (4)
?,(Sat) 6 Sep 1975 (35),Aldershot Town FC (4),2-1,?,Mansfield Town FC (4)
?,(Sat) 6 Sep 1975 (35),Rotherham United FC (4),3-3,?,Bury FC (4)
?,(Sat) 6 Sep 1975 (35),Chesterfield FC (4),1-1,?,Peterborough United FC (4)
?,(Sat) 6 Sep 1975 (35),Cardiff City FC (4),0-1,?,Crystal Palace FC (4)
?,(Sat) 6 Sep 1975 (35),Shrewsbury Town FC (4),3-0,?,Swindon Town FC (4)
?,(Wed) 10 Sep 1975 (36),Brighton & Hove Albion FC (5),1-2,?,Walsall FC (5)
?,(Sat) 13 Sep 1975 (36),Mansfield Town FC (5),1-4,?,Cardiff City FC (5)
?,(Sat) 13 Sep 1975 (36),Bury FC (5),3-1,?,Chesterfield FC (5)
?,(Sat) 13 Sep 1975 (36),Preston North End FC (5),3-1,?,Walsall FC (6)
?,(Sat) 13 Sep 1975 (36),Crystal Palace FC (5),2-0,?,Rotherham United FC (5)
?,(Sat) 13 Sep 1975 (36),Southend United FC (5),3-3,?,Port Vale FC (5)
?,(Sat) 13 Sep 1975 (36),Wrexham AFC (5),2-0,?,Gillingham FC (5)
?,(Sat) 13 Sep 1975 (36),FC Halifax Town (5),0-0,?,Shrewsbury Town FC (5)
?,(Sat) 13 Sep 1975 (36),Peterborough United FC (5),1-1,?,Aldershot Town FC (5)
?,(Sat) 13 Sep 1975 (36),Hereford United FC (1924-2014) (5),0-0,?,Colchester United FC (5)
?,(Sat) 13 Sep 1975 (36),Grimsby Town FC (5),2-1,?,Millwall FC (5)
?,(Sat) 13 Sep 1975 (36),Brighton & Hove Albion FC (6),6-0,?,Chester FC (5)
?,(Sat) 13 Sep 1975 (36),Swindon Town FC (5),2-1,?,Sheffield Wednesday FC (5)
?,(Tue) 16 Sep 1975 (37),Walsall FC (7),1-1,?,Crystal Palace FC (6)
?,(Sat) 20 Sep 1975 (37),Port Vale FC (6),3-0,?,Swindon Town FC (6)
?,(Sat) 20 Sep 1975 (37),Rotherham United FC (6),2-1,?,Wrexham AFC (6)
?,(Sat) 20 Sep 1975 (37),Colchester United FC (6),2-0,?,Brighton & Hove Albion FC (7)
?,(Sat) 20 Sep 1975 (37),Chester FC (6),1-1,?,Peterborough United FC (6)
?,(Sat) 20 Sep 1975 (37),Shrewsbury Town FC (6),2-4,?,Crystal Palace FC (7)
?,(Sat) 20 Sep 1975 (37),Cardiff City FC (6),0-0,?,FC Halifax Town (6)
?,(Sat) 20 Sep 1975 (37),Chesterfield FC (6),2-3,?,Hereford United FC (1924-2014) (6)
?,(Sat) 20 Sep 1975 (37),Sheffield Wednesday FC (6),4-0,?,Grimsby Town FC (6)
?,(Sat) 20 Sep 1975 (37),Gillingham FC (6),3-1,?,Mansfield Town FC (6)
?,(Sat) 20 Sep 1975 (37),Millwall FC (6),2-1,?,Southend United FC (6)
?,(Sat) 20 Sep 1975 (37),Walsall FC (8),0-1,?,Bury FC (6)
?,(Sat) 20 Sep 1975 (37),Aldershot Town FC (6),1-1,?,Preston North End FC (6)
?,(Mon) 22 Sep 1975 (38),Walsall FC (9),2-0,?,Shrewsbury Town FC (7)
?,(Mon) 22 Sep 1975 (38),Port Vale FC (7),2-1,?,Cardiff City FC (7)
?,(Mon) 22 Sep 1975 (38),Southend United FC (7),0-2,?,Preston North End FC (7)
?,(Tue) 23 Sep 1975 (38),Gillingham FC (7),0-0,?,Rotherham United FC (7)
?,(Tue) 23 Sep 1975 (38),Bury FC (7),2-1,?,Mansfield Town FC (7)
?,(Tue) 23 Sep 1975 (38),Crystal Palace FC (8),0-1,?,Brighton & Hove Albion FC (8)
?,(Tue) 23 Sep 1975 (38),Grimsby Town FC (7),2-2,?,FC Halifax Town (7)
?,(Wed) 24 Sep 1975 (38),Peterborough United FC (7),2-0,?,Wrexham AFC (7)
?,(Wed) 24 Sep 1975 (38),Aldershot Town FC (7),1-1,?,Millwall FC (7)
?,(Wed) 24 Sep 1975 (38),Hereford United FC (1924-2014) (7),1-0,?,Swindon Town FC (7)
?,(Wed) 24 Sep 1975 (38),Chester FC (7),1-0,?,Colchester United FC (7)
?,(Wed) 24 Sep 1975 (38),Chesterfield FC (7),1-0,?,Sheffield Wednesday FC (7)
?,(Sat) 27 Sep 1975 (38),FC Halifax Town (8),5-2,?,Chester FC (8)
?,(Sat) 27 Sep 1975 (38),Grimsby Town FC (8),1-0,?,Aldershot Town FC (8)
?,(Sat) 27 Sep 1975 (38),Preston North End FC (8),3-1,?,Cardiff City FC (8)
?,(Sat) 27 Sep 1975 (38),Wrexham AFC (8),1-0,?,Port Vale FC (8)
?,(Sat) 27 Sep 1975 (38),Brighton & Hove Albion FC (9),3-0,?,Chesterfield FC (8)
?,(Sat) 27 Sep 1975 (38),Bury FC (8),2-0,?,Millwall FC (8)
?,(Sat) 27 Sep 1975 (38),Swindon Town FC (8),0-1,?,Colchester United FC (8)
?,(Sat) 27 Sep 1975 (38),Southend United FC (8),1-3,?,Shrewsbury Town FC (8)
?,(Sat) 27 Sep 1975 (38),Hereford United FC (1924-2014) (8),1-1,?,Gillingham FC (8)
?,(Sat) 27 Sep 1975 (38),Crystal Palace FC (9),1-1,?,Sheffield Wednesday FC (8)
?,(Sat) 27 Sep 1975 (38),Mansfield Town FC (8),4-1,?,Walsall FC (10)
?,(Sat) 27 Sep 1975 (38),Peterborough United FC (8),1-3,?,Rotherham United FC (8)
?,(Sat) 4 Oct 1975 (39),Colchester United FC (9),0-0,?,Bury FC (9)
?,(Sat) 4 Oct 1975 (39),Shrewsbury Town FC (9),1-2,?,Brighton & Hove Albion FC (10)
?,(Sat) 4 Oct 1975 (39),Millwall FC (9),1-0,?,Mansfield Town FC (9)
?,(Sat) 4 Oct 1975 (39),Rotherham United FC (9),0-2,?,Swindon Town FC (9)
?,(Sat) 4 Oct 1975 (39),Chester FC (9),0-1,?,Hereford United FC (1924-2014) (9)
?,(Sat) 4 Oct 1975 (39),Chesterfield FC (9),3-0,?,Preston North End FC (9)
?,(Sat) 4 Oct 1975 (39),Cardiff City FC (9),3-0,?,Wrexham AFC (9)
?,(Sat) 4 Oct 1975 (39),Gillingham FC (9),1-1,?,FC Halifax Town (9)
?,(Sat) 4 Oct 1975 (39),Walsall FC (11),2-0,?,Grimsby Town FC (9)
?,(Sat) 4 Oct 1975 (39),Port Vale FC (9),0-0,?,Crystal Palace FC (10)
?,(Sat) 4 Oct 1975 (39),Aldershot Town FC (9),2-1,?,Southend United FC (9)
?,(Sat) 4 Oct 1975 (39),Sheffield Wednesday FC (9),2-2,?,Peterborough United FC (9)
?,(Sat) 11 Oct 1975 (40),Crystal Palace FC (11),3-0,?,Grimsby Town FC (10)
?,(Sat) 11 Oct 1975 (40),Hereford United FC (1924-2014) (10),2-0,?,Wrexham AFC (10)
?,(Sat) 11 Oct 1975 (40),Chesterfield FC (10),2-1,?,Shrewsbury Town FC (10)
?,(Sat) 11 Oct 1975 (40),Sheffield Wednesday FC (10),4-1,?,Millwall FC (10)
?,(Sat) 11 Oct 1975 (40),Gillingham FC (10),2-1,?,Port Vale FC (10)
?,(Sat) 11 Oct 1975 (40),Bury FC (10),1-0,?,Southend United FC (10)
?,(Sat) 11 Oct 1975 (40),Colchester United FC (10),2-0,?,Walsall FC (12)
?,(Sat) 11 Oct 1975 (40),Chester FC (10),1-0,?,Aldershot Town FC (10)
?,(Sat) 11 Oct 1975 (40),Rotherham United FC (10),1-0,?,Cardiff City FC (10)
?,(Sat) 11 Oct 1975 (40),Mansfield Town FC (10),1-1,?,Peterborough United FC (10)
?,(Sat) 11 Oct 1975 (40),Brighton & Hove Albion FC (11),1-0,?,Preston North End FC (10)
?,(Sat) 11 Oct 1975 (40),Swindon Town FC (10),3-1,?,FC Halifax Town (10)
?,(Fri) 17 Oct 1975 (41),Southend United FC (11),2-2,?,Mansfield Town FC (11)
?,(Sat) 18 Oct 1975 (41),Preston North End FC (11),0-0,?,Crystal Palace FC (12)
?,(Sat) 18 Oct 1975 (41),Shrewsbury Town FC (11),1-0,?,Gillingham FC (11)
?,(Sat) 18 Oct 1975 (41),Aldershot Town FC (11),2-2,?,Colchester United FC (11)
?,(Sat) 18 Oct 1975 (41),FC Halifax Town (11),0-1,?,Hereford United FC (1924-2014) (11)
?,(Sat) 18 Oct 1975 (41),Walsall FC (13),1-0,?,Chester FC (11)
?,(Sat) 18 Oct 1975 (41),Wrexham AFC (11),2-0,?,Swindon Town FC (11)
?,(Sat) 18 Oct 1975 (41),Port Vale FC (11),1-1,?,Chesterfield FC (11)
?,(Sat) 18 Oct 1975 (41),Peterborough United FC (11),4-0,?,Bury FC (11)
?,(Sat) 18 Oct 1975 (41),Grimsby Town FC (11),2-1,?,Brighton & Hove Albion FC (12)
?,(Sat) 18 Oct 1975 (41),Millwall FC (11),3-1,?,Rotherham United FC (11)
?,(Sat) 18 Oct 1975 (41),Cardiff City FC (11),2-0,?,Sheffield Wednesday FC (11)
?,(Mon) 20 Oct 1975 (42),Southend United FC (12),4-1,?,FC Halifax Town (12)
?,(Tue) 21 Oct 1975 (42),Walsall FC (14),1-1,?,Millwall FC (12)
?,(Tue) 21 Oct 1975 (42),Crystal Palace FC (13),2-2,?,Hereford United FC (1924-2014) (12)
?,(Tue) 21 Oct 1975 (42),Bury FC (12),5-0,?,Swindon Town FC (12)
?,(Tue) 21 Oct 1975 (42),Preston North End FC (12),2-1,?,Peterborough United FC (12)
?,(Tue) 21 Oct 1975 (42),Shrewsbury Town FC (12),1-0,?,Port Vale FC (12)
?,(Tue) 21 Oct 1975 (42),Chester FC (12),1-0,?,Sheffield Wednesday FC (12)
?,(Tue) 21 Oct 1975 (42),Gillingham FC (12),2-2,?,Chesterfield FC (12)
?,(Tue) 21 Oct 1975 (42),Colchester United FC (12),0-0,?,Rotherham United FC (12)
?,(Wed) 22 Oct 1975 (42),Aldershot Town FC (12),2-1,?,Cardiff City FC (12)
?,(Sat) 25 Oct 1975 (42),Mansfield Town FC (12),0-1,?,Preston North End FC (13)
?,(Sat) 25 Oct 1975 (42),Crystal Palace FC (14),1-1,?,Southend United FC (13)
?,(Sat) 25 Oct 1975 (42),Swindon Town FC (13),3-0,?,Grimsby Town FC (12)
?,(Sat) 25 Oct 1975 (42),Chester FC (13),1-1,?,Cardiff City FC (13)
?,(Sat) 25 Oct 1975 (42),Gillingham FC (13),2-3,?,Walsall FC (15)
?,(Sat) 25 Oct 1975 (42),Bury FC (13),0-0,?,FC Halifax Town (13)
?,(Sat) 25 Oct 1975 (42),Hereford United FC (1924-2014) (13),2-4,?,Peterborough United FC (13)
?,(Sat) 25 Oct 1975 (42),Brighton & Hove Albion FC (13),3-2,?,Wrexham AFC (12)
?,(Sat) 25 Oct 1975 (42),Colchester United FC (13),1-0,?,Port Vale FC (13)
?,(Sat) 25 Oct 1975 (42),Chesterfield FC (13),2-2,?,Millwall FC (13)
?,(Sat) 25 Oct 1975 (42),Rotherham United FC (13),2-2,?,Aldershot Town FC (13)
?,(Sat) 25 Oct 1975 (42),Sheffield Wednesday FC (13),1-1,?,Shrewsbury Town FC (13)
?,(Fri) 31 Oct 1975 (43),Southend United FC (14),3-0,?,Swindon Town FC (14)
?,(Fri) 31 Oct 1975 (43),Cardiff City FC (14),4-3,?,Chesterfield FC (14)
?,(Sat) 1 Nov 1975 (43),FC Halifax Town (14),1-3,?,Crystal Palace FC (15)
?,(Sat) 1 Nov 1975 (43),Millwall FC (14),1-1,?,Colchester United FC (14)
?,(Sat) 1 Nov 1975 (43),Preston North End FC (14),3-4,?,Hereford United FC (1924-2014) (14)
?,(Sat) 1 Nov 1975 (43),Shrewsbury Town FC (14),2-0,?,Chester FC (14)
?,(Sat) 1 Nov 1975 (43),Wrexham AFC (13),1-0,?,Mansfield Town FC (13)
?,(Sat) 1 Nov 1975 (43),Grimsby Town FC (13),0-0,?,Bury FC (14)
?,(Sat) 1 Nov 1975 (43),Aldershot Town FC (14),3-0,?,Gillingham FC (14)
?,(Sat) 1 Nov 1975 (43),Port Vale FC (14),1-0,?,Rotherham United FC (14)
?,(Sat) 1 Nov 1975 (43),Peterborough United FC (14),1-0,?,Brighton & Hove Albion FC (14)
?,(Mon) 3 Nov 1975 (44),Port Vale FC (15),0-1,?,Aldershot Town FC (15)
?,(Tue) 4 Nov 1975 (44),Peterborough United FC (15),4-2,?,Grimsby Town FC (14)
?,(Tue) 4 Nov 1975 (44),Millwall FC (15),0-0,?,Shrewsbury Town FC (15)
?,(Tue) 4 Nov 1975 (44),Rotherham United FC (15),0-1,?,Chester FC (15)
?,(Tue) 4 Nov 1975 (44),Swindon Town FC (15),1-2,?,Crystal Palace FC (16)
?,(Tue) 4 Nov 1975 (44),Brighton & Hove Albion FC (15),2-1,?,Bury FC (15)
?,(Tue) 4 Nov 1975 (44),FC Halifax Town (15),2-1,?,Preston North End FC (15)
?,(Tue) 4 Nov 1975 (44),Cardiff City FC (15),0-0,?,Walsall FC (16)
?,(Wed) 5 Nov 1975 (44),Chesterfield FC (15),6-1,?,Colchester United FC (15)
?,(Wed) 5 Nov 1975 (44),Sheffield Wednesday FC (14),1-0,?,Gillingham FC (15)
?,(Sat) 8 Nov 1975 (44),Colchester United FC (16),1-1,?,Shrewsbury Town FC (16)
?,(Sat) 8 Nov 1975 (44),Mansfield Town FC (14),1-1,?,FC Halifax Town (16)
?,(Sat) 8 Nov 1975 (44),Chesterfield FC (16),5-2,?,Aldershot Town FC (16)
?,(Sat) 8 Nov 1975 (44),Brighton & Hove Albion FC (16),2-0,?,Southend United FC (15)
?,(Sat) 8 Nov 1975 (44),Chester FC (16),3-1,?,Millwall FC (16)
?,(Sat) 8 Nov 1975 (44),Crystal Palace FC (17),1-1,?,Peterborough United FC (16)
?,(Sat) 8 Nov 1975 (44),Rotherham United FC (16),3-1,?,Walsall FC (17)
?,(Sat) 8 Nov 1975 (44),Hereford United FC (1924-2014) (15),3-2,?,Grimsby Town FC (15)
?,(Sat) 8 Nov 1975 (44),Swindon Town FC (16),1-3,?,Preston North End FC (16)
?,(Sat) 8 Nov 1975 (44),Sheffield Wednesday FC (15),0-3,?,Port Vale FC (16)
?,(Sat) 8 Nov 1975 (44),Gillingham FC (16),2-2,?,Cardiff City FC (16)
?,(Sat) 8 Nov 1975 (44),Bury FC (16),0-1,?,Wrexham AFC (14)
?,(Tue) 11 Nov 1975 (45),Grimsby Town FC (16),3-2,?,Wrexham AFC (15)
?,(Sat) 15 Nov 1975 (45),Grimsby Town FC (17),4-1,?,Mansfield Town FC (15)
?,(Sat) 15 Nov 1975 (45),Port Vale FC (17),0-1,?,Chester FC (17)
?,(Sat) 15 Nov 1975 (45),Wrexham AFC (16),1-3,?,Crystal Palace FC (18)
?,(Sat) 15 Nov 1975 (45),Millwall FC (17),2-2,?,Gillingham FC (17)
?,(Sat) 15 Nov 1975 (45),Walsall FC (18),1-0,?,Chesterfield FC (17)
?,(Sat) 15 Nov 1975 (45),Aldershot Town FC (17),1-1,?,Sheffield Wednesday FC (16)
?,(Sat) 15 Nov 1975 (45),Peterborough United FC (17),3-1,?,Swindon Town FC (17)
?,(Sat) 15 Nov 1975 (45),FC Halifax Town (17),1-3,?,Brighton & Hove Albion FC (17)
?,(Sat) 15 Nov 1975 (45),Shrewsbury Town FC (17),0-2,?,Rotherham United FC (17)
?,(Sat) 15 Nov 1975 (45),Cardiff City FC (17),2-0,?,Colchester United FC (17)
?,(Sat) 15 Nov 1975 (45),Preston North End FC (17),0-0,?,Bury FC (17)
?,(Sat) 29 Nov 1975 (47),Port Vale FC (18),2-0,?,Millwall FC (18)
?,(Sat) 29 Nov 1975 (47),Grimsby Town FC (18),0-0,?,Preston North End FC (18)
?,(Sat) 29 Nov 1975 (47),Cardiff City FC (18),3-0,?,Shrewsbury Town FC (18)
?,(Sat) 29 Nov 1975 (47),Aldershot Town FC (18),3-2,?,Walsall FC (19)
?,(Sat) 29 Nov 1975 (47),Gillingham FC (18),0-1,?,Colchester United FC (18)
?,(Sat) 29 Nov 1975 (47),Chesterfield FC (18),1-1,?,Chester FC (18)
?,(Sat) 29 Nov 1975 (47),Wrexham AFC (17),1-1,?,FC Halifax Town (18)
?,(Sat) 29 Nov 1975 (47),Crystal Palace FC (19),4-1,?,Mansfield Town FC (16)
?,(Sat) 29 Nov 1975 (47),Peterborough United FC (18),3-2,?,Southend United FC (16)
?,(Sat) 29 Nov 1975 (47),Sheffield Wednesday FC (17),0-0,?,Rotherham United FC (18)
?,(Sat) 29 Nov 1975 (47),Swindon Town FC (18),3-2,?,Brighton & Hove Albion FC (18)
?,(Sat) 29 Nov 1975 (47),Hereford United FC (1924-2014) (16),2-0,?,Bury FC (18)
?,(Tue) 2 Dec 1975 (48),Walsall FC (20),2-2,?,Sheffield Wednesday FC (18)
?,(Fri) 5 Dec 1975 (48),Southend United FC (17),5-2,?,Grimsby Town FC (19)
?,(Sat) 6 Dec 1975 (48),Walsall FC (21),3-1,?,Port Vale FC (19)
?,(Sat) 6 Dec 1975 (48),Preston North End FC (19),0-1,?,Wrexham AFC (18)
?,(Sat) 6 Dec 1975 (48),Shrewsbury Town FC (19),5-3,?,Aldershot Town FC (19)
?,(Sat) 6 Dec 1975 (48),Bury FC (19),0-1,?,Crystal Palace FC (20)
?,(Sat) 6 Dec 1975 (48),FC Halifax Town (19),0-1,?,Peterborough United FC (19)
?,(Sat) 6 Dec 1975 (48),Colchester United FC (19),2-1,?,Sheffield Wednesday FC (19)
?,(Sat) 6 Dec 1975 (48),Mansfield Town FC (17),3-1,?,Swindon Town FC (19)
?,(Sat) 6 Dec 1975 (48),Chester FC (19),2-2,?,Gillingham FC (19)
?,(Sat) 6 Dec 1975 (48),Rotherham United FC (19),2-0,?,Chesterfield FC (19)
?,(Sat) 6 Dec 1975 (48),Brighton & Hove Albion FC (19),4-2,?,Hereford United FC (1924-2014) (17)
?,(Sat) 6 Dec 1975 (48),Millwall FC (19),1-3,?,Cardiff City FC (19)
?,(Sat) 13 Dec 1975 (49),Wrexham AFC (19),1-1,?,Colchester United FC (20)
?,(Sat) 20 Dec 1975 (50),Gillingham FC (20),2-2,?,Peterborough United FC (20)
?,(Sat) 20 Dec 1975 (50),Colchester United FC (21),0-2,?,Wrexham AFC (20)
?,(Sat) 20 Dec 1975 (50),Chesterfield FC (20),1-2,?,FC Halifax Town (20)
?,(Sat) 20 Dec 1975 (50),Chester FC (20),2-1,?,Swindon Town FC (20)
?,(Sat) 20 Dec 1975 (50),Aldershot Town FC (20),0-2,?,Hereford United FC (1924-2014) (18)
?,(Sat) 20 Dec 1975 (50),Shrewsbury Town FC (20),1-3,?,Bury FC (20)
?,(Sat) 20 Dec 1975 (50),Sheffield Wednesday FC (20),2-2,?,Preston North End FC (20)
?,(Sat) 20 Dec 1975 (50),Millwall FC (20),2-1,?,Crystal Palace FC (21)
?,(Sat) 20 Dec 1975 (50),Rotherham United FC (20),2-1,?,Mansfield Town FC (18)
?,(Sat) 20 Dec 1975 (50),Walsall FC (22),2-0,?,Brighton & Hove Albion FC (20)
?,(Sat) 20 Dec 1975 (50),Port Vale FC (20),4-3,?,Grimsby Town FC (20)
?,(Mon) 22 Dec 1975 (51),Cardiff City FC (20),3-1,?,Southend United FC (18)
?,(Fri) 26 Dec 1975 (51),Bury FC (21),0-0,?,Sheffield Wednesday FC (21)
?,(Fri) 26 Dec 1975 (51),Hereford United FC (1924-2014) (19),1-3,?,Walsall FC (23)
?,(Fri) 26 Dec 1975 (51),Peterborough United FC (21),1-1,?,Millwall FC (21)
?,(Fri) 26 Dec 1975 (51),Southend United FC (19),2-0,?,Colchester United FC (22)
?,(Fri) 26 Dec 1975 (51),Wrexham AFC (21),1-1,?,Chester FC (21)
?,(Fri) 26 Dec 1975 (51),FC Halifax Town (21),1-3,?,Port Vale FC (21)
?,(Fri) 26 Dec 1975 (51),Swindon Town FC (21),4-0,?,Cardiff City FC (21)
?,(Fri) 26 Dec 1975 (51),Mansfield Town FC (19),0-1,?,Chesterfield FC (21)
?,(Fri) 26 Dec 1975 (51),Grimsby Town FC (21),4-1,?,Rotherham United FC (21)
?,(Sat) 27 Dec 1975 (51),Gillingham FC (21),1-0,?,Brighton & Hove Albion FC (21)
?,(Sat) 27 Dec 1975 (51),Shrewsbury Town FC (21),2-1,?,Hereford United FC (1924-2014) (20)
?,(Sat) 27 Dec 1975 (51),Aldershot Town FC (21),1-0,?,Crystal Palace FC (22)
?,(Sat) 27 Dec 1975 (51),Colchester United FC (23),1-0,?,Grimsby Town FC (22)
?,(Sat) 27 Dec 1975 (51),Rotherham United FC (22),0-1,?,FC Halifax Town (22)
?,(Sat) 27 Dec 1975 (51),Chester FC (22),3-0,?,Preston North End FC (21)
?,(Sat) 27 Dec 1975 (51),Walsall FC (24),2-2,?,Wrexham AFC (22)
?,(Sat) 27 Dec 1975 (51),Chesterfield FC (22),1-2,?,Southend United FC (20)
?,(Sat) 27 Dec 1975 (51),Millwall FC (22),0-0,?,Swindon Town FC (22)
?,(Sat) 27 Dec 1975 (51),Cardiff City FC (22),5-2,?,Peterborough United FC (22)
?,(Sat) 27 Dec 1975 (51),Sheffield Wednesday FC (22),0-0,?,Mansfield Town FC (20)
?,(Sat) 27 Dec 1975 (51),Port Vale FC (22),2-1,?,Bury FC (22)
?,(Tue) 30 Dec 1975 (52),Brighton & Hove Albion FC (22),4-1,?,Aldershot Town FC (22)
?,(Tue) 30 Dec 1975 (52),Crystal Palace FC (23),0-1,?,Gillingham FC (22)
?,(Sat) 3 Jan 1976 (0),Wrexham AFC (23),1-1,?,Millwall FC (23)
?,(Sat) 3 Jan 1976 (0),Grimsby Town FC (23),3-0,?,Chesterfield FC (23)
?,(Sat) 3 Jan 1976 (0),Mansfield Town FC (21),3-1,?,Port Vale FC (23)
?,(Tue) 6 Jan 1976 (1),Crystal Palace FC (24),0-1,?,Walsall FC (25)
?,(Sat) 10 Jan 1976 (1),Colchester United FC (24),0-3,?,Crystal Palace FC (25)
?,(Sat) 10 Jan 1976 (1),Rotherham United FC (23),2-0,?,Southend United FC (21)
?,(Sat) 10 Jan 1976 (1),Walsall FC (26),2-0,?,FC Halifax Town (23)
?,(Sat) 10 Jan 1976 (1),Gillingham FC (23),3-2,?,Swindon Town FC (23)
?,(Sat) 10 Jan 1976 (1),Port Vale FC (24),2-0,?,Peterborough United FC (23)
?,(Sat) 10 Jan 1976 (1),Chester FC (23),1-1,?,Mansfield Town FC (22)
?,(Sat) 10 Jan 1976 (1),Chesterfield FC (24),1-1,?,Wrexham AFC (24)
?,(Sat) 10 Jan 1976 (1),Cardiff City FC (23),0-1,?,Brighton & Hove Albion FC (23)
?,(Sat) 10 Jan 1976 (1),Aldershot Town FC (23),1-1,?,Bury FC (23)
?,(Sat) 10 Jan 1976 (1),Sheffield Wednesday FC (23),1-2,?,Hereford United FC (1924-2014) (21)
?,(Sat) 10 Jan 1976 (1),Shrewsbury Town FC (22),1-0,?,Grimsby Town FC (24)
?,(Sat) 10 Jan 1976 (1),Millwall FC (24),2-0,?,Preston North End FC (22)
?,(Tue) 13 Jan 1976 (2),Preston North End FC (23),3-2,?,Rotherham United FC (24)
?,(Wed) 14 Jan 1976 (2),Peterborough United FC (24),3-1,?,Colchester United FC (25)
?,(Fri) 16 Jan 1976 (2),Southend United FC (22),0-0,?,Millwall FC (25)
?,(Sat) 17 Jan 1976 (2),Mansfield Town FC (23),1-1,?,Gillingham FC (24)
?,(Sat) 17 Jan 1976 (2),Peterborough United FC (25),3-0,?,Chester FC (24)
?,(Sat) 17 Jan 1976 (2),Hereford United FC (1924-2014) (22),4-2,?,Chesterfield FC (25)
?,(Sat) 17 Jan 1976 (2),Grimsby Town FC (25),1-1,?,Sheffield Wednesday FC (24)
?,(Sat) 17 Jan 1976 (2),FC Halifax Town (24),1-1,?,Cardiff City FC (24)
?,(Sat) 17 Jan 1976 (2),Crystal Palace FC (26),1-1,?,Shrewsbury Town FC (23)
?,(Sat) 17 Jan 1976 (2),Preston North End FC (24),1-0,?,Aldershot Town FC (24)
?,(Sat) 17 Jan 1976 (2),Brighton & Hove Albion FC (24),6-0,?,Colchester United FC (26)
?,(Sat) 17 Jan 1976 (2),Wrexham AFC (25),3-0,?,Rotherham United FC (25)
?,(Sat) 17 Jan 1976 (2),Swindon Town FC (24),2-1,?,Port Vale FC (25)
?,(Sat) 17 Jan 1976 (2),Bury FC (24),1-1,?,Walsall FC (27)
?,(Tue) 20 Jan 1976 (3),Cardiff City FC (25),1-0,?,Mansfield Town FC (24)
?,(Sat) 24 Jan 1976 (3),Colchester United FC (27),1-4,?,Hereford United FC (1924-2014) (23)
?,(Sat) 24 Jan 1976 (3),Chesterfield FC (26),0-1,?,Port Vale FC (26)
?,(Sat) 24 Jan 1976 (3),Millwall FC (26),1-1,?,Grimsby Town FC (26)
?,(Sat) 24 Jan 1976 (3),Sheffield Wednesday FC (25),0-2,?,Swindon Town FC (25)
?,(Sat) 24 Jan 1976 (3),Walsall FC (28),3-1,?,Preston North End FC (25)
?,(Sat) 24 Jan 1976 (3),Gillingham FC (25),1-1,?,Wrexham AFC (26)
?,(Sat) 24 Jan 1976 (3),Chester FC (25),3-0,?,Brighton & Hove Albion FC (25)
?,(Sat) 24 Jan 1976 (3),Shrewsbury Town FC (24),2-0,?,FC Halifax Town (25)
?,(Mon) 26 Jan 1976 (4),Southend United FC (23),1-3,?,Hereford United FC (1924-2014) (24)
?,(Sat) 31 Jan 1976 (4),Brighton & Hove Albion FC (26),1-0,?,Mansfield Town FC (25)
?,(Sat) 31 Jan 1976 (4),Millwall FC (27),2-1,?,Walsall FC (29)
?,(Sat) 31 Jan 1976 (4),Swindon Town FC (26),2-1,?,Bury FC (25)
?,(Sat) 31 Jan 1976 (4),Cardiff City FC (26),1-0,?,Aldershot Town FC (25)
?,(Sat) 31 Jan 1976 (4),Peterborough United FC (26),2-0,?,Preston North End FC (26)
?,(Sat) 31 Jan 1976 (4),Hereford United FC (1924-2014) (25),1-1,?,Crystal Palace FC (27)
?,(Sat) 31 Jan 1976 (4),Wrexham AFC (27),1-0,?,Grimsby Town FC (27)
?,(Sat) 31 Jan 1976 (4),Sheffield Wednesday FC (26),2-0,?,Chester FC (26)
?,(Sat) 31 Jan 1976 (4),Rotherham United FC (26),2-0,?,Colchester United FC (28)
?,(Sat) 31 Jan 1976 (4),Port Vale FC (27),0-0,?,Shrewsbury Town FC (25)
?,(Sat) 31 Jan 1976 (4),Chesterfield FC (27),0-1,?,Gillingham FC (26)
?,(Tue) 3 Feb 1976 (5),Rotherham United FC (27),4-1,?,Crystal Palace FC (28)
?,(Tue) 3 Feb 1976 (5),Brighton & Hove Albion FC (27),1-0,?,Millwall FC (28)
?,(Tue) 3 Feb 1976 (5),Preston North End FC (27),0-2,?,Shrewsbury Town FC (26)
?,(Wed) 4 Feb 1976 (5),Hereford United FC (1924-2014) (26),4-1,?,Cardiff City FC (27)
?,(Fri) 6 Feb 1976 (5),Southend United FC (24),2-1,?,Wrexham AFC (28)
?,(Sat) 7 Feb 1976 (5),Gillingham FC (27),0-0,?,Sheffield Wednesday FC (27)
?,(Sat) 7 Feb 1976 (5),Walsall FC (30),2-3,?,Cardiff City FC (28)
?,(Sat) 7 Feb 1976 (5),Colchester United FC (29),2-3,?,Chesterfield FC (28)
?,(Sat) 7 Feb 1976 (5),Chester FC (27),3-1,?,Rotherham United FC (28)
?,(Sat) 7 Feb 1976 (5),Bury FC (26),1-1,?,Brighton & Hove Albion FC (28)
?,(Sat) 7 Feb 1976 (5),Grimsby Town FC (28),1-1,?,Peterborough United FC (27)
?,(Sat) 7 Feb 1976 (5),Shrewsbury Town FC (27),1-0,?,Millwall FC (29)
?,(Sat) 7 Feb 1976 (5),Mansfield Town FC (26),2-2,?,Hereford United FC (1924-2014) (27)
?,(Sat) 7 Feb 1976 (5),Preston North End FC (28),2-1,?,FC Halifax Town (26)
?,(Sat) 7 Feb 1976 (5),Aldershot Town FC (26),2-0,?,Port Vale FC (28)
?,(Sat) 7 Feb 1976 (5),Crystal Palace FC (29),3-3,?,Swindon Town FC (27)
?,(Mon) 9 Feb 1976 (6),Port Vale FC (29),1-1,?,Southend United FC (25)
?,(Mon) 9 Feb 1976 (6),Wrexham AFC (29),2-3,?,Shrewsbury Town FC (28)
?,(Tue) 10 Feb 1976 (6),Swindon Town FC (28),6-3,?,Aldershot Town FC (27)
?,(Wed) 11 Feb 1976 (6),Chesterfield FC (29),3-2,?,Bury FC (27)
?,(Wed) 11 Feb 1976 (6),Hereford United FC (1924-2014) (28),1-0,?,Mansfield Town FC (27)
?,(Fri) 13 Feb 1976 (6),Walsall FC (31),5-1,?,Rotherham United FC (29)
?,(Sat) 14 Feb 1976 (6),Cardiff City FC (29),4-1,?,Gillingham FC (28)
?,(Sat) 14 Feb 1976 (6),Preston North End FC (29),4-2,?,Swindon Town FC (29)
?,(Sat) 14 Feb 1976 (6),FC Halifax Town (27),1-2,?,Mansfield Town FC (28)
?,(Sat) 14 Feb 1976 (6),Grimsby Town FC (29),1-0,?,Hereford United FC (1924-2014) (29)
?,(Sat) 14 Feb 1976 (6),Aldershot Town FC (28),3-1,?,Chesterfield FC (30)
?,(Sat) 14 Feb 1976 (6),Wrexham AFC (30),2-1,?,Bury FC (28)
?,(Sat) 14 Feb 1976 (6),Shrewsbury Town FC (29),1-0,?,Colchester United FC (30)
?,(Sat) 14 Feb 1976 (6),Millwall FC (30),1-0,?,Chester FC (28)
?,(Mon) 16 Feb 1976 (7),Port Vale FC (30),1-0,?,Sheffield Wednesday FC (28)
?,(Tue) 17 Feb 1976 (7),Southend United FC (26),4-0,?,Brighton & Hove Albion FC (29)
?,(Wed) 18 Feb 1976 (7),Peterborough United FC (28),2-0,?,Crystal Palace FC (30)
?,(Sat) 21 Feb 1976 (7),Chester FC (29),1-0,?,Port Vale FC (31)
?,(Sat) 21 Feb 1976 (7),Crystal Palace FC (31),1-1,?,Wrexham AFC (31)
?,(Sat) 21 Feb 1976 (7),Colchester United FC (31),3-2,?,Cardiff City FC (30)
?,(Sat) 21 Feb 1976 (7),Sheffield Wednesday FC (29),3-1,?,Aldershot Town FC (29)
?,(Sat) 21 Feb 1976 (7),Swindon Town FC (30),0-3,?,Peterborough United FC (29)
?,(Sat) 21 Feb 1976 (7),Brighton & Hove Albion FC (30),1-0,?,FC Halifax Town (28)
?,(Sat) 21 Feb 1976 (7),Rotherham United FC (30),0-1,?,Shrewsbury Town FC (30)
?,(Sat) 21 Feb 1976 (7),Bury FC (29),2-0,?,Preston North End FC (30)
?,(Sat) 21 Feb 1976 (7),Hereford United FC (1924-2014) (30),2-1,?,Southend United FC (27)
?,(Sat) 21 Feb 1976 (7),Chesterfield FC (31),2-1,?,Walsall FC (32)
?,(Sat) 21 Feb 1976 (7),Mansfield Town FC (29),1-0,?,Grimsby Town FC (30)
?,(Sat) 21 Feb 1976 (7),Gillingham FC (29),3-1,?,Millwall FC (31)
?,(Mon) 23 Feb 1976 (8),Mansfield Town FC (30),1-1,?,Bury FC (30)
?,(Mon) 23 Feb 1976 (8),Wrexham AFC (32),3-0,?,Peterborough United FC (30)
?,(Tue) 24 Feb 1976 (8),Swindon Town FC (31),0-1,?,Hereford United FC (1924-2014) (31)
?,(Tue) 24 Feb 1976 (8),Brighton & Hove Albion FC (31),2-0,?,Crystal Palace FC (32)
?,(Tue) 24 Feb 1976 (8),Preston North End FC (31),5-1,?,Southend United FC (28)
?,(Tue) 24 Feb 1976 (8),Rotherham United FC (31),2-0,?,Gillingham FC (30)
?,(Tue) 24 Feb 1976 (8),Colchester United FC (32),1-0,?,Chester FC (30)
?,(Tue) 24 Feb 1976 (8),FC Halifax Town (29),2-1,?,Grimsby Town FC (31)
?,(Tue) 24 Feb 1976 (8),Shrewsbury Town FC (31),1-1,?,Walsall FC (33)
?,(Wed) 25 Feb 1976 (8),Cardiff City FC (31),1-1,?,Port Vale FC (32)
?,(Wed) 25 Feb 1976 (8),Millwall FC (32),4-1,?,Aldershot Town FC (30)
?,(Fri) 27 Feb 1976 (8),Southend United FC (29),1-2,?,Crystal Palace FC (33)
?,(Fri) 27 Feb 1976 (8),Peterborough United FC (31),0-3,?,Hereford United FC (1924-2014) (32)
?,(Fri) 27 Feb 1976 (8),Walsall FC (34),4-0,?,Gillingham FC (31)
?,(Sat) 28 Feb 1976 (8),Cardiff City FC (32),2-0,?,Chester FC (31)
?,(Sat) 28 Feb 1976 (8),Port Vale FC (33),3-2,?,Colchester United FC (33)
?,(Sat) 28 Feb 1976 (8),Aldershot Town FC (31),3-0,?,Rotherham United FC (32)
?,(Sat) 28 Feb 1976 (8),Grimsby Town FC (32),1-0,?,Swindon Town FC (32)
?,(Sat) 28 Feb 1976 (8),Wrexham AFC (33),3-0,?,Brighton & Hove Albion FC (32)
?,(Sat) 28 Feb 1976 (8),Preston North End FC (32),0-2,?,Mansfield Town FC (31)
?,(Sat) 28 Feb 1976 (8),FC Halifax Town (30),0-2,?,Bury FC (31)
?,(Sat) 28 Feb 1976 (8),Millwall FC (33),2-0,?,Chesterfield FC (32)
?,(Mon) 1 Mar 1976 (9),Mansfield Town FC (32),1-0,?,Brighton & Hove Albion FC (33)
?,(Mon) 1 Mar 1976 (9),Southend United FC (30),2-2,?,Gillingham FC (32)
?,(Tue) 2 Mar 1976 (9),FC Halifax Town (31),0-0,?,Sheffield Wednesday FC (30)
?,(Sat) 6 Mar 1976 (9),Chesterfield FC (33),1-1,?,Cardiff City FC (33)
?,(Sat) 6 Mar 1976 (9),Swindon Town FC (33),0-0,?,Southend United FC (31)
?,(Sat) 6 Mar 1976 (9),Sheffield Wednesday FC (31),2-1,?,Walsall FC (35)
?,(Sat) 6 Mar 1976 (9),Bury FC (32),1-1,?,Grimsby Town FC (33)
?,(Sat) 6 Mar 1976 (9),Chester FC (32),1-0,?,Shrewsbury Town FC (32)
?,(Sat) 6 Mar 1976 (9),Brighton & Hove Albion FC (34),5-0,?,Peterborough United FC (32)
?,(Sat) 6 Mar 1976 (9),Mansfield Town FC (33),0-0,?,Wrexham AFC (34)
?,(Sat) 6 Mar 1976 (9),Rotherham United FC (33),1-2,?,Port Vale FC (34)
?,(Sat) 6 Mar 1976 (9),Gillingham FC (33),1-1,?,Aldershot Town FC (32)
?,(Mon) 8 Mar 1976 (10),Southend United FC (32),0-2,?,Aldershot Town FC (33)
?,(Mon) 8 Mar 1976 (10),Mansfield Town FC (34),1-1,?,Millwall FC (34)
?,(Mon) 8 Mar 1976 (10),Wrexham AFC (35),1-1,?,Cardiff City FC (34)
?,(Tue) 9 Mar 1976 (10),Preston North End FC (33),3-1,?,Chesterfield FC (34)
?,(Tue) 9 Mar 1976 (10),Crystal Palace FC (34),2-2,?,Port Vale FC (35)
?,(Tue) 9 Mar 1976 (10),Grimsby Town FC (34),1-2,?,Walsall FC (36)
?,(Tue) 9 Mar 1976 (10),FC Halifax Town (32),1-1,?,Gillingham FC (34)
?,(Tue) 9 Mar 1976 (10),Swindon Town FC (34),1-1,?,Rotherham United FC (34)
?,(Wed) 10 Mar 1976 (10),Peterborough United FC (33),2-2,?,Sheffield Wednesday FC (32)
?,(Wed) 10 Mar 1976 (10),Hereford United FC (1924-2014) (33),5-0,?,Chester FC (33)
?,(Wed) 10 Mar 1976 (10),Brighton & Hove Albion FC (35),2-2,?,Shrewsbury Town FC (33)
?,(Sat) 13 Mar 1976 (10),Walsall FC (37),1-1,?,Colchester United FC (34)
?,(Sat) 13 Mar 1976 (10),Aldershot Town FC (34),1-1,?,Chester FC (34)
?,(Sat) 13 Mar 1976 (10),Southend United FC (33),2-0,?,Bury FC (33)
?,(Sat) 13 Mar 1976 (10),Wrexham AFC (36),2-1,?,Hereford United FC (1924-2014) (34)
?,(Sat) 13 Mar 1976 (10),Millwall FC (35),1-0,?,Sheffield Wednesday FC (33)
?,(Sat) 13 Mar 1976 (10),Port Vale FC (36),1-1,?,Gillingham FC (35)
?,(Sat) 13 Mar 1976 (10),Cardiff City FC (35),1-1,?,Rotherham United FC (35)
?,(Sat) 13 Mar 1976 (10),Peterborough United FC (34),0-3,?,Mansfield Town FC (35)
?,(Sat) 13 Mar 1976 (10),Grimsby Town FC (35),1-2,?,Crystal Palace FC (35)
?,(Sat) 13 Mar 1976 (10),Preston North End FC (34),1-0,?,Brighton & Hove Albion FC (36)
?,(Sat) 13 Mar 1976 (10),FC Halifax Town (33),0-2,?,Swindon Town FC (35)
?,(Sat) 13 Mar 1976 (10),Shrewsbury Town FC (34),0-2,?,Chesterfield FC (35)
?,(Mon) 15 Mar 1976 (11),Mansfield Town FC (36),3-1,?,Southend United FC (34)
?,(Tue) 16 Mar 1976 (11),Rotherham United FC (36),1-2,?,Millwall FC (36)
?,(Tue) 16 Mar 1976 (11),Crystal Palace FC (36),2-0,?,Preston North End FC (35)
?,(Tue) 16 Mar 1976 (11),Chester FC (35),1-1,?,Walsall FC (38)
?,(Tue) 16 Mar 1976 (11),Gillingham FC (36),2-1,?,Shrewsbury Town FC (35)
?,(Tue) 16 Mar 1976 (11),Colchester United FC (35),2-0,?,Aldershot Town FC (35)
?,(Tue) 16 Mar 1976 (11),Bury FC (34),2-1,?,Peterborough United FC (35)
?,(Wed) 17 Mar 1976 (11),Hereford United FC (1924-2014) (35),1-2,?,FC Halifax Town (34)
?,(Wed) 17 Mar 1976 (11),Sheffield Wednesday FC (34),1-3,?,Cardiff City FC (36)
?,(Wed) 17 Mar 1976 (11),Brighton & Hove Albion FC (37),4-2,?,Grimsby Town FC (36)
?,(Fri) 19 Mar 1976 (11),Southend United FC (35),0-0,?,Peterborough United FC (36)
?,(Sat) 20 Mar 1976 (11),Rotherham United FC (37),1-0,?,Sheffield Wednesday FC (35)
?,(Sat) 20 Mar 1976 (11),Preston North End FC (36),0-0,?,Grimsby Town FC (37)
?,(Sat) 20 Mar 1976 (11),Colchester United FC (36),2-2,?,Gillingham FC (37)
?,(Sat) 20 Mar 1976 (11),Chester FC (36),2-1,?,Chesterfield FC (36)
?,(Sat) 20 Mar 1976 (11),Bury FC (35),2-3,?,Hereford United FC (1924-2014) (36)
?,(Sat) 20 Mar 1976 (11),FC Halifax Town (35),0-1,?,Wrexham AFC (37)
?,(Sat) 20 Mar 1976 (11),Brighton & Hove Albion FC (38),2-0,?,Swindon Town FC (36)
?,(Sat) 20 Mar 1976 (11),Mansfield Town FC (37),1-1,?,Crystal Palace FC (37)
?,(Sat) 20 Mar 1976 (11),Millwall FC (37),1-0,?,Port Vale FC (37)
?,(Sat) 20 Mar 1976 (11),Shrewsbury Town FC (36),3-1,?,Cardiff City FC (37)
?,(Sat) 20 Mar 1976 (11),Walsall FC (39),4-1,?,Aldershot Town FC (36)
?,(Tue) 23 Mar 1976 (12),FC Halifax Town (36),1-0,?,Southend United FC (36)
?,(Tue) 23 Mar 1976 (12),Colchester United FC (37),0-1,?,Millwall FC (38)
?,(Wed) 24 Mar 1976 (12),Aldershot Town FC (37),1-0,?,Peterborough United FC (37)
?,(Wed) 24 Mar 1976 (12),Sheffield Wednesday FC (36),1-3,?,Chesterfield FC (37)
?,(Sat) 27 Mar 1976 (12),Aldershot Town FC (38),1-1,?,Shrewsbury Town FC (37)
?,(Sat) 27 Mar 1976 (12),Gillingham FC (38),2-0,?,Chester FC (37)
?,(Sat) 27 Mar 1976 (12),Sheffield Wednesday FC (37),1-0,?,Colchester United FC (38)
?,(Sat) 27 Mar 1976 (12),Chesterfield FC (38),1-0,?,Rotherham United FC (38)
?,(Sat) 27 Mar 1976 (12),Hereford United FC (1924-2014) (37),1-1,?,Brighton & Hove Albion FC (39)
?,(Sat) 27 Mar 1976 (12),Port Vale FC (38),1-2,?,Walsall FC (40)
?,(Sat) 27 Mar 1976 (12),Peterborough United FC (38),1-0,?,FC Halifax Town (37)
?,(Sat) 27 Mar 1976 (12),Swindon Town FC (37),0-2,?,Mansfield Town FC (38)
?,(Sat) 27 Mar 1976 (12),Crystal Palace FC (38),1-0,?,Bury FC (36)
?,(Sat) 27 Mar 1976 (12),Wrexham AFC (38),1-2,?,Preston North End FC (37)
?,(Sat) 27 Mar 1976 (12),Cardiff City FC (38),0-0,?,Millwall FC (39)
?,(Sat) 27 Mar 1976 (12),Grimsby Town FC (38),2-2,?,Southend United FC (37)
?,(Mon) 29 Mar 1976 (13),Mansfield Town FC (39),1-1,?,Rotherham United FC (39)
?,(Mon) 29 Mar 1976 (13),Southend United FC (38),0-2,?,Cardiff City FC (39)
?,(Tue) 30 Mar 1976 (13),Swindon Town FC (38),2-1,?,Chester FC (38)
?,(Tue) 30 Mar 1976 (13),Preston North End FC (38),4-2,?,Sheffield Wednesday FC (38)
?,(Tue) 30 Mar 1976 (13),FC Halifax Town (38),1-0,?,Chesterfield FC (39)
?,(Tue) 30 Mar 1976 (13),Crystal Palace FC (39),0-0,?,Millwall FC (40)
?,(Tue) 30 Mar 1976 (13),Grimsby Town FC (39),1-1,?,Port Vale FC (39)
?,(Tue) 30 Mar 1976 (13),Bury FC (37),2-1,?,Shrewsbury Town FC (38)
?,(Wed) 31 Mar 1976 (13),Hereford United FC (1924-2014) (38),2-1,?,Aldershot Town FC (39)
?,(Wed) 31 Mar 1976 (13),Peterborough United FC (39),1-1,?,Gillingham FC (39)
?,(Fri) 2 Apr 1976 (13),Shrewsbury Town FC (39),1-2,?,Mansfield Town FC (40)
?,(Sat) 3 Apr 1976 (13),Gillingham FC (40),2-0,?,Bury FC (38)
?,(Sat) 3 Apr 1976 (13),Rotherham United FC (40),1-1,?,Brighton & Hove Albion FC (40)
?,(Sat) 3 Apr 1976 (13),Port Vale FC (40),1-1,?,Hereford United FC (1924-2014) (39)
?,(Sat) 3 Apr 1976 (13),Chesterfield FC (40),4-0,?,Swindon Town FC (39)
?,(Sat) 3 Apr 1976 (13),Colchester United FC (39),1-1,?,Preston North End FC (39)
?,(Sat) 3 Apr 1976 (13),Cardiff City FC (40),2-1,?,Grimsby Town FC (40)
?,(Sat) 3 Apr 1976 (13),Millwall FC (41),1-0,?,FC Halifax Town (39)
?,(Sat) 3 Apr 1976 (13),Aldershot Town FC (40),2-3,?,Wrexham AFC (39)
?,(Sat) 3 Apr 1976 (13),Walsall FC (41),2-2,?,Peterborough United FC (40)
?,(Mon) 5 Apr 1976 (14),Port Vale FC (41),3-1,?,Wrexham AFC (40)
?,(Tue) 6 Apr 1976 (14),Walsall FC (42),0-1,?,Mansfield Town FC (41)
?,(Tue) 6 Apr 1976 (14),Gillingham FC (41),3-4,?,Hereford United FC (1924-2014) (40)
?,(Tue) 6 Apr 1976 (14),Rotherham United FC (41),1-1,?,Peterborough United FC (41)
?,(Tue) 6 Apr 1976 (14),Colchester United FC (40),1-2,?,Swindon Town FC (40)
?,(Tue) 6 Apr 1976 (14),Shrewsbury Town FC (40),3-1,?,Southend United FC (39)
?,(Wed) 7 Apr 1976 (14),Chester FC (39),2-1,?,FC Halifax Town (40)
?,(Wed) 7 Apr 1976 (14),Chesterfield FC (41),2-1,?,Brighton & Hove Albion FC (41)
?,(Wed) 7 Apr 1976 (14),Millwall FC (42),0-0,?,Bury FC (39)
?,(Wed) 7 Apr 1976 (14),Aldershot Town FC (41),0-3,?,Grimsby Town FC (41)
?,(Wed) 7 Apr 1976 (14),Cardiff City FC (41),1-0,?,Preston North End FC (40)
?,(Wed) 7 Apr 1976 (14),Sheffield Wednesday FC (39),1-0,?,Crystal Palace FC (40)
?,(Fri) 9 Apr 1976 (14),Southend United FC (40),2-2,?,Walsall FC (43)
?,(Sat) 10 Apr 1976 (14),Preston North End FC (41),4-0,?,Gillingham FC (42)
?,(Sat) 10 Apr 1976 (14),Crystal Palace FC (41),0-1,?,Cardiff City FC (42)
?,(Sat) 10 Apr 1976 (14),Peterborough United FC (42),0-1,?,Chesterfield FC (42)
?,(Sat) 10 Apr 1976 (14),Bury FC (40),4-0,?,Rotherham United FC (42)
?,(Sat) 10 Apr 1976 (14),Brighton & Hove Albion FC (42),3-0,?,Port Vale FC (42)
?,(Sat) 10 Apr 1976 (14),Hereford United FC (1924-2014) (41),0-0,?,Millwall FC (43)
?,(Sat) 10 Apr 1976 (14),Mansfield Town FC (42),1-0,?,Aldershot Town FC (42)
?,(Sat) 10 Apr 1976 (14),Swindon Town FC (41),3-0,?,Shrewsbury Town FC (41)
?,(Sat) 10 Apr 1976 (14),Wrexham AFC (41),3-0,?,Sheffield Wednesday FC (40)
?,(Sat) 10 Apr 1976 (14),Grimsby Town FC (42),2-0,?,Chester FC (40)
?,(Mon) 12 Apr 1976 (15),Bury FC (41),0-0,?,Colchester United FC (41)
?,(Tue) 13 Apr 1976 (15),Crystal Palace FC (42),1-1,?,FC Halifax Town (41)
?,(Tue) 13 Apr 1976 (15),Shrewsbury Town FC (42),0-0,?,Sheffield Wednesday FC (41)
?,(Tue) 13 Apr 1976 (15),Gillingham FC (43),1-2,?,Southend United FC (41)
?,(Wed) 14 Apr 1976 (15),Aldershot Town FC (43),0-1,?,Swindon Town FC (42)
?,(Wed) 14 Apr 1976 (15),Cardiff City FC (43),2-0,?,Hereford United FC (1924-2014) (42)
?,(Fri) 16 Apr 1976 (15),Millwall FC (44),3-1,?,Brighton & Hove Albion FC (43)
?,(Fri) 16 Apr 1976 (15),Chesterfield FC (43),4-3,?,Grimsby Town FC (43)
?,(Fri) 16 Apr 1976 (15),Colchester United FC (42),1-1,?,Peterborough United FC (43)
?,(Fri) 16 Apr 1976 (15),Chester FC (41),0-0,?,Bury FC (42)
?,(Sat) 17 Apr 1976 (15),Aldershot Town FC (44),1-1,?,Brighton & Hove Albion FC (44)
?,(Sat) 17 Apr 1976 (15),Millwall FC (45),2-0,?,Peterborough United FC (44)
?,(Sat) 17 Apr 1976 (15),Port Vale FC (43),1-1,?,FC Halifax Town (42)
?,(Sat) 17 Apr 1976 (15),Rotherham United FC (43),3-0,?,Grimsby Town FC (44)
?,(Sat) 17 Apr 1976 (15),Gillingham FC (44),1-2,?,Crystal Palace FC (43)
?,(Sat) 17 Apr 1976 (15),Cardiff City FC (44),0-0,?,Swindon Town FC (43)
?,(Sat) 17 Apr 1976 (15),Chester FC (42),1-3,?,Wrexham AFC (42)
?,(Sat) 17 Apr 1976 (15),Shrewsbury Town FC (43),1-0,?,Preston North End FC (42)
?,(Sat) 17 Apr 1976 (15),Chesterfield FC (44),1-2,?,Mansfield Town FC (43)
?,(Sat) 17 Apr 1976 (15),Colchester United FC (43),2-1,?,Southend United FC (42)
?,(Sat) 17 Apr 1976 (15),Sheffield Wednesday FC (42),1-0,?,Bury FC (43)
?,(Sat) 17 Apr 1976 (15),Walsall FC (44),0-0,?,Hereford United FC (1924-2014) (43)
?,(Mon) 19 Apr 1976 (16),Southend United FC (43),1-1,?,Chesterfield FC (45)
?,(Mon) 19 Apr 1976 (16),Bury FC (44),1-2,?,Port Vale FC (44)
?,(Mon) 19 Apr 1976 (16),Grimsby Town FC (45),0-1,?,Colchester United FC (44)
?,(Mon) 19 Apr 1976 (16),Preston North End FC (43),0-0,?,Chester FC (43)
?,(Mon) 19 Apr 1976 (16),FC Halifax Town (43),0-1,?,Rotherham United FC (44)
?,(Mon) 19 Apr 1976 (16),Brighton & Hove Albion FC (45),1-1,?,Gillingham FC (45)
?,(Mon) 19 Apr 1976 (16),Mansfield Town FC (44),3-0,?,Sheffield Wednesday FC (43)
?,(Mon) 19 Apr 1976 (16),Peterborough United FC (45),0-0,?,Cardiff City FC (45)
?,(Mon) 19 Apr 1976 (16),Wrexham AFC (43),0-3,?,Walsall FC (45)
?,(Mon) 19 Apr 1976 (16),Hereford United FC (1924-2014) (44),3-1,?,Shrewsbury Town FC (44)
?,(Tue) 20 Apr 1976 (16),Sheffield Wednesday FC (44),1-0,?,FC Halifax Town (44)
?,(Tue) 20 Apr 1976 (16),Swindon Town FC (44),0-2,?,Millwall FC (46)
?,(Tue) 20 Apr 1976 (16),Crystal Palace FC (44),0-0,?,Aldershot Town FC (45)
?,(Tue) 20 Apr 1976 (16),Port Vale FC (45),2-2,?,Mansfield Town FC (45)
?,(Tue) 20 Apr 1976 (16),Rotherham United FC (45),1-1,?,Preston North End FC (44)
?,(Wed) 21 Apr 1976 (16),Shrewsbury Town FC (45),1-2,?,Wrexham AFC (44)
?,(Fri) 23 Apr 1976 (16),Southend United FC (44),2-0,?,Chester FC (44)
?,(Sat) 24 Apr 1976 (16),Mansfield Town FC (46),0-0,?,Colchester United FC (45)
?,(Sat) 24 Apr 1976 (16),Preston North End FC (45),3-0,?,Port Vale FC (46)
?,(Sat) 24 Apr 1976 (16),FC Halifax Town (45),1-3,?,Aldershot Town FC (46)
?,(Sat) 24 Apr 1976 (16),Swindon Town FC (45),5-1,?,Walsall FC (46)
?,(Sat) 24 Apr 1976 (16),Peterborough United FC (46),3-2,?,Shrewsbury Town FC (46)
?,(Sat) 24 Apr 1976 (16),Grimsby Town FC (46),2-1,?,Gillingham FC (46)
?,(Sat) 24 Apr 1976 (16),Brighton & Hove Albion FC (46),1-1,?,Sheffield Wednesday FC (45)
?,(Sat) 24 Apr 1976 (16),Hereford United FC (1924-2014) (45),3-2,?,Rotherham United FC (46)
?,(Mon) 26 Apr 1976 (17),FC Halifax Town (46),1-1,?,Colchester United FC (46)
?,(Tue) 27 Apr 1976 (17),Wrexham AFC (45),2-2,?,Southend United FC (45)
?,(Tue) 27 Apr 1976 (17),Bury FC (45),1-0,?,Chester FC (45)
?,(Wed) 28 Apr 1976 (17),Crystal Palace FC (45),0-0,?,Chesterfield FC (46)
?,(Wed) 28 Apr 1976 (17),Hereford United FC (1924-2014) (46),3-1,?,Preston North End FC (46)
?,(Thu) 29 Apr 1976 (17),Sheffield Wednesday FC (46),2-1,?,Southend United FC (46)
?,(Thu) 29 Apr 1976 (17),Swindon Town FC (46),2-2,?,Wrexham AFC (46)
?,(Tue) 4 May 1976 (18),Bury FC (46),0-1,?,Cardiff City FC (46)
?,(Tue) 4 May 1976 (18),Chester FC (46),2-1,?,Crystal Palace FC (46)
