Round,Date,Team 1,FT,HT,Team 2
?,(Sat) 7 Aug 2010 (W31),Carlisle United FC (1),2-0,2-0,Brentford FC (1)
?,(Sat) 7 Aug 2010 (W31),Charlton Athletic FC (1),1-0,1-0,AFC Bournemouth (1)
?,(Sat) 7 Aug 2010 (W31),Exeter City FC (1),2-2,1-2,Colchester United FC (1)
?,(Sat) 7 Aug 2010 (W31),Notts County FC (1),0-3,0-2,Huddersfield Town AFC (1)
?,(Sat) 7 Aug 2010 (W31),Peterborough United FC (1),3-0,0-0,Bristol Rovers FC (1)
?,(Sat) 7 Aug 2010 (W31),Rochdale AFC (1),0-0,0-0,Hartlepool United FC (1)
?,(Sat) 7 Aug 2010 (W31),Sheffield Wednesday FC (1),2-0,2-0,Dagenham & Redbridge FC (1)
?,(Sat) 7 Aug 2010 (W31),Southampton FC (1),0-1,0-0,Plymouth Argyle FC (1)
?,(Sat) 7 Aug 2010 (W31),Swindon Town FC (1),1-2,0-1,Brighton & Hove Albion FC (1)
?,(Sat) 7 Aug 2010 (W31),Tranmere Rovers FC (1),1-2,0-1,Oldham Athletic AFC (1)
?,(Sat) 7 Aug 2010 (W31),Walsall FC (1),1-2,0-1,Milton Keynes Dons FC (1)
?,(Sat) 7 Aug 2010 (W31),Yeovil Town FC (1),2-1,2-1,Leyton Orient FC (1)
?,(Fri) 13 Aug 2010 (W32),Leyton Orient FC (2),1-3,0-1,Charlton Athletic FC (2)
?,(Sat) 14 Aug 2010 (W32),AFC Bournemouth (2),5-1,2-0,Peterborough United FC (2)
?,(Sat) 14 Aug 2010 (W32),Brentford FC (2),1-2,1-1,Walsall FC (2)
?,(Sat) 14 Aug 2010 (W32),Brighton & Hove Albion FC (2),2-2,0-0,Rochdale AFC (2)
?,(Sat) 14 Aug 2010 (W32),Bristol Rovers FC (2),2-1,1-0,Yeovil Town FC (2)
?,(Sat) 14 Aug 2010 (W32),Colchester United FC (2),1-1,0-0,Sheffield Wednesday FC (2)
?,(Sat) 14 Aug 2010 (W32),Hartlepool United FC (2),2-2,2-0,Swindon Town FC (2)
?,(Sat) 14 Aug 2010 (W32),Huddersfield Town AFC (2),0-0,0-0,Tranmere Rovers FC (2)
?,(Sat) 14 Aug 2010 (W32),Oldham Athletic AFC (2),3-0,1-0,Notts County FC (2)
?,(Sat) 14 Aug 2010 (W32),Plymouth Argyle FC (2),1-1,0-0,Carlisle United FC (2)
?,(Sat) 21 Aug 2010 (W33),Carlisle United FC (3),4-1,2-0,Milton Keynes Dons FC (2)
?,(Sat) 21 Aug 2010 (W33),Charlton Athletic FC (3),1-1,1-1,Oldham Athletic AFC (3)
?,(Sat) 21 Aug 2010 (W33),Exeter City FC (2),2-2,1-1,Bristol Rovers FC (3)
?,(Sat) 21 Aug 2010 (W33),Notts County FC (3),1-0,0-0,Dagenham & Redbridge FC (2)
?,(Sat) 21 Aug 2010 (W33),Peterborough United FC (3),4-2,1-2,Huddersfield Town AFC (3)
?,(Sat) 21 Aug 2010 (W33),Rochdale AFC (3),1-2,0-1,Colchester United FC (3)
?,(Sat) 21 Aug 2010 (W33),Sheffield Wednesday FC (3),1-0,1-0,Brighton & Hove Albion FC (3)
?,(Sat) 21 Aug 2010 (W33),Southampton FC (2),1-1,1-1,Leyton Orient FC (3)
?,(Sat) 21 Aug 2010 (W33),Swindon Town FC (3),1-1,1-1,Brentford FC (3)
?,(Sat) 21 Aug 2010 (W33),Tranmere Rovers FC (3),0-3,0-2,AFC Bournemouth (3)
?,(Sat) 21 Aug 2010 (W33),Walsall FC (3),2-1,0-1,Plymouth Argyle FC (3)
?,(Sat) 21 Aug 2010 (W33),Yeovil Town FC (3),0-2,0-1,Hartlepool United FC (3)
?,(Fri) 27 Aug 2010 (W34),Colchester United FC (4),1-1,1-0,Carlisle United FC (4)
?,(Sat) 28 Aug 2010 (W34),AFC Bournemouth (4),3-3,3-1,Notts County FC (4)
?,(Sat) 28 Aug 2010 (W34),Brentford FC (4),1-3,1-1,Rochdale AFC (4)
?,(Sat) 28 Aug 2010 (W34),Brighton & Hove Albion FC (4),2-1,0-0,Walsall FC (4)
?,(Sat) 28 Aug 2010 (W34),Bristol Rovers FC (4),0-4,0-2,Southampton FC (3)
?,(Sat) 28 Aug 2010 (W34),Dagenham & Redbridge FC (3),2-2,0-0,Tranmere Rovers FC (4)
?,(Sat) 28 Aug 2010 (W34),Hartlepool United FC (4),0-5,0-3,Sheffield Wednesday FC (4)
?,(Sat) 28 Aug 2010 (W34),Huddersfield Town AFC (4),3-1,2-0,Charlton Athletic FC (4)
?,(Sat) 28 Aug 2010 (W34),Leyton Orient FC (4),3-0,1-0,Exeter City FC (3)
?,(Sat) 28 Aug 2010 (W34),Milton Keynes Dons FC (3),2-1,0-1,Swindon Town FC (4)
?,(Sat) 28 Aug 2010 (W34),Oldham Athletic AFC (4),0-0,0-0,Yeovil Town FC (4)
?,(Sat) 28 Aug 2010 (W34),Plymouth Argyle FC (4),0-3,0-0,Peterborough United FC (4)
?,(Sat) 4 Sep 2010 (W35),Carlisle United FC (5),0-0,0-0,Swindon Town FC (5)
?,(Sat) 4 Sep 2010 (W35),Dagenham & Redbridge FC (4),2-0,1-0,Leyton Orient FC (5)
?,(Sat) 4 Sep 2010 (W35),Exeter City FC (4),1-0,0-0,Charlton Athletic FC (5)
?,(Sat) 4 Sep 2010 (W35),Huddersfield Town AFC (5),2-2,1-1,AFC Bournemouth (5)
?,(Sat) 4 Sep 2010 (W35),Milton Keynes Dons FC (4),1-0,0-0,Hartlepool United FC (5)
?,(Sat) 4 Sep 2010 (W35),Notts County FC (5),4-0,3-0,Yeovil Town FC (5)
?,(Sat) 4 Sep 2010 (W35),Oldham Athletic AFC (5),1-1,1-1,Bristol Rovers FC (5)
?,(Sat) 4 Sep 2010 (W35),Southampton FC (4),0-2,0-1,Rochdale AFC (5)
?,(Sat) 4 Sep 2010 (W35),Tranmere Rovers FC (5),1-0,1-0,Peterborough United FC (5)
?,(Sat) 4 Sep 2010 (W35),Walsall FC (5),0-1,0-0,Colchester United FC (5)
?,(Sun) 5 Sep 2010 (W35),Brentford FC (5),1-0,1-0,Sheffield Wednesday FC (5)
?,(Sat) 11 Sep 2010 (W36),AFC Bournemouth (6),3-0,2-0,Dagenham & Redbridge FC (5)
?,(Sat) 11 Sep 2010 (W36),Brighton & Hove Albion FC (5),2-0,0-0,Milton Keynes Dons FC (5)
?,(Sat) 11 Sep 2010 (W36),Bristol Rovers FC (6),0-0,0-0,Brentford FC (6)
?,(Sat) 11 Sep 2010 (W36),Charlton Athletic FC (6),1-0,0-0,Notts County FC (6)
?,(Sat) 11 Sep 2010 (W36),Colchester United FC (6),1-1,1-0,Plymouth Argyle FC (5)
?,(Sat) 11 Sep 2010 (W36),Hartlepool United FC (6),2-3,2-1,Exeter City FC (5)
?,(Sat) 11 Sep 2010 (W36),Leyton Orient FC (6),1-2,0-1,Huddersfield Town AFC (6)
?,(Sat) 11 Sep 2010 (W36),Peterborough United FC (6),5-2,1-2,Oldham Athletic AFC (6)
?,(Sat) 11 Sep 2010 (W36),Rochdale AFC (6),3-2,2-2,Walsall FC (6)
?,(Sat) 11 Sep 2010 (W36),Sheffield Wednesday FC (6),0-1,0-1,Carlisle United FC (6)
?,(Sat) 11 Sep 2010 (W36),Swindon Town FC (6),1-0,0-0,Southampton FC (5)
?,(Sat) 11 Sep 2010 (W36),Yeovil Town FC (6),3-1,3-0,Tranmere Rovers FC (6)
?,(Wed) 15 Sep 2010 (W37),Milton Keynes Dons FC (6),2-0,0-0,Southampton FC (6)
?,(Sat) 18 Sep 2010 (W37),Brentford FC (7),0-0,0-0,Hartlepool United FC (7)
?,(Sat) 18 Sep 2010 (W37),Carlisle United FC (7),0-0,0-0,Brighton & Hove Albion FC (6)
?,(Sat) 18 Sep 2010 (W37),Dagenham & Redbridge FC (6),0-3,0-2,Bristol Rovers FC (7)
?,(Sat) 18 Sep 2010 (W37),Exeter City FC (6),2-2,0-1,Peterborough United FC (7)
?,(Sat) 18 Sep 2010 (W37),Huddersfield Town AFC (7),4-2,0-2,Yeovil Town FC (7)
?,(Sat) 18 Sep 2010 (W37),Milton Keynes Dons FC (7),1-1,1-1,Rochdale AFC (7)
?,(Sat) 18 Sep 2010 (W37),Notts County FC (7),3-2,2-1,Leyton Orient FC (7)
?,(Sat) 18 Sep 2010 (W37),Oldham Athletic AFC (7),2-1,0-1,AFC Bournemouth (7)
?,(Sat) 18 Sep 2010 (W37),Plymouth Argyle FC (6),3-2,1-1,Sheffield Wednesday FC (7)
?,(Sat) 18 Sep 2010 (W37),Southampton FC (7),0-0,0-0,Colchester United FC (7)
?,(Sat) 18 Sep 2010 (W37),Tranmere Rovers FC (7),1-1,0-1,Charlton Athletic FC (7)
?,(Sat) 18 Sep 2010 (W37),Walsall FC (7),1-2,0-1,Swindon Town FC (7)
?,(Tue) 21 Sep 2010 (W38),Dagenham & Redbridge FC (7),1-1,0-1,Exeter City FC (7)
?,(Tue) 21 Sep 2010 (W38),Plymouth Argyle FC (7),0-2,0-2,Brighton & Hove Albion FC (7)
?,(Fri) 24 Sep 2010 (W38),Leyton Orient FC (8),1-0,1-0,Brentford FC (8)
?,(Sat) 25 Sep 2010 (W38),AFC Bournemouth (8),2-0,0-0,Carlisle United FC (8)
?,(Sat) 25 Sep 2010 (W38),Brighton & Hove Albion FC (8),2-1,1-1,Oldham Athletic AFC (8)
?,(Sat) 25 Sep 2010 (W38),Bristol Rovers FC (8),2-1,1-0,Notts County FC (8)
?,(Sat) 25 Sep 2010 (W38),Charlton Athletic FC (8),2-2,1-1,Dagenham & Redbridge FC (8)
?,(Sat) 25 Sep 2010 (W38),Colchester United FC (8),3-1,3-0,Tranmere Rovers FC (8)
?,(Sat) 25 Sep 2010 (W38),Hartlepool United FC (8),2-1,1-1,Walsall FC (8)
?,(Sat) 25 Sep 2010 (W38),Peterborough United FC (8),2-1,1-1,Milton Keynes Dons FC (8)
?,(Sat) 25 Sep 2010 (W38),Rochdale AFC (8),1-1,0-1,Plymouth Argyle FC (8)
?,(Sat) 25 Sep 2010 (W38),Sheffield Wednesday FC (8),0-1,0-0,Southampton FC (8)
?,(Sat) 25 Sep 2010 (W38),Swindon Town FC (8),1-0,0-0,Huddersfield Town AFC (8)
?,(Sat) 25 Sep 2010 (W38),Yeovil Town FC (8),1-3,0-1,Exeter City FC (8)
?,(Tue) 28 Sep 2010 (W39),AFC Bournemouth (9),3-0,2-0,Exeter City FC (9)
?,(Tue) 28 Sep 2010 (W39),Brighton & Hove Albion FC (9),1-0,0-0,Brentford FC (9)
?,(Tue) 28 Sep 2010 (W39),Bristol Rovers FC (9),0-1,0-1,Tranmere Rovers FC (9)
?,(Tue) 28 Sep 2010 (W39),Charlton Athletic FC (9),1-0,0-0,Milton Keynes Dons FC (9)
?,(Tue) 28 Sep 2010 (W39),Colchester United FC (9),2-2,1-1,Dagenham & Redbridge FC (9)
?,(Tue) 28 Sep 2010 (W39),Hartlepool United FC (9),0-4,0-3,Carlisle United FC (9)
?,(Tue) 28 Sep 2010 (W39),Leyton Orient FC (9),0-0,0-0,Walsall FC (9)
?,(Tue) 28 Sep 2010 (W39),Peterborough United FC (9),2-3,1-3,Notts County FC (9)
?,(Tue) 28 Sep 2010 (W39),Rochdale AFC (9),3-0,1-0,Huddersfield Town AFC (9)
?,(Tue) 28 Sep 2010 (W39),Sheffield Wednesday FC (9),0-0,0-0,Oldham Athletic AFC (9)
?,(Tue) 28 Sep 2010 (W39),Swindon Town FC (9),2-3,1-2,Plymouth Argyle FC (9)
?,(Tue) 28 Sep 2010 (W39),Yeovil Town FC (9),1-1,0-0,Southampton FC (9)
?,(Sat) 2 Oct 2010 (W39),Brentford FC (10),2-1,2-0,Charlton Athletic FC (10)
?,(Sat) 2 Oct 2010 (W39),Carlisle United FC (10),0-1,0-1,Peterborough United FC (10)
?,(Sat) 2 Oct 2010 (W39),Dagenham & Redbridge FC (10),2-1,0-1,Swindon Town FC (10)
?,(Sat) 2 Oct 2010 (W39),Exeter City FC (10),1-0,0-0,Rochdale AFC (10)
?,(Sat) 2 Oct 2010 (W39),Huddersfield Town AFC (10),0-1,0-0,Bristol Rovers FC (10)
?,(Sat) 2 Oct 2010 (W39),Milton Keynes Dons FC (10),1-1,0-1,Colchester United FC (10)
?,(Sat) 2 Oct 2010 (W39),Notts County FC (10),0-2,0-0,Sheffield Wednesday FC (10)
?,(Sat) 2 Oct 2010 (W39),Oldham Athletic AFC (10),1-1,1-0,Leyton Orient FC (10)
?,(Sat) 2 Oct 2010 (W39),Plymouth Argyle FC (10),0-1,0-0,Hartlepool United FC (10)
?,(Sat) 2 Oct 2010 (W39),Southampton FC (10),2-0,1-0,AFC Bournemouth (10)
?,(Sat) 2 Oct 2010 (W39),Tranmere Rovers FC (10),1-1,0-1,Brighton & Hove Albion FC (10)
?,(Sat) 2 Oct 2010 (W39),Walsall FC (10),0-1,0-0,Yeovil Town FC (10)
?,(Sat) 9 Oct 2010 (W40),Brentford FC (11),1-3,1-1,Oldham Athletic AFC (11)
?,(Sat) 9 Oct 2010 (W40),Brighton & Hove Albion FC (11),1-1,0-0,AFC Bournemouth (11)
?,(Sat) 9 Oct 2010 (W40),Carlisle United FC (11),1-0,0-0,Notts County FC (11)
?,(Sat) 9 Oct 2010 (W40),Colchester United FC (11),0-3,0-2,Huddersfield Town AFC (11)
?,(Sat) 9 Oct 2010 (W40),Hartlepool United FC (11),2-0,1-0,Peterborough United FC (11)
?,(Sat) 9 Oct 2010 (W40),Milton Keynes Dons FC (11),2-0,0-0,Dagenham & Redbridge FC (11)
?,(Sat) 9 Oct 2010 (W40),Plymouth Argyle FC (11),2-2,1-1,Charlton Athletic FC (11)
?,(Sat) 9 Oct 2010 (W40),Rochdale AFC (11),0-1,0-0,Yeovil Town FC (11)
?,(Sat) 9 Oct 2010 (W40),Sheffield Wednesday FC (11),1-0,0-0,Leyton Orient FC (11)
?,(Sat) 9 Oct 2010 (W40),Southampton FC (11),2-0,1-0,Tranmere Rovers FC (11)
?,(Sat) 9 Oct 2010 (W40),Walsall FC (11),2-1,2-0,Exeter City FC (11)
?,(Mon) 11 Oct 2010 (W41),Swindon Town FC (11),2-1,1-0,Bristol Rovers FC (11)
?,(Sat) 16 Oct 2010 (W41),AFC Bournemouth (12),3-2,0-1,Milton Keynes Dons FC (12)
?,(Sat) 16 Oct 2010 (W41),Bristol Rovers FC (12),2-1,1-0,Rochdale AFC (12)
?,(Sat) 16 Oct 2010 (W41),Charlton Athletic FC (12),0-4,0-1,Brighton & Hove Albion FC (12)
?,(Sat) 16 Oct 2010 (W41),Dagenham & Redbridge FC (12),1-1,1-0,Walsall FC (12)
?,(Sat) 16 Oct 2010 (W41),Exeter City FC (12),2-1,2-0,Carlisle United FC (12)
?,(Sat) 16 Oct 2010 (W41),Huddersfield Town AFC (12),2-0,2-0,Southampton FC (12)
?,(Sat) 16 Oct 2010 (W41),Leyton Orient FC (12),1-0,0-0,Hartlepool United FC (12)
?,(Sat) 16 Oct 2010 (W41),Notts County FC (12),2-0,1-0,Plymouth Argyle FC (12)
?,(Sat) 16 Oct 2010 (W41),Oldham Athletic AFC (12),0-0,0-0,Colchester United FC (12)
?,(Sat) 16 Oct 2010 (W41),Peterborough United FC (12),5-4,3-3,Swindon Town FC (12)
?,(Sat) 16 Oct 2010 (W41),Tranmere Rovers FC (12),0-3,0-1,Brentford FC (12)
?,(Sat) 16 Oct 2010 (W41),Yeovil Town FC (12),0-2,0-0,Sheffield Wednesday FC (12)
?,(Sat) 23 Oct 2010 (W42),Brentford FC (13),2-1,1-1,Peterborough United FC (13)
?,(Sat) 23 Oct 2010 (W42),Brighton & Hove Albion FC (13),2-0,1-0,Yeovil Town FC (13)
?,(Sat) 23 Oct 2010 (W42),Carlisle United FC (13),3-4,0-2,Charlton Athletic FC (13)
?,(Sat) 23 Oct 2010 (W42),Colchester United FC (13),2-1,0-1,Notts County FC (13)
?,(Sat) 23 Oct 2010 (W42),Hartlepool United FC (13),2-2,1-0,Bristol Rovers FC (13)
?,(Sat) 23 Oct 2010 (W42),Milton Keynes Dons FC (13),1-0,0-0,Exeter City FC (13)
?,(Sat) 23 Oct 2010 (W42),Plymouth Argyle FC (13),2-1,1-1,Huddersfield Town AFC (13)
?,(Sat) 23 Oct 2010 (W42),Rochdale AFC (13),3-2,2-0,Dagenham & Redbridge FC (13)
?,(Sat) 23 Oct 2010 (W42),Sheffield Wednesday FC (13),1-1,0-1,AFC Bournemouth (13)
?,(Sat) 23 Oct 2010 (W42),Southampton FC (13),2-1,1-1,Oldham Athletic AFC (13)
?,(Sat) 23 Oct 2010 (W42),Swindon Town FC (13),2-2,0-0,Leyton Orient FC (13)
?,(Sat) 23 Oct 2010 (W42),Walsall FC (13),1-4,0-1,Tranmere Rovers FC (13)
?,(Sat) 30 Oct 2010 (W43),AFC Bournemouth (14),1-2,0-1,Colchester United FC (14)
?,(Sat) 30 Oct 2010 (W43),Bristol Rovers FC (14),1-1,0-0,Carlisle United FC (14)
?,(Sat) 30 Oct 2010 (W43),Charlton Athletic FC (14),1-0,1-0,Sheffield Wednesday FC (14)
?,(Sat) 30 Oct 2010 (W43),Dagenham & Redbridge FC (14),1-1,0-0,Hartlepool United FC (14)
?,(Sat) 30 Oct 2010 (W43),Exeter City FC (14),2-4,1-1,Brentford FC (14)
?,(Sat) 30 Oct 2010 (W43),Huddersfield Town AFC (14),1-0,1-0,Walsall FC (14)
?,(Sat) 30 Oct 2010 (W43),Leyton Orient FC (14),2-1,0-1,Rochdale AFC (14)
?,(Sat) 30 Oct 2010 (W43),Notts County FC (14),1-3,1-0,Southampton FC (14)
?,(Sat) 30 Oct 2010 (W43),Oldham Athletic AFC (14),4-2,1-1,Plymouth Argyle FC (14)
?,(Sat) 30 Oct 2010 (W43),Peterborough United FC (14),0-3,0-2,Brighton & Hove Albion FC (14)
?,(Sat) 30 Oct 2010 (W43),Tranmere Rovers FC (14),4-2,3-1,Milton Keynes Dons FC (14)
?,(Sat) 30 Oct 2010 (W43),Yeovil Town FC (14),3-3,1-1,Swindon Town FC (14)
?,(Tue) 2 Nov 2010 (W44),Brentford FC (15),1-1,0-0,AFC Bournemouth (15)
?,(Tue) 2 Nov 2010 (W44),Brighton & Hove Albion FC (15),3-0,2-0,Exeter City FC (15)
?,(Tue) 2 Nov 2010 (W44),Carlisle United FC (15),2-0,1-0,Tranmere Rovers FC (15)
?,(Tue) 2 Nov 2010 (W44),Colchester United FC (15),3-2,2-2,Leyton Orient FC (15)
?,(Tue) 2 Nov 2010 (W44),Milton Keynes Dons FC (15),3-2,1-1,Yeovil Town FC (15)
?,(Tue) 2 Nov 2010 (W44),Plymouth Argyle FC (15),3-1,0-0,Bristol Rovers FC (15)
?,(Tue) 2 Nov 2010 (W44),Sheffield Wednesday FC (15),0-2,0-2,Huddersfield Town AFC (15)
?,(Tue) 2 Nov 2010 (W44),Southampton FC (15),4-0,2-0,Dagenham & Redbridge FC (15)
?,(Tue) 2 Nov 2010 (W44),Swindon Town FC (15),0-3,0-1,Charlton Athletic FC (15)
?,(Tue) 2 Nov 2010 (W44),Walsall FC (15),1-3,0-2,Peterborough United FC (15)
?,(Sat) 13 Nov 2010 (W45),AFC Bournemouth (16),3-0,1-0,Walsall FC (16)
?,(Sat) 13 Nov 2010 (W45),Brentford FC (16),0-2,0-0,Milton Keynes Dons FC (16)
?,(Sat) 13 Nov 2010 (W45),Bristol Rovers FC (16),0-3,0-2,Leyton Orient FC (16)
?,(Sat) 13 Nov 2010 (W45),Carlisle United FC (16),3-2,2-0,Southampton FC (16)
?,(Sat) 13 Nov 2010 (W45),Exeter City FC (16),3-1,2-1,Notts County FC (15)
?,(Sat) 13 Nov 2010 (W45),Hartlepool United FC (15),3-1,1-0,Brighton & Hove Albion FC (16)
?,(Sat) 13 Nov 2010 (W45),Oldham Athletic AFC (15),1-0,1-0,Huddersfield Town AFC (16)
?,(Sat) 13 Nov 2010 (W45),Peterborough United FC (16),1-5,0-4,Charlton Athletic FC (16)
?,(Sat) 13 Nov 2010 (W45),Sheffield Wednesday FC (16),2-0,0-0,Rochdale AFC (15)
?,(Sat) 13 Nov 2010 (W45),Swindon Town FC (16),2-1,1-1,Colchester United FC (16)
?,(Sat) 13 Nov 2010 (W45),Tranmere Rovers FC (16),1-0,0-0,Plymouth Argyle FC (16)
?,(Sat) 13 Nov 2010 (W45),Yeovil Town FC (16),1-3,1-1,Dagenham & Redbridge FC (16)
?,(Sat) 20 Nov 2010 (W46),Brighton & Hove Albion FC (17),2-2,0-1,Bristol Rovers FC (17)
?,(Sat) 20 Nov 2010 (W46),Charlton Athletic FC (17),3-2,2-1,Yeovil Town FC (17)
?,(Sat) 20 Nov 2010 (W46),Colchester United FC (17),3-2,0-1,Hartlepool United FC (16)
?,(Sat) 20 Nov 2010 (W46),Dagenham & Redbridge FC (17),0-1,0-0,Oldham Athletic AFC (16)
?,(Sat) 20 Nov 2010 (W46),Huddersfield Town AFC (17),0-1,0-1,Exeter City FC (17)
?,(Sat) 20 Nov 2010 (W46),Leyton Orient FC (17),2-2,0-1,AFC Bournemouth (17)
?,(Sat) 20 Nov 2010 (W46),Milton Keynes Dons FC (17),1-4,1-2,Sheffield Wednesday FC (17)
?,(Sat) 20 Nov 2010 (W46),Notts County FC (16),0-1,0-0,Tranmere Rovers FC (17)
?,(Sat) 20 Nov 2010 (W46),Plymouth Argyle FC (17),1-2,1-1,Brentford FC (17)
?,(Sat) 20 Nov 2010 (W46),Rochdale AFC (16),3-3,1-1,Swindon Town FC (17)
?,(Sat) 20 Nov 2010 (W46),Southampton FC (17),4-1,1-0,Peterborough United FC (17)
?,(Sat) 20 Nov 2010 (W46),Walsall FC (17),2-1,1-1,Carlisle United FC (17)
?,(Tue) 23 Nov 2010 (W47),AFC Bournemouth (18),2-0,2-0,Yeovil Town FC (18)
?,(Tue) 23 Nov 2010 (W47),Carlisle United FC (18),1-1,1-0,Rochdale AFC (17)
?,(Tue) 23 Nov 2010 (W47),Charlton Athletic FC (18),1-1,0-0,Bristol Rovers FC (18)
?,(Tue) 23 Nov 2010 (W47),Colchester United FC (18),0-2,0-1,Brentford FC (18)
?,(Tue) 23 Nov 2010 (W47),Huddersfield Town AFC (18),4-1,2-0,Milton Keynes Dons FC (18)
?,(Tue) 23 Nov 2010 (W47),Notts County FC (17),1-0,0-0,Swindon Town FC (18)
?,(Tue) 23 Nov 2010 (W47),Oldham Athletic AFC (17),3-3,3-0,Exeter City FC (18)
?,(Tue) 23 Nov 2010 (W47),Peterborough United FC (18),2-2,1-1,Leyton Orient FC (18)
?,(Tue) 23 Nov 2010 (W47),Plymouth Argyle FC (18),2-1,0-1,Dagenham & Redbridge FC (18)
?,(Tue) 23 Nov 2010 (W47),Sheffield Wednesday FC (18),3-0,1-0,Walsall FC (18)
?,(Tue) 23 Nov 2010 (W47),Southampton FC (18),0-0,0-0,Brighton & Hove Albion FC (18)
?,(Tue) 23 Nov 2010 (W47),Tranmere Rovers FC (18),0-1,0-0,Hartlepool United FC (17)
?,(Sat) 27 Nov 2010 (W47),Rochdale AFC (18),1-1,1-1,Oldham Athletic AFC (18)
?,(Sat) 4 Dec 2010 (W48),Swindon Town FC (19),2-1,1-1,Sheffield Wednesday FC (19)
?,(Fri) 10 Dec 2010 (W49),Peterborough United FC (19),2-1,1-0,Rochdale AFC (19)
?,(Sat) 11 Dec 2010 (W49),AFC Bournemouth (19),0-1,0-1,Hartlepool United FC (18)
?,(Sat) 11 Dec 2010 (W49),Carlisle United FC (19),0-2,0-0,Dagenham & Redbridge FC (19)
?,(Sat) 11 Dec 2010 (W49),Colchester United FC (19),0-0,0-0,Yeovil Town FC (19)
?,(Sat) 11 Dec 2010 (W49),Huddersfield Town AFC (19),2-1,0-0,Brighton & Hove Albion FC (19)
?,(Sat) 11 Dec 2010 (W49),Notts County FC (18),2-0,0-0,Milton Keynes Dons FC (19)
?,(Sat) 11 Dec 2010 (W49),Plymouth Argyle FC (19),2-0,1-0,Exeter City FC (19)
?,(Sat) 11 Dec 2010 (W49),Sheffield Wednesday FC (20),6-2,4-1,Bristol Rovers FC (19)
?,(Sat) 11 Dec 2010 (W49),Southampton FC (19),0-2,0-2,Brentford FC (19)
?,(Sat) 11 Dec 2010 (W49),Tranmere Rovers FC (19),1-2,0-2,Leyton Orient FC (19)
?,(Sun) 12 Dec 2010 (W49),Charlton Athletic FC (19),0-1,0-0,Walsall FC (19)
?,(Sat) 18 Dec 2010 (W50),Exeter City FC (20),5-1,1-1,Sheffield Wednesday FC (21)
?,(Sun) 26 Dec 2010 (W51),Huddersfield Town AFC (20),0-1,0-1,Hartlepool United FC (19)
?,(Tue) 28 Dec 2010 (W52),Milton Keynes Dons FC (20),2-0,1-0,AFC Bournemouth (20)
?,(Tue) 28 Dec 2010 (W52),Plymouth Argyle FC (20),1-1,1-1,Notts County FC (19)
?,(Tue) 28 Dec 2010 (W52),Southampton FC (20),4-1,2-1,Huddersfield Town AFC (21)
?,(Tue) 28 Dec 2010 (W52),Swindon Town FC (20),1-1,0-1,Peterborough United FC (20)
?,(Wed) 29 Dec 2010 (W52),Brighton & Hove Albion FC (20),1-1,1-1,Charlton Athletic FC (20)
?,(Sat) 1 Jan 2011 (W52),Brentford FC (20),2-1,1-1,Dagenham & Redbridge FC (20)
?,(Sat) 1 Jan 2011 (W52),Brighton & Hove Albion FC (21),5-0,2-0,Leyton Orient FC (20)
?,(Sat) 1 Jan 2011 (W52),Carlisle United FC (20),2-2,0-1,Huddersfield Town AFC (22)
?,(Sat) 1 Jan 2011 (W52),Colchester United FC (20),3-3,2-2,Charlton Athletic FC (21)
?,(Sat) 1 Jan 2011 (W52),Hartlepool United FC (20),4-2,2-1,Oldham Athletic AFC (19)
?,(Sat) 1 Jan 2011 (W52),Milton Keynes Dons FC (21),2-0,2-0,Bristol Rovers FC (20)
?,(Sat) 1 Jan 2011 (W52),Plymouth Argyle FC (21),0-0,0-0,Yeovil Town FC (20)
?,(Sat) 1 Jan 2011 (W52),Rochdale AFC (20),3-2,2-1,Tranmere Rovers FC (20)
?,(Sat) 1 Jan 2011 (W52),Southampton FC (21),4-0,1-0,Exeter City FC (21)
?,(Sat) 1 Jan 2011 (W52),Swindon Town FC (21),1-2,1-1,AFC Bournemouth (21)
?,(Sat) 1 Jan 2011 (W52),Walsall FC (20),0-3,0-2,Notts County FC (20)
?,(Mon) 3 Jan 2011 (W1),AFC Bournemouth (22),3-1,1-0,Brentford FC (21)
?,(Mon) 3 Jan 2011 (W1),Charlton Athletic FC (22),2-4,1-1,Swindon Town FC (22)
?,(Mon) 3 Jan 2011 (W1),Dagenham & Redbridge FC (21),1-3,0-0,Southampton FC (22)
?,(Mon) 3 Jan 2011 (W1),Exeter City FC (22),1-2,1-0,Brighton & Hove Albion FC (22)
?,(Mon) 3 Jan 2011 (W1),Huddersfield Town AFC (23),1-0,1-0,Sheffield Wednesday FC (22)
?,(Mon) 3 Jan 2011 (W1),Leyton Orient FC (21),4-2,1-0,Colchester United FC (21)
?,(Mon) 3 Jan 2011 (W1),Notts County FC (21),3-0,1-0,Hartlepool United FC (21)
?,(Mon) 3 Jan 2011 (W1),Oldham Athletic AFC (20),1-2,0-0,Rochdale AFC (21)
?,(Mon) 3 Jan 2011 (W1),Peterborough United FC (21),4-1,1-1,Walsall FC (21)
?,(Mon) 3 Jan 2011 (W1),Tranmere Rovers FC (21),2-1,1-0,Carlisle United FC (21)
?,(Mon) 3 Jan 2011 (W1),Yeovil Town FC (21),1-0,1-0,Milton Keynes Dons FC (22)
?,(Tue) 4 Jan 2011 (W1),Bristol Rovers FC (21),2-3,2-0,Plymouth Argyle FC (22)
?,(Sat) 8 Jan 2011 (W1),AFC Bournemouth (23),3-0,2-0,Plymouth Argyle FC (23)
?,(Sat) 8 Jan 2011 (W1),Dagenham & Redbridge FC (22),0-1,0-0,Rochdale AFC (22)
?,(Sat) 8 Jan 2011 (W1),Exeter City FC (23),1-1,1-0,Milton Keynes Dons FC (23)
?,(Sat) 8 Jan 2011 (W1),Oldham Athletic AFC (21),2-0,1-0,Swindon Town FC (23)
?,(Sat) 8 Jan 2011 (W1),Tranmere Rovers FC (22),3-3,2-1,Walsall FC (22)
?,(Sat) 8 Jan 2011 (W1),Yeovil Town FC (22),2-0,1-0,Brentford FC (22)
?,(Tue) 11 Jan 2011 (W2),Bristol Rovers FC (22),2-2,0-1,Walsall FC (23)
?,(Tue) 11 Jan 2011 (W2),Huddersfield Town AFC (24),3-2,3-2,Plymouth Argyle FC (24)
?,(Tue) 11 Jan 2011 (W2),Oldham Athletic AFC (22),0-6,0-2,Southampton FC (23)
?,(Tue) 11 Jan 2011 (W2),Peterborough United FC (22),2-1,1-0,Brentford FC (23)
?,(Fri) 14 Jan 2011 (W2),Brentford FC (24),1-1,0-1,Exeter City FC (24)
?,(Fri) 14 Jan 2011 (W2),Colchester United FC (22),2-1,0-0,AFC Bournemouth (24)
?,(Sat) 15 Jan 2011 (W2),Brighton & Hove Albion FC (23),3-1,2-0,Peterborough United FC (23)
?,(Sat) 15 Jan 2011 (W2),Carlisle United FC (22),4-0,1-0,Bristol Rovers FC (23)
?,(Sat) 15 Jan 2011 (W2),Hartlepool United FC (22),0-1,0-0,Dagenham & Redbridge FC (23)
?,(Sat) 15 Jan 2011 (W2),Milton Keynes Dons FC (24),2-0,0-0,Tranmere Rovers FC (23)
?,(Sat) 15 Jan 2011 (W2),Plymouth Argyle FC (25),0-2,0-0,Oldham Athletic AFC (23)
?,(Sat) 15 Jan 2011 (W2),Rochdale AFC (23),1-1,1-0,Leyton Orient FC (22)
?,(Sat) 15 Jan 2011 (W2),Sheffield Wednesday FC (23),2-2,0-2,Charlton Athletic FC (23)
?,(Sat) 15 Jan 2011 (W2),Southampton FC (24),0-0,0-0,Notts County FC (22)
?,(Sat) 15 Jan 2011 (W2),Swindon Town FC (24),0-1,0-0,Yeovil Town FC (23)
?,(Sat) 15 Jan 2011 (W2),Walsall FC (24),2-4,1-2,Huddersfield Town AFC (25)
?,(Tue) 18 Jan 2011 (W3),Bristol Rovers FC (24),0-0,0-0,Hartlepool United FC (23)
?,(Tue) 18 Jan 2011 (W3),Milton Keynes Dons FC (25),1-3,1-2,Plymouth Argyle FC (26)
?,(Tue) 18 Jan 2011 (W3),Rochdale AFC (24),0-0,0-0,AFC Bournemouth (25)
?,(Sat) 22 Jan 2011 (W3),AFC Bournemouth (26),1-0,0-0,Brighton & Hove Albion FC (24)
?,(Sat) 22 Jan 2011 (W3),Bristol Rovers FC (25),3-1,1-0,Swindon Town FC (25)
?,(Sat) 22 Jan 2011 (W3),Charlton Athletic FC (24),2-0,0-0,Plymouth Argyle FC (27)
?,(Sat) 22 Jan 2011 (W3),Dagenham & Redbridge FC (24),0-1,0-0,Milton Keynes Dons FC (26)
?,(Sat) 22 Jan 2011 (W3),Exeter City FC (25),2-1,1-0,Walsall FC (25)
?,(Sat) 22 Jan 2011 (W3),Huddersfield Town AFC (26),0-0,0-0,Colchester United FC (23)
?,(Sat) 22 Jan 2011 (W3),Leyton Orient FC (23),4-0,0-0,Sheffield Wednesday FC (24)
?,(Sat) 22 Jan 2011 (W3),Notts County FC (23),0-1,0-0,Carlisle United FC (23)
?,(Sat) 22 Jan 2011 (W3),Oldham Athletic AFC (24),2-1,1-0,Brentford FC (25)
?,(Sat) 22 Jan 2011 (W3),Peterborough United FC (24),4-0,0-0,Hartlepool United FC (24)
?,(Sat) 22 Jan 2011 (W3),Tranmere Rovers FC (24),2-0,1-0,Southampton FC (25)
?,(Sat) 22 Jan 2011 (W3),Yeovil Town FC (24),0-1,0-1,Rochdale AFC (25)
?,(Tue) 25 Jan 2011 (W4),Brighton & Hove Albion FC (25),2-0,1-0,Colchester United FC (24)
?,(Tue) 25 Jan 2011 (W4),Hartlepool United FC (25),1-1,1-0,Notts County FC (24)
?,(Tue) 25 Jan 2011 (W4),Leyton Orient FC (24),2-2,2-1,Milton Keynes Dons FC (27)
?,(Tue) 25 Jan 2011 (W4),Sheffield Wednesday FC (25),2-2,1-1,Yeovil Town FC (25)
?,(Tue) 25 Jan 2011 (W4),Swindon Town FC (26),0-0,0-0,Tranmere Rovers FC (25)
?,(Tue) 25 Jan 2011 (W4),Walsall FC (26),1-1,0-1,Oldham Athletic AFC (25)
?,(Fri) 28 Jan 2011 (W4),Colchester United FC (25),2-1,1-1,Peterborough United FC (25)
?,(Sat) 29 Jan 2011 (W4),Brentford FC (26),1-2,1-1,Yeovil Town FC (26)
?,(Sat) 29 Jan 2011 (W4),Carlisle United FC (24),2-2,0-2,Oldham Athletic AFC (26)
?,(Sat) 29 Jan 2011 (W4),Plymouth Argyle FC (28),1-2,0-1,AFC Bournemouth (27)
?,(Sat) 29 Jan 2011 (W4),Swindon Town FC (27),0-0,0-0,Exeter City FC (26)
?,(Sat) 29 Jan 2011 (W4),Walsall FC (27),6-1,3-0,Bristol Rovers FC (26)
?,(Tue) 1 Feb 2011 (W5),AFC Bournemouth (28),3-2,2-1,Swindon Town FC (28)
?,(Tue) 1 Feb 2011 (W5),Charlton Athletic FC (25),1-0,0-0,Colchester United FC (26)
?,(Tue) 1 Feb 2011 (W5),Dagenham & Redbridge FC (25),4-1,1-0,Brentford FC (27)
?,(Tue) 1 Feb 2011 (W5),Exeter City FC (27),1-2,1-0,Southampton FC (26)
?,(Tue) 1 Feb 2011 (W5),Huddersfield Town AFC (27),2-0,2-0,Carlisle United FC (25)
?,(Tue) 1 Feb 2011 (W5),Leyton Orient FC (25),0-0,0-0,Brighton & Hove Albion FC (26)
?,(Tue) 1 Feb 2011 (W5),Oldham Athletic AFC (27),4-0,1-0,Hartlepool United FC (26)
?,(Tue) 1 Feb 2011 (W5),Peterborough United FC (26),5-3,2-3,Sheffield Wednesday FC (26)
?,(Tue) 1 Feb 2011 (W5),Tranmere Rovers FC (26),1-1,1-0,Rochdale AFC (26)
?,(Tue) 1 Feb 2011 (W5),Yeovil Town FC (27),1-0,0-0,Plymouth Argyle FC (29)
?,(Wed) 2 Feb 2011 (W5),Bristol Rovers FC (27),1-2,0-1,Milton Keynes Dons FC (28)
?,(Wed) 2 Feb 2011 (W5),Notts County FC (25),1-1,0-0,Walsall FC (28)
?,(Sat) 5 Feb 2011 (W5),AFC Bournemouth (29),1-1,1-0,Leyton Orient FC (26)
?,(Sat) 5 Feb 2011 (W5),Brentford FC (28),2-0,1-0,Plymouth Argyle FC (30)
?,(Sat) 5 Feb 2011 (W5),Bristol Rovers FC (28),2-4,1-1,Brighton & Hove Albion FC (27)
?,(Sat) 5 Feb 2011 (W5),Carlisle United FC (26),1-3,0-1,Walsall FC (29)
?,(Sat) 5 Feb 2011 (W5),Exeter City FC (28),1-4,0-0,Huddersfield Town AFC (28)
?,(Sat) 5 Feb 2011 (W5),Hartlepool United FC (27),1-0,0-0,Colchester United FC (27)
?,(Sat) 5 Feb 2011 (W5),Oldham Athletic AFC (28),1-1,0-0,Dagenham & Redbridge FC (26)
?,(Sat) 5 Feb 2011 (W5),Peterborough United FC (27),4-4,2-2,Southampton FC (27)
?,(Sat) 5 Feb 2011 (W5),Sheffield Wednesday FC (27),2-2,0-2,Milton Keynes Dons FC (29)
?,(Sat) 5 Feb 2011 (W5),Swindon Town FC (29),1-1,0-0,Rochdale AFC (27)
?,(Sat) 5 Feb 2011 (W5),Yeovil Town FC (28),0-1,0-0,Charlton Athletic FC (26)
?,(Tue) 8 Feb 2011 (W6),Leyton Orient FC (27),3-0,3-0,Swindon Town FC (30)
?,(Tue) 8 Feb 2011 (W6),Rochdale AFC (28),3-1,0-0,Bristol Rovers FC (29)
?,(Sat) 12 Feb 2011 (W6),Brighton & Hove Albion FC (28),4-1,2-0,Hartlepool United FC (28)
?,(Sat) 12 Feb 2011 (W6),Charlton Athletic FC (27),3-2,0-1,Peterborough United FC (28)
?,(Sat) 12 Feb 2011 (W6),Colchester United FC (28),2-1,1-0,Swindon Town FC (31)
?,(Sat) 12 Feb 2011 (W6),Dagenham & Redbridge FC (27),2-1,1-1,Yeovil Town FC (29)
?,(Sat) 12 Feb 2011 (W6),Huddersfield Town AFC (29),0-0,0-0,Oldham Athletic AFC (29)
?,(Sat) 12 Feb 2011 (W6),Leyton Orient FC (28),4-1,2-0,Bristol Rovers FC (30)
?,(Sat) 12 Feb 2011 (W6),Milton Keynes Dons FC (30),1-1,0-0,Brentford FC (29)
?,(Sat) 12 Feb 2011 (W6),Notts County FC (26),0-2,0-0,Exeter City FC (29)
?,(Sat) 12 Feb 2011 (W6),Plymouth Argyle FC (31),1-3,0-1,Tranmere Rovers FC (27)
?,(Sat) 12 Feb 2011 (W6),Rochdale AFC (29),2-1,2-0,Sheffield Wednesday FC (28)
?,(Sat) 12 Feb 2011 (W6),Southampton FC (28),1-0,1-0,Carlisle United FC (27)
?,(Sat) 12 Feb 2011 (W6),Walsall FC (30),0-1,0-0,AFC Bournemouth (30)
?,(Tue) 15 Feb 2011 (W7),Hartlepool United FC (29),2-1,1-0,Charlton Athletic FC (28)
?,(Tue) 15 Feb 2011 (W7),Milton Keynes Dons FC (31),2-3,2-2,Leyton Orient FC (29)
?,(Tue) 15 Feb 2011 (W7),Notts County FC (27),2-0,2-0,Colchester United FC (29)
?,(Tue) 15 Feb 2011 (W7),Oldham Athletic AFC (30),0-1,0-0,Carlisle United FC (28)
?,(Tue) 15 Feb 2011 (W7),Tranmere Rovers FC (28),3-0,0-0,Sheffield Wednesday FC (29)
?,(Tue) 15 Feb 2011 (W7),Walsall FC (31),1-0,0-0,Dagenham & Redbridge FC (28)
?,(Tue) 15 Feb 2011 (W7),Yeovil Town FC (30),0-2,0-0,Peterborough United FC (29)
?,(Sat) 19 Feb 2011 (W7),AFC Bournemouth (31),1-1,0-0,Huddersfield Town AFC (30)
?,(Sat) 19 Feb 2011 (W7),Bristol Rovers FC (31),1-0,0-0,Oldham Athletic AFC (31)
?,(Sat) 19 Feb 2011 (W7),Charlton Athletic FC (29),1-3,0-0,Exeter City FC (30)
?,(Sat) 19 Feb 2011 (W7),Colchester United FC (30),2-0,1-0,Walsall FC (32)
?,(Sat) 19 Feb 2011 (W7),Hartlepool United FC (30),0-1,0-1,Milton Keynes Dons FC (32)
?,(Sat) 19 Feb 2011 (W7),Peterborough United FC (30),2-1,0-1,Tranmere Rovers FC (29)
?,(Sat) 19 Feb 2011 (W7),Swindon Town FC (32),0-1,0-1,Carlisle United FC (29)
?,(Tue) 22 Feb 2011 (W8),AFC Bournemouth (32),0-0,0-0,Sheffield Wednesday FC (30)
?,(Tue) 22 Feb 2011 (W8),Brentford FC (30),2-1,1-0,Tranmere Rovers FC (30)
?,(Tue) 22 Feb 2011 (W8),Brighton & Hove Albion FC (29),4-0,2-0,Plymouth Argyle FC (32)
?,(Tue) 22 Feb 2011 (W8),Carlisle United FC (30),2-2,2-2,Exeter City FC (31)
?,(Tue) 22 Feb 2011 (W8),Dagenham & Redbridge FC (29),1-1,0-1,Huddersfield Town AFC (31)
?,(Tue) 22 Feb 2011 (W8),Hartlepool United FC (31),0-0,0-0,Southampton FC (29)
?,(Tue) 22 Feb 2011 (W8),Milton Keynes Dons FC (33),0-0,0-0,Oldham Athletic AFC (32)
?,(Tue) 22 Feb 2011 (W8),Peterborough United FC (31),1-1,1-1,Colchester United FC (31)
?,(Fri) 25 Feb 2011 (W8),Notts County FC (28),1-0,0-0,Charlton Athletic FC (30)
?,(Sat) 26 Feb 2011 (W8),Brentford FC (31),1-0,1-0,Bristol Rovers FC (32)
?,(Sat) 26 Feb 2011 (W8),Carlisle United FC (31),0-1,0-1,Sheffield Wednesday FC (31)
?,(Sat) 26 Feb 2011 (W8),Dagenham & Redbridge FC (30),1-2,0-0,AFC Bournemouth (33)
?,(Sat) 26 Feb 2011 (W8),Exeter City FC (32),1-2,0-2,Hartlepool United FC (32)
?,(Sat) 26 Feb 2011 (W8),Huddersfield Town AFC (32),2-2,1-0,Leyton Orient FC (30)
?,(Sat) 26 Feb 2011 (W8),Milton Keynes Dons FC (34),1-0,1-0,Brighton & Hove Albion FC (30)
?,(Sat) 26 Feb 2011 (W8),Oldham Athletic AFC (33),0-5,0-0,Peterborough United FC (32)
?,(Sat) 26 Feb 2011 (W8),Plymouth Argyle FC (33),2-1,1-1,Colchester United FC (32)
?,(Sat) 26 Feb 2011 (W8),Southampton FC (30),4-1,1-0,Swindon Town FC (33)
?,(Sat) 26 Feb 2011 (W8),Tranmere Rovers FC (31),0-1,0-0,Yeovil Town FC (31)
?,(Sat) 26 Feb 2011 (W8),Walsall FC (33),0-0,0-0,Rochdale AFC (30)
?,(Tue) 1 Mar 2011 (W9),Brentford FC (32),1-1,0-1,Notts County FC (29)
?,(Tue) 1 Mar 2011 (W9),Bristol Rovers FC (33),0-1,0-1,Colchester United FC (33)
?,(Tue) 1 Mar 2011 (W9),Charlton Athletic FC (31),1-3,1-1,Carlisle United FC (32)
?,(Tue) 1 Mar 2011 (W9),Exeter City FC (33),1-1,0-1,Tranmere Rovers FC (32)
?,(Tue) 1 Mar 2011 (W9),Hartlepool United FC (33),0-1,0-1,Huddersfield Town AFC (33)
?,(Tue) 1 Mar 2011 (W9),Walsall FC (34),1-0,0-0,Southampton FC (31)
?,(Tue) 1 Mar 2011 (W9),Yeovil Town FC (32),0-1,0-1,Brighton & Hove Albion FC (31)
?,(Sat) 5 Mar 2011 (W9),AFC Bournemouth (34),3-0,1-0,Oldham Athletic AFC (34)
?,(Sat) 5 Mar 2011 (W9),Brighton & Hove Albion FC (32),4-3,1-1,Carlisle United FC (33)
?,(Sat) 5 Mar 2011 (W9),Bristol Rovers FC (34),0-2,0-1,Dagenham & Redbridge FC (31)
?,(Sat) 5 Mar 2011 (W9),Charlton Athletic FC (32),1-1,0-1,Tranmere Rovers FC (33)
?,(Sat) 5 Mar 2011 (W9),Colchester United FC (34),0-2,0-1,Southampton FC (32)
?,(Sat) 5 Mar 2011 (W9),Hartlepool United FC (34),3-0,1-0,Brentford FC (33)
?,(Sat) 5 Mar 2011 (W9),Leyton Orient FC (31),2-0,1-0,Notts County FC (30)
?,(Sat) 5 Mar 2011 (W9),Peterborough United FC (33),3-0,1-0,Exeter City FC (34)
?,(Sat) 5 Mar 2011 (W9),Rochdale AFC (31),1-4,0-3,Milton Keynes Dons FC (35)
?,(Sat) 5 Mar 2011 (W9),Sheffield Wednesday FC (32),2-4,0-2,Plymouth Argyle FC (34)
?,(Sat) 5 Mar 2011 (W9),Swindon Town FC (34),0-0,0-0,Walsall FC (35)
?,(Sat) 5 Mar 2011 (W9),Yeovil Town FC (33),1-1,1-0,Huddersfield Town AFC (34)
?,(Tue) 8 Mar 2011 (W10),Brentford FC (34),0-1,0-0,Brighton & Hove Albion FC (33)
?,(Tue) 8 Mar 2011 (W10),Carlisle United FC (34),1-0,0-0,Hartlepool United FC (35)
?,(Tue) 8 Mar 2011 (W10),Dagenham & Redbridge FC (32),1-0,1-0,Colchester United FC (35)
?,(Tue) 8 Mar 2011 (W10),Exeter City FC (35),2-0,1-0,AFC Bournemouth (35)
?,(Tue) 8 Mar 2011 (W10),Huddersfield Town AFC (35),2-1,2-0,Rochdale AFC (32)
?,(Tue) 8 Mar 2011 (W10),Milton Keynes Dons FC (36),2-0,0-0,Charlton Athletic FC (33)
?,(Tue) 8 Mar 2011 (W10),Notts County FC (31),0-1,0-0,Peterborough United FC (34)
?,(Tue) 8 Mar 2011 (W10),Oldham Athletic AFC (35),2-3,2-2,Sheffield Wednesday FC (33)
?,(Tue) 8 Mar 2011 (W10),Plymouth Argyle FC (35),1-0,1-0,Swindon Town FC (35)
?,(Tue) 8 Mar 2011 (W10),Southampton FC (33),3-0,1-0,Yeovil Town FC (34)
?,(Tue) 8 Mar 2011 (W10),Tranmere Rovers FC (34),0-1,0-1,Bristol Rovers FC (35)
?,(Tue) 8 Mar 2011 (W10),Walsall FC (36),0-2,0-1,Leyton Orient FC (32)
?,(Sat) 12 Mar 2011 (W10),AFC Bournemouth (36),1-3,1-1,Southampton FC (34)
?,(Sat) 12 Mar 2011 (W10),Brighton & Hove Albion FC (34),2-0,0-0,Tranmere Rovers FC (35)
?,(Sat) 12 Mar 2011 (W10),Bristol Rovers FC (36),0-1,0-1,Huddersfield Town AFC (36)
?,(Sat) 12 Mar 2011 (W10),Charlton Athletic FC (34),0-1,0-0,Brentford FC (35)
?,(Sat) 12 Mar 2011 (W10),Colchester United FC (36),1-3,1-0,Milton Keynes Dons FC (37)
?,(Sat) 12 Mar 2011 (W10),Hartlepool United FC (36),2-0,1-0,Plymouth Argyle FC (36)
?,(Sat) 12 Mar 2011 (W10),Leyton Orient FC (33),1-0,0-0,Oldham Athletic AFC (36)
?,(Sat) 12 Mar 2011 (W10),Peterborough United FC (35),6-0,3-0,Carlisle United FC (35)
?,(Sat) 12 Mar 2011 (W10),Rochdale AFC (33),0-1,0-1,Exeter City FC (36)
?,(Sat) 12 Mar 2011 (W10),Sheffield Wednesday FC (34),0-1,0-1,Notts County FC (32)
?,(Sat) 12 Mar 2011 (W10),Swindon Town FC (36),1-1,1-0,Dagenham & Redbridge FC (33)
?,(Sat) 12 Mar 2011 (W10),Yeovil Town FC (35),1-1,1-1,Walsall FC (37)
?,(Tue) 15 Mar 2011 (W11),Brentford FC (36),0-1,0-0,Huddersfield Town AFC (37)
?,(Tue) 15 Mar 2011 (W11),Carlisle United FC (36),1-1,1-0,Plymouth Argyle FC (37)
?,(Tue) 15 Mar 2011 (W11),Hartlepool United FC (37),0-1,0-1,Leyton Orient FC (34)
?,(Tue) 15 Mar 2011 (W11),Rochdale AFC (34),1-0,0-0,Notts County FC (33)
?,(Tue) 15 Mar 2011 (W11),Sheffield Wednesday FC (35),1-4,0-3,Peterborough United FC (36)
?,(Sat) 19 Mar 2011 (W11),Brentford FC (37),2-1,2-0,Leyton Orient FC (35)
?,(Sat) 19 Mar 2011 (W11),Carlisle United FC (37),1-0,1-0,AFC Bournemouth (37)
?,(Sat) 19 Mar 2011 (W11),Dagenham & Redbridge FC (34),2-1,1-0,Charlton Athletic FC (35)
?,(Sat) 19 Mar 2011 (W11),Exeter City FC (37),2-3,2-1,Yeovil Town FC (36)
?,(Sat) 19 Mar 2011 (W11),Huddersfield Town AFC (38),0-0,0-0,Swindon Town FC (37)
?,(Sat) 19 Mar 2011 (W11),Notts County FC (34),0-1,0-0,Bristol Rovers FC (37)
?,(Sat) 19 Mar 2011 (W11),Oldham Athletic AFC (37),0-1,0-0,Brighton & Hove Albion FC (35)
?,(Sat) 19 Mar 2011 (W11),Plymouth Argyle FC (38),0-1,0-0,Rochdale AFC (35)
?,(Sat) 19 Mar 2011 (W11),Southampton FC (35),2-0,0-0,Sheffield Wednesday FC (36)
?,(Sat) 19 Mar 2011 (W11),Tranmere Rovers FC (36),1-0,0-0,Colchester United FC (37)
?,(Sat) 19 Mar 2011 (W11),Walsall FC (38),5-2,0-1,Hartlepool United FC (38)
?,(Mon) 21 Mar 2011 (W12),Milton Keynes Dons FC (38),1-0,0-0,Peterborough United FC (37)
?,(Tue) 22 Mar 2011 (W12),Brighton & Hove Albion FC (36),1-0,0-0,Notts County FC (35)
?,(Tue) 22 Mar 2011 (W12),Charlton Athletic FC (36),1-1,0-0,Southampton FC (36)
?,(Tue) 22 Mar 2011 (W12),Colchester United FC (38),1-0,0-0,Oldham Athletic AFC (38)
?,(Tue) 22 Mar 2011 (W12),Leyton Orient FC (36),1-1,0-1,Dagenham & Redbridge FC (35)
?,(Fri) 25 Mar 2011 (W12),Brentford FC (38),2-1,0-0,Carlisle United FC (38)
?,(Fri) 25 Mar 2011 (W12),Bristol Rovers FC (38),2-2,1-1,Peterborough United FC (38)
?,(Fri) 25 Mar 2011 (W12),Hartlepool United FC (39),0-2,0-1,Rochdale AFC (36)
?,(Fri) 25 Mar 2011 (W12),Milton Keynes Dons FC (39),1-1,0-1,Walsall FC (39)
?,(Sat) 26 Mar 2011 (W12),AFC Bournemouth (38),2-2,1-1,Charlton Athletic FC (37)
?,(Sat) 26 Mar 2011 (W12),Brighton & Hove Albion FC (37),2-1,1-1,Swindon Town FC (38)
?,(Sat) 26 Mar 2011 (W12),Colchester United FC (39),5-1,1-1,Exeter City FC (38)
?,(Sat) 26 Mar 2011 (W12),Dagenham & Redbridge FC (36),1-1,0-1,Sheffield Wednesday FC (37)
?,(Sat) 26 Mar 2011 (W12),Leyton Orient FC (37),1-5,0-3,Yeovil Town FC (37)
?,(Sun) 27 Mar 2011 (W12),Huddersfield Town AFC (39),3-0,1-0,Notts County FC (36)
?,(Mon) 28 Mar 2011 (W13),Oldham Athletic AFC (39),0-0,0-0,Tranmere Rovers FC (37)
?,(Tue) 29 Mar 2011 (W13),Dagenham & Redbridge FC (37),0-1,0-0,Brighton & Hove Albion FC (38)
?,(Tue) 29 Mar 2011 (W13),Exeter City FC (39),1-0,0-0,Swindon Town FC (39)
?,(Tue) 29 Mar 2011 (W13),Rochdale AFC (37),2-0,1-0,Charlton Athletic FC (38)
?,(Tue) 29 Mar 2011 (W13),Sheffield Wednesday FC (38),1-3,1-2,Brentford FC (39)
?,(Tue) 29 Mar 2011 (W13),Yeovil Town FC (38),1-0,0-0,Carlisle United FC (39)
?,(Fri) 1 Apr 2011 (W13),Peterborough United FC (39),3-3,3-1,AFC Bournemouth (39)
?,(Sat) 2 Apr 2011 (W13),Charlton Athletic FC (39),3-1,0-1,Leyton Orient FC (38)
?,(Sat) 2 Apr 2011 (W13),Exeter City FC (40),2-1,0-0,Dagenham & Redbridge FC (38)
?,(Sat) 2 Apr 2011 (W13),Notts County FC (37),0-2,0-0,Oldham Athletic AFC (40)
?,(Sat) 2 Apr 2011 (W13),Rochdale AFC (38),2-2,1-1,Brighton & Hove Albion FC (39)
?,(Sat) 2 Apr 2011 (W13),Sheffield Wednesday FC (39),2-1,1-0,Colchester United FC (40)
?,(Sat) 2 Apr 2011 (W13),Southampton FC (37),3-2,0-1,Milton Keynes Dons FC (40)
?,(Sat) 2 Apr 2011 (W13),Swindon Town FC (40),1-1,0-1,Hartlepool United FC (40)
?,(Sat) 2 Apr 2011 (W13),Tranmere Rovers FC (38),0-2,0-1,Huddersfield Town AFC (40)
?,(Sat) 2 Apr 2011 (W13),Yeovil Town FC (39),0-1,0-0,Bristol Rovers FC (39)
?,(Tue) 5 Apr 2011 (W14),Bristol Rovers FC (40),1-0,1-0,AFC Bournemouth (40)
?,(Tue) 5 Apr 2011 (W14),Dagenham & Redbridge FC (39),0-2,0-2,Peterborough United FC (40)
?,(Tue) 5 Apr 2011 (W14),Leyton Orient FC (39),2-0,2-0,Plymouth Argyle FC (39)
?,(Tue) 5 Apr 2011 (W14),Notts County FC (38),1-2,0-2,Rochdale AFC (39)
?,(Tue) 5 Apr 2011 (W14),Sheffield Wednesday FC (40),4-0,3-0,Tranmere Rovers FC (39)
?,(Tue) 5 Apr 2011 (W14),Southampton FC (38),2-0,1-0,Charlton Athletic FC (40)
?,(Sat) 9 Apr 2011 (W14),AFC Bournemouth (41),1-2,0-1,Tranmere Rovers FC (40)
?,(Sat) 9 Apr 2011 (W14),Brentford FC (40),0-1,0-0,Swindon Town FC (41)
?,(Sat) 9 Apr 2011 (W14),Brighton & Hove Albion FC (40),2-0,1-0,Sheffield Wednesday FC (41)
?,(Sat) 9 Apr 2011 (W14),Bristol Rovers FC (41),0-2,0-0,Exeter City FC (41)
?,(Sat) 9 Apr 2011 (W14),Colchester United FC (41),1-0,0-0,Rochdale AFC (40)
?,(Sat) 9 Apr 2011 (W14),Dagenham & Redbridge FC (40),3-1,3-0,Notts County FC (39)
?,(Sat) 9 Apr 2011 (W14),Hartlepool United FC (41),3-1,1-1,Yeovil Town FC (40)
?,(Sat) 9 Apr 2011 (W14),Huddersfield Town AFC (41),1-1,0-1,Peterborough United FC (41)
?,(Sat) 9 Apr 2011 (W14),Leyton Orient FC (40),0-2,0-1,Southampton FC (39)
?,(Sat) 9 Apr 2011 (W14),Milton Keynes Dons FC (41),3-2,1-1,Carlisle United FC (40)
?,(Sat) 9 Apr 2011 (W14),Oldham Athletic AFC (41),0-0,0-0,Charlton Athletic FC (41)
?,(Sat) 9 Apr 2011 (W14),Plymouth Argyle FC (40),2-0,0-0,Walsall FC (40)
?,(Tue) 12 Apr 2011 (W15),Brighton & Hove Albion FC (41),4-3,2-1,Dagenham & Redbridge FC (41)
?,(Tue) 12 Apr 2011 (W15),Leyton Orient FC (41),0-0,0-0,Carlisle United FC (41)
?,(Tue) 12 Apr 2011 (W15),Rochdale AFC (41),2-0,2-0,Southampton FC (40)
?,(Tue) 12 Apr 2011 (W15),Walsall FC (41),3-2,1-1,Brentford FC (41)
?,(Tue) 12 Apr 2011 (W15),Yeovil Town FC (41),2-1,1-0,Notts County FC (40)
?,(Sat) 16 Apr 2011 (W15),Carlisle United FC (42),4-1,3-0,Colchester United FC (42)
?,(Sat) 16 Apr 2011 (W15),Charlton Athletic FC (42),0-1,0-0,Huddersfield Town AFC (42)
?,(Sat) 16 Apr 2011 (W15),Exeter City FC (42),2-1,1-1,Leyton Orient FC (42)
?,(Sat) 16 Apr 2011 (W15),Notts County FC (41),0-2,0-0,AFC Bournemouth (42)
?,(Sat) 16 Apr 2011 (W15),Peterborough United FC (42),2-1,0-1,Plymouth Argyle FC (41)
?,(Sat) 16 Apr 2011 (W15),Rochdale AFC (42),0-1,0-0,Brentford FC (42)
?,(Sat) 16 Apr 2011 (W15),Sheffield Wednesday FC (42),2-0,1-0,Hartlepool United FC (42)
?,(Sat) 16 Apr 2011 (W15),Southampton FC (41),1-0,0-0,Bristol Rovers FC (42)
?,(Sat) 16 Apr 2011 (W15),Swindon Town FC (42),0-1,0-1,Milton Keynes Dons FC (42)
?,(Sat) 16 Apr 2011 (W15),Tranmere Rovers FC (41),2-0,2-0,Dagenham & Redbridge FC (42)
?,(Sat) 16 Apr 2011 (W15),Walsall FC (42),1-3,1-1,Brighton & Hove Albion FC (42)
?,(Sat) 16 Apr 2011 (W15),Yeovil Town FC (42),1-1,0-1,Oldham Athletic AFC (42)
?,(Tue) 19 Apr 2011 (W16),Tranmere Rovers FC (42),0-1,0-1,Notts County FC (42)
?,(Fri) 22 Apr 2011 (W16),Brentford FC (43),1-1,0-1,Colchester United FC (43)
?,(Fri) 22 Apr 2011 (W16),Dagenham & Redbridge FC (43),0-1,0-0,Plymouth Argyle FC (42)
?,(Fri) 22 Apr 2011 (W16),Exeter City FC (43),2-0,2-0,Oldham Athletic AFC (43)
?,(Fri) 22 Apr 2011 (W16),Hartlepool United FC (43),1-1,1-0,Tranmere Rovers FC (43)
?,(Fri) 22 Apr 2011 (W16),Leyton Orient FC (43),2-1,0-0,Peterborough United FC (43)
?,(Fri) 22 Apr 2011 (W16),Milton Keynes Dons FC (43),1-3,0-2,Huddersfield Town AFC (43)
?,(Sat) 23 Apr 2011 (W16),Brighton & Hove Albion FC (43),1-2,1-0,Southampton FC (42)
?,(Sat) 23 Apr 2011 (W16),Bristol Rovers FC (43),2-2,0-1,Charlton Athletic FC (43)
?,(Sat) 23 Apr 2011 (W16),Rochdale AFC (43),2-3,1-1,Carlisle United FC (43)
?,(Sat) 23 Apr 2011 (W16),Swindon Town FC (43),1-2,1-0,Notts County FC (43)
?,(Sat) 23 Apr 2011 (W16),Walsall FC (43),1-1,1-1,Sheffield Wednesday FC (43)
?,(Sat) 23 Apr 2011 (W16),Yeovil Town FC (43),2-2,0-0,AFC Bournemouth (43)
?,(Mon) 25 Apr 2011 (W17),AFC Bournemouth (44),2-1,0-1,Bristol Rovers FC (44)
?,(Mon) 25 Apr 2011 (W17),Carlisle United FC (44),0-1,0-1,Leyton Orient FC (44)
?,(Mon) 25 Apr 2011 (W17),Charlton Athletic FC (44),3-1,1-0,Rochdale AFC (44)
?,(Mon) 25 Apr 2011 (W17),Colchester United FC (44),1-1,1-0,Brighton & Hove Albion FC (44)
?,(Mon) 25 Apr 2011 (W17),Huddersfield Town AFC (44),2-1,2-1,Dagenham & Redbridge FC (44)
?,(Mon) 25 Apr 2011 (W17),Notts County FC (44),1-1,0-0,Brentford FC (44)
?,(Mon) 25 Apr 2011 (W17),Oldham Athletic AFC (44),1-1,0-0,Walsall FC (44)
?,(Mon) 25 Apr 2011 (W17),Peterborough United FC (44),2-2,0-1,Yeovil Town FC (44)
?,(Mon) 25 Apr 2011 (W17),Plymouth Argyle FC (43),1-0,1-0,Milton Keynes Dons FC (44)
?,(Mon) 25 Apr 2011 (W17),Sheffield Wednesday FC (44),3-1,2-1,Swindon Town FC (44)
?,(Mon) 25 Apr 2011 (W17),Southampton FC (43),2-0,0-0,Hartlepool United FC (44)
?,(Mon) 25 Apr 2011 (W17),Tranmere Rovers FC (44),4-0,1-0,Exeter City FC (44)
?,(Sat) 30 Apr 2011 (W17),Brentford FC (45),0-3,0-2,Southampton FC (44)
?,(Sat) 30 Apr 2011 (W17),Brighton & Hove Albion FC (45),2-3,0-1,Huddersfield Town AFC (45)
?,(Sat) 30 Apr 2011 (W17),Bristol Rovers FC (45),1-1,1-1,Sheffield Wednesday FC (45)
?,(Sat) 30 Apr 2011 (W17),Dagenham & Redbridge FC (45),3-0,2-0,Carlisle United FC (45)
?,(Sat) 30 Apr 2011 (W17),Exeter City FC (45),1-0,0-0,Plymouth Argyle FC (44)
?,(Sat) 30 Apr 2011 (W17),Hartlepool United FC (45),2-2,0-2,AFC Bournemouth (45)
?,(Sat) 30 Apr 2011 (W17),Leyton Orient FC (45),0-3,0-2,Tranmere Rovers FC (45)
?,(Sat) 30 Apr 2011 (W17),Milton Keynes Dons FC (45),2-1,0-0,Notts County FC (45)
?,(Sat) 30 Apr 2011 (W17),Rochdale AFC (45),2-2,1-1,Peterborough United FC (45)
?,(Sat) 30 Apr 2011 (W17),Swindon Town FC (45),0-2,0-1,Oldham Athletic AFC (45)
?,(Sat) 30 Apr 2011 (W17),Walsall FC (45),2-0,1-0,Charlton Athletic FC (45)
?,(Sat) 30 Apr 2011 (W17),Yeovil Town FC (45),4-2,3-1,Colchester United FC (45)
?,(Mon) 2 May 2011 (W18),Plymouth Argyle FC (45),1-3,0-1,Southampton FC (45)
?,(Sat) 7 May 2011 (W18),AFC Bournemouth (46),1-2,1-1,Rochdale AFC (46)
?,(Sat) 7 May 2011 (W18),Carlisle United FC (46),0-2,0-1,Yeovil Town FC (46)
?,(Sat) 7 May 2011 (W18),Charlton Athletic FC (46),0-0,0-0,Hartlepool United FC (46)
?,(Sat) 7 May 2011 (W18),Colchester United FC (46),2-1,2-0,Bristol Rovers FC (46)
?,(Sat) 7 May 2011 (W18),Huddersfield Town AFC (46),4-4,2-1,Brentford FC (46)
?,(Sat) 7 May 2011 (W18),Notts County FC (46),1-1,1-1,Brighton & Hove Albion FC (46)
?,(Sat) 7 May 2011 (W18),Oldham Athletic AFC (46),1-2,1-1,Milton Keynes Dons FC (46)
?,(Sat) 7 May 2011 (W18),Peterborough United FC (46),5-0,1-0,Dagenham & Redbridge FC (46)
?,(Sat) 7 May 2011 (W18),Plymouth Argyle FC (46),1-4,0-2,Leyton Orient FC (46)
?,(Sat) 7 May 2011 (W18),Sheffield Wednesday FC (46),1-2,1-0,Exeter City FC (46)
?,(Sat) 7 May 2011 (W18),Southampton FC (46),3-1,2-1,Walsall FC (46)
?,(Sat) 7 May 2011 (W18),Tranmere Rovers FC (46),0-2,0-2,Swindon Town FC (46)
