Round,Date,Team 1,FT,HT,Team 2
?,(Sat) 23 Mar 1985 (11),Aldershot Town FC (1),1-0,?,Blackpool FC (1)
?,(Sat) 13 Oct 1984 (41),Aldershot Town FC (2),0-1,?,Bury FC (1)
?,(Sat) 1 Sep 1984 (35),Aldershot Town FC (3),1-2,?,Chester FC (1)
?,(Sat) 5 Jan 1985 (0),Aldershot Town FC (4),1-1,?,Chesterfield FC (1)
?,(Tue) 23 Apr 1985 (16),Aldershot Town FC (5),1-0,?,Colchester United FC (1)
?,(Wed) 26 Dec 1984 (52),Aldershot Town FC (6),1-1,?,Crewe Alexandra FC (1)
?,(Sat) 29 Sep 1984 (39),Aldershot Town FC (7),3-4,?,Darlington FC (1)
?,(Sat) 15 Sep 1984 (37),Aldershot Town FC (8),1-1,?,Exeter City FC (1)
?,(Tue) 2 Apr 1985 (13),Aldershot Town FC (9),2-0,?,FC Halifax Town (1)
?,(Sat) 1 Dec 1984 (48),Aldershot Town FC (10),1-0,?,Hartlepool United FC (1)
?,(Sat) 11 May 1985 (18),Aldershot Town FC (11),0-1,?,Hereford United FC (1924-2014) (1)
?,(Tue) 23 Oct 1984 (43),Aldershot Town FC (12),0-0,?,Mansfield Town FC (1)
?,(Sat) 9 Mar 1985 (9),Aldershot Town FC (13),0-0,?,Northampton Town FC (1)
?,(Tue) 18 Sep 1984 (38),Aldershot Town FC (14),0-0,?,Peterborough United FC (1)
?,(Sat) 10 Nov 1984 (45),Aldershot Town FC (15),1-0,?,Port Vale FC (1)
?,(Fri) 17 May 1985 (19),Aldershot Town FC (16),5-0,?,Rochdale AFC (1)
?,(Sat) 23 Feb 1985 (7),Aldershot Town FC (17),1-2,?,Scunthorpe United FC (1)
?,(Sat) 27 Oct 1984 (43),Aldershot Town FC (18),6-2,?,Southend United FC (1)
?,(Sat) 30 Mar 1985 (12),Aldershot Town FC (19),2-1,?,Stockport County FC (1)
?,(Sat) 20 Apr 1985 (15),Aldershot Town FC (20),0-1,?,Swindon Town FC (1)
?,(Tue) 9 Apr 1985 (14),Aldershot Town FC (21),1-0,?,Torquay United FC (1)
?,(Sat) 4 May 1985 (17),Aldershot Town FC (22),3-2,?,Tranmere Rovers FC (1)
?,(Sat) 29 Dec 1984 (52),Aldershot Town FC (23),2-1,?,Wrexham AFC (1)
?,(Sat) 6 Oct 1984 (40),Blackpool FC (2),1-0,?,Aldershot Town FC (24)
?,(Sat) 20 Oct 1984 (42),Blackpool FC (3),0-0,?,Bury FC (2)
?,(Sat) 29 Sep 1984 (39),Blackpool FC (4),3-1,?,Chester FC (2)
?,(Tue) 2 Apr 1985 (13),Blackpool FC (5),1-0,?,Chesterfield FC (2)
?,(Tue) 26 Mar 1985 (12),Blackpool FC (6),1-1,?,Colchester United FC (2)
?,(Tue) 9 Apr 1985 (14),Blackpool FC (7),6-1,?,Crewe Alexandra FC (2)
?,(Sat) 15 Sep 1984 (37),Blackpool FC (8),0-0,?,Darlington FC (2)
?,(Sat) 1 Sep 1984 (35),Blackpool FC (9),3-0,?,Exeter City FC (2)
?,(Sat) 5 Jan 1985 (0),Blackpool FC (10),1-1,?,FC Halifax Town (2)
?,(Sat) 29 Dec 1984 (52),Blackpool FC (11),2-1,?,Hartlepool United FC (2)
?,(Sat) 20 Apr 1985 (15),Blackpool FC (12),2-0,?,Hereford United FC (1924-2014) (2)
?,(Sat) 1 Dec 1984 (48),Blackpool FC (13),1-0,?,Mansfield Town FC (2)
?,(Sat) 27 Oct 1984 (43),Blackpool FC (14),2-1,?,Northampton Town FC (2)
?,(Sat) 30 Mar 1985 (12),Blackpool FC (15),4-2,?,Peterborough United FC (2)
?,(Tue) 18 Sep 1984 (38),Blackpool FC (16),1-1,?,Port Vale FC (2)
?,(Wed) 26 Dec 1984 (52),Blackpool FC (17),3-0,?,Rochdale AFC (2)
?,(Sat) 16 Mar 1985 (10),Blackpool FC (18),1-0,?,Scunthorpe United FC (2)
?,(Sat) 23 Feb 1985 (7),Blackpool FC (19),1-0,?,Southend United FC (2)
?,(Sat) 10 Nov 1984 (45),Blackpool FC (20),4-1,?,Stockport County FC (2)
?,(Tue) 19 Feb 1985 (7),Blackpool FC (21),1-0,?,Swindon Town FC (2)
?,(Sat) 4 May 1985 (17),Blackpool FC (22),3-3,?,Torquay United FC (2)
?,(Tue) 5 Mar 1985 (9),Blackpool FC (23),1-2,?,Tranmere Rovers FC (2)
?,(Sat) 11 May 1985 (18),Blackpool FC (24),0-0,?,Wrexham AFC (2)
?,(Tue) 30 Apr 1985 (17),Bury FC (3),2-1,?,Aldershot Town FC (25)
?,(Sat) 9 Mar 1985 (9),Bury FC (4),1-0,?,Blackpool FC (25)
?,(Tue) 23 Apr 1985 (16),Bury FC (5),4-1,?,Chester FC (3)
?,(Sat) 29 Sep 1984 (39),Bury FC (6),0-0,?,Chesterfield FC (3)
?,(Sat) 15 Sep 1984 (37),Bury FC (7),4-3,?,Colchester United FC (3)
?,(Sat) 10 Nov 1984 (45),Bury FC (8),2-2,?,Crewe Alexandra FC (3)
?,(Tue) 19 Mar 1985 (11),Bury FC (9),1-0,?,Darlington FC (3)
?,(Sat) 9 Feb 1985 (5),Bury FC (10),2-2,?,Exeter City FC (3)
?,(Sat) 1 Sep 1984 (35),Bury FC (11),3-0,?,FC Halifax Town (3)
?,(Mon) 8 Apr 1985 (14),Bury FC (12),1-0,?,Hartlepool United FC (3)
?,(Tue) 23 Oct 1984 (43),Bury FC (13),2-1,?,Hereford United FC (1924-2014) (3)
?,(Sat) 20 Apr 1985 (15),Bury FC (14),0-0,?,Mansfield Town FC (3)
?,(Sat) 23 Feb 1985 (7),Bury FC (15),3-1,?,Northampton Town FC (3)
?,(Sat) 11 May 1985 (18),Bury FC (16),1-1,?,Peterborough United FC (3)
?,(Wed) 26 Dec 1984 (52),Bury FC (17),4-0,?,Port Vale FC (3)
?,(Fri) 29 Mar 1985 (12),Bury FC (18),2-2,?,Rochdale AFC (3)
?,(Sat) 27 Oct 1984 (43),Bury FC (19),0-1,?,Scunthorpe United FC (3)
?,(Sat) 6 Oct 1984 (40),Bury FC (20),2-0,?,Southend United FC (3)
?,(Tue) 26 Mar 1985 (12),Bury FC (21),2-1,?,Stockport County FC (3)
?,(Tue) 18 Sep 1984 (38),Bury FC (22),2-0,?,Swindon Town FC (3)
?,(Sat) 1 Dec 1984 (48),Bury FC (23),3-1,?,Torquay United FC (3)
?,(Sat) 29 Dec 1984 (52),Bury FC (24),3-0,?,Tranmere Rovers FC (3)
?,(Sat) 4 May 1985 (17),Bury FC (25),2-3,?,Wrexham AFC (3)
?,(Wed) 27 Mar 1985 (12),Chester FC (4),2-0,?,Aldershot Town FC (26)
?,(Sat) 2 Feb 1985 (4),Chester FC (5),0-0,?,Blackpool FC (26)
?,(Sat) 8 Sep 1984 (36),Chester FC (6),2-3,?,Bury FC (26)
?,(Sat) 27 Oct 1984 (43),Chester FC (7),1-1,?,Chesterfield FC (4)
?,(Sat) 20 Oct 1984 (42),Chester FC (8),1-2,?,Colchester United FC (4)
?,(Wed) 6 Mar 1985 (9),Chester FC (9),0-2,?,Crewe Alexandra FC (4)
?,(Sat) 23 Feb 1985 (7),Chester FC (10),5-2,?,Darlington FC (4)
?,(Sat) 16 Mar 1985 (10),Chester FC (11),1-3,?,Exeter City FC (4)
?,(Sat) 6 Oct 1984 (40),Chester FC (12),2-0,?,FC Halifax Town (4)
?,(Sat) 11 May 1985 (18),Chester FC (13),1-0,?,Hartlepool United FC (4)
?,(Wed) 1 May 1985 (17),Chester FC (14),2-1,?,Hereford United FC (1924-2014) (4)
?,(Sat) 30 Mar 1985 (12),Chester FC (15),0-3,?,Mansfield Town FC (4)
?,(Sat) 22 Sep 1984 (38),Chester FC (16),1-0,?,Northampton Town FC (4)
?,(Tue) 9 Apr 1985 (14),Chester FC (17),1-3,?,Peterborough United FC (4)
?,(Sat) 20 Apr 1985 (15),Chester FC (18),2-0,?,Port Vale FC (4)
?,(Tue) 11 Dec 1984 (50),Chester FC (19),0-1,?,Rochdale AFC (4)
?,(Sat) 25 Aug 1984 (34),Chester FC (20),1-1,?,Scunthorpe United FC (4)
?,(Sat) 26 Jan 1985 (3),Chester FC (21),5-1,?,Southend United FC (4)
?,(Sat) 4 May 1985 (17),Chester FC (22),2-1,?,Stockport County FC (4)
?,(Wed) 30 Jan 1985 (4),Chester FC (23),2-0,?,Swindon Town FC (4)
?,(Sat) 10 Nov 1984 (45),Chester FC (24),0-1,?,Torquay United FC (4)
?,(Wed) 3 Oct 1984 (40),Chester FC (25),2-4,?,Tranmere Rovers FC (4)
?,(Wed) 26 Dec 1984 (52),Chester FC (26),2-1,?,Wrexham AFC (4)
?,(Sat) 25 Aug 1984 (34),Chesterfield FC (5),2-1,?,Aldershot Town FC (27)
?,(Sat) 22 Sep 1984 (38),Chesterfield FC (6),2-1,?,Blackpool FC (27)
?,(Sat) 2 Feb 1985 (4),Chesterfield FC (7),0-1,?,Bury FC (27)
?,(Sat) 2 Mar 1985 (8),Chesterfield FC (8),3-1,?,Chester FC (27)
?,(Sat) 3 Nov 1984 (44),Chesterfield FC (9),1-1,?,Colchester United FC (5)
?,(Sat) 4 May 1985 (17),Chesterfield FC (10),3-1,?,Crewe Alexandra FC (5)
?,(Sat) 6 Oct 1984 (40),Chesterfield FC (11),0-0,?,Darlington FC (5)
?,(Sat) 20 Oct 1984 (42),Chesterfield FC (12),5-1,?,Exeter City FC (5)
?,(Sat) 16 Mar 1985 (10),Chesterfield FC (13),3-0,?,FC Halifax Town (5)
?,(Tue) 12 Feb 1985 (6),Chesterfield FC (14),0-0,?,Hartlepool United FC (5)
?,(Tue) 2 Oct 1984 (40),Chesterfield FC (15),3-1,?,Hereford United FC (1924-2014) (5)
?,(Wed) 26 Dec 1984 (52),Chesterfield FC (16),0-0,?,Mansfield Town FC (5)
?,(Sat) 12 Jan 1985 (1),Chesterfield FC (17),2-1,?,Northampton Town FC (5)
?,(Sat) 29 Dec 1984 (52),Chesterfield FC (18),2-0,?,Peterborough United FC (5)
?,(Tue) 5 Mar 1985 (9),Chesterfield FC (19),0-0,?,Port Vale FC (5)
?,(Sat) 11 May 1985 (18),Chesterfield FC (20),0-0,?,Rochdale AFC (5)
?,(Sat) 26 Jan 1985 (3),Chesterfield FC (21),1-0,?,Scunthorpe United FC (5)
?,(Sat) 8 Sep 1984 (36),Chesterfield FC (22),2-1,?,Southend United FC (5)
?,(Sat) 1 Dec 1984 (48),Chesterfield FC (23),3-0,?,Stockport County FC (5)
?,(Tue) 9 Apr 1985 (14),Chesterfield FC (24),1-0,?,Swindon Town FC (5)
?,(Sat) 20 Apr 1985 (15),Chesterfield FC (25),1-0,?,Torquay United FC (5)
?,(Sat) 10 Nov 1984 (45),Chesterfield FC (26),4-2,?,Tranmere Rovers FC (5)
?,(Sat) 30 Mar 1985 (12),Chesterfield FC (27),2-1,?,Wrexham AFC (5)
?,(Sat) 22 Sep 1984 (38),Colchester United FC (6),2-0,?,Aldershot Town FC (28)
?,(Sat) 8 Sep 1984 (36),Colchester United FC (7),1-1,?,Blackpool FC (28)
?,(Sat) 26 Jan 1985 (3),Colchester United FC (8),1-0,?,Bury FC (28)
?,(Fri) 8 Mar 1985 (9),Colchester United FC (9),1-1,?,Chester FC (28)
?,(Fri) 22 Feb 1985 (7),Colchester United FC (10),3-1,?,Chesterfield FC (28)
?,(Fri) 10 May 1985 (18),Colchester United FC (11),4-1,?,Crewe Alexandra FC (6)
?,(Fri) 15 Mar 1985 (10),Colchester United FC (12),1-2,?,Darlington FC (6)
?,(Tue) 16 Oct 1984 (42),Colchester United FC (13),3-4,?,Exeter City FC (6)
?,(Fri) 26 Oct 1984 (43),Colchester United FC (14),1-3,?,FC Halifax Town (6)
?,(Fri) 9 Nov 1984 (45),Colchester United FC (15),1-0,?,Hartlepool United FC (6)
?,(Wed) 26 Dec 1984 (52),Colchester United FC (16),2-2,?,Hereford United FC (1924-2014) (6)
?,(Tue) 26 Feb 1985 (8),Colchester United FC (17),2-1,?,Mansfield Town FC (6)
?,(Fri) 1 Feb 1985 (4),Colchester United FC (18),4-1,?,Northampton Town FC (6)
?,(Sat) 1 Dec 1984 (48),Colchester United FC (19),3-1,?,Peterborough United FC (6)
?,(Fri) 28 Dec 1984 (52),Colchester United FC (20),3-2,?,Port Vale FC (6)
?,(Fri) 19 Apr 1985 (15),Colchester United FC (21),1-1,?,Rochdale AFC (6)
?,(Tue) 2 Apr 1985 (13),Colchester United FC (22),1-1,?,Scunthorpe United FC (6)
?,(Sat) 25 Aug 1984 (34),Colchester United FC (23),3-3,?,Southend United FC (6)
?,(Tue) 23 Oct 1984 (43),Colchester United FC (24),3-0,?,Stockport County FC (6)
?,(Fri) 3 May 1985 (17),Colchester United FC (25),1-1,?,Swindon Town FC (6)
?,(Tue) 2 Oct 1984 (40),Colchester United FC (26),2-1,?,Torquay United FC (6)
?,(Fri) 29 Mar 1985 (12),Colchester United FC (27),2-1,?,Tranmere Rovers FC (6)
?,(Mon) 8 Apr 1985 (14),Colchester United FC (28),4-1,?,Wrexham AFC (6)
?,(Sat) 6 Apr 1985 (13),Crewe Alexandra FC (7),1-1,?,Aldershot Town FC (29)
?,(Tue) 1 Jan 1985 (0),Crewe Alexandra FC (8),0-2,?,Blackpool FC (29)
?,(Sat) 13 Apr 1985 (14),Crewe Alexandra FC (9),1-0,?,Bury FC (29)
?,(Tue) 23 Oct 1984 (43),Crewe Alexandra FC (10),2-0,?,Chester FC (29)
?,(Sat) 15 Dec 1984 (50),Crewe Alexandra FC (11),1-1,?,Chesterfield FC (29)
?,(Fri) 21 Dec 1984 (51),Crewe Alexandra FC (12),1-4,?,Colchester United FC (29)
?,(Mon) 6 May 1985 (18),Crewe Alexandra FC (13),2-2,?,Darlington FC (7)
?,(Sat) 27 Apr 1985 (16),Crewe Alexandra FC (14),0-0,?,Exeter City FC (7)
?,(Fri) 23 Nov 1984 (47),Crewe Alexandra FC (15),0-1,?,FC Halifax Town (7)
?,(Fri) 1 Feb 1985 (4),Crewe Alexandra FC (16),2-0,?,Hartlepool United FC (7)
?,(Sat) 8 Sep 1984 (36),Crewe Alexandra FC (17),0-3,?,Hereford United FC (1924-2014) (7)
?,(Sat) 26 Jan 1985 (3),Crewe Alexandra FC (18),1-1,?,Mansfield Town FC (7)
?,(Tue) 6 Nov 1984 (45),Crewe Alexandra FC (19),3-2,?,Northampton Town FC (7)
?,(Sat) 23 Feb 1985 (7),Crewe Alexandra FC (20),2-1,?,Peterborough United FC (7)
?,(Fri) 22 Mar 1985 (11),Crewe Alexandra FC (21),0-0,?,Port Vale FC (7)
?,(Sat) 27 Oct 1984 (43),Crewe Alexandra FC (22),3-1,?,Rochdale AFC (7)
?,(Sat) 16 Feb 1985 (6),Crewe Alexandra FC (23),1-1,?,Scunthorpe United FC (7)
?,(Tue) 2 Oct 1984 (40),Crewe Alexandra FC (24),0-2,?,Southend United FC (7)
?,(Sat) 9 Mar 1985 (9),Crewe Alexandra FC (25),2-1,?,Stockport County FC (7)
?,(Sat) 13 Oct 1984 (41),Crewe Alexandra FC (26),3-2,?,Swindon Town FC (7)
?,(Sat) 25 Aug 1984 (34),Crewe Alexandra FC (27),3-0,?,Torquay United FC (7)
?,(Tue) 26 Feb 1985 (8),Crewe Alexandra FC (28),1-3,?,Tranmere Rovers FC (7)
?,(Sat) 22 Sep 1984 (38),Crewe Alexandra FC (29),3-0,?,Wrexham AFC (7)
?,(Sat) 2 Feb 1985 (4),Darlington FC (8),1-1,?,Aldershot Town FC (30)
?,(Wed) 1 May 1985 (17),Darlington FC (9),0-4,?,Blackpool FC (30)
?,(Sat) 25 Aug 1984 (34),Darlington FC (10),1-1,?,Bury FC (30)
?,(Sat) 3 Nov 1984 (44),Darlington FC (11),2-1,?,Chester FC (30)
?,(Sat) 23 Mar 1985 (11),Darlington FC (12),1-3,?,Chesterfield FC (30)
?,(Sat) 13 Oct 1984 (41),Darlington FC (13),4-0,?,Colchester United FC (30)
?,(Tue) 12 Mar 1985 (10),Darlington FC (14),2-1,?,Crewe Alexandra FC (30)
?,(Sat) 2 Mar 1985 (8),Darlington FC (15),2-1,?,Exeter City FC (8)
?,(Sat) 9 Mar 1985 (9),Darlington FC (16),2-0,?,FC Halifax Town (8)
?,(Tue) 2 Oct 1984 (40),Darlington FC (17),0-1,?,Hartlepool United FC (8)
?,(Fri) 29 Mar 1985 (12),Darlington FC (18),1-1,?,Hereford United FC (1924-2014) (8)
?,(Mon) 8 Apr 1985 (14),Darlington FC (19),3-1,?,Mansfield Town FC (8)
?,(Sat) 8 Sep 1984 (36),Darlington FC (20),4-0,?,Northampton Town FC (8)
?,(Sat) 20 Apr 1985 (15),Darlington FC (21),2-1,?,Peterborough United FC (8)
?,(Sat) 4 May 1985 (17),Darlington FC (22),1-1,?,Port Vale FC (8)
?,(Tue) 23 Oct 1984 (43),Darlington FC (23),1-0,?,Rochdale AFC (8)
?,(Sat) 22 Sep 1984 (38),Darlington FC (24),2-1,?,Scunthorpe United FC (8)
?,(Tue) 2 Apr 1985 (13),Darlington FC (25),3-1,?,Southend United FC (8)
?,(Sat) 11 May 1985 (18),Darlington FC (26),3-1,?,Stockport County FC (8)
?,(Sun) 2 Dec 1984 (48),Darlington FC (27),1-0,?,Swindon Town FC (8)
?,(Tue) 14 May 1985 (19),Darlington FC (28),1-0,?,Torquay United FC (8)
?,(Wed) 26 Dec 1984 (52),Darlington FC (29),2-1,?,Tranmere Rovers FC (8)
?,(Sat) 10 Nov 1984 (45),Darlington FC (30),2-1,?,Wrexham AFC (8)
?,(Sat) 26 Jan 1985 (3),Exeter City FC (9),3-0,?,Aldershot Town FC (31)
?,(Wed) 17 Apr 1985 (15),Exeter City FC (10),1-1,?,Blackpool FC (31)
?,(Sat) 22 Sep 1984 (38),Exeter City FC (11),0-2,?,Bury FC (31)
?,(Sat) 13 Oct 1984 (41),Exeter City FC (12),1-1,?,Chester FC (31)
?,(Sat) 9 Mar 1985 (9),Exeter City FC (13),0-1,?,Chesterfield FC (31)
?,(Sat) 23 Mar 1985 (11),Exeter City FC (14),1-5,?,Colchester United FC (31)
?,(Sat) 1 Dec 1984 (48),Exeter City FC (15),0-2,?,Crewe Alexandra FC (31)
?,(Sat) 27 Oct 1984 (43),Exeter City FC (16),1-1,?,Darlington FC (31)
?,(Sat) 23 Feb 1985 (7),Exeter City FC (17),1-0,?,FC Halifax Town (9)
?,(Sat) 30 Mar 1985 (12),Exeter City FC (18),3-2,?,Hartlepool United FC (9)
?,(Sat) 29 Dec 1984 (52),Exeter City FC (19),0-0,?,Hereford United FC (1924-2014) (9)
?,(Wed) 3 Oct 1984 (40),Exeter City FC (20),0-0,?,Mansfield Town FC (9)
?,(Sat) 25 Aug 1984 (34),Exeter City FC (21),5-0,?,Northampton Town FC (9)
?,(Sat) 15 Dec 1984 (50),Exeter City FC (22),0-1,?,Peterborough United FC (9)
?,(Mon) 8 Apr 1985 (14),Exeter City FC (23),2-1,?,Port Vale FC (9)
?,(Sat) 10 Nov 1984 (45),Exeter City FC (24),1-1,?,Rochdale AFC (9)
?,(Sat) 8 Sep 1984 (36),Exeter City FC (25),2-1,?,Scunthorpe United FC (9)
?,(Fri) 1 Feb 1985 (4),Exeter City FC (26),2-1,?,Southend United FC (9)
?,(Sat) 20 Apr 1985 (15),Exeter City FC (27),0-2,?,Stockport County FC (9)
?,(Wed) 24 Oct 1984 (43),Exeter City FC (28),1-1,?,Swindon Town FC (9)
?,(Wed) 26 Dec 1984 (52),Exeter City FC (29),4-3,?,Torquay United FC (9)
?,(Sat) 11 May 1985 (18),Exeter City FC (30),0-1,?,Tranmere Rovers FC (9)
?,(Wed) 13 Feb 1985 (6),Exeter City FC (31),2-0,?,Wrexham AFC (9)
?,(Sat) 8 Sep 1984 (36),FC Halifax Town (10),1-2,?,Aldershot Town FC (32)
?,(Sat) 25 Aug 1984 (34),FC Halifax Town (11),0-2,?,Blackpool FC (32)
?,(Sat) 12 Jan 1985 (1),FC Halifax Town (12),4-1,?,Bury FC (32)
?,(Fri) 22 Mar 1985 (11),FC Halifax Town (13),0-4,?,Chester FC (32)
?,(Sat) 13 Oct 1984 (41),FC Halifax Town (14),1-3,?,Chesterfield FC (32)
?,(Fri) 1 Mar 1985 (8),FC Halifax Town (15),0-0,?,Colchester United FC (32)
?,(Fri) 19 Apr 1985 (15),FC Halifax Town (16),1-1,?,Crewe Alexandra FC (32)
?,(Fri) 19 Oct 1984 (42),FC Halifax Town (17),0-1,?,Darlington FC (32)
?,(Tue) 26 Mar 1985 (12),FC Halifax Town (18),2-3,?,Exeter City FC (32)
?,(Wed) 26 Dec 1984 (52),FC Halifax Town (19),2-3,?,Hartlepool United FC (10)
?,(Fri) 3 May 1985 (17),FC Halifax Town (20),2-1,?,Hereford United FC (1924-2014) (10)
?,(Sat) 10 Nov 1984 (45),FC Halifax Town (21),1-0,?,Mansfield Town FC (10)
?,(Tue) 26 Feb 1985 (8),FC Halifax Town (22),1-0,?,Northampton Town FC (10)
?,(Tue) 5 Mar 1985 (9),FC Halifax Town (23),0-0,?,Peterborough United FC (10)
?,(Fri) 30 Nov 1984 (48),FC Halifax Town (24),2-1,?,Port Vale FC (10)
?,(Mon) 8 Apr 1985 (14),FC Halifax Town (25),0-2,?,Rochdale AFC (10)
?,(Fri) 1 Feb 1985 (4),FC Halifax Town (26),1-2,?,Scunthorpe United FC (10)
?,(Fri) 21 Sep 1984 (38),FC Halifax Town (27),1-0,?,Southend United FC (10)
?,(Tue) 23 Apr 1985 (16),FC Halifax Town (28),2-1,?,Stockport County FC (10)
?,(Fri) 10 May 1985 (18),FC Halifax Town (29),2-1,?,Swindon Town FC (10)
?,(Sat) 30 Mar 1985 (12),FC Halifax Town (30),0-1,?,Torquay United FC (10)
?,(Tue) 12 Feb 1985 (6),FC Halifax Town (31),2-1,?,Tranmere Rovers FC (10)
?,(Sat) 16 Feb 1985 (6),FC Halifax Town (32),1-2,?,Wrexham AFC (10)
?,(Sat) 27 Apr 1985 (16),Hartlepool United FC (11),1-0,?,Aldershot Town FC (33)
?,(Mon) 6 May 1985 (18),Hartlepool United FC (12),0-2,?,Blackpool FC (33)
?,(Wed) 2 Jan 1985 (0),Hartlepool United FC (13),0-1,?,Bury FC (33)
?,(Sat) 22 Dec 1984 (51),Hartlepool United FC (14),2-1,?,Chester FC (33)
?,(Wed) 19 Sep 1984 (38),Hartlepool United FC (15),1-0,?,Chesterfield FC (33)
?,(Sat) 13 Apr 1985 (14),Hartlepool United FC (16),2-1,?,Colchester United FC (33)
?,(Sat) 29 Sep 1984 (39),Hartlepool United FC (17),3-0,?,Crewe Alexandra FC (33)
?,(Sun) 17 Feb 1985 (6),Hartlepool United FC (18),1-2,?,Darlington FC (33)
?,(Mon) 5 Nov 1984 (45),Hartlepool United FC (19),1-1,?,Exeter City FC (33)
?,(Sat) 6 Apr 1985 (13),Hartlepool United FC (20),0-1,?,FC Halifax Town (33)
?,(Sat) 13 Oct 1984 (41),Hartlepool United FC (21),2-2,?,Hereford United FC (1924-2014) (11)
?,(Sat) 27 Oct 1984 (43),Hartlepool United FC (22),0-0,?,Mansfield Town FC (11)
?,(Sat) 15 Dec 1984 (50),Hartlepool United FC (23),0-0,?,Northampton Town FC (11)
?,(Sat) 9 Feb 1985 (5),Hartlepool United FC (24),0-3,?,Peterborough United FC (11)
?,(Sat) 19 Jan 1985 (2),Hartlepool United FC (25),2-2,?,Port Vale FC (11)
?,(Sat) 15 Sep 1984 (37),Hartlepool United FC (26),0-2,?,Rochdale AFC (11)
?,(Sat) 24 Nov 1984 (47),Hartlepool United FC (27),3-2,?,Scunthorpe United FC (11)
?,(Wed) 24 Oct 1984 (43),Hartlepool United FC (28),2-1,?,Southend United FC (11)
?,(Wed) 3 Apr 1985 (13),Hartlepool United FC (29),5-1,?,Stockport County FC (11)
?,(Sat) 1 Sep 1984 (35),Hartlepool United FC (30),2-2,?,Swindon Town FC (11)
?,(Sat) 9 Mar 1985 (9),Hartlepool United FC (31),3-1,?,Torquay United FC (11)
?,(Sat) 23 Mar 1985 (11),Hartlepool United FC (32),2-4,?,Tranmere Rovers FC (11)
?,(Sat) 23 Feb 1985 (7),Hartlepool United FC (33),2-0,?,Wrexham AFC (11)
?,(Sun) 23 Dec 1984 (51),Hereford United FC (1924-2014) (12),2-1,?,Aldershot Town FC (34)
?,(Sat) 24 Nov 1984 (47),Hereford United FC (1924-2014) (13),2-1,?,Blackpool FC (34)
?,(Wed) 6 Mar 1985 (9),Hereford United FC (1924-2014) (14),5-3,?,Bury FC (34)
?,(Wed) 19 Sep 1984 (38),Hereford United FC (1924-2014) (15),0-0,?,Chester FC (34)
?,(Wed) 20 Mar 1985 (11),Hereford United FC (1924-2014) (16),0-1,?,Chesterfield FC (34)
?,(Sat) 6 Apr 1985 (13),Hereford United FC (1924-2014) (17),2-1,?,Colchester United FC (34)
?,(Wed) 24 Apr 1985 (16),Hereford United FC (1924-2014) (18),3-2,?,Crewe Alexandra FC (34)
?,(Wed) 7 Nov 1984 (45),Hereford United FC (1924-2014) (19),0-1,?,Darlington FC (34)
?,(Mon) 6 May 1985 (18),Hereford United FC (1924-2014) (20),1-2,?,Exeter City FC (34)
?,(Sat) 15 Dec 1984 (50),Hereford United FC (1924-2014) (21),3-0,?,FC Halifax Town (34)
?,(Sat) 16 Mar 1985 (10),Hereford United FC (1924-2014) (22),2-1,?,Hartlepool United FC (34)
?,(Sat) 6 Oct 1984 (40),Hereford United FC (1924-2014) (23),3-0,?,Mansfield Town FC (12)
?,(Sat) 27 Apr 1985 (16),Hereford United FC (1924-2014) (24),1-1,?,Northampton Town FC (12)
?,(Sat) 1 Sep 1984 (35),Hereford United FC (1924-2014) (25),1-0,?,Peterborough United FC (12)
?,(Sat) 29 Sep 1984 (39),Hereford United FC (1924-2014) (26),1-0,?,Port Vale FC (12)
?,(Wed) 3 Apr 1985 (13),Hereford United FC (1924-2014) (27),1-2,?,Rochdale AFC (12)
?,(Sat) 13 Apr 1985 (14),Hereford United FC (1924-2014) (28),1-0,?,Scunthorpe United FC (12)
?,(Tue) 1 Jan 1985 (0),Hereford United FC (1924-2014) (29),3-0,?,Southend United FC (12)
?,(Sat) 15 Sep 1984 (37),Hereford United FC (1924-2014) (30),2-0,?,Stockport County FC (12)
?,(Wed) 17 Apr 1985 (15),Hereford United FC (1924-2014) (31),0-3,?,Swindon Town FC (12)
?,(Sat) 23 Feb 1985 (7),Hereford United FC (1924-2014) (32),1-0,?,Torquay United FC (12)
?,(Sat) 20 Oct 1984 (42),Hereford United FC (1924-2014) (33),2-1,?,Tranmere Rovers FC (12)
?,(Sat) 27 Oct 1984 (43),Hereford United FC (1924-2014) (34),2-1,?,Wrexham AFC (12)
?,(Wed) 6 Mar 1985 (9),Mansfield Town FC (13),1-2,?,Aldershot Town FC (35)
?,(Sat) 27 Apr 1985 (16),Mansfield Town FC (14),1-1,?,Blackpool FC (35)
?,(Sat) 24 Nov 1984 (47),Mansfield Town FC (15),0-2,?,Bury FC (35)
?,(Wed) 7 Nov 1984 (45),Mansfield Town FC (16),2-0,?,Chester FC (35)
?,(Sat) 6 Apr 1985 (13),Mansfield Town FC (17),0-0,?,Chesterfield FC (35)
?,(Wed) 19 Sep 1984 (38),Mansfield Town FC (18),0-1,?,Colchester United FC (35)
?,(Sat) 15 Sep 1984 (37),Mansfield Town FC (19),0-2,?,Crewe Alexandra FC (35)
?,(Tue) 1 Jan 1985 (0),Mansfield Town FC (20),2-0,?,Darlington FC (35)
?,(Wed) 3 Apr 1985 (13),Mansfield Town FC (21),2-2,?,Exeter City FC (35)
?,(Sat) 13 Apr 1985 (14),Mansfield Town FC (22),2-1,?,FC Halifax Town (35)
?,(Sat) 2 Mar 1985 (8),Mansfield Town FC (23),2-0,?,Hartlepool United FC (35)
?,(Sat) 23 Mar 1985 (11),Mansfield Town FC (24),1-1,?,Hereford United FC (1924-2014) (35)
?,(Sat) 22 Dec 1984 (51),Mansfield Town FC (25),2-0,?,Northampton Town FC (13)
?,(Wed) 27 Mar 1985 (12),Mansfield Town FC (26),0-0,?,Peterborough United FC (13)
?,(Wed) 13 Mar 1985 (10),Mansfield Town FC (27),1-1,?,Port Vale FC (13)
?,(Sat) 1 Sep 1984 (35),Mansfield Town FC (28),5-1,?,Rochdale AFC (13)
?,(Wed) 24 Apr 1985 (16),Mansfield Town FC (29),0-1,?,Scunthorpe United FC (13)
?,(Mon) 6 May 1985 (18),Mansfield Town FC (30),1-0,?,Southend United FC (13)
?,(Wed) 17 Apr 1985 (15),Mansfield Town FC (31),1-0,?,Stockport County FC (13)
?,(Sat) 29 Sep 1984 (39),Mansfield Town FC (32),0-0,?,Swindon Town FC (13)
?,(Sat) 13 Oct 1984 (41),Mansfield Town FC (33),1-0,?,Torquay United FC (13)
?,(Sat) 3 Nov 1984 (44),Mansfield Town FC (34),0-0,?,Tranmere Rovers FC (13)
?,(Sat) 20 Oct 1984 (42),Mansfield Town FC (35),1-0,?,Wrexham AFC (13)
?,(Sat) 20 Oct 1984 (42),Northampton Town FC (14),4-0,?,Aldershot Town FC (36)
?,(Sat) 2 Mar 1985 (8),Northampton Town FC (15),0-1,?,Blackpool FC (36)
?,(Sat) 3 Nov 1984 (44),Northampton Town FC (16),0-1,?,Bury FC (36)
?,(Tue) 19 Mar 1985 (11),Northampton Town FC (17),0-2,?,Chester FC (36)
?,(Sat) 1 Sep 1984 (35),Northampton Town FC (18),1-3,?,Chesterfield FC (36)
?,(Sat) 29 Sep 1984 (39),Northampton Town FC (19),1-3,?,Colchester United FC (36)
?,(Sat) 30 Mar 1985 (12),Northampton Town FC (20),1-3,?,Crewe Alexandra FC (36)
?,(Tue) 23 Apr 1985 (16),Northampton Town FC (21),2-1,?,Darlington FC (36)
?,(Sat) 5 Jan 1985 (0),Northampton Town FC (22),5-2,?,Exeter City FC (36)
?,(Sat) 15 Sep 1984 (37),Northampton Town FC (23),0-1,?,FC Halifax Town (36)
?,(Mon) 15 Apr 1985 (15),Northampton Town FC (24),2-0,?,Hartlepool United FC (36)
?,(Sat) 1 Dec 1984 (48),Northampton Town FC (25),0-3,?,Hereford United FC (1924-2014) (36)
?,(Tue) 30 Apr 1985 (17),Northampton Town FC (26),1-0,?,Mansfield Town FC (36)
?,(Wed) 26 Dec 1984 (52),Northampton Town FC (27),0-3,?,Peterborough United FC (14)
?,(Wed) 17 Apr 1985 (15),Northampton Town FC (28),1-0,?,Port Vale FC (14)
?,(Tue) 18 Sep 1984 (38),Northampton Town FC (29),0-0,?,Rochdale AFC (14)
?,(Sat) 6 Oct 1984 (40),Northampton Town FC (30),0-2,?,Scunthorpe United FC (14)
?,(Sun) 17 Mar 1985 (10),Northampton Town FC (31),1-2,?,Southend United FC (14)
?,(Tue) 9 Apr 1985 (14),Northampton Town FC (32),4-0,?,Stockport County FC (14)
?,(Sat) 10 Nov 1984 (45),Northampton Town FC (33),4-0,?,Swindon Town FC (14)
?,(Sat) 29 Dec 1984 (52),Northampton Town FC (34),3-1,?,Torquay United FC (14)
?,(Sat) 20 Apr 1985 (15),Northampton Town FC (35),2-0,?,Tranmere Rovers FC (14)
?,(Tue) 5 Mar 1985 (9),Northampton Town FC (36),0-4,?,Wrexham AFC (14)
?,(Wed) 17 Apr 1985 (15),Peterborough United FC (15),1-2,?,Aldershot Town FC (37)
?,(Wed) 7 Nov 1984 (45),Peterborough United FC (16),2-0,?,Blackpool FC (37)
?,(Wed) 19 Dec 1984 (51),Peterborough United FC (17),1-4,?,Bury FC (37)
?,(Tue) 1 Jan 1985 (0),Peterborough United FC (18),3-1,?,Chester FC (37)
?,(Mon) 6 May 1985 (18),Peterborough United FC (19),0-0,?,Chesterfield FC (37)
?,(Sat) 27 Apr 1985 (16),Peterborough United FC (20),0-1,?,Colchester United FC (37)
?,(Sat) 3 Nov 1984 (44),Peterborough United FC (21),2-1,?,Crewe Alexandra FC (37)
?,(Sat) 24 Nov 1984 (47),Peterborough United FC (22),1-1,?,Darlington FC (37)
?,(Sat) 4 May 1985 (17),Peterborough United FC (23),0-0,?,Exeter City FC (37)
?,(Wed) 24 Oct 1984 (43),Peterborough United FC (24),2-0,?,FC Halifax Town (37)
?,(Sat) 22 Sep 1984 (38),Peterborough United FC (25),3-1,?,Hartlepool United FC (37)
?,(Sat) 12 Jan 1985 (1),Peterborough United FC (26),1-1,?,Hereford United FC (1924-2014) (37)
?,(Sat) 8 Sep 1984 (36),Peterborough United FC (27),1-0,?,Mansfield Town FC (37)
?,(Tue) 2 Apr 1985 (13),Peterborough United FC (28),0-0,?,Northampton Town FC (37)
?,(Sat) 2 Mar 1985 (8),Peterborough United FC (29),0-0,?,Port Vale FC (15)
?,(Sat) 9 Mar 1985 (9),Peterborough United FC (30),1-1,?,Rochdale AFC (15)
?,(Wed) 3 Oct 1984 (40),Peterborough United FC (31),3-1,?,Scunthorpe United FC (15)
?,(Sat) 13 Apr 1985 (14),Peterborough United FC (32),1-4,?,Southend United FC (15)
?,(Sat) 13 Oct 1984 (41),Peterborough United FC (33),3-1,?,Stockport County FC (15)
?,(Sat) 23 Mar 1985 (11),Peterborough United FC (34),0-1,?,Swindon Town FC (15)
?,(Sat) 2 Feb 1985 (4),Peterborough United FC (35),1-0,?,Torquay United FC (15)
?,(Sat) 25 Aug 1984 (34),Peterborough United FC (36),1-0,?,Tranmere Rovers FC (15)
?,(Sat) 26 Jan 1985 (3),Peterborough United FC (37),2-1,?,Wrexham AFC (15)
?,(Sat) 13 Apr 1985 (14),Port Vale FC (16),1-2,?,Aldershot Town FC (38)
?,(Mon) 22 Apr 1985 (16),Port Vale FC (17),1-1,?,Blackpool FC (38)
?,(Sat) 6 Apr 1985 (13),Port Vale FC (18),0-0,?,Bury FC (38)
?,(Fri) 23 Nov 1984 (47),Port Vale FC (19),0-0,?,Chester FC (38)
?,(Mon) 22 Oct 1984 (43),Port Vale FC (20),0-0,?,Chesterfield FC (38)
?,(Mon) 6 May 1985 (18),Port Vale FC (21),3-2,?,Colchester United FC (38)
?,(Sat) 6 Oct 1984 (40),Port Vale FC (22),2-0,?,Crewe Alexandra FC (38)
?,(Sat) 15 Dec 1984 (50),Port Vale FC (23),0-2,?,Darlington FC (38)
?,(Tue) 1 Jan 1985 (0),Port Vale FC (24),5-1,?,Exeter City FC (38)
?,(Sat) 27 Apr 1985 (16),Port Vale FC (25),3-1,?,FC Halifax Town (38)
?,(Sat) 8 Sep 1984 (36),Port Vale FC (26),1-1,?,Hartlepool United FC (38)
?,(Sat) 2 Feb 1985 (4),Port Vale FC (27),3-1,?,Hereford United FC (1924-2014) (38)
?,(Sat) 25 Aug 1984 (34),Port Vale FC (28),0-1,?,Mansfield Town FC (38)
?,(Mon) 1 Oct 1984 (40),Port Vale FC (29),0-3,?,Northampton Town FC (38)
?,(Sat) 27 Oct 1984 (43),Port Vale FC (30),3-1,?,Peterborough United FC (38)
?,(Sat) 16 Mar 1985 (10),Port Vale FC (31),3-1,?,Rochdale AFC (16)
?,(Sat) 22 Dec 1984 (51),Port Vale FC (32),1-1,?,Scunthorpe United FC (16)
?,(Mon) 5 Nov 1984 (45),Port Vale FC (33),4-1,?,Southend United FC (16)
?,(Sat) 23 Feb 1985 (7),Port Vale FC (34),3-2,?,Stockport County FC (16)
?,(Sat) 9 Mar 1985 (9),Port Vale FC (35),2-0,?,Swindon Town FC (16)
?,(Sat) 26 Jan 1985 (3),Port Vale FC (36),2-2,?,Torquay United FC (16)
?,(Sat) 22 Sep 1984 (38),Port Vale FC (37),2-1,?,Tranmere Rovers FC (16)
?,(Mon) 25 Mar 1985 (12),Port Vale FC (38),0-0,?,Wrexham AFC (16)
?,(Tue) 2 Oct 1984 (40),Rochdale AFC (17),1-2,?,Aldershot Town FC (39)
?,(Sat) 6 Apr 1985 (13),Rochdale AFC (18),1-1,?,Blackpool FC (39)
?,(Tue) 6 Nov 1984 (45),Rochdale AFC (19),1-1,?,Bury FC (39)
?,(Sat) 27 Apr 1985 (16),Rochdale AFC (20),1-2,?,Chester FC (39)
?,(Fri) 21 Dec 1984 (51),Rochdale AFC (21),3-1,?,Chesterfield FC (39)
?,(Sat) 24 Nov 1984 (47),Rochdale AFC (22),1-1,?,Colchester United FC (39)
?,(Sat) 2 Mar 1985 (8),Rochdale AFC (23),1-3,?,Crewe Alexandra FC (39)
?,(Tue) 5 Mar 1985 (9),Rochdale AFC (24),1-2,?,Darlington FC (39)
?,(Sat) 13 Apr 1985 (14),Rochdale AFC (25),2-0,?,Exeter City FC (39)
?,(Tue) 1 Jan 1985 (0),Rochdale AFC (26),2-0,?,FC Halifax Town (39)
?,(Tue) 30 Apr 1985 (17),Rochdale AFC (27),4-3,?,Hartlepool United FC (39)
?,(Sat) 25 Aug 1984 (34),Rochdale AFC (28),0-1,?,Hereford United FC (1924-2014) (39)
?,(Tue) 14 May 1985 (19),Rochdale AFC (29),2-1,?,Mansfield Town FC (39)
?,(Sat) 16 Feb 1985 (6),Rochdale AFC (30),3-0,?,Northampton Town FC (39)
?,(Sat) 20 Oct 1984 (42),Rochdale AFC (31),2-1,?,Peterborough United FC (39)
?,(Sat) 13 Oct 1984 (41),Rochdale AFC (32),1-2,?,Port Vale FC (39)
?,(Mon) 6 May 1985 (18),Rochdale AFC (33),3-3,?,Scunthorpe United FC (17)
?,(Sat) 15 Dec 1984 (50),Rochdale AFC (34),2-2,?,Southend United FC (17)
?,(Wed) 8 May 1985 (18),Rochdale AFC (35),0-0,?,Stockport County FC (17)
?,(Sat) 3 Nov 1984 (44),Rochdale AFC (36),0-1,?,Swindon Town FC (17)
?,(Sat) 22 Sep 1984 (38),Rochdale AFC (37),0-0,?,Torquay United FC (17)
?,(Sat) 2 Feb 1985 (4),Rochdale AFC (38),2-1,?,Tranmere Rovers FC (17)
?,(Sat) 8 Sep 1984 (36),Rochdale AFC (39),0-2,?,Wrexham AFC (17)
?,(Sat) 3 Nov 1984 (44),Scunthorpe United FC (18),2-1,?,Aldershot Town FC (40)
?,(Sat) 13 Oct 1984 (41),Scunthorpe United FC (19),1-1,?,Blackpool FC (40)
?,(Sat) 2 Mar 1985 (8),Scunthorpe United FC (20),2-2,?,Bury FC (40)
?,(Tue) 12 Mar 1985 (10),Scunthorpe United FC (21),2-1,?,Chester FC (40)
?,(Sat) 15 Sep 1984 (37),Scunthorpe United FC (22),2-4,?,Chesterfield FC (40)
?,(Fri) 31 Aug 1984 (35),Scunthorpe United FC (23),2-2,?,Colchester United FC (40)
?,(Tue) 18 Sep 1984 (38),Scunthorpe United FC (24),2-3,?,Crewe Alexandra FC (40)
?,(Fri) 8 Feb 1985 (5),Scunthorpe United FC (25),0-1,?,Darlington FC (40)
?,(Tue) 19 Mar 1985 (11),Scunthorpe United FC (26),7-1,?,Exeter City FC (40)
?,(Fri) 28 Sep 1984 (39),Scunthorpe United FC (27),4-0,?,FC Halifax Town (40)
?,(Fri) 19 Apr 1985 (15),Scunthorpe United FC (28),2-0,?,Hartlepool United FC (40)
?,(Fri) 9 Nov 1984 (45),Scunthorpe United FC (29),1-1,?,Hereford United FC (1924-2014) (40)
?,(Sat) 4 May 1985 (17),Scunthorpe United FC (30),2-2,?,Mansfield Town FC (40)
?,(Fri) 22 Mar 1985 (11),Scunthorpe United FC (31),2-1,?,Northampton Town FC (40)
?,(Tue) 12 Feb 1985 (6),Scunthorpe United FC (32),2-1,?,Peterborough United FC (40)
?,(Fri) 10 May 1985 (18),Scunthorpe United FC (33),3-3,?,Port Vale FC (40)
?,(Tue) 26 Feb 1985 (8),Scunthorpe United FC (34),4-2,?,Rochdale AFC (40)
?,(Fri) 8 Mar 1985 (9),Scunthorpe United FC (35),2-1,?,Southend United FC (18)
?,(Wed) 26 Dec 1984 (52),Scunthorpe United FC (36),1-0,?,Stockport County FC (18)
?,(Fri) 29 Mar 1985 (12),Scunthorpe United FC (37),6-2,?,Swindon Town FC (18)
?,(Tue) 23 Oct 1984 (43),Scunthorpe United FC (38),2-0,?,Torquay United FC (18)
?,(Tue) 9 Apr 1985 (14),Scunthorpe United FC (39),5-2,?,Tranmere Rovers FC (18)
?,(Fri) 30 Nov 1984 (48),Scunthorpe United FC (40),5-2,?,Wrexham AFC (18)
?,(Sat) 2 Mar 1985 (8),Southend United FC (19),1-0,?,Aldershot Town FC (41)
?,(Sat) 3 Nov 1984 (44),Southend United FC (20),1-4,?,Blackpool FC (41)
?,(Sat) 23 Mar 1985 (11),Southend United FC (21),3-3,?,Bury FC (41)
?,(Fri) 14 Sep 1984 (37),Southend United FC (22),1-1,?,Chester FC (41)
?,(Tue) 23 Apr 1985 (16),Southend United FC (23),0-1,?,Chesterfield FC (41)
?,(Tue) 29 Jan 1985 (4),Southend United FC (24),2-5,?,Colchester United FC (41)
?,(Sat) 8 Dec 1984 (49),Southend United FC (25),3-1,?,Crewe Alexandra FC (41)
?,(Mon) 10 Sep 1984 (37),Southend United FC (26),1-1,?,Darlington FC (41)
?,(Fri) 28 Sep 1984 (39),Southend United FC (27),1-0,?,Exeter City FC (41)
?,(Fri) 8 Feb 1985 (5),Southend United FC (28),2-1,?,FC Halifax Town (41)
?,(Mon) 4 Mar 1985 (9),Southend United FC (29),1-1,?,Hartlepool United FC (41)
?,(Mon) 8 Apr 1985 (14),Southend United FC (30),0-0,?,Hereford United FC (1924-2014) (41)
?,(Sat) 29 Dec 1984 (52),Southend United FC (31),1-3,?,Mansfield Town FC (41)
?,(Sat) 13 Oct 1984 (41),Southend United FC (32),2-1,?,Northampton Town FC (41)
?,(Sat) 10 Nov 1984 (45),Southend United FC (33),2-1,?,Peterborough United FC (41)
?,(Fri) 29 Mar 1985 (12),Southend United FC (34),1-1,?,Port Vale FC (41)
?,(Fri) 3 May 1985 (17),Southend United FC (35),0-2,?,Rochdale AFC (41)
?,(Fri) 19 Oct 1984 (42),Southend United FC (36),1-1,?,Scunthorpe United FC (41)
?,(Mon) 17 Sep 1984 (38),Southend United FC (37),1-1,?,Stockport County FC (19)
?,(Wed) 26 Dec 1984 (52),Southend United FC (38),3-2,?,Swindon Town FC (19)
?,(Sat) 11 May 1985 (18),Southend United FC (39),1-0,?,Torquay United FC (19)
?,(Sat) 1 Dec 1984 (48),Southend United FC (40),2-3,?,Tranmere Rovers FC (19)
?,(Fri) 19 Apr 1985 (15),Southend United FC (41),0-1,?,Wrexham AFC (19)
?,(Mon) 25 Feb 1985 (8),Stockport County FC (20),6-0,?,Aldershot Town FC (42)
?,(Fri) 7 Dec 1984 (49),Stockport County FC (21),1-3,?,Blackpool FC (42)
?,(Mon) 1 Oct 1984 (40),Stockport County FC (22),2-0,?,Bury FC (42)
?,(Fri) 14 Dec 1984 (50),Stockport County FC (23),5-1,?,Chester FC (42)
?,(Sat) 27 Apr 1985 (16),Stockport County FC (24),0-1,?,Chesterfield FC (42)
?,(Mon) 4 Mar 1985 (9),Stockport County FC (25),1-0,?,Colchester United FC (42)
?,(Fri) 19 Oct 1984 (42),Stockport County FC (26),0-1,?,Crewe Alexandra FC (42)
?,(Fri) 21 Dec 1984 (51),Stockport County FC (27),0-0,?,Darlington FC (42)
?,(Sat) 24 Nov 1984 (47),Stockport County FC (28),1-0,?,Exeter City FC (42)
?,(Mon) 6 May 1985 (18),Stockport County FC (29),0-3,?,FC Halifax Town (42)
?,(Sat) 25 Aug 1984 (34),Stockport County FC (30),4-1,?,Hartlepool United FC (42)
?,(Mon) 11 Mar 1985 (10),Stockport County FC (31),2-1,?,Hereford United FC (1924-2014) (42)
?,(Sat) 22 Sep 1984 (38),Stockport County FC (32),1-1,?,Mansfield Town FC (42)
?,(Tue) 1 Jan 1985 (0),Stockport County FC (33),4-2,?,Northampton Town FC (42)
?,(Sat) 16 Mar 1985 (10),Stockport County FC (34),1-1,?,Peterborough United FC (42)
?,(Sat) 3 Nov 1984 (44),Stockport County FC (35),3-1,?,Port Vale FC (42)
?,(Fri) 5 Oct 1984 (40),Stockport County FC (36),1-1,?,Rochdale AFC (42)
?,(Sat) 6 Apr 1985 (13),Stockport County FC (37),2-0,?,Scunthorpe United FC (42)
?,(Fri) 15 Feb 1985 (6),Stockport County FC (38),1-2,?,Southend United FC (42)
?,(Fri) 1 Mar 1985 (8),Stockport County FC (39),2-1,?,Swindon Town FC (20)
?,(Mon) 1 Apr 1985 (13),Stockport County FC (40),1-2,?,Torquay United FC (20)
?,(Fri) 7 Sep 1984 (36),Stockport County FC (41),0-2,?,Tranmere Rovers FC (20)
?,(Fri) 1 Feb 1985 (4),Stockport County FC (42),2-2,?,Wrexham AFC (20)
?,(Sat) 24 Nov 1984 (47),Swindon Town FC (21),2-1,?,Aldershot Town FC (43)
?,(Tue) 2 Oct 1984 (40),Swindon Town FC (22),4-1,?,Blackpool FC (43)
?,(Tue) 12 Mar 1985 (10),Swindon Town FC (23),1-0,?,Bury FC (43)
?,(Mon) 6 May 1985 (18),Swindon Town FC (24),4-4,?,Chester FC (43)
?,(Tue) 1 Jan 1985 (0),Swindon Town FC (25),4-0,?,Chesterfield FC (43)
?,(Sat) 15 Dec 1984 (50),Swindon Town FC (26),2-1,?,Colchester United FC (43)
?,(Sat) 16 Mar 1985 (10),Swindon Town FC (27),1-1,?,Crewe Alexandra FC (43)
?,(Sun) 28 Apr 1985 (16),Swindon Town FC (28),1-0,?,Darlington FC (43)
?,(Tue) 5 Mar 1985 (9),Swindon Town FC (29),2-0,?,Exeter City FC (43)
?,(Sat) 22 Dec 1984 (51),Swindon Town FC (30),2-1,?,FC Halifax Town (43)
?,(Sun) 31 Mar 1985 (12),Swindon Town FC (31),2-1,?,Hartlepool United FC (43)
?,(Sat) 22 Sep 1984 (38),Swindon Town FC (32),0-3,?,Hereford United FC (1924-2014) (43)
?,(Sat) 2 Feb 1985 (4),Swindon Town FC (33),1-0,?,Mansfield Town FC (43)
?,(Sat) 13 Apr 1985 (14),Swindon Town FC (34),2-0,?,Northampton Town FC (43)
?,(Sun) 7 Oct 1984 (40),Swindon Town FC (35),1-1,?,Peterborough United FC (43)
?,(Sat) 20 Oct 1984 (42),Swindon Town FC (36),0-1,?,Port Vale FC (43)
?,(Sat) 23 Feb 1985 (7),Swindon Town FC (37),2-1,?,Rochdale AFC (43)
?,(Tue) 6 Nov 1984 (45),Swindon Town FC (38),0-0,?,Scunthorpe United FC (43)
?,(Sat) 6 Apr 1985 (13),Swindon Town FC (39),2-0,?,Southend United FC (43)
?,(Sat) 27 Oct 1984 (43),Swindon Town FC (40),4-0,?,Stockport County FC (43)
?,(Sat) 8 Sep 1984 (36),Swindon Town FC (41),1-3,?,Torquay United FC (21)
?,(Sat) 26 Jan 1985 (3),Swindon Town FC (42),2-1,?,Tranmere Rovers FC (21)
?,(Sat) 25 Aug 1984 (34),Swindon Town FC (43),2-1,?,Wrexham AFC (21)
?,(Tue) 1 Jan 1985 (0),Torquay United FC (22),1-3,?,Aldershot Town FC (44)
?,(Sat) 15 Dec 1984 (50),Torquay United FC (23),0-2,?,Blackpool FC (44)
?,(Sat) 27 Apr 1985 (16),Torquay United FC (24),0-2,?,Bury FC (44)
?,(Sat) 13 Apr 1985 (14),Torquay United FC (25),2-0,?,Chester FC (44)
?,(Sat) 24 Nov 1984 (47),Torquay United FC (26),0-1,?,Chesterfield FC (44)
?,(Tue) 16 Apr 1985 (15),Torquay United FC (27),1-1,?,Colchester United FC (44)
?,(Sat) 5 Jan 1985 (0),Torquay United FC (28),0-0,?,Crewe Alexandra FC (44)
?,(Tue) 18 Sep 1984 (38),Torquay United FC (29),1-1,?,Darlington FC (44)
?,(Sat) 6 Apr 1985 (13),Torquay United FC (30),1-1,?,Exeter City FC (44)
?,(Tue) 6 Nov 1984 (45),Torquay United FC (31),1-1,?,FC Halifax Town (44)
?,(Sat) 20 Oct 1984 (42),Torquay United FC (32),0-1,?,Hartlepool United FC (44)
?,(Sat) 3 Nov 1984 (44),Torquay United FC (33),1-0,?,Hereford United FC (1924-2014) (44)
?,(Tue) 19 Mar 1985 (11),Torquay United FC (34),1-0,?,Mansfield Town FC (44)
?,(Mon) 6 May 1985 (18),Torquay United FC (35),0-2,?,Northampton Town FC (44)
?,(Sat) 29 Sep 1984 (39),Torquay United FC (36),0-0,?,Peterborough United FC (44)
?,(Sat) 15 Sep 1984 (37),Torquay United FC (37),1-3,?,Port Vale FC (44)
?,(Sat) 9 Feb 1985 (5),Torquay United FC (38),1-0,?,Rochdale AFC (44)
?,(Tue) 5 Mar 1985 (9),Torquay United FC (39),0-0,?,Scunthorpe United FC (44)
?,(Sat) 22 Dec 1984 (51),Torquay United FC (40),2-2,?,Southend United FC (44)
?,(Sat) 1 Sep 1984 (35),Torquay United FC (41),0-0,?,Stockport County FC (44)
?,(Tue) 26 Feb 1985 (8),Torquay United FC (42),0-0,?,Swindon Town FC (44)
?,(Sat) 2 Mar 1985 (8),Torquay United FC (43),1-1,?,Tranmere Rovers FC (22)
?,(Sat) 6 Oct 1984 (40),Torquay United FC (44),4-3,?,Wrexham AFC (22)
?,(Sat) 15 Dec 1984 (50),Tranmere Rovers FC (23),4-3,?,Aldershot Town FC (45)
?,(Tue) 23 Oct 1984 (43),Tranmere Rovers FC (24),3-0,?,Blackpool FC (45)
?,(Mon) 6 May 1985 (18),Tranmere Rovers FC (25),3-2,?,Bury FC (45)
?,(Tue) 16 Apr 1985 (15),Tranmere Rovers FC (26),1-0,?,Chester FC (45)
?,(Sat) 13 Apr 1985 (14),Tranmere Rovers FC (27),0-1,?,Chesterfield FC (45)
?,(Tue) 6 Nov 1984 (45),Tranmere Rovers FC (28),3-1,?,Colchester United FC (45)
?,(Sat) 1 Sep 1984 (35),Tranmere Rovers FC (29),3-1,?,Crewe Alexandra FC (45)
?,(Sat) 6 Apr 1985 (13),Tranmere Rovers FC (30),3-0,?,Darlington FC (45)
?,(Fri) 21 Dec 1984 (51),Tranmere Rovers FC (31),3-2,?,Exeter City FC (45)
?,(Mon) 17 Sep 1984 (38),Tranmere Rovers FC (32),1-0,?,FC Halifax Town (45)
?,(Sat) 6 Oct 1984 (40),Tranmere Rovers FC (33),1-2,?,Hartlepool United FC (45)
?,(Fri) 8 Mar 1985 (9),Tranmere Rovers FC (34),0-1,?,Hereford United FC (1924-2014) (45)
?,(Fri) 22 Feb 1985 (7),Tranmere Rovers FC (35),0-0,?,Mansfield Town FC (45)
?,(Fri) 23 Nov 1984 (47),Tranmere Rovers FC (36),1-2,?,Northampton Town FC (45)
?,(Sat) 5 Jan 1985 (0),Tranmere Rovers FC (37),4-0,?,Peterborough United FC (45)
?,(Mon) 1 Apr 1985 (13),Tranmere Rovers FC (38),4-1,?,Port Vale FC (45)
?,(Sat) 29 Sep 1984 (39),Tranmere Rovers FC (39),3-1,?,Rochdale AFC (45)
?,(Tue) 1 Jan 1985 (0),Tranmere Rovers FC (40),2-0,?,Scunthorpe United FC (45)
?,(Fri) 26 Apr 1985 (16),Tranmere Rovers FC (41),2-0,?,Southend United FC (45)
?,(Mon) 29 Apr 1985 (17),Tranmere Rovers FC (42),3-0,?,Stockport County FC (45)
?,(Fri) 14 Sep 1984 (37),Tranmere Rovers FC (43),0-2,?,Swindon Town FC (45)
?,(Sat) 27 Oct 1984 (43),Tranmere Rovers FC (44),3-1,?,Torquay United FC (45)
?,(Sat) 16 Mar 1985 (10),Tranmere Rovers FC (45),3-1,?,Wrexham AFC (23)
?,(Mon) 6 May 1985 (18),Wrexham AFC (24),1-0,?,Aldershot Town FC (46)
?,(Sat) 22 Dec 1984 (51),Wrexham AFC (25),1-2,?,Blackpool FC (46)
?,(Sat) 15 Dec 1984 (50),Wrexham AFC (26),3-0,?,Bury FC (46)
?,(Sat) 6 Apr 1985 (13),Wrexham AFC (27),2-0,?,Chester FC (46)
?,(Tue) 16 Apr 1985 (15),Wrexham AFC (28),2-0,?,Chesterfield FC (46)
?,(Tue) 1 Jan 1985 (0),Wrexham AFC (29),2-2,?,Colchester United FC (46)
?,(Tue) 2 Apr 1985 (13),Wrexham AFC (30),1-3,?,Crewe Alexandra FC (46)
?,(Sat) 13 Apr 1985 (14),Wrexham AFC (31),1-1,?,Darlington FC (46)
?,(Tue) 11 Sep 1984 (37),Wrexham AFC (32),2-0,?,Exeter City FC (46)
?,(Tue) 12 Mar 1985 (10),Wrexham AFC (33),0-1,?,FC Halifax Town (46)
?,(Sat) 3 Nov 1984 (44),Wrexham AFC (34),1-1,?,Hartlepool United FC (46)
?,(Sat) 2 Mar 1985 (8),Wrexham AFC (35),1-1,?,Hereford United FC (1924-2014) (46)
?,(Sat) 9 Mar 1985 (9),Wrexham AFC (36),2-2,?,Mansfield Town FC (46)
?,(Tue) 16 Oct 1984 (42),Wrexham AFC (37),0-3,?,Northampton Town FC (46)
?,(Sat) 15 Sep 1984 (37),Wrexham AFC (38),1-3,?,Peterborough United FC (46)
?,(Sat) 1 Sep 1984 (35),Wrexham AFC (39),1-1,?,Port Vale FC (46)
?,(Tue) 23 Apr 1985 (16),Wrexham AFC (40),2-0,?,Rochdale AFC (46)
?,(Sat) 27 Apr 1985 (16),Wrexham AFC (41),2-1,?,Scunthorpe United FC (46)
?,(Sat) 24 Nov 1984 (47),Wrexham AFC (42),1-2,?,Southend United FC (46)
?,(Sat) 29 Sep 1984 (39),Wrexham AFC (43),3-4,?,Stockport County FC (46)
?,(Sat) 5 Jan 1985 (0),Wrexham AFC (44),4-0,?,Swindon Town FC (46)
?,(Sat) 23 Mar 1985 (11),Wrexham AFC (45),2-0,?,Torquay United FC (46)
?,(Sat) 13 Oct 1984 (41),Wrexham AFC (46),4-0,?,Tranmere Rovers FC (46)
