Round,Date,Team 1,FT,HT,Team 2
?,(Sat) 5 Aug 2006 (W31),Barnsley FC (1),1-2,1-2,Cardiff City FC (1)
?,(Sat) 5 Aug 2006 (W31),Birmingham City FC (1),2-1,1-0,Colchester United FC (1)
?,(Sat) 5 Aug 2006 (W31),Burnley FC (1),2-0,0-0,Queens Park Rangers FC (1)
?,(Sat) 5 Aug 2006 (W31),Ipswich Town FC (1),1-2,1-0,Crystal Palace FC (1)
?,(Sat) 5 Aug 2006 (W31),Leeds United FC (1),1-0,1-0,Norwich City FC (1)
?,(Sat) 5 Aug 2006 (W31),Luton Town FC (1),2-0,1-0,Leicester City FC (1)
?,(Sat) 5 Aug 2006 (W31),Plymouth Argyle FC (1),1-1,1-0,Wolverhampton Wanderers FC (1)
?,(Sat) 5 Aug 2006 (W31),Preston North End FC (1),0-0,0-0,Sheffield Wednesday FC (1)
?,(Sat) 5 Aug 2006 (W31),Southend United FC (1),1-0,1-0,Stoke City FC (1)
?,(Sat) 5 Aug 2006 (W31),West Bromwich Albion FC (1),2-0,0-0,Hull City AFC (1)
?,(Sun) 6 Aug 2006 (W31),Coventry City FC (1),2-1,0-0,Sunderland AFC (1)
?,(Sun) 6 Aug 2006 (W31),Derby County FC (1),2-2,1-0,Southampton FC (1)
?,(Tue) 8 Aug 2006 (W32),Cardiff City FC (2),1-1,1-1,West Bromwich Albion FC (2)
?,(Tue) 8 Aug 2006 (W32),Colchester United FC (2),0-1,0-1,Plymouth Argyle FC (2)
?,(Tue) 8 Aug 2006 (W32),Crystal Palace FC (2),3-1,0-1,Southend United FC (2)
?,(Tue) 8 Aug 2006 (W32),Hull City AFC (2),2-3,2-1,Barnsley FC (2)
?,(Tue) 8 Aug 2006 (W32),Leicester City FC (2),0-1,0-1,Burnley FC (2)
?,(Tue) 8 Aug 2006 (W32),Norwich City FC (2),2-0,0-0,Preston North End FC (2)
?,(Tue) 8 Aug 2006 (W32),Queens Park Rangers FC (2),2-2,0-0,Leeds United FC (2)
?,(Tue) 8 Aug 2006 (W32),Sheffield Wednesday FC (2),0-1,0-1,Luton Town FC (2)
?,(Tue) 8 Aug 2006 (W32),Stoke City FC (2),2-0,1-0,Derby County FC (2)
?,(Tue) 8 Aug 2006 (W32),Wolverhampton Wanderers FC (2),1-0,1-0,Ipswich Town FC (2)
?,(Wed) 9 Aug 2006 (W32),Southampton FC (2),2-0,0-0,Coventry City FC (2)
?,(Wed) 9 Aug 2006 (W32),Sunderland AFC (2),0-1,0-1,Birmingham City FC (2)
?,(Fri) 11 Aug 2006 (W32),Wolverhampton Wanderers FC (3),1-3,1-1,Preston North End FC (3)
?,(Sat) 12 Aug 2006 (W32),Cardiff City FC (3),1-0,0-0,Coventry City FC (3)
?,(Sat) 12 Aug 2006 (W32),Colchester United FC (3),1-2,1-0,Barnsley FC (3)
?,(Sat) 12 Aug 2006 (W32),Hull City AFC (3),1-2,1-1,Derby County FC (3)
?,(Sat) 12 Aug 2006 (W32),Leicester City FC (3),3-1,1-0,Ipswich Town FC (3)
?,(Sat) 12 Aug 2006 (W32),Norwich City FC (3),3-2,0-1,Luton Town FC (3)
?,(Sat) 12 Aug 2006 (W32),Queens Park Rangers FC (3),2-0,2-0,Southend United FC (3)
?,(Sat) 12 Aug 2006 (W32),Sheffield Wednesday FC (3),1-1,0-0,Burnley FC (3)
?,(Sat) 12 Aug 2006 (W32),Southampton FC (3),0-0,0-0,West Bromwich Albion FC (3)
?,(Sat) 12 Aug 2006 (W32),Stoke City FC (3),0-0,0-0,Birmingham City FC (3)
?,(Sat) 12 Aug 2006 (W32),Sunderland AFC (3),2-3,1-2,Plymouth Argyle FC (3)
?,(Sun) 13 Aug 2006 (W32),Crystal Palace FC (3),1-0,0-0,Leeds United FC (3)
?,(Fri) 18 Aug 2006 (W33),Coventry City FC (4),0-0,0-0,Leicester City FC (4)
?,(Sat) 19 Aug 2006 (W33),Barnsley FC (4),2-2,1-0,Southampton FC (4)
?,(Sat) 19 Aug 2006 (W33),Birmingham City FC (4),2-1,1-1,Crystal Palace FC (4)
?,(Sat) 19 Aug 2006 (W33),Burnley FC (4),0-1,0-1,Wolverhampton Wanderers FC (4)
?,(Sat) 19 Aug 2006 (W33),Derby County FC (4),0-0,0-0,Norwich City FC (4)
?,(Sat) 19 Aug 2006 (W33),Ipswich Town FC (4),0-0,0-0,Hull City AFC (4)
?,(Sat) 19 Aug 2006 (W33),Leeds United FC (4),0-1,0-0,Cardiff City FC (4)
?,(Sat) 19 Aug 2006 (W33),Luton Town FC (4),2-2,0-1,Stoke City FC (4)
?,(Sat) 19 Aug 2006 (W33),Plymouth Argyle FC (4),1-2,1-0,Sheffield Wednesday FC (4)
?,(Sat) 19 Aug 2006 (W33),Preston North End FC (4),1-1,0-1,Queens Park Rangers FC (4)
?,(Sat) 19 Aug 2006 (W33),Southend United FC (4),3-1,1-0,Sunderland AFC (4)
?,(Sat) 19 Aug 2006 (W33),West Bromwich Albion FC (4),2-1,2-0,Colchester United FC (4)
?,(Fri) 25 Aug 2006 (W34),Queens Park Rangers FC (5),1-3,0-0,Ipswich Town FC (5)
?,(Sat) 26 Aug 2006 (W34),Cardiff City FC (5),2-0,1-0,Birmingham City FC (5)
?,(Sat) 26 Aug 2006 (W34),Colchester United FC (5),4-3,2-1,Derby County FC (5)
?,(Sat) 26 Aug 2006 (W34),Crystal Palace FC (5),2-2,0-1,Burnley FC (5)
?,(Sat) 26 Aug 2006 (W34),Hull City AFC (5),0-1,0-0,Coventry City FC (5)
?,(Sat) 26 Aug 2006 (W34),Leicester City FC (5),1-0,1-0,Southend United FC (5)
?,(Sat) 26 Aug 2006 (W34),Norwich City FC (5),5-1,2-1,Barnsley FC (5)
?,(Sat) 26 Aug 2006 (W34),Southampton FC (5),1-1,1-0,Preston North End FC (5)
?,(Sat) 26 Aug 2006 (W34),Stoke City FC (5),1-1,1-0,Plymouth Argyle FC (5)
?,(Sat) 26 Aug 2006 (W34),Wolverhampton Wanderers FC (5),1-0,0-0,Luton Town FC (5)
?,(Sun) 27 Aug 2006 (W34),Sheffield Wednesday FC (5),0-1,0-0,Leeds United FC (5)
?,(Mon) 28 Aug 2006 (W35),Sunderland AFC (5),2-0,1-0,West Bromwich Albion FC (5)
?,(Sat) 9 Sep 2006 (W36),Barnsley FC (6),2-2,0-2,Stoke City FC (6)
?,(Sat) 9 Sep 2006 (W36),Birmingham City FC (6),2-1,1-0,Hull City AFC (6)
?,(Sat) 9 Sep 2006 (W36),Burnley FC (6),1-2,0-1,Colchester United FC (6)
?,(Sat) 9 Sep 2006 (W36),Coventry City FC (6),3-0,1-0,Norwich City FC (6)
?,(Sat) 9 Sep 2006 (W36),Derby County FC (6),1-2,1-0,Sunderland AFC (6)
?,(Sat) 9 Sep 2006 (W36),Ipswich Town FC (6),2-1,0-1,Southampton FC (6)
?,(Sat) 9 Sep 2006 (W36),Luton Town FC (6),2-1,1-0,Crystal Palace FC (6)
?,(Sat) 9 Sep 2006 (W36),Plymouth Argyle FC (6),1-1,1-1,Queens Park Rangers FC (6)
?,(Sat) 9 Sep 2006 (W36),Preston North End FC (6),2-1,0-0,Cardiff City FC (6)
?,(Sat) 9 Sep 2006 (W36),Southend United FC (6),0-0,0-0,Sheffield Wednesday FC (6)
?,(Sat) 9 Sep 2006 (W36),West Bromwich Albion FC (6),2-0,0-0,Leicester City FC (6)
?,(Sun) 10 Sep 2006 (W36),Leeds United FC (6),0-1,0-0,Wolverhampton Wanderers FC (6)
?,(Tue) 12 Sep 2006 (W37),Burnley FC (7),4-2,1-2,Barnsley FC (7)
?,(Tue) 12 Sep 2006 (W37),Crystal Palace FC (7),0-2,0-1,Southampton FC (7)
?,(Tue) 12 Sep 2006 (W37),Ipswich Town FC (7),2-1,0-0,Coventry City FC (7)
?,(Tue) 12 Sep 2006 (W37),Leicester City FC (7),0-1,0-0,Hull City AFC (7)
?,(Tue) 12 Sep 2006 (W37),Luton Town FC (7),1-1,1-1,Colchester United FC (7)
?,(Tue) 12 Sep 2006 (W37),Plymouth Argyle FC (7),3-3,0-2,Cardiff City FC (7)
?,(Tue) 12 Sep 2006 (W37),Preston North End FC (7),1-0,0-0,West Bromwich Albion FC (7)
?,(Tue) 12 Sep 2006 (W37),Queens Park Rangers FC (7),0-2,0-1,Birmingham City FC (7)
?,(Tue) 12 Sep 2006 (W37),Sheffield Wednesday FC (7),1-1,1-1,Stoke City FC (7)
?,(Tue) 12 Sep 2006 (W37),Southend United FC (7),3-3,1-2,Norwich City FC (7)
?,(Tue) 12 Sep 2006 (W37),Wolverhampton Wanderers FC (7),0-1,0-1,Derby County FC (7)
?,(Wed) 13 Sep 2006 (W37),Leeds United FC (7),0-3,0-2,Sunderland AFC (7)
?,(Fri) 15 Sep 2006 (W37),Hull City AFC (8),2-1,2-1,Sheffield Wednesday FC (8)
?,(Sat) 16 Sep 2006 (W37),Barnsley FC (8),1-0,1-0,Wolverhampton Wanderers FC (8)
?,(Sat) 16 Sep 2006 (W37),Birmingham City FC (8),2-2,0-0,Ipswich Town FC (8)
?,(Sat) 16 Sep 2006 (W37),Cardiff City FC (8),4-1,2-1,Luton Town FC (8)
?,(Sat) 16 Sep 2006 (W37),Colchester United FC (8),2-1,2-0,Queens Park Rangers FC (8)
?,(Sat) 16 Sep 2006 (W37),Coventry City FC (8),1-0,1-0,Leeds United FC (8)
?,(Sat) 16 Sep 2006 (W37),Derby County FC (8),1-1,1-1,Preston North End FC (8)
?,(Sat) 16 Sep 2006 (W37),Norwich City FC (8),0-1,0-0,Crystal Palace FC (8)
?,(Sat) 16 Sep 2006 (W37),Southampton FC (8),1-0,0-0,Plymouth Argyle FC (8)
?,(Sat) 16 Sep 2006 (W37),Stoke City FC (8),0-1,0-1,Burnley FC (8)
?,(Sat) 16 Sep 2006 (W37),Sunderland AFC (8),1-1,0-0,Leicester City FC (8)
?,(Sat) 16 Sep 2006 (W37),West Bromwich Albion FC (8),1-1,0-0,Southend United FC (8)
?,(Fri) 22 Sep 2006 (W38),Preston North End FC (9),1-0,1-0,Barnsley FC (9)
?,(Sat) 23 Sep 2006 (W38),Burnley FC (9),2-3,2-1,Southampton FC (9)
?,(Sat) 23 Sep 2006 (W38),Crystal Palace FC (9),1-0,0-0,Coventry City FC (9)
?,(Sat) 23 Sep 2006 (W38),Ipswich Town FC (9),3-1,1-1,Sunderland AFC (9)
?,(Sat) 23 Sep 2006 (W38),Leeds United FC (9),3-2,2-1,Birmingham City FC (9)
?,(Sat) 23 Sep 2006 (W38),Leicester City FC (9),0-0,0-0,Colchester United FC (9)
?,(Sat) 23 Sep 2006 (W38),Luton Town FC (9),2-2,2-1,West Bromwich Albion FC (9)
?,(Sat) 23 Sep 2006 (W38),Plymouth Argyle FC (9),3-1,1-0,Norwich City FC (9)
?,(Sat) 23 Sep 2006 (W38),Queens Park Rangers FC (9),2-0,0-0,Hull City AFC (9)
?,(Sat) 23 Sep 2006 (W38),Sheffield Wednesday FC (9),1-2,0-0,Derby County FC (9)
?,(Sat) 23 Sep 2006 (W38),Wolverhampton Wanderers FC (9),2-0,1-0,Stoke City FC (9)
?,(Sun) 24 Sep 2006 (W38),Southend United FC (9),0-3,0-2,Cardiff City FC (9)
?,(Fri) 29 Sep 2006 (W39),Colchester United FC (10),1-0,1-0,Ipswich Town FC (10)
?,(Sat) 30 Sep 2006 (W39),Barnsley FC (10),1-2,0-0,Luton Town FC (10)
?,(Sat) 30 Sep 2006 (W39),Birmingham City FC (10),1-1,0-0,Leicester City FC (10)
?,(Sat) 30 Sep 2006 (W39),Cardiff City FC (10),4-0,1-0,Wolverhampton Wanderers FC (10)
?,(Sat) 30 Sep 2006 (W39),Coventry City FC (10),0-1,0-0,Plymouth Argyle FC (10)
?,(Sat) 30 Sep 2006 (W39),Derby County FC (10),3-0,1-0,Southend United FC (10)
?,(Sat) 30 Sep 2006 (W39),Hull City AFC (10),1-1,0-0,Crystal Palace FC (10)
?,(Sat) 30 Sep 2006 (W39),Southampton FC (10),1-2,1-2,Queens Park Rangers FC (10)
?,(Sat) 30 Sep 2006 (W39),Stoke City FC (10),1-1,1-0,Preston North End FC (10)
?,(Sat) 30 Sep 2006 (W39),Sunderland AFC (10),1-0,0-0,Sheffield Wednesday FC (10)
?,(Sat) 30 Sep 2006 (W39),West Bromwich Albion FC (10),4-2,1-0,Leeds United FC (10)
?,(Sun) 1 Oct 2006 (W39),Norwich City FC (10),1-4,0-2,Burnley FC (10)
?,(Fri) 13 Oct 2006 (W41),Southend United FC (11),2-3,1-1,Coventry City FC (11)
?,(Sat) 14 Oct 2006 (W41),Burnley FC (11),2-0,2-0,Hull City AFC (11)
?,(Sat) 14 Oct 2006 (W41),Crystal Palace FC (11),1-2,1-1,Cardiff City FC (11)
?,(Sat) 14 Oct 2006 (W41),Ipswich Town FC (11),1-5,1-2,West Bromwich Albion FC (11)
?,(Sat) 14 Oct 2006 (W41),Leeds United FC (11),0-4,0-1,Stoke City FC (11)
?,(Sat) 14 Oct 2006 (W41),Leicester City FC (11),3-2,1-1,Southampton FC (11)
?,(Sat) 14 Oct 2006 (W41),Luton Town FC (11),3-2,2-1,Birmingham City FC (11)
?,(Sat) 14 Oct 2006 (W41),Preston North End FC (11),4-1,3-0,Sunderland AFC (11)
?,(Sat) 14 Oct 2006 (W41),Queens Park Rangers FC (11),3-3,2-1,Norwich City FC (11)
?,(Sat) 14 Oct 2006 (W41),Sheffield Wednesday FC (11),2-1,1-0,Barnsley FC (11)
?,(Sat) 14 Oct 2006 (W41),Wolverhampton Wanderers FC (11),1-0,0-0,Colchester United FC (11)
?,(Sun) 15 Oct 2006 (W41),Plymouth Argyle FC (11),3-1,1-1,Derby County FC (11)
?,(Tue) 17 Oct 2006 (W42),Barnsley FC (12),2-2,1-2,Plymouth Argyle FC (12)
?,(Tue) 17 Oct 2006 (W42),Birmingham City FC (12),0-1,0-0,Norwich City FC (12)
?,(Tue) 17 Oct 2006 (W42),Burnley FC (12),0-0,0-0,Southend United FC (12)
?,(Tue) 17 Oct 2006 (W42),Cardiff City FC (12),1-0,0-0,Southampton FC (12)
?,(Tue) 17 Oct 2006 (W42),Crystal Palace FC (12),0-2,0-1,West Bromwich Albion FC (12)
?,(Tue) 17 Oct 2006 (W42),Hull City AFC (12),0-0,0-0,Luton Town FC (12)
?,(Tue) 17 Oct 2006 (W42),Ipswich Town FC (12),2-3,2-0,Preston North End FC (12)
?,(Tue) 17 Oct 2006 (W42),Leeds United FC (12),1-2,0-1,Leicester City FC (12)
?,(Tue) 17 Oct 2006 (W42),Queens Park Rangers FC (12),1-2,1-2,Derby County FC (12)
?,(Tue) 17 Oct 2006 (W42),Stoke City FC (12),2-1,0-1,Sunderland AFC (12)
?,(Tue) 17 Oct 2006 (W42),Wolverhampton Wanderers FC (12),1-0,1-0,Coventry City FC (12)
?,(Wed) 18 Oct 2006 (W42),Colchester United FC (12),4-0,1-0,Sheffield Wednesday FC (12)
?,(Sat) 21 Oct 2006 (W42),Derby County FC (13),0-1,0-0,Birmingham City FC (13)
?,(Sat) 21 Oct 2006 (W42),Leicester City FC (13),1-1,1-1,Crystal Palace FC (13)
?,(Sat) 21 Oct 2006 (W42),Luton Town FC (13),5-1,1-1,Leeds United FC (13)
?,(Sat) 21 Oct 2006 (W42),Norwich City FC (13),1-0,1-0,Cardiff City FC (13)
?,(Sat) 21 Oct 2006 (W42),Plymouth Argyle FC (13),0-0,0-0,Burnley FC (13)
?,(Sat) 21 Oct 2006 (W42),Preston North End FC (13),2-1,2-0,Hull City AFC (13)
?,(Sat) 21 Oct 2006 (W42),Sheffield Wednesday FC (13),3-2,2-0,Queens Park Rangers FC (13)
?,(Sat) 21 Oct 2006 (W42),Southampton FC (13),1-0,0-0,Stoke City FC (13)
?,(Sat) 21 Oct 2006 (W42),Southend United FC (13),1-3,0-1,Ipswich Town FC (13)
?,(Sat) 21 Oct 2006 (W42),Sunderland AFC (13),2-0,0-0,Barnsley FC (13)
?,(Sun) 22 Oct 2006 (W42),West Bromwich Albion FC (13),3-0,2-0,Wolverhampton Wanderers FC (13)
?,(Mon) 23 Oct 2006 (W43),Coventry City FC (13),2-1,1-0,Colchester United FC (13)
?,(Fri) 27 Oct 2006 (W43),Burnley FC (14),3-2,1-0,Preston North End FC (14)
?,(Sat) 28 Oct 2006 (W43),Barnsley FC (14),0-1,0-0,Coventry City FC (14)
?,(Sat) 28 Oct 2006 (W43),Birmingham City FC (14),2-0,1-0,West Bromwich Albion FC (14)
?,(Sat) 28 Oct 2006 (W43),Cardiff City FC (14),2-2,0-0,Derby County FC (14)
?,(Sat) 28 Oct 2006 (W43),Colchester United FC (14),2-0,1-0,Southampton FC (14)
?,(Sat) 28 Oct 2006 (W43),Crystal Palace FC (14),0-1,0-1,Plymouth Argyle FC (14)
?,(Sat) 28 Oct 2006 (W43),Hull City AFC (14),0-1,0-0,Sunderland AFC (14)
?,(Sat) 28 Oct 2006 (W43),Leeds United FC (14),2-0,1-0,Southend United FC (14)
?,(Sat) 28 Oct 2006 (W43),Queens Park Rangers FC (14),1-1,0-1,Leicester City FC (14)
?,(Sat) 28 Oct 2006 (W43),Stoke City FC (14),5-0,2-0,Norwich City FC (14)
?,(Sat) 28 Oct 2006 (W43),Wolverhampton Wanderers FC (14),2-2,1-1,Sheffield Wednesday FC (14)
?,(Sun) 29 Oct 2006 (W43),Ipswich Town FC (14),5-0,1-0,Luton Town FC (14)
?,(Tue) 31 Oct 2006 (W44),Coventry City FC (15),0-1,0-1,Birmingham City FC (15)
?,(Tue) 31 Oct 2006 (W44),Leicester City FC (15),2-1,1-1,Stoke City FC (15)
?,(Tue) 31 Oct 2006 (W44),Luton Town FC (15),0-2,0-2,Burnley FC (15)
?,(Tue) 31 Oct 2006 (W44),Norwich City FC (15),1-1,0-0,Colchester United FC (15)
?,(Tue) 31 Oct 2006 (W44),Plymouth Argyle FC (15),1-1,1-1,Ipswich Town FC (15)
?,(Tue) 31 Oct 2006 (W44),Preston North End FC (15),4-1,2-0,Leeds United FC (15)
?,(Tue) 31 Oct 2006 (W44),Sheffield Wednesday FC (15),3-2,1-1,Crystal Palace FC (15)
?,(Tue) 31 Oct 2006 (W44),Southend United FC (15),2-3,1-1,Hull City AFC (15)
?,(Tue) 31 Oct 2006 (W44),Sunderland AFC (15),1-2,1-2,Cardiff City FC (15)
?,(Tue) 31 Oct 2006 (W44),West Bromwich Albion FC (15),3-3,2-1,Queens Park Rangers FC (15)
?,(Wed) 1 Nov 2006 (W44),Derby County FC (15),2-1,0-1,Barnsley FC (15)
?,(Wed) 1 Nov 2006 (W44),Southampton FC (15),2-0,1-0,Wolverhampton Wanderers FC (15)
?,(Sat) 4 Nov 2006 (W44),Barnsley FC (16),3-2,1-2,Leeds United FC (16)
?,(Sat) 4 Nov 2006 (W44),Burnley FC (16),1-0,0-0,Ipswich Town FC (16)
?,(Sat) 4 Nov 2006 (W44),Colchester United FC (16),3-1,0-0,Cardiff City FC (16)
?,(Sat) 4 Nov 2006 (W44),Derby County FC (16),2-1,0-1,West Bromwich Albion FC (16)
?,(Sat) 4 Nov 2006 (W44),Norwich City FC (16),1-0,0-0,Sunderland AFC (16)
?,(Sat) 4 Nov 2006 (W44),Plymouth Argyle FC (16),0-1,0-0,Birmingham City FC (16)
?,(Sat) 4 Nov 2006 (W44),Preston North End FC (16),3-0,0-0,Luton Town FC (16)
?,(Sat) 4 Nov 2006 (W44),Queens Park Rangers FC (16),4-2,1-2,Crystal Palace FC (16)
?,(Sat) 4 Nov 2006 (W44),Sheffield Wednesday FC (16),2-1,1-0,Leicester City FC (16)
?,(Sat) 4 Nov 2006 (W44),Southampton FC (16),0-0,0-0,Hull City AFC (16)
?,(Sat) 4 Nov 2006 (W44),Wolverhampton Wanderers FC (16),3-1,3-0,Southend United FC (16)
?,(Mon) 6 Nov 2006 (W45),Stoke City FC (16),1-0,0-0,Coventry City FC (16)
?,(Sat) 11 Nov 2006 (W45),Birmingham City FC (17),2-0,1-0,Barnsley FC (17)
?,(Sat) 11 Nov 2006 (W45),Cardiff City FC (17),1-0,1-0,Burnley FC (17)
?,(Sat) 11 Nov 2006 (W45),Coventry City FC (17),1-2,1-1,Derby County FC (17)
?,(Sat) 11 Nov 2006 (W45),Crystal Palace FC (17),0-1,0-1,Stoke City FC (17)
?,(Sat) 11 Nov 2006 (W45),Hull City AFC (17),2-0,1-0,Wolverhampton Wanderers FC (17)
?,(Sat) 11 Nov 2006 (W45),Ipswich Town FC (17),0-2,0-1,Sheffield Wednesday FC (17)
?,(Sat) 11 Nov 2006 (W45),Leeds United FC (17),3-0,1-0,Colchester United FC (17)
?,(Sat) 11 Nov 2006 (W45),Leicester City FC (17),2-2,1-1,Plymouth Argyle FC (17)
?,(Sat) 11 Nov 2006 (W45),Luton Town FC (17),2-3,2-1,Queens Park Rangers FC (17)
?,(Sat) 11 Nov 2006 (W45),Southend United FC (17),0-0,0-0,Preston North End FC (17)
?,(Sat) 11 Nov 2006 (W45),Sunderland AFC (17),1-1,0-0,Southampton FC (17)
?,(Sat) 11 Nov 2006 (W45),West Bromwich Albion FC (17),0-1,0-0,Norwich City FC (17)
?,(Fri) 17 Nov 2006 (W46),Cardiff City FC (18),0-1,0-0,Queens Park Rangers FC (18)
?,(Sat) 18 Nov 2006 (W46),Birmingham City FC (18),1-1,1-0,Wolverhampton Wanderers FC (18)
?,(Sat) 18 Nov 2006 (W46),Coventry City FC (18),3-1,1-1,Sheffield Wednesday FC (18)
?,(Sat) 18 Nov 2006 (W46),Crystal Palace FC (18),2-0,2-0,Barnsley FC (18)
?,(Sat) 18 Nov 2006 (W46),Hull City AFC (18),0-2,0-1,Stoke City FC (18)
?,(Sat) 18 Nov 2006 (W46),Leeds United FC (18),0-3,0-1,Southampton FC (18)
?,(Sat) 18 Nov 2006 (W46),Leicester City FC (18),0-1,0-1,Preston North End FC (18)
?,(Sat) 18 Nov 2006 (W46),Luton Town FC (18),0-2,0-0,Derby County FC (18)
?,(Sat) 18 Nov 2006 (W46),Southend United FC (18),1-1,0-1,Plymouth Argyle FC (18)
?,(Sat) 18 Nov 2006 (W46),Sunderland AFC (18),3-1,1-0,Colchester United FC (18)
?,(Sat) 18 Nov 2006 (W46),West Bromwich Albion FC (18),3-0,3-0,Burnley FC (18)
?,(Sun) 19 Nov 2006 (W46),Ipswich Town FC (18),3-1,1-1,Norwich City FC (18)
?,(Fri) 24 Nov 2006 (W47),Wolverhampton Wanderers FC (19),1-1,1-0,Sunderland AFC (19)
?,(Sat) 25 Nov 2006 (W47),Barnsley FC (19),1-0,0-0,Ipswich Town FC (19)
?,(Sat) 25 Nov 2006 (W47),Burnley FC (19),1-2,1-1,Birmingham City FC (19)
?,(Sat) 25 Nov 2006 (W47),Colchester United FC (19),3-0,0-0,Southend United FC (19)
?,(Sat) 25 Nov 2006 (W47),Derby County FC (19),1-0,0-0,Leicester City FC (19)
?,(Sat) 25 Nov 2006 (W47),Norwich City FC (19),1-1,0-0,Hull City AFC (19)
?,(Sat) 25 Nov 2006 (W47),Plymouth Argyle FC (19),1-2,1-1,Leeds United FC (19)
?,(Sat) 25 Nov 2006 (W47),Preston North End FC (19),0-0,0-0,Crystal Palace FC (19)
?,(Sat) 25 Nov 2006 (W47),Queens Park Rangers FC (19),0-1,0-0,Coventry City FC (19)
?,(Sat) 25 Nov 2006 (W47),Sheffield Wednesday FC (19),0-0,0-0,Cardiff City FC (19)
?,(Sat) 25 Nov 2006 (W47),Southampton FC (19),2-1,2-0,Luton Town FC (19)
?,(Sat) 25 Nov 2006 (W47),Stoke City FC (19),1-0,1-0,West Bromwich Albion FC (19)
?,(Tue) 28 Nov 2006 (W48),Barnsley FC (20),2-0,1-0,Southend United FC (20)
?,(Tue) 28 Nov 2006 (W48),Burnley FC (20),2-1,0-0,Leeds United FC (20)
?,(Tue) 28 Nov 2006 (W48),Colchester United FC (20),5-1,1-1,Hull City AFC (20)
?,(Tue) 28 Nov 2006 (W48),Norwich City FC (20),3-1,1-1,Leicester City FC (20)
?,(Tue) 28 Nov 2006 (W48),Plymouth Argyle FC (20),1-0,0-0,Luton Town FC (20)
?,(Tue) 28 Nov 2006 (W48),Preston North End FC (20),1-1,1-0,Coventry City FC (20)
?,(Tue) 28 Nov 2006 (W48),Queens Park Rangers FC (20),1-2,0-2,Sunderland AFC (20)
?,(Tue) 28 Nov 2006 (W48),Sheffield Wednesday FC (20),3-1,2-0,West Bromwich Albion FC (20)
?,(Tue) 28 Nov 2006 (W48),Stoke City FC (20),3-0,0-0,Cardiff City FC (20)
?,(Tue) 28 Nov 2006 (W48),Wolverhampton Wanderers FC (20),1-1,0-0,Crystal Palace FC (20)
?,(Wed) 29 Nov 2006 (W48),Derby County FC (20),2-1,0-1,Ipswich Town FC (20)
?,(Wed) 29 Nov 2006 (W48),Southampton FC (20),4-3,3-0,Birmingham City FC (20)
?,(Sat) 2 Dec 2006 (W48),Birmingham City FC (21),3-0,3-0,Plymouth Argyle FC (21)
?,(Sat) 2 Dec 2006 (W48),Cardiff City FC (21),0-0,0-0,Colchester United FC (21)
?,(Sat) 2 Dec 2006 (W48),Coventry City FC (21),0-0,0-0,Stoke City FC (21)
?,(Sat) 2 Dec 2006 (W48),Crystal Palace FC (21),3-0,2-0,Queens Park Rangers FC (21)
?,(Sat) 2 Dec 2006 (W48),Hull City AFC (21),2-4,2-2,Southampton FC (21)
?,(Sat) 2 Dec 2006 (W48),Ipswich Town FC (21),1-1,0-0,Burnley FC (21)
?,(Sat) 2 Dec 2006 (W48),Leeds United FC (21),2-2,2-2,Barnsley FC (21)
?,(Sat) 2 Dec 2006 (W48),Leicester City FC (21),1-4,0-1,Sheffield Wednesday FC (21)
?,(Sat) 2 Dec 2006 (W48),Luton Town FC (21),2-0,2-0,Preston North End FC (21)
?,(Sat) 2 Dec 2006 (W48),Southend United FC (21),0-1,0-0,Wolverhampton Wanderers FC (21)
?,(Sat) 2 Dec 2006 (W48),Sunderland AFC (21),1-0,0-0,Norwich City FC (21)
?,(Sat) 2 Dec 2006 (W48),West Bromwich Albion FC (21),1-0,0-0,Derby County FC (21)
?,(Sat) 9 Dec 2006 (W49),Birmingham City FC (22),3-1,2-1,Preston North End FC (22)
?,(Sat) 9 Dec 2006 (W49),Cardiff City FC (22),2-2,1-0,Ipswich Town FC (22)
?,(Sat) 9 Dec 2006 (W49),Coventry City FC (22),1-0,1-0,Burnley FC (22)
?,(Sat) 9 Dec 2006 (W49),Crystal Palace FC (22),1-3,0-0,Colchester United FC (22)
?,(Sat) 9 Dec 2006 (W49),Leeds United FC (22),0-1,0-1,Derby County FC (22)
?,(Sat) 9 Dec 2006 (W49),Norwich City FC (22),1-2,0-0,Sheffield Wednesday FC (22)
?,(Sat) 9 Dec 2006 (W49),Plymouth Argyle FC (22),1-0,0-0,Hull City AFC (22)
?,(Sat) 9 Dec 2006 (W49),Southend United FC (22),2-1,1-0,Southampton FC (22)
?,(Sat) 9 Dec 2006 (W49),Stoke City FC (22),1-0,1-0,Queens Park Rangers FC (22)
?,(Sat) 9 Dec 2006 (W49),Sunderland AFC (22),2-1,1-1,Luton Town FC (22)
?,(Sat) 9 Dec 2006 (W49),Wolverhampton Wanderers FC (22),1-2,0-1,Leicester City FC (22)
?,(Sun) 10 Dec 2006 (W49),Barnsley FC (22),1-1,1-1,West Bromwich Albion FC (22)
?,(Fri) 15 Dec 2006 (W50),Luton Town FC (23),0-0,0-0,Southend United FC (23)
?,(Sat) 16 Dec 2006 (W50),Burnley FC (23),2-2,1-0,Sunderland AFC (23)
?,(Sat) 16 Dec 2006 (W50),Colchester United FC (23),3-0,2-0,Stoke City FC (23)
?,(Sat) 16 Dec 2006 (W50),Derby County FC (23),1-0,1-0,Crystal Palace FC (23)
?,(Sat) 16 Dec 2006 (W50),Hull City AFC (23),4-1,3-0,Cardiff City FC (23)
?,(Sat) 16 Dec 2006 (W50),Ipswich Town FC (23),1-0,1-0,Leeds United FC (23)
?,(Sat) 16 Dec 2006 (W50),Leicester City FC (23),2-0,1-0,Barnsley FC (23)
?,(Sat) 16 Dec 2006 (W50),Preston North End FC (23),3-0,2-0,Plymouth Argyle FC (23)
?,(Sat) 16 Dec 2006 (W50),Queens Park Rangers FC (23),0-1,0-0,Wolverhampton Wanderers FC (23)
?,(Sat) 16 Dec 2006 (W50),Sheffield Wednesday FC (23),0-3,0-1,Birmingham City FC (23)
?,(Sat) 16 Dec 2006 (W50),Southampton FC (23),2-1,1-1,Norwich City FC (23)
?,(Sat) 16 Dec 2006 (W50),West Bromwich Albion FC (23),5-0,3-0,Coventry City FC (23)
?,(Fri) 22 Dec 2006 (W51),Crystal Palace FC (24),1-0,1-0,Sunderland AFC (24)
?,(Sat) 23 Dec 2006 (W51),Burnley FC (24),0-0,0-0,Derby County FC (24)
?,(Sat) 23 Dec 2006 (W51),Ipswich Town FC (24),0-1,0-0,Stoke City FC (24)
?,(Sat) 23 Dec 2006 (W51),Leeds United FC (24),0-0,0-0,Hull City AFC (24)
?,(Sat) 23 Dec 2006 (W51),Leicester City FC (24),0-0,0-0,Cardiff City FC (24)
?,(Sat) 23 Dec 2006 (W51),Luton Town FC (24),3-1,1-0,Coventry City FC (24)
?,(Sat) 23 Dec 2006 (W51),Plymouth Argyle FC (24),2-2,2-2,West Bromwich Albion FC (24)
?,(Sat) 23 Dec 2006 (W51),Preston North End FC (24),1-0,1-0,Colchester United FC (24)
?,(Sat) 23 Dec 2006 (W51),Queens Park Rangers FC (24),1-0,1-0,Barnsley FC (24)
?,(Sat) 23 Dec 2006 (W51),Sheffield Wednesday FC (24),3-3,1-2,Southampton FC (24)
?,(Sat) 23 Dec 2006 (W51),Southend United FC (24),0-4,0-2,Birmingham City FC (24)
?,(Sat) 23 Dec 2006 (W51),Wolverhampton Wanderers FC (24),2-2,1-1,Norwich City FC (24)
?,(Tue) 26 Dec 2006 (W52),Barnsley FC (25),1-0,1-0,Burnley FC (25)
?,(Tue) 26 Dec 2006 (W52),Birmingham City FC (25),2-1,1-1,Queens Park Rangers FC (25)
?,(Tue) 26 Dec 2006 (W52),Cardiff City FC (25),2-2,0-1,Plymouth Argyle FC (25)
?,(Tue) 26 Dec 2006 (W52),Colchester United FC (25),4-1,2-0,Luton Town FC (25)
?,(Tue) 26 Dec 2006 (W52),Coventry City FC (25),1-2,0-0,Ipswich Town FC (25)
?,(Tue) 26 Dec 2006 (W52),Derby County FC (25),0-2,0-0,Wolverhampton Wanderers FC (25)
?,(Tue) 26 Dec 2006 (W52),Hull City AFC (25),1-2,1-0,Leicester City FC (25)
?,(Tue) 26 Dec 2006 (W52),Norwich City FC (25),0-0,0-0,Southend United FC (25)
?,(Tue) 26 Dec 2006 (W52),Southampton FC (25),1-1,0-0,Crystal Palace FC (25)
?,(Tue) 26 Dec 2006 (W52),Stoke City FC (25),1-2,0-1,Sheffield Wednesday FC (25)
?,(Tue) 26 Dec 2006 (W52),Sunderland AFC (25),2-0,0-0,Leeds United FC (25)
?,(Tue) 26 Dec 2006 (W52),West Bromwich Albion FC (25),4-2,2-1,Preston North End FC (25)
?,(Fri) 29 Dec 2006 (W52),Birmingham City FC (26),2-2,1-1,Luton Town FC (26)
?,(Sat) 30 Dec 2006 (W52),Barnsley FC (26),0-3,0-1,Sheffield Wednesday FC (26)
?,(Sat) 30 Dec 2006 (W52),Cardiff City FC (26),0-0,0-0,Crystal Palace FC (26)
?,(Sat) 30 Dec 2006 (W52),Colchester United FC (26),2-1,2-0,Wolverhampton Wanderers FC (26)
?,(Sat) 30 Dec 2006 (W52),Coventry City FC (26),1-1,1-0,Southend United FC (26)
?,(Sat) 30 Dec 2006 (W52),Derby County FC (26),1-0,0-0,Plymouth Argyle FC (26)
?,(Sat) 30 Dec 2006 (W52),Hull City AFC (26),2-0,2-0,Burnley FC (26)
?,(Sat) 30 Dec 2006 (W52),Norwich City FC (26),1-0,0-0,Queens Park Rangers FC (26)
?,(Sat) 30 Dec 2006 (W52),Southampton FC (26),2-0,1-0,Leicester City FC (26)
?,(Sat) 30 Dec 2006 (W52),Stoke City FC (26),3-1,1-1,Leeds United FC (26)
?,(Sat) 30 Dec 2006 (W52),Sunderland AFC (26),0-1,0-1,Preston North End FC (26)
?,(Sat) 30 Dec 2006 (W52),West Bromwich Albion FC (26),2-0,0-0,Ipswich Town FC (26)
?,(Mon) 1 Jan 2007 (W1),Crystal Palace FC (27),3-1,3-1,Norwich City FC (27)
?,(Mon) 1 Jan 2007 (W1),Ipswich Town FC (27),1-0,0-0,Birmingham City FC (27)
?,(Mon) 1 Jan 2007 (W1),Leeds United FC (27),2-1,1-1,Coventry City FC (27)
?,(Mon) 1 Jan 2007 (W1),Leicester City FC (27),0-2,0-0,Sunderland AFC (27)
?,(Mon) 1 Jan 2007 (W1),Luton Town FC (27),0-0,0-0,Cardiff City FC (27)
?,(Mon) 1 Jan 2007 (W1),Plymouth Argyle FC (27),1-1,0-1,Southampton FC (27)
?,(Mon) 1 Jan 2007 (W1),Preston North End FC (27),1-2,0-0,Derby County FC (27)
?,(Mon) 1 Jan 2007 (W1),Queens Park Rangers FC (27),1-0,1-0,Colchester United FC (27)
?,(Mon) 1 Jan 2007 (W1),Sheffield Wednesday FC (27),1-2,0-1,Hull City AFC (27)
?,(Mon) 1 Jan 2007 (W1),Southend United FC (27),3-1,3-0,West Bromwich Albion FC (27)
?,(Mon) 1 Jan 2007 (W1),Wolverhampton Wanderers FC (27),2-0,0-0,Barnsley FC (27)
?,(Fri) 12 Jan 2007 (W2),West Bromwich Albion FC (28),3-2,1-0,Luton Town FC (28)
?,(Sat) 13 Jan 2007 (W2),Barnsley FC (28),0-1,0-0,Preston North End FC (28)
?,(Sat) 13 Jan 2007 (W2),Cardiff City FC (28),0-1,0-1,Southend United FC (28)
?,(Sat) 13 Jan 2007 (W2),Colchester United FC (28),1-1,0-1,Leicester City FC (28)
?,(Sat) 13 Jan 2007 (W2),Coventry City FC (28),2-4,1-4,Crystal Palace FC (28)
?,(Sat) 13 Jan 2007 (W2),Derby County FC (28),1-0,0-0,Sheffield Wednesday FC (28)
?,(Sat) 13 Jan 2007 (W2),Hull City AFC (28),2-1,0-1,Queens Park Rangers FC (28)
?,(Sat) 13 Jan 2007 (W2),Norwich City FC (28),1-3,1-0,Plymouth Argyle FC (28)
?,(Sat) 13 Jan 2007 (W2),Southampton FC (28),0-0,0-0,Burnley FC (27)
?,(Sat) 13 Jan 2007 (W2),Stoke City FC (27),1-1,0-0,Wolverhampton Wanderers FC (28)
?,(Sat) 13 Jan 2007 (W2),Sunderland AFC (28),1-0,1-0,Ipswich Town FC (28)
?,(Sat) 20 Jan 2007 (W3),Crystal Palace FC (29),1-1,0-0,Hull City AFC (29)
?,(Sat) 20 Jan 2007 (W3),Ipswich Town FC (29),3-2,1-1,Colchester United FC (29)
?,(Sat) 20 Jan 2007 (W3),Leeds United FC (28),2-3,1-3,West Bromwich Albion FC (29)
?,(Sat) 20 Jan 2007 (W3),Luton Town FC (29),0-2,0-1,Barnsley FC (29)
?,(Sat) 20 Jan 2007 (W3),Preston North End FC (29),3-2,0-2,Stoke City FC (28)
?,(Sat) 20 Jan 2007 (W3),Queens Park Rangers FC (29),0-2,0-0,Southampton FC (29)
?,(Sat) 20 Jan 2007 (W3),Sheffield Wednesday FC (29),2-4,0-2,Sunderland AFC (29)
?,(Sat) 20 Jan 2007 (W3),Southend United FC (29),0-1,0-1,Derby County FC (29)
?,(Sat) 20 Jan 2007 (W3),Wolverhampton Wanderers FC (29),1-2,0-1,Cardiff City FC (29)
?,(Mon) 22 Jan 2007 (W4),Plymouth Argyle FC (29),3-2,2-1,Coventry City FC (29)
?,(Tue) 23 Jan 2007 (W4),Burnley FC (28),0-1,0-1,Stoke City FC (29)
?,(Sat) 27 Jan 2007 (W4),Cardiff City FC (30),3-2,1-0,Leicester City FC (29)
?,(Tue) 30 Jan 2007 (W5),Barnsley FC (30),2-0,1-0,Queens Park Rangers FC (30)
?,(Tue) 30 Jan 2007 (W5),Birmingham City FC (28),1-3,1-1,Southend United FC (30)
?,(Tue) 30 Jan 2007 (W5),Colchester United FC (30),1-0,0-0,Preston North End FC (30)
?,(Tue) 30 Jan 2007 (W5),Coventry City FC (30),1-0,0-0,Luton Town FC (30)
?,(Tue) 30 Jan 2007 (W5),Derby County FC (30),1-0,1-0,Burnley FC (29)
?,(Tue) 30 Jan 2007 (W5),Hull City AFC (30),1-2,1-1,Leeds United FC (29)
?,(Tue) 30 Jan 2007 (W5),Norwich City FC (29),0-1,0-0,Wolverhampton Wanderers FC (30)
?,(Tue) 30 Jan 2007 (W5),Stoke City FC (30),0-0,0-0,Ipswich Town FC (30)
?,(Tue) 30 Jan 2007 (W5),Sunderland AFC (30),0-0,0-0,Crystal Palace FC (30)
?,(Wed) 31 Jan 2007 (W5),Southampton FC (30),2-1,1-0,Sheffield Wednesday FC (30)
?,(Wed) 31 Jan 2007 (W5),West Bromwich Albion FC (30),2-1,1-0,Plymouth Argyle FC (30)
?,(Fri) 2 Feb 2007 (W5),Cardiff City FC (31),2-0,2-0,Barnsley FC (31)
?,(Sat) 3 Feb 2007 (W5),Colchester United FC (31),1-1,0-0,Birmingham City FC (29)
?,(Sat) 3 Feb 2007 (W5),Crystal Palace FC (31),2-0,1-0,Ipswich Town FC (31)
?,(Sat) 3 Feb 2007 (W5),Hull City AFC (31),0-1,0-0,West Bromwich Albion FC (31)
?,(Sat) 3 Feb 2007 (W5),Leicester City FC (30),1-1,1-1,Luton Town FC (31)
?,(Sat) 3 Feb 2007 (W5),Norwich City FC (30),2-1,0-1,Leeds United FC (30)
?,(Sat) 3 Feb 2007 (W5),Queens Park Rangers FC (31),3-1,1-1,Burnley FC (30)
?,(Sat) 3 Feb 2007 (W5),Sheffield Wednesday FC (31),1-3,1-2,Preston North End FC (31)
?,(Sat) 3 Feb 2007 (W5),Southampton FC (31),0-1,0-0,Derby County FC (31)
?,(Sat) 3 Feb 2007 (W5),Stoke City FC (31),1-1,1-0,Southend United FC (31)
?,(Sat) 3 Feb 2007 (W5),Sunderland AFC (31),2-0,1-0,Coventry City FC (31)
?,(Sat) 3 Feb 2007 (W5),Wolverhampton Wanderers FC (31),2-2,1-2,Plymouth Argyle FC (31)
?,(Fri) 9 Feb 2007 (W6),Southend United FC (32),5-0,1-0,Queens Park Rangers FC (32)
?,(Sat) 10 Feb 2007 (W6),Barnsley FC (32),0-3,0-2,Colchester United FC (32)
?,(Sat) 10 Feb 2007 (W6),Burnley FC (31),1-1,0-0,Sheffield Wednesday FC (32)
?,(Sat) 10 Feb 2007 (W6),Coventry City FC (32),2-2,1-1,Cardiff City FC (32)
?,(Sat) 10 Feb 2007 (W6),Derby County FC (32),2-2,2-1,Hull City AFC (32)
?,(Sat) 10 Feb 2007 (W6),Ipswich Town FC (32),0-2,0-1,Leicester City FC (31)
?,(Sat) 10 Feb 2007 (W6),Leeds United FC (31),2-1,1-0,Crystal Palace FC (32)
?,(Sat) 10 Feb 2007 (W6),Plymouth Argyle FC (32),0-2,0-0,Sunderland AFC (32)
?,(Sat) 10 Feb 2007 (W6),Preston North End FC (32),0-1,0-1,Wolverhampton Wanderers FC (32)
?,(Sat) 10 Feb 2007 (W6),West Bromwich Albion FC (32),1-1,1-1,Southampton FC (32)
?,(Sun) 11 Feb 2007 (W6),Birmingham City FC (30),1-0,0-0,Stoke City FC (32)
?,(Tue) 13 Feb 2007 (W7),Colchester United FC (33),1-2,0-0,West Bromwich Albion FC (33)
?,(Sat) 17 Feb 2007 (W7),Cardiff City FC (33),1-0,1-0,Leeds United FC (32)
?,(Sat) 17 Feb 2007 (W7),Crystal Palace FC (33),0-1,0-1,Birmingham City FC (31)
?,(Sat) 17 Feb 2007 (W7),Leicester City FC (32),3-0,3-0,Coventry City FC (33)
?,(Sat) 17 Feb 2007 (W7),Southampton FC (33),5-2,1-1,Barnsley FC (33)
?,(Sat) 17 Feb 2007 (W7),Stoke City FC (33),0-0,0-0,Luton Town FC (32)
?,(Sat) 17 Feb 2007 (W7),Sunderland AFC (33),4-0,2-0,Southend United FC (33)
?,(Sat) 17 Feb 2007 (W7),Wolverhampton Wanderers FC (33),2-1,2-0,Burnley FC (32)
?,(Tue) 20 Feb 2007 (W8),Barnsley FC (34),3-0,1-0,Hull City AFC (33)
?,(Tue) 20 Feb 2007 (W8),Birmingham City FC (32),1-1,0-1,Sunderland AFC (34)
?,(Tue) 20 Feb 2007 (W8),Burnley FC (33),0-1,0-0,Leicester City FC (33)
?,(Tue) 20 Feb 2007 (W8),Coventry City FC (34),2-1,2-1,Southampton FC (34)
?,(Tue) 20 Feb 2007 (W8),Ipswich Town FC (33),0-1,0-1,Wolverhampton Wanderers FC (34)
?,(Tue) 20 Feb 2007 (W8),Leeds United FC (33),0-0,0-0,Queens Park Rangers FC (33)
?,(Tue) 20 Feb 2007 (W8),Luton Town FC (33),3-2,1-1,Sheffield Wednesday FC (33)
?,(Tue) 20 Feb 2007 (W8),Plymouth Argyle FC (33),3-0,1-0,Colchester United FC (34)
?,(Tue) 20 Feb 2007 (W8),Preston North End FC (33),2-1,2-0,Norwich City FC (31)
?,(Tue) 20 Feb 2007 (W8),Southend United FC (34),0-1,0-0,Crystal Palace FC (34)
?,(Tue) 20 Feb 2007 (W8),West Bromwich Albion FC (34),1-0,0-0,Cardiff City FC (34)
?,(Wed) 21 Feb 2007 (W8),Derby County FC (33),0-2,0-2,Stoke City FC (34)
?,(Fri) 23 Feb 2007 (W8),Cardiff City FC (35),4-1,1-0,Preston North End FC (34)
?,(Sat) 24 Feb 2007 (W8),Colchester United FC (35),0-0,0-0,Burnley FC (34)
?,(Sat) 24 Feb 2007 (W8),Crystal Palace FC (35),2-1,1-0,Luton Town FC (34)
?,(Sat) 24 Feb 2007 (W8),Hull City AFC (34),2-0,1-0,Birmingham City FC (33)
?,(Sat) 24 Feb 2007 (W8),Leicester City FC (34),1-1,1-1,West Bromwich Albion FC (35)
?,(Sat) 24 Feb 2007 (W8),Norwich City FC (32),1-1,0-1,Coventry City FC (35)
?,(Sat) 24 Feb 2007 (W8),Queens Park Rangers FC (34),1-1,0-1,Plymouth Argyle FC (34)
?,(Sat) 24 Feb 2007 (W8),Sheffield Wednesday FC (34),3-2,2-1,Southend United FC (35)
?,(Sat) 24 Feb 2007 (W8),Southampton FC (35),1-0,1-0,Ipswich Town FC (34)
?,(Sat) 24 Feb 2007 (W8),Sunderland AFC (35),2-1,1-0,Derby County FC (34)
?,(Sat) 24 Feb 2007 (W8),Wolverhampton Wanderers FC (35),1-0,0-0,Leeds United FC (34)
?,(Mon) 26 Feb 2007 (W9),Stoke City FC (35),0-1,0-1,Barnsley FC (35)
?,(Tue) 27 Feb 2007 (W9),Birmingham City FC (34),1-0,1-0,Leeds United FC (35)
?,(Tue) 27 Feb 2007 (W9),Luton Town FC (35),2-3,1-1,Norwich City FC (33)
?,(Fri) 2 Mar 2007 (W9),Derby County FC (35),5-1,3-0,Colchester United FC (36)
?,(Sat) 3 Mar 2007 (W9),Barnsley FC (36),1-3,1-3,Norwich City FC (34)
?,(Sat) 3 Mar 2007 (W9),Burnley FC (35),1-1,1-1,Crystal Palace FC (36)
?,(Sat) 3 Mar 2007 (W9),Coventry City FC (36),2-0,2-0,Hull City AFC (35)
?,(Sat) 3 Mar 2007 (W9),Ipswich Town FC (35),2-1,1-0,Queens Park Rangers FC (35)
?,(Sat) 3 Mar 2007 (W9),Leeds United FC (36),2-3,0-2,Sheffield Wednesday FC (35)
?,(Sat) 3 Mar 2007 (W9),Luton Town FC (36),2-3,2-1,Wolverhampton Wanderers FC (36)
?,(Sat) 3 Mar 2007 (W9),Plymouth Argyle FC (35),1-1,1-0,Stoke City FC (36)
?,(Sat) 3 Mar 2007 (W9),Southend United FC (36),2-2,0-1,Leicester City FC (35)
?,(Sat) 3 Mar 2007 (W9),West Bromwich Albion FC (36),1-2,0-1,Sunderland AFC (36)
?,(Sun) 4 Mar 2007 (W9),Birmingham City FC (35),1-0,0-0,Cardiff City FC (36)
?,(Mon) 5 Mar 2007 (W10),Preston North End FC (35),3-1,1-0,Southampton FC (36)
?,(Tue) 6 Mar 2007 (W10),Hull City AFC (36),2-5,1-2,Ipswich Town FC (36)
?,(Tue) 6 Mar 2007 (W10),Norwich City FC (35),1-2,0-0,Derby County FC (36)
?,(Tue) 6 Mar 2007 (W10),Sheffield Wednesday FC (36),1-1,1-0,Plymouth Argyle FC (36)
?,(Fri) 9 Mar 2007 (W10),Birmingham City FC (36),1-0,1-0,Derby County FC (37)
?,(Sat) 10 Mar 2007 (W10),Barnsley FC (37),0-2,0-0,Sunderland AFC (37)
?,(Sat) 10 Mar 2007 (W10),Cardiff City FC (37),1-0,1-0,Norwich City FC (36)
?,(Sat) 10 Mar 2007 (W10),Colchester United FC (37),0-0,0-0,Coventry City FC (37)
?,(Sat) 10 Mar 2007 (W10),Crystal Palace FC (37),2-0,1-0,Leicester City FC (36)
?,(Sat) 10 Mar 2007 (W10),Hull City AFC (37),2-0,1-0,Preston North End FC (36)
?,(Sat) 10 Mar 2007 (W10),Ipswich Town FC (37),0-2,0-2,Southend United FC (37)
?,(Sat) 10 Mar 2007 (W10),Leeds United FC (37),1-0,0-0,Luton Town FC (37)
?,(Sat) 10 Mar 2007 (W10),Queens Park Rangers FC (36),1-1,0-0,Sheffield Wednesday FC (37)
?,(Sat) 10 Mar 2007 (W10),Stoke City FC (37),2-1,1-1,Southampton FC (37)
?,(Sun) 11 Mar 2007 (W10),Wolverhampton Wanderers FC (37),1-0,0-0,West Bromwich Albion FC (37)
?,(Tue) 13 Mar 2007 (W11),Coventry City FC (38),2-1,1-1,Wolverhampton Wanderers FC (38)
?,(Tue) 13 Mar 2007 (W11),Derby County FC (38),1-1,0-1,Queens Park Rangers FC (37)
?,(Tue) 13 Mar 2007 (W11),Leicester City FC (37),1-1,1-1,Leeds United FC (38)
?,(Tue) 13 Mar 2007 (W11),Luton Town FC (38),1-2,0-1,Hull City AFC (38)
?,(Tue) 13 Mar 2007 (W11),Norwich City FC (37),1-0,0-0,Birmingham City FC (37)
?,(Tue) 13 Mar 2007 (W11),Preston North End FC (37),1-0,1-0,Ipswich Town FC (38)
?,(Tue) 13 Mar 2007 (W11),Sheffield Wednesday FC (38),2-0,2-0,Colchester United FC (38)
?,(Tue) 13 Mar 2007 (W11),Southampton FC (38),2-2,2-0,Cardiff City FC (38)
?,(Tue) 13 Mar 2007 (W11),Southend United FC (38),1-0,0-0,Burnley FC (36)
?,(Tue) 13 Mar 2007 (W11),Sunderland AFC (38),2-2,1-2,Stoke City FC (38)
?,(Wed) 14 Mar 2007 (W11),Plymouth Argyle FC (37),2-4,2-2,Barnsley FC (38)
?,(Wed) 14 Mar 2007 (W11),West Bromwich Albion FC (38),2-3,1-2,Crystal Palace FC (38)
?,(Fri) 16 Mar 2007 (W11),Southampton FC (39),1-2,1-2,Colchester United FC (39)
?,(Sat) 17 Mar 2007 (W11),Coventry City FC (39),4-1,3-0,Barnsley FC (39)
?,(Sat) 17 Mar 2007 (W11),Derby County FC (39),3-1,1-1,Cardiff City FC (39)
?,(Sat) 17 Mar 2007 (W11),Leicester City FC (38),1-3,0-0,Queens Park Rangers FC (38)
?,(Sat) 17 Mar 2007 (W11),Luton Town FC (39),0-2,0-1,Ipswich Town FC (39)
?,(Sat) 17 Mar 2007 (W11),Norwich City FC (38),1-0,1-0,Stoke City FC (39)
?,(Sat) 17 Mar 2007 (W11),Plymouth Argyle FC (38),1-0,0-0,Crystal Palace FC (39)
?,(Sat) 17 Mar 2007 (W11),Preston North End FC (38),2-0,1-0,Burnley FC (37)
?,(Sat) 17 Mar 2007 (W11),Sheffield Wednesday FC (39),2-2,1-1,Wolverhampton Wanderers FC (39)
?,(Sat) 17 Mar 2007 (W11),Southend United FC (39),1-1,1-0,Leeds United FC (39)
?,(Sat) 17 Mar 2007 (W11),Sunderland AFC (39),2-0,1-0,Hull City AFC (39)
?,(Sun) 18 Mar 2007 (W11),West Bromwich Albion FC (39),1-1,0-0,Birmingham City FC (38)
?,(Fri) 30 Mar 2007 (W13),Leeds United FC (40),2-1,0-1,Preston North End FC (39)
?,(Sat) 31 Mar 2007 (W13),Barnsley FC (40),1-2,0-1,Derby County FC (40)
?,(Sat) 31 Mar 2007 (W13),Burnley FC (38),0-0,0-0,Luton Town FC (40)
?,(Sat) 31 Mar 2007 (W13),Cardiff City FC (40),0-1,0-0,Sunderland AFC (40)
?,(Sat) 31 Mar 2007 (W13),Colchester United FC (40),3-0,0-0,Norwich City FC (39)
?,(Sat) 31 Mar 2007 (W13),Crystal Palace FC (40),1-2,0-0,Sheffield Wednesday FC (40)
?,(Sat) 31 Mar 2007 (W13),Hull City AFC (40),4-0,1-0,Southend United FC (40)
?,(Sat) 31 Mar 2007 (W13),Ipswich Town FC (40),3-0,2-0,Plymouth Argyle FC (39)
?,(Sat) 31 Mar 2007 (W13),Queens Park Rangers FC (39),1-2,0-0,West Bromwich Albion FC (40)
?,(Sat) 31 Mar 2007 (W13),Stoke City FC (40),4-2,2-1,Leicester City FC (39)
?,(Sat) 31 Mar 2007 (W13),Wolverhampton Wanderers FC (40),0-6,0-3,Southampton FC (40)
?,(Sun) 1 Apr 2007 (W13),Birmingham City FC (39),3-0,1-0,Coventry City FC (40)
?,(Tue) 3 Apr 2007 (W14),Burnley FC (39),4-0,3-0,Plymouth Argyle FC (40)
?,(Tue) 3 Apr 2007 (W14),Queens Park Rangers FC (40),1-0,0-0,Preston North End FC (40)
?,(Fri) 6 Apr 2007 (W14),Hull City AFC (41),1-2,0-1,Norwich City FC (40)
?,(Fri) 6 Apr 2007 (W14),Leicester City FC (40),1-1,0-1,Derby County FC (41)
?,(Fri) 6 Apr 2007 (W14),Southend United FC (41),0-3,0-1,Colchester United FC (41)
?,(Sat) 7 Apr 2007 (W14),Birmingham City FC (40),0-1,0-0,Burnley FC (40)
?,(Sat) 7 Apr 2007 (W14),Cardiff City FC (41),1-2,1-1,Sheffield Wednesday FC (41)
?,(Sat) 7 Apr 2007 (W14),Coventry City FC (41),0-1,0-0,Queens Park Rangers FC (41)
?,(Sat) 7 Apr 2007 (W14),Crystal Palace FC (41),3-0,2-0,Preston North End FC (41)
?,(Sat) 7 Apr 2007 (W14),Ipswich Town FC (41),5-1,2-0,Barnsley FC (41)
?,(Sat) 7 Apr 2007 (W14),Leeds United FC (41),2-1,1-1,Plymouth Argyle FC (41)
?,(Sat) 7 Apr 2007 (W14),Luton Town FC (41),0-2,0-2,Southampton FC (41)
?,(Sat) 7 Apr 2007 (W14),Sunderland AFC (41),2-1,1-0,Wolverhampton Wanderers FC (41)
?,(Sat) 7 Apr 2007 (W14),West Bromwich Albion FC (41),1-3,0-3,Stoke City FC (41)
?,(Mon) 9 Apr 2007 (W15),Barnsley FC (42),1-0,0-0,Birmingham City FC (41)
?,(Mon) 9 Apr 2007 (W15),Burnley FC (41),2-0,1-0,Cardiff City FC (42)
?,(Mon) 9 Apr 2007 (W15),Colchester United FC (42),2-1,0-0,Leeds United FC (42)
?,(Mon) 9 Apr 2007 (W15),Derby County FC (42),1-1,0-0,Coventry City FC (42)
?,(Mon) 9 Apr 2007 (W15),Norwich City FC (41),1-2,0-0,West Bromwich Albion FC (42)
?,(Mon) 9 Apr 2007 (W15),Plymouth Argyle FC (42),3-0,1-0,Leicester City FC (41)
?,(Mon) 9 Apr 2007 (W15),Preston North End FC (42),2-3,0-1,Southend United FC (42)
?,(Mon) 9 Apr 2007 (W15),Queens Park Rangers FC (42),3-2,1-1,Luton Town FC (42)
?,(Mon) 9 Apr 2007 (W15),Sheffield Wednesday FC (42),2-0,0-0,Ipswich Town FC (42)
?,(Mon) 9 Apr 2007 (W15),Southampton FC (42),1-2,0-0,Sunderland AFC (42)
?,(Mon) 9 Apr 2007 (W15),Stoke City FC (42),2-1,2-1,Crystal Palace FC (42)
?,(Mon) 9 Apr 2007 (W15),Wolverhampton Wanderers FC (42),3-1,2-0,Hull City AFC (42)
?,(Fri) 13 Apr 2007 (W15),West Bromwich Albion FC (43),0-1,0-0,Sheffield Wednesday FC (43)
?,(Sat) 14 Apr 2007 (W15),Birmingham City FC (42),2-1,1-0,Southampton FC (43)
?,(Sat) 14 Apr 2007 (W15),Cardiff City FC (43),1-1,0-1,Stoke City FC (43)
?,(Sat) 14 Apr 2007 (W15),Coventry City FC (43),0-4,0-2,Preston North End FC (43)
?,(Sat) 14 Apr 2007 (W15),Crystal Palace FC (43),2-2,2-2,Wolverhampton Wanderers FC (43)
?,(Sat) 14 Apr 2007 (W15),Hull City AFC (43),1-1,1-0,Colchester United FC (43)
?,(Sat) 14 Apr 2007 (W15),Ipswich Town FC (43),2-1,0-1,Derby County FC (43)
?,(Sat) 14 Apr 2007 (W15),Leeds United FC (43),1-0,1-0,Burnley FC (42)
?,(Sat) 14 Apr 2007 (W15),Leicester City FC (42),1-2,1-0,Norwich City FC (42)
?,(Sat) 14 Apr 2007 (W15),Luton Town FC (43),1-2,0-2,Plymouth Argyle FC (43)
?,(Sat) 14 Apr 2007 (W15),Southend United FC (43),1-3,0-2,Barnsley FC (43)
?,(Sat) 14 Apr 2007 (W15),Sunderland AFC (43),2-1,1-1,Queens Park Rangers FC (43)
?,(Tue) 17 Apr 2007 (W16),Burnley FC (43),3-0,1-0,Norwich City FC (43)
?,(Tue) 17 Apr 2007 (W16),Leicester City FC (43),1-2,0-2,Birmingham City FC (43)
?,(Fri) 20 Apr 2007 (W16),Derby County FC (44),1-0,1-0,Luton Town FC (44)
?,(Sat) 21 Apr 2007 (W16),Barnsley FC (44),2-0,1-0,Crystal Palace FC (44)
?,(Sat) 21 Apr 2007 (W16),Colchester United FC (44),3-1,1-0,Sunderland AFC (44)
?,(Sat) 21 Apr 2007 (W16),Plymouth Argyle FC (44),2-1,1-1,Southend United FC (44)
?,(Sat) 21 Apr 2007 (W16),Preston North End FC (44),0-1,0-0,Leicester City FC (44)
?,(Sat) 21 Apr 2007 (W16),Queens Park Rangers FC (44),1-0,1-0,Cardiff City FC (44)
?,(Sat) 21 Apr 2007 (W16),Sheffield Wednesday FC (44),2-1,1-1,Coventry City FC (44)
?,(Sat) 21 Apr 2007 (W16),Southampton FC (44),1-0,0-0,Leeds United FC (44)
?,(Sat) 21 Apr 2007 (W16),Stoke City FC (44),1-1,1-0,Hull City AFC (44)
?,(Sun) 22 Apr 2007 (W16),Norwich City FC (44),1-1,1-0,Ipswich Town FC (44)
?,(Sun) 22 Apr 2007 (W16),Wolverhampton Wanderers FC (44),2-3,0-0,Birmingham City FC (44)
?,(Mon) 23 Apr 2007 (W17),Burnley FC (44),3-2,1-2,West Bromwich Albion FC (44)
?,(Fri) 27 Apr 2007 (W17),Sunderland AFC (45),3-2,1-1,Burnley FC (45)
?,(Sat) 28 Apr 2007 (W17),Barnsley FC (45),0-1,0-0,Leicester City FC (45)
?,(Sat) 28 Apr 2007 (W17),Birmingham City FC (45),2-0,0-0,Sheffield Wednesday FC (45)
?,(Sat) 28 Apr 2007 (W17),Cardiff City FC (45),0-1,0-0,Hull City AFC (45)
?,(Sat) 28 Apr 2007 (W17),Coventry City FC (45),0-1,0-1,West Bromwich Albion FC (45)
?,(Sat) 28 Apr 2007 (W17),Leeds United FC (45),1-1,1-0,Ipswich Town FC (45)
?,(Sat) 28 Apr 2007 (W17),Norwich City FC (45),0-1,0-1,Southampton FC (45)
?,(Sat) 28 Apr 2007 (W17),Plymouth Argyle FC (45),2-0,0-0,Preston North End FC (45)
?,(Sat) 28 Apr 2007 (W17),Southend United FC (45),1-3,0-2,Luton Town FC (45)
?,(Sat) 28 Apr 2007 (W17),Stoke City FC (45),3-1,0-1,Colchester United FC (45)
?,(Sat) 28 Apr 2007 (W17),Wolverhampton Wanderers FC (45),2-0,0-0,Queens Park Rangers FC (45)
?,(Sun) 29 Apr 2007 (W17),Crystal Palace FC (45),2-0,1-0,Derby County FC (45)
?,(Sun) 6 May 2007 (W18),Burnley FC (46),1-2,0-1,Coventry City FC (46)
?,(Sun) 6 May 2007 (W18),Colchester United FC (46),0-2,0-1,Crystal Palace FC (46)
?,(Sun) 6 May 2007 (W18),Derby County FC (46),2-0,1-0,Leeds United FC (46)
?,(Sun) 6 May 2007 (W18),Hull City AFC (46),1-2,0-1,Plymouth Argyle FC (46)
?,(Sun) 6 May 2007 (W18),Ipswich Town FC (46),3-1,1-1,Cardiff City FC (46)
?,(Sun) 6 May 2007 (W18),Leicester City FC (46),1-4,1-2,Wolverhampton Wanderers FC (46)
?,(Sun) 6 May 2007 (W18),Luton Town FC (46),0-5,0-2,Sunderland AFC (46)
?,(Sun) 6 May 2007 (W18),Preston North End FC (46),1-0,0-0,Birmingham City FC (46)
?,(Sun) 6 May 2007 (W18),Queens Park Rangers FC (46),1-1,1-0,Stoke City FC (46)
?,(Sun) 6 May 2007 (W18),Sheffield Wednesday FC (46),3-2,2-0,Norwich City FC (46)
?,(Sun) 6 May 2007 (W18),Southampton FC (46),4-1,1-1,Southend United FC (46)
?,(Sun) 6 May 2007 (W18),West Bromwich Albion FC (46),7-0,4-0,Barnsley FC (46)
