Round,Date,Team 1,FT,HT,Team 2
?,(Sat) 5 Aug 2006 (W31),Barnet FC (1),0-1,0-0,Torquay United FC (1)
?,(Sat) 5 Aug 2006 (W31),Chester FC (1),2-0,1-0,Accrington Stanley FC (1)
?,(Sat) 5 Aug 2006 (W31),Darlington FC (1),4-0,3-0,Macclesfield Town FC (1)
?,(Sat) 5 Aug 2006 (W31),Grimsby Town FC (1),3-2,0-1,Boston United FC (1)
?,(Sat) 5 Aug 2006 (W31),Hartlepool United FC (1),0-1,0-1,Swindon Town FC (1)
?,(Sat) 5 Aug 2006 (W31),Lincoln City FC (1),1-1,1-0,Notts County FC (1)
?,(Sat) 5 Aug 2006 (W31),Milton Keynes Dons FC (1),2-1,0-0,Bury FC (1)
?,(Sat) 5 Aug 2006 (W31),Peterborough United FC (1),4-1,3-0,Bristol Rovers FC (1)
?,(Sat) 5 Aug 2006 (W31),Rochdale AFC (1),0-1,0-0,Walsall FC (1)
?,(Sat) 5 Aug 2006 (W31),Shrewsbury Town FC (1),2-2,2-2,Mansfield Town FC (1)
?,(Sat) 5 Aug 2006 (W31),Stockport County FC (1),0-2,0-1,Hereford FC (1)
?,(Sat) 5 Aug 2006 (W31),Wycombe Wanderers FC (1),1-1,1-1,Wrexham AFC (1)
?,(Tue) 8 Aug 2006 (W32),Accrington Stanley FC (2),0-2,0-2,Darlington FC (2)
?,(Tue) 8 Aug 2006 (W32),Bristol Rovers FC (2),1-2,0-0,Wycombe Wanderers FC (2)
?,(Tue) 8 Aug 2006 (W32),Bury FC (2),1-3,1-1,Chester FC (2)
?,(Tue) 8 Aug 2006 (W32),Hereford FC (2),1-2,0-2,Lincoln City FC (2)
?,(Tue) 8 Aug 2006 (W32),Macclesfield Town FC (2),0-0,0-0,Hartlepool United FC (2)
?,(Tue) 8 Aug 2006 (W32),Mansfield Town FC (2),2-1,2-1,Milton Keynes Dons FC (2)
?,(Tue) 8 Aug 2006 (W32),Notts County FC (2),1-1,0-0,Shrewsbury Town FC (2)
?,(Tue) 8 Aug 2006 (W32),Swindon Town FC (2),2-1,0-1,Barnet FC (2)
?,(Tue) 8 Aug 2006 (W32),Torquay United FC (2),1-0,0-0,Rochdale AFC (2)
?,(Tue) 8 Aug 2006 (W32),Walsall FC (2),2-0,1-0,Stockport County FC (2)
?,(Tue) 8 Aug 2006 (W32),Wrexham AFC (2),3-0,2-0,Grimsby Town FC (2)
?,(Wed) 9 Aug 2006 (W32),Boston United FC (2),0-1,0-0,Peterborough United FC (2)
?,(Sat) 12 Aug 2006 (W32),Accrington Stanley FC (3),2-1,1-0,Barnet FC (3)
?,(Sat) 12 Aug 2006 (W32),Boston United FC (3),4-1,1-1,Darlington FC (3)
?,(Sat) 12 Aug 2006 (W32),Bristol Rovers FC (3),1-0,0-0,Grimsby Town FC (3)
?,(Sat) 12 Aug 2006 (W32),Bury FC (3),1-2,1-0,Shrewsbury Town FC (3)
?,(Sat) 12 Aug 2006 (W32),Hereford FC (3),2-0,0-0,Chester FC (3)
?,(Sat) 12 Aug 2006 (W32),Macclesfield Town FC (3),1-2,0-1,Milton Keynes Dons FC (3)
?,(Sat) 12 Aug 2006 (W32),Mansfield Town FC (3),1-1,0-1,Stockport County FC (3)
?,(Sat) 12 Aug 2006 (W32),Notts County FC (3),1-0,1-0,Wycombe Wanderers FC (3)
?,(Sat) 12 Aug 2006 (W32),Swindon Town FC (3),1-0,1-0,Rochdale AFC (3)
?,(Sat) 12 Aug 2006 (W32),Torquay United FC (3),1-2,0-0,Lincoln City FC (3)
?,(Sat) 12 Aug 2006 (W32),Walsall FC (3),2-0,2-0,Hartlepool United FC (3)
?,(Sat) 12 Aug 2006 (W32),Wrexham AFC (3),0-0,0-0,Peterborough United FC (3)
?,(Fri) 18 Aug 2006 (W33),Grimsby Town FC (4),1-1,0-0,Mansfield Town FC (4)
?,(Fri) 18 Aug 2006 (W33),Stockport County FC (4),1-1,1-0,Accrington Stanley FC (4)
?,(Sat) 19 Aug 2006 (W33),Barnet FC (4),3-0,1-0,Hereford FC (4)
?,(Sat) 19 Aug 2006 (W33),Darlington FC (4),1-2,1-2,Swindon Town FC (4)
?,(Sat) 19 Aug 2006 (W33),Hartlepool United FC (4),1-1,0-1,Torquay United FC (4)
?,(Sat) 19 Aug 2006 (W33),Lincoln City FC (4),2-2,2-0,Walsall FC (4)
?,(Sat) 19 Aug 2006 (W33),Milton Keynes Dons FC (4),2-0,1-0,Bristol Rovers FC (4)
?,(Sat) 19 Aug 2006 (W33),Peterborough United FC (4),3-1,0-0,Macclesfield Town FC (4)
?,(Sat) 19 Aug 2006 (W33),Rochdale AFC (4),0-1,0-0,Notts County FC (4)
?,(Sat) 19 Aug 2006 (W33),Shrewsbury Town FC (4),5-0,2-0,Boston United FC (4)
?,(Sat) 19 Aug 2006 (W33),Wycombe Wanderers FC (4),3-0,0-0,Bury FC (4)
?,(Sun) 20 Aug 2006 (W33),Chester FC (4),1-2,0-1,Wrexham AFC (4)
?,(Sat) 26 Aug 2006 (W34),Accrington Stanley FC (5),1-1,0-1,Rochdale AFC (5)
?,(Sat) 26 Aug 2006 (W34),Boston United FC (5),0-1,0-0,Milton Keynes Dons FC (5)
?,(Sat) 26 Aug 2006 (W34),Bristol Rovers FC (5),1-0,1-0,Shrewsbury Town FC (5)
?,(Sat) 26 Aug 2006 (W34),Bury FC (5),3-0,3-0,Grimsby Town FC (5)
?,(Sat) 26 Aug 2006 (W34),Hereford FC (5),3-1,1-0,Hartlepool United FC (5)
?,(Sat) 26 Aug 2006 (W34),Macclesfield Town FC (5),0-2,0-2,Wycombe Wanderers FC (5)
?,(Sat) 26 Aug 2006 (W34),Mansfield Town FC (5),2-4,0-3,Lincoln City FC (5)
?,(Sat) 26 Aug 2006 (W34),Notts County FC (5),0-0,0-0,Peterborough United FC (5)
?,(Sat) 26 Aug 2006 (W34),Swindon Town FC (5),2-0,1-0,Stockport County FC (5)
?,(Sat) 26 Aug 2006 (W34),Torquay United FC (5),2-2,1-0,Chester FC (5)
?,(Sat) 26 Aug 2006 (W34),Walsall FC (5),1-0,1-0,Darlington FC (5)
?,(Sat) 26 Aug 2006 (W34),Wrexham AFC (5),1-1,1-0,Barnet FC (5)
?,(Fri) 1 Sep 2006 (W35),Chester FC (6),0-2,0-0,Swindon Town FC (6)
?,(Fri) 1 Sep 2006 (W35),Darlington FC (6),1-1,1-1,Torquay United FC (6)
?,(Fri) 1 Sep 2006 (W35),Grimsby Town FC (6),1-1,1-0,Macclesfield Town FC (6)
?,(Fri) 1 Sep 2006 (W35),Hartlepool United FC (6),2-1,1-0,Boston United FC (6)
?,(Fri) 1 Sep 2006 (W35),Lincoln City FC (6),3-1,2-0,Accrington Stanley FC (6)
?,(Fri) 1 Sep 2006 (W35),Wycombe Wanderers FC (6),1-0,0-0,Mansfield Town FC (6)
?,(Sat) 2 Sep 2006 (W35),Barnet FC (6),1-1,1-0,Walsall FC (6)
?,(Sat) 2 Sep 2006 (W35),Milton Keynes Dons FC (6),3-2,1-0,Notts County FC (6)
?,(Sat) 2 Sep 2006 (W35),Rochdale AFC (6),1-1,0-0,Hereford FC (6)
?,(Sun) 3 Sep 2006 (W35),Peterborough United FC (6),0-1,0-0,Bury FC (6)
?,(Sun) 3 Sep 2006 (W35),Stockport County FC (6),2-1,1-0,Bristol Rovers FC (6)
?,(Sat) 9 Sep 2006 (W36),Boston United FC (7),2-1,2-1,Stockport County FC (7)
?,(Sat) 9 Sep 2006 (W36),Bristol Rovers FC (7),0-0,0-0,Rochdale AFC (7)
?,(Sat) 9 Sep 2006 (W36),Bury FC (7),0-1,0-1,Torquay United FC (7)
?,(Sat) 9 Sep 2006 (W36),Grimsby Town FC (7),2-1,1-1,Walsall FC (7)
?,(Sat) 9 Sep 2006 (W36),Macclesfield Town FC (7),2-3,0-0,Barnet FC (7)
?,(Sat) 9 Sep 2006 (W36),Mansfield Town FC (7),4-1,2-0,Hereford FC (7)
?,(Sat) 9 Sep 2006 (W36),Milton Keynes Dons FC (7),0-0,0-0,Hartlepool United FC (7)
?,(Sat) 9 Sep 2006 (W36),Notts County FC (7),3-2,3-0,Accrington Stanley FC (7)
?,(Sat) 9 Sep 2006 (W36),Peterborough United FC (7),1-3,0-3,Darlington FC (7)
?,(Sat) 9 Sep 2006 (W36),Shrewsbury Town FC (6),0-1,0-1,Lincoln City FC (7)
?,(Sat) 9 Sep 2006 (W36),Wrexham AFC (6),2-1,0-1,Swindon Town FC (7)
?,(Sat) 9 Sep 2006 (W36),Wycombe Wanderers FC (7),1-0,1-0,Chester FC (7)
?,(Tue) 12 Sep 2006 (W37),Barnet FC (8),3-3,1-2,Boston United FC (8)
?,(Tue) 12 Sep 2006 (W37),Chester FC (8),0-0,0-0,Notts County FC (8)
?,(Tue) 12 Sep 2006 (W37),Darlington FC (8),1-0,0-0,Bury FC (8)
?,(Tue) 12 Sep 2006 (W37),Hartlepool United FC (8),2-0,0-0,Mansfield Town FC (8)
?,(Tue) 12 Sep 2006 (W37),Hereford FC (8),1-2,0-1,Wycombe Wanderers FC (8)
?,(Tue) 12 Sep 2006 (W37),Lincoln City FC (8),2-1,2-1,Macclesfield Town FC (8)
?,(Tue) 12 Sep 2006 (W37),Rochdale AFC (8),1-0,0-0,Grimsby Town FC (8)
?,(Tue) 12 Sep 2006 (W37),Stockport County FC (8),0-3,0-1,Shrewsbury Town FC (7)
?,(Tue) 12 Sep 2006 (W37),Swindon Town FC (8),2-1,1-1,Milton Keynes Dons FC (8)
?,(Tue) 12 Sep 2006 (W37),Walsall FC (8),5-0,3-0,Peterborough United FC (8)
?,(Wed) 13 Sep 2006 (W37),Accrington Stanley FC (8),5-0,1-0,Wrexham AFC (7)
?,(Wed) 13 Sep 2006 (W37),Torquay United FC (8),0-0,0-0,Bristol Rovers FC (8)
?,(Sat) 16 Sep 2006 (W37),Accrington Stanley FC (9),2-1,1-0,Boston United FC (9)
?,(Sat) 16 Sep 2006 (W37),Barnet FC (9),2-3,2-2,Notts County FC (9)
?,(Sat) 16 Sep 2006 (W37),Chester FC (9),0-2,0-0,Grimsby Town FC (9)
?,(Sat) 16 Sep 2006 (W37),Darlington FC (9),1-1,0-0,Bristol Rovers FC (9)
?,(Sat) 16 Sep 2006 (W37),Hartlepool United FC (9),0-3,0-1,Shrewsbury Town FC (8)
?,(Sat) 16 Sep 2006 (W37),Hereford FC (9),1-0,0-0,Bury FC (9)
?,(Sat) 16 Sep 2006 (W37),Lincoln City FC (9),2-3,1-2,Milton Keynes Dons FC (9)
?,(Sat) 16 Sep 2006 (W37),Rochdale AFC (9),0-2,0-1,Wycombe Wanderers FC (9)
?,(Sat) 16 Sep 2006 (W37),Stockport County FC (9),5-2,2-1,Wrexham AFC (8)
?,(Sat) 16 Sep 2006 (W37),Swindon Town FC (9),0-1,0-1,Peterborough United FC (9)
?,(Sat) 16 Sep 2006 (W37),Torquay United FC (9),1-0,1-0,Mansfield Town FC (9)
?,(Sat) 16 Sep 2006 (W37),Walsall FC (9),2-0,1-0,Macclesfield Town FC (9)
?,(Sat) 23 Sep 2006 (W38),Boston United FC (10),0-3,0-2,Rochdale AFC (10)
?,(Sat) 23 Sep 2006 (W38),Bristol Rovers FC (10),1-2,0-2,Walsall FC (10)
?,(Sat) 23 Sep 2006 (W38),Bury FC (10),2-2,1-1,Barnet FC (10)
?,(Sat) 23 Sep 2006 (W38),Grimsby Town FC (10),0-1,0-1,Stockport County FC (10)
?,(Sat) 23 Sep 2006 (W38),Macclesfield Town FC (10),3-3,1-1,Torquay United FC (10)
?,(Sat) 23 Sep 2006 (W38),Mansfield Town FC (10),2-2,0-1,Accrington Stanley FC (10)
?,(Sat) 23 Sep 2006 (W38),Milton Keynes Dons FC (10),1-2,1-0,Chester FC (10)
?,(Sat) 23 Sep 2006 (W38),Notts County FC (10),1-1,0-0,Swindon Town FC (10)
?,(Sat) 23 Sep 2006 (W38),Peterborough United FC (10),3-5,0-3,Hartlepool United FC (10)
?,(Sat) 23 Sep 2006 (W38),Shrewsbury Town FC (9),2-2,0-1,Darlington FC (10)
?,(Sat) 23 Sep 2006 (W38),Wycombe Wanderers FC (10),1-3,1-1,Lincoln City FC (10)
?,(Sun) 24 Sep 2006 (W38),Wrexham AFC (9),1-0,1-0,Hereford FC (10)
?,(Tue) 26 Sep 2006 (W39),Bury FC (11),2-2,2-2,Accrington Stanley FC (11)
?,(Tue) 26 Sep 2006 (W39),Grimsby Town FC (11),1-4,1-1,Hartlepool United FC (11)
?,(Tue) 26 Sep 2006 (W39),Macclesfield Town FC (11),1-1,1-0,Chester FC (11)
?,(Tue) 26 Sep 2006 (W39),Mansfield Town FC (11),1-0,0-0,Darlington FC (11)
?,(Tue) 26 Sep 2006 (W39),Milton Keynes Dons FC (11),3-2,0-2,Torquay United FC (11)
?,(Tue) 26 Sep 2006 (W39),Notts County FC (11),1-0,1-0,Stockport County FC (11)
?,(Tue) 26 Sep 2006 (W39),Peterborough United FC (11),1-1,1-0,Barnet FC (11)
?,(Tue) 26 Sep 2006 (W39),Shrewsbury Town FC (10),1-1,1-1,Walsall FC (11)
?,(Tue) 26 Sep 2006 (W39),Wycombe Wanderers FC (11),1-1,0-0,Swindon Town FC (11)
?,(Wed) 27 Sep 2006 (W39),Boston United FC (11),1-0,0-0,Lincoln City FC (11)
?,(Wed) 27 Sep 2006 (W39),Bristol Rovers FC (11),2-1,0-1,Hereford FC (11)
?,(Wed) 27 Sep 2006 (W39),Wrexham AFC (10),1-2,1-0,Rochdale AFC (11)
?,(Fri) 29 Sep 2006 (W39),Darlington FC (12),2-2,2-0,Grimsby Town FC (12)
?,(Sat) 30 Sep 2006 (W39),Accrington Stanley FC (12),2-1,1-0,Wycombe Wanderers FC (12)
?,(Sat) 30 Sep 2006 (W39),Barnet FC (12),3-3,1-1,Milton Keynes Dons FC (12)
?,(Sat) 30 Sep 2006 (W39),Chester FC (12),2-0,2-0,Bristol Rovers FC (12)
?,(Sat) 30 Sep 2006 (W39),Hartlepool United FC (12),3-0,2-0,Wrexham AFC (11)
?,(Sat) 30 Sep 2006 (W39),Hereford FC (12),1-0,0-0,Macclesfield Town FC (12)
?,(Sat) 30 Sep 2006 (W39),Lincoln City FC (12),0-2,0-1,Bury FC (12)
?,(Sat) 30 Sep 2006 (W39),Rochdale AFC (12),1-1,1-0,Shrewsbury Town FC (11)
?,(Sat) 30 Sep 2006 (W39),Stockport County FC (12),0-1,0-0,Peterborough United FC (12)
?,(Sat) 30 Sep 2006 (W39),Swindon Town FC (12),1-1,1-0,Boston United FC (12)
?,(Sat) 30 Sep 2006 (W39),Torquay United FC (12),0-1,0-0,Notts County FC (12)
?,(Sat) 30 Sep 2006 (W39),Walsall FC (12),4-0,0-0,Mansfield Town FC (12)
?,(Fri) 6 Oct 2006 (W40),Chester FC (13),0-0,0-0,Walsall FC (13)
?,(Fri) 6 Oct 2006 (W40),Darlington FC (13),0-5,0-4,Rochdale AFC (13)
?,(Fri) 6 Oct 2006 (W40),Lincoln City FC (13),2-0,1-0,Hartlepool United FC (13)
?,(Fri) 6 Oct 2006 (W40),Milton Keynes Dons FC (13),0-2,0-0,Peterborough United FC (13)
?,(Fri) 6 Oct 2006 (W40),Shrewsbury Town FC (12),2-1,1-0,Macclesfield Town FC (13)
?,(Fri) 6 Oct 2006 (W40),Wycombe Wanderers FC (13),2-0,1-0,Torquay United FC (13)
?,(Sat) 7 Oct 2006 (W40),Accrington Stanley FC (13),1-1,1-0,Swindon Town FC (13)
?,(Sat) 7 Oct 2006 (W40),Bristol Rovers FC (13),1-0,0-0,Boston United FC (13)
?,(Sat) 7 Oct 2006 (W40),Mansfield Town FC (13),2-2,2-0,Notts County FC (13)
?,(Sat) 7 Oct 2006 (W40),Stockport County FC (13),2-0,1-0,Barnet FC (13)
?,(Sun) 8 Oct 2006 (W40),Grimsby Town FC (13),2-1,1-1,Hereford FC (13)
?,(Sat) 14 Oct 2006 (W41),Barnet FC (14),0-5,0-3,Lincoln City FC (14)
?,(Sat) 14 Oct 2006 (W41),Boston United FC (14),1-1,1-0,Mansfield Town FC (14)
?,(Sat) 14 Oct 2006 (W41),Hartlepool United FC (14),1-1,1-1,Stockport County FC (14)
?,(Sat) 14 Oct 2006 (W41),Hereford FC (14),1-1,0-1,Darlington FC (14)
?,(Sat) 14 Oct 2006 (W41),Macclesfield Town FC (14),2-3,1-1,Bury FC (13)
?,(Sat) 14 Oct 2006 (W41),Notts County FC (14),1-2,0-0,Bristol Rovers FC (14)
?,(Sat) 14 Oct 2006 (W41),Peterborough United FC (14),2-1,1-0,Shrewsbury Town FC (13)
?,(Sat) 14 Oct 2006 (W41),Rochdale AFC (14),0-0,0-0,Chester FC (14)
?,(Sat) 14 Oct 2006 (W41),Swindon Town FC (14),3-0,2-0,Grimsby Town FC (14)
?,(Sat) 14 Oct 2006 (W41),Torquay United FC (14),0-2,0-0,Accrington Stanley FC (14)
?,(Sat) 14 Oct 2006 (W41),Walsall FC (14),2-0,1-0,Wycombe Wanderers FC (14)
?,(Sat) 14 Oct 2006 (W41),Wrexham AFC (12),1-2,1-0,Milton Keynes Dons FC (14)
?,(Fri) 20 Oct 2006 (W42),Chester FC (15),2-1,1-1,Hartlepool United FC (15)
?,(Sat) 21 Oct 2006 (W42),Accrington Stanley FC (15),1-2,0-1,Walsall FC (15)
?,(Sat) 21 Oct 2006 (W42),Bristol Rovers FC (15),0-0,0-0,Macclesfield Town FC (15)
?,(Sat) 21 Oct 2006 (W42),Bury FC (14),2-1,0-0,Boston United FC (15)
?,(Sat) 21 Oct 2006 (W42),Darlington FC (15),2-0,0-0,Barnet FC (15)
?,(Sat) 21 Oct 2006 (W42),Grimsby Town FC (15),0-2,0-0,Notts County FC (15)
?,(Sat) 21 Oct 2006 (W42),Lincoln City FC (15),7-1,3-1,Rochdale AFC (15)
?,(Sat) 21 Oct 2006 (W42),Mansfield Town FC (15),3-0,2-0,Wrexham AFC (13)
?,(Sat) 21 Oct 2006 (W42),Milton Keynes Dons FC (15),1-3,0-2,Hereford FC (15)
?,(Sat) 21 Oct 2006 (W42),Shrewsbury Town FC (14),1-2,0-1,Swindon Town FC (15)
?,(Sat) 21 Oct 2006 (W42),Stockport County FC (15),1-0,1-0,Torquay United FC (15)
?,(Sat) 21 Oct 2006 (W42),Wycombe Wanderers FC (15),2-0,0-0,Peterborough United FC (15)
?,(Sat) 28 Oct 2006 (W43),Barnet FC (16),1-0,1-0,Chester FC (16)
?,(Sat) 28 Oct 2006 (W43),Boston United FC (16),0-1,0-0,Wycombe Wanderers FC (16)
?,(Sat) 28 Oct 2006 (W43),Hartlepool United FC (16),0-0,0-0,Darlington FC (16)
?,(Sat) 28 Oct 2006 (W43),Hereford FC (16),1-0,0-0,Accrington Stanley FC (16)
?,(Sat) 28 Oct 2006 (W43),Macclesfield Town FC (16),2-3,0-0,Mansfield Town FC (16)
?,(Sat) 28 Oct 2006 (W43),Notts County FC (16),0-1,0-1,Bury FC (15)
?,(Sat) 28 Oct 2006 (W43),Peterborough United FC (16),2-2,0-0,Grimsby Town FC (16)
?,(Sat) 28 Oct 2006 (W43),Rochdale AFC (16),1-3,0-2,Stockport County FC (16)
?,(Sat) 28 Oct 2006 (W43),Swindon Town FC (16),0-1,0-0,Lincoln City FC (16)
?,(Sat) 28 Oct 2006 (W43),Torquay United FC (16),0-0,0-0,Shrewsbury Town FC (15)
?,(Sat) 28 Oct 2006 (W43),Walsall FC (16),0-0,0-0,Milton Keynes Dons FC (16)
?,(Sat) 28 Oct 2006 (W43),Wrexham AFC (14),2-0,1-0,Bristol Rovers FC (16)
?,(Fri) 3 Nov 2006 (W44),Darlington FC (17),1-0,1-0,Chester FC (17)
?,(Sat) 4 Nov 2006 (W44),Boston United FC (17),3-3,1-1,Notts County FC (17)
?,(Sat) 4 Nov 2006 (W44),Bristol Rovers FC (17),1-0,0-0,Mansfield Town FC (17)
?,(Sat) 4 Nov 2006 (W44),Grimsby Town FC (17),1-3,0-0,Milton Keynes Dons FC (17)
?,(Sat) 4 Nov 2006 (W44),Hartlepool United FC (17),0-1,0-0,Barnet FC (17)
?,(Sat) 4 Nov 2006 (W44),Peterborough United FC (17),4-2,0-1,Accrington Stanley FC (17)
?,(Sat) 4 Nov 2006 (W44),Rochdale AFC (17),1-3,1-2,Bury FC (16)
?,(Sat) 4 Nov 2006 (W44),Shrewsbury Town FC (16),0-0,0-0,Wycombe Wanderers FC (17)
?,(Sat) 4 Nov 2006 (W44),Stockport County FC (17),2-0,0-0,Lincoln City FC (17)
?,(Sat) 4 Nov 2006 (W44),Swindon Town FC (17),1-2,1-1,Hereford FC (17)
?,(Sat) 4 Nov 2006 (W44),Walsall FC (17),1-0,0-0,Torquay United FC (17)
?,(Sat) 4 Nov 2006 (W44),Wrexham AFC (15),0-0,0-0,Macclesfield Town FC (17)
?,(Tue) 7 Nov 2006 (W45),Bury FC (17),1-0,1-0,Wrexham AFC (16)
?,(Fri) 17 Nov 2006 (W46),Chester FC (18),1-1,0-1,Stockport County FC (18)
?,(Sat) 18 Nov 2006 (W46),Accrington Stanley FC (18),1-2,1-0,Hartlepool United FC (18)
?,(Sat) 18 Nov 2006 (W46),Barnet FC (18),3-2,1-1,Rochdale AFC (18)
?,(Sat) 18 Nov 2006 (W46),Bury FC (18),0-2,0-0,Bristol Rovers FC (18)
?,(Sat) 18 Nov 2006 (W46),Hereford FC (18),0-1,0-0,Walsall FC (18)
?,(Sat) 18 Nov 2006 (W46),Lincoln City FC (18),1-3,0-1,Darlington FC (18)
?,(Sat) 18 Nov 2006 (W46),Macclesfield Town FC (18),2-3,1-3,Boston United FC (18)
?,(Sat) 18 Nov 2006 (W46),Mansfield Town FC (18),0-2,0-1,Peterborough United FC (18)
?,(Sat) 18 Nov 2006 (W46),Milton Keynes Dons FC (18),2-0,1-0,Shrewsbury Town FC (17)
?,(Sat) 18 Nov 2006 (W46),Notts County FC (18),2-1,1-0,Wrexham AFC (17)
?,(Sat) 18 Nov 2006 (W46),Torquay United FC (18),0-1,0-0,Swindon Town FC (18)
?,(Sat) 18 Nov 2006 (W46),Wycombe Wanderers FC (18),1-1,0-0,Grimsby Town FC (18)
?,(Sat) 25 Nov 2006 (W47),Boston United FC (19),1-1,0-0,Hereford FC (19)
?,(Sat) 25 Nov 2006 (W47),Darlington FC (19),1-0,1-0,Milton Keynes Dons FC (19)
?,(Sat) 25 Nov 2006 (W47),Grimsby Town FC (19),2-0,1-0,Accrington Stanley FC (19)
?,(Sat) 25 Nov 2006 (W47),Hartlepool United FC (19),2-0,1-0,Wycombe Wanderers FC (19)
?,(Sat) 25 Nov 2006 (W47),Peterborough United FC (19),5-2,3-1,Torquay United FC (19)
?,(Sat) 25 Nov 2006 (W47),Rochdale AFC (19),2-0,2-0,Mansfield Town FC (19)
?,(Sat) 25 Nov 2006 (W47),Shrewsbury Town FC (18),2-1,0-1,Chester FC (19)
?,(Sat) 25 Nov 2006 (W47),Stockport County FC (19),1-1,0-1,Macclesfield Town FC (19)
?,(Sat) 25 Nov 2006 (W47),Swindon Town FC (19),2-1,1-1,Bury FC (19)
?,(Sat) 25 Nov 2006 (W47),Walsall FC (19),2-1,2-0,Notts County FC (19)
?,(Sat) 25 Nov 2006 (W47),Wrexham AFC (18),2-1,2-0,Lincoln City FC (19)
?,(Sun) 26 Nov 2006 (W47),Bristol Rovers FC (19),2-0,0-0,Barnet FC (19)
?,(Sat) 2 Dec 2006 (W48),Accrington Stanley FC (20),3-3,1-2,Shrewsbury Town FC (19)
?,(Tue) 5 Dec 2006 (W49),Barnet FC (20),0-1,0-1,Grimsby Town FC (20)
?,(Tue) 5 Dec 2006 (W49),Bury FC (20),1-2,0-0,Walsall FC (20)
?,(Tue) 5 Dec 2006 (W49),Chester FC (20),3-1,0-0,Boston United FC (20)
?,(Tue) 5 Dec 2006 (W49),Hereford FC (20),0-0,0-0,Peterborough United FC (20)
?,(Tue) 5 Dec 2006 (W49),Lincoln City FC (20),1-0,1-0,Bristol Rovers FC (20)
?,(Tue) 5 Dec 2006 (W49),Macclesfield Town FC (20),1-0,0-0,Rochdale AFC (20)
?,(Tue) 5 Dec 2006 (W49),Mansfield Town FC (20),2-0,2-0,Swindon Town FC (20)
?,(Tue) 5 Dec 2006 (W49),Milton Keynes Dons FC (20),2-0,0-0,Stockport County FC (20)
?,(Tue) 5 Dec 2006 (W49),Notts County FC (20),0-1,0-1,Hartlepool United FC (20)
?,(Tue) 5 Dec 2006 (W49),Torquay United FC (20),1-1,0-1,Wrexham AFC (19)
?,(Tue) 5 Dec 2006 (W49),Wycombe Wanderers FC (20),1-0,1-0,Darlington FC (20)
?,(Sat) 9 Dec 2006 (W49),Accrington Stanley FC (21),3-4,2-1,Milton Keynes Dons FC (21)
?,(Sat) 9 Dec 2006 (W49),Boston United FC (21),4-0,1-0,Wrexham AFC (20)
?,(Sat) 9 Dec 2006 (W49),Bristol Rovers FC (21),0-2,0-0,Hartlepool United FC (21)
?,(Sat) 9 Dec 2006 (W49),Chester FC (21),4-1,1-0,Lincoln City FC (21)
?,(Sat) 9 Dec 2006 (W49),Grimsby Town FC (21),2-1,1-0,Shrewsbury Town FC (20)
?,(Sat) 9 Dec 2006 (W49),Hereford FC (21),1-1,1-1,Torquay United FC (21)
?,(Sat) 9 Dec 2006 (W49),Mansfield Town FC (21),0-2,0-1,Bury FC (21)
?,(Sat) 9 Dec 2006 (W49),Notts County FC (21),1-2,0-2,Macclesfield Town FC (21)
?,(Sat) 9 Dec 2006 (W49),Rochdale AFC (21),0-1,0-0,Peterborough United FC (21)
?,(Sat) 9 Dec 2006 (W49),Stockport County FC (21),5-2,4-2,Darlington FC (21)
?,(Sat) 9 Dec 2006 (W49),Walsall FC (21),0-2,0-1,Swindon Town FC (21)
?,(Sat) 9 Dec 2006 (W49),Wycombe Wanderers FC (21),1-1,0-0,Barnet FC (21)
?,(Fri) 15 Dec 2006 (W50),Hartlepool United FC (22),1-0,1-0,Rochdale AFC (22)
?,(Sat) 16 Dec 2006 (W50),Barnet FC (22),2-1,1-0,Mansfield Town FC (22)
?,(Sat) 16 Dec 2006 (W50),Bury FC (22),2-0,1-0,Stockport County FC (22)
?,(Sat) 16 Dec 2006 (W50),Darlington FC (22),0-1,0-0,Notts County FC (22)
?,(Sat) 16 Dec 2006 (W50),Lincoln City FC (22),2-0,1-0,Grimsby Town FC (22)
?,(Sat) 16 Dec 2006 (W50),Macclesfield Town FC (22),3-3,0-1,Accrington Stanley FC (22)
?,(Sat) 16 Dec 2006 (W50),Milton Keynes Dons FC (22),3-1,2-1,Wycombe Wanderers FC (22)
?,(Sat) 16 Dec 2006 (W50),Peterborough United FC (22),0-2,0-2,Chester FC (22)
?,(Sat) 16 Dec 2006 (W50),Shrewsbury Town FC (21),3-0,1-0,Hereford FC (22)
?,(Sat) 16 Dec 2006 (W50),Swindon Town FC (22),2-1,2-1,Bristol Rovers FC (22)
?,(Sat) 16 Dec 2006 (W50),Torquay United FC (22),0-1,0-1,Boston United FC (22)
?,(Sat) 16 Dec 2006 (W50),Wrexham AFC (21),1-1,0-1,Walsall FC (22)
?,(Fri) 22 Dec 2006 (W51),Grimsby Town FC (23),2-0,1-0,Torquay United FC (23)
?,(Fri) 22 Dec 2006 (W51),Notts County FC (23),0-1,0-0,Hereford FC (23)
?,(Fri) 22 Dec 2006 (W51),Shrewsbury Town FC (22),0-1,0-0,Barnet FC (23)
?,(Sat) 23 Dec 2006 (W51),Boston United FC (23),1-1,0-0,Walsall FC (23)
?,(Sat) 23 Dec 2006 (W51),Bristol Rovers FC (23),4-0,3-0,Accrington Stanley FC (23)
?,(Sat) 23 Dec 2006 (W51),Bury FC (23),0-1,0-0,Hartlepool United FC (23)
?,(Sat) 23 Dec 2006 (W51),Macclesfield Town FC (23),2-1,1-0,Swindon Town FC (23)
?,(Sat) 23 Dec 2006 (W51),Milton Keynes Dons FC (23),2-1,0-0,Rochdale AFC (23)
?,(Sat) 23 Dec 2006 (W51),Peterborough United FC (23),1-2,1-1,Lincoln City FC (23)
?,(Sat) 23 Dec 2006 (W51),Wrexham AFC (22),1-0,1-0,Darlington FC (23)
?,(Sat) 23 Dec 2006 (W51),Wycombe Wanderers FC (23),2-0,1-0,Stockport County FC (23)
?,(Tue) 26 Dec 2006 (W52),Accrington Stanley FC (24),1-1,1-0,Bury FC (24)
?,(Tue) 26 Dec 2006 (W52),Barnet FC (24),1-0,1-0,Peterborough United FC (24)
?,(Tue) 26 Dec 2006 (W52),Chester FC (23),0-3,0-1,Macclesfield Town FC (24)
?,(Tue) 26 Dec 2006 (W52),Darlington FC (24),0-2,0-1,Mansfield Town FC (23)
?,(Tue) 26 Dec 2006 (W52),Hartlepool United FC (24),2-0,0-0,Grimsby Town FC (24)
?,(Tue) 26 Dec 2006 (W52),Hereford FC (24),0-0,0-0,Bristol Rovers FC (24)
?,(Tue) 26 Dec 2006 (W52),Lincoln City FC (24),2-1,1-1,Boston United FC (24)
?,(Tue) 26 Dec 2006 (W52),Rochdale AFC (24),2-2,0-0,Wrexham AFC (23)
?,(Tue) 26 Dec 2006 (W52),Stockport County FC (24),2-0,0-0,Notts County FC (24)
?,(Tue) 26 Dec 2006 (W52),Swindon Town FC (24),2-1,1-0,Wycombe Wanderers FC (24)
?,(Tue) 26 Dec 2006 (W52),Torquay United FC (24),0-2,0-2,Milton Keynes Dons FC (24)
?,(Tue) 26 Dec 2006 (W52),Walsall FC (24),1-0,0-0,Shrewsbury Town FC (23)
?,(Sat) 30 Dec 2006 (W52),Barnet FC (25),2-1,2-1,Bury FC (25)
?,(Sat) 30 Dec 2006 (W52),Chester FC (24),0-3,0-0,Milton Keynes Dons FC (25)
?,(Sat) 30 Dec 2006 (W52),Darlington FC (25),1-2,0-1,Shrewsbury Town FC (24)
?,(Sat) 30 Dec 2006 (W52),Hartlepool United FC (25),1-0,0-0,Peterborough United FC (25)
?,(Sat) 30 Dec 2006 (W52),Hereford FC (25),2-0,1-0,Wrexham AFC (24)
?,(Sat) 30 Dec 2006 (W52),Lincoln City FC (25),1-0,0-0,Wycombe Wanderers FC (25)
?,(Sat) 30 Dec 2006 (W52),Rochdale AFC (25),4-0,1-0,Boston United FC (25)
?,(Sat) 30 Dec 2006 (W52),Stockport County FC (25),3-0,2-0,Grimsby Town FC (25)
?,(Sat) 30 Dec 2006 (W52),Swindon Town FC (25),1-1,0-1,Notts County FC (25)
?,(Sat) 30 Dec 2006 (W52),Torquay United FC (25),0-1,0-0,Macclesfield Town FC (25)
?,(Sat) 30 Dec 2006 (W52),Walsall FC (25),2-2,0-0,Bristol Rovers FC (25)
?,(Mon) 1 Jan 2007 (W1),Boston United FC (26),2-1,1-1,Barnet FC (26)
?,(Mon) 1 Jan 2007 (W1),Bristol Rovers FC (26),1-0,0-0,Torquay United FC (26)
?,(Mon) 1 Jan 2007 (W1),Grimsby Town FC (26),0-4,0-2,Rochdale AFC (26)
?,(Mon) 1 Jan 2007 (W1),Macclesfield Town FC (26),2-1,1-1,Lincoln City FC (26)
?,(Mon) 1 Jan 2007 (W1),Mansfield Town FC (24),0-1,0-0,Hartlepool United FC (26)
?,(Mon) 1 Jan 2007 (W1),Milton Keynes Dons FC (26),0-1,0-1,Swindon Town FC (26)
?,(Mon) 1 Jan 2007 (W1),Notts County FC (26),1-2,1-1,Chester FC (25)
?,(Mon) 1 Jan 2007 (W1),Peterborough United FC (26),0-2,0-2,Walsall FC (26)
?,(Mon) 1 Jan 2007 (W1),Shrewsbury Town FC (25),4-2,2-0,Stockport County FC (26)
?,(Mon) 1 Jan 2007 (W1),Wrexham AFC (25),1-3,1-1,Accrington Stanley FC (25)
?,(Mon) 1 Jan 2007 (W1),Wycombe Wanderers FC (26),0-0,0-0,Hereford FC (26)
?,(Sat) 6 Jan 2007 (W1),Boston United FC (27),1-0,0-0,Accrington Stanley FC (26)
?,(Sat) 6 Jan 2007 (W1),Shrewsbury Town FC (26),1-1,0-1,Hartlepool United FC (27)
?,(Sat) 6 Jan 2007 (W1),Wycombe Wanderers FC (27),1-1,0-0,Rochdale AFC (27)
?,(Mon) 8 Jan 2007 (W2),Milton Keynes Dons FC (27),2-2,0-1,Lincoln City FC (27)
?,(Tue) 9 Jan 2007 (W2),Grimsby Town FC (27),0-2,0-0,Chester FC (26)
?,(Sat) 13 Jan 2007 (W2),Accrington Stanley FC (27),1-2,1-2,Notts County FC (27)
?,(Sat) 13 Jan 2007 (W2),Barnet FC (27),1-0,1-0,Macclesfield Town FC (27)
?,(Sat) 13 Jan 2007 (W2),Chester FC (27),0-1,0-0,Wycombe Wanderers FC (28)
?,(Sat) 13 Jan 2007 (W2),Darlington FC (26),3-1,1-1,Peterborough United FC (27)
?,(Sat) 13 Jan 2007 (W2),Hartlepool United FC (28),1-0,0-0,Milton Keynes Dons FC (28)
?,(Sat) 13 Jan 2007 (W2),Hereford FC (27),1-3,0-1,Mansfield Town FC (25)
?,(Sat) 13 Jan 2007 (W2),Lincoln City FC (28),1-1,1-0,Shrewsbury Town FC (27)
?,(Sat) 13 Jan 2007 (W2),Rochdale AFC (28),0-1,0-0,Bristol Rovers FC (27)
?,(Sat) 13 Jan 2007 (W2),Stockport County FC (27),2-0,1-0,Boston United FC (28)
?,(Sat) 13 Jan 2007 (W2),Swindon Town FC (27),2-1,1-1,Wrexham AFC (26)
?,(Sat) 13 Jan 2007 (W2),Torquay United FC (27),2-2,1-0,Bury FC (26)
?,(Mon) 15 Jan 2007 (W3),Walsall FC (27),2-0,1-0,Grimsby Town FC (28)
?,(Tue) 16 Jan 2007 (W3),Accrington Stanley FC (28),3-2,1-2,Mansfield Town FC (26)
?,(Tue) 16 Jan 2007 (W3),Bury FC (27),1-1,1-0,Darlington FC (27)
?,(Sat) 20 Jan 2007 (W3),Boston United FC (29),1-3,1-1,Swindon Town FC (28)
?,(Sat) 20 Jan 2007 (W3),Bristol Rovers FC (28),0-0,0-0,Chester FC (28)
?,(Sat) 20 Jan 2007 (W3),Bury FC (28),2-2,1-1,Lincoln City FC (29)
?,(Sat) 20 Jan 2007 (W3),Grimsby Town FC (29),0-1,0-0,Darlington FC (28)
?,(Sat) 20 Jan 2007 (W3),Macclesfield Town FC (28),3-0,1-0,Hereford FC (28)
?,(Sat) 20 Jan 2007 (W3),Mansfield Town FC (27),2-1,1-1,Walsall FC (28)
?,(Sat) 20 Jan 2007 (W3),Milton Keynes Dons FC (29),3-1,1-1,Barnet FC (28)
?,(Sat) 20 Jan 2007 (W3),Notts County FC (28),5-2,3-2,Torquay United FC (28)
?,(Sat) 20 Jan 2007 (W3),Peterborough United FC (28),0-3,0-2,Stockport County FC (28)
?,(Sat) 20 Jan 2007 (W3),Wrexham AFC (27),1-1,0-1,Hartlepool United FC (29)
?,(Sat) 20 Jan 2007 (W3),Wycombe Wanderers FC (29),1-1,0-0,Accrington Stanley FC (29)
?,(Fri) 26 Jan 2007 (W4),Torquay United FC (29),4-1,2-0,Grimsby Town FC (30)
?,(Sat) 27 Jan 2007 (W4),Chester FC (29),1-1,0-1,Mansfield Town FC (28)
?,(Sat) 27 Jan 2007 (W4),Darlington FC (29),1-1,1-1,Wrexham AFC (28)
?,(Sat) 27 Jan 2007 (W4),Hartlepool United FC (30),2-0,1-0,Bury FC (29)
?,(Sat) 27 Jan 2007 (W4),Hereford FC (29),3-2,2-1,Notts County FC (29)
?,(Sat) 27 Jan 2007 (W4),Lincoln City FC (30),1-0,0-0,Peterborough United FC (29)
?,(Sat) 27 Jan 2007 (W4),Rochdale AFC (29),5-0,3-0,Milton Keynes Dons FC (30)
?,(Sat) 27 Jan 2007 (W4),Stockport County FC (29),2-0,1-0,Wycombe Wanderers FC (30)
?,(Sat) 27 Jan 2007 (W4),Swindon Town FC (29),2-0,1-0,Macclesfield Town FC (29)
?,(Sat) 27 Jan 2007 (W4),Walsall FC (29),1-1,1-1,Boston United FC (30)
?,(Tue) 30 Jan 2007 (W5),Bury FC (30),2-2,1-0,Hereford FC (30)
?,(Tue) 30 Jan 2007 (W5),Macclesfield Town FC (30),0-2,0-1,Walsall FC (30)
?,(Tue) 30 Jan 2007 (W5),Mansfield Town FC (29),5-0,2-0,Torquay United FC (30)
?,(Tue) 30 Jan 2007 (W5),Notts County FC (30),1-1,1-0,Barnet FC (29)
?,(Tue) 30 Jan 2007 (W5),Peterborough United FC (30),1-1,0-0,Swindon Town FC (30)
?,(Tue) 30 Jan 2007 (W5),Wrexham AFC (29),0-1,0-0,Stockport County FC (30)
?,(Sat) 3 Feb 2007 (W5),Accrington Stanley FC (30),0-1,0-1,Chester FC (30)
?,(Sat) 3 Feb 2007 (W5),Boston United FC (31),0-6,0-4,Grimsby Town FC (31)
?,(Sat) 3 Feb 2007 (W5),Bristol Rovers FC (29),3-2,1-0,Peterborough United FC (31)
?,(Sat) 3 Feb 2007 (W5),Bury FC (31),0-2,0-1,Milton Keynes Dons FC (31)
?,(Sat) 3 Feb 2007 (W5),Hereford FC (31),0-2,0-2,Stockport County FC (31)
?,(Sat) 3 Feb 2007 (W5),Macclesfield Town FC (31),1-1,0-1,Darlington FC (30)
?,(Sat) 3 Feb 2007 (W5),Mansfield Town FC (30),1-1,0-1,Shrewsbury Town FC (28)
?,(Sat) 3 Feb 2007 (W5),Notts County FC (31),3-1,2-0,Lincoln City FC (31)
?,(Sat) 3 Feb 2007 (W5),Swindon Town FC (31),0-1,0-0,Hartlepool United FC (31)
?,(Sat) 3 Feb 2007 (W5),Torquay United FC (31),1-1,1-0,Barnet FC (30)
?,(Sat) 3 Feb 2007 (W5),Walsall FC (31),1-1,0-1,Rochdale AFC (30)
?,(Sat) 3 Feb 2007 (W5),Wrexham AFC (30),0-2,0-1,Wycombe Wanderers FC (31)
?,(Tue) 6 Feb 2007 (W6),Bristol Rovers FC (30),1-2,0-1,Darlington FC (31)
?,(Sat) 10 Feb 2007 (W6),Barnet FC (31),1-2,1-1,Accrington Stanley FC (31)
?,(Sat) 10 Feb 2007 (W6),Darlington FC (32),2-0,0-0,Boston United FC (32)
?,(Sat) 10 Feb 2007 (W6),Grimsby Town FC (32),4-3,1-2,Bristol Rovers FC (31)
?,(Sat) 10 Feb 2007 (W6),Hartlepool United FC (32),3-1,0-1,Walsall FC (32)
?,(Sat) 10 Feb 2007 (W6),Lincoln City FC (32),1-0,1-0,Torquay United FC (32)
?,(Sat) 10 Feb 2007 (W6),Peterborough United FC (32),3-0,1-0,Wrexham AFC (31)
?,(Sat) 10 Feb 2007 (W6),Stockport County FC (32),1-0,1-0,Mansfield Town FC (31)
?,(Sat) 10 Feb 2007 (W6),Wycombe Wanderers FC (32),0-0,0-0,Notts County FC (32)
?,(Fri) 16 Feb 2007 (W7),Walsall FC (33),1-2,1-2,Lincoln City FC (33)
?,(Sat) 17 Feb 2007 (W7),Accrington Stanley FC (32),0-1,0-1,Stockport County FC (33)
?,(Sat) 17 Feb 2007 (W7),Boston United FC (33),0-3,0-2,Shrewsbury Town FC (29)
?,(Sat) 17 Feb 2007 (W7),Bristol Rovers FC (32),1-1,0-0,Milton Keynes Dons FC (32)
?,(Sat) 17 Feb 2007 (W7),Bury FC (32),0-4,0-2,Wycombe Wanderers FC (33)
?,(Sat) 17 Feb 2007 (W7),Hereford FC (32),2-0,0-0,Barnet FC (32)
?,(Sat) 17 Feb 2007 (W7),Macclesfield Town FC (32),2-1,1-0,Peterborough United FC (33)
?,(Sat) 17 Feb 2007 (W7),Mansfield Town FC (32),1-2,1-1,Grimsby Town FC (33)
?,(Sat) 17 Feb 2007 (W7),Notts County FC (33),1-2,0-0,Rochdale AFC (31)
?,(Sat) 17 Feb 2007 (W7),Swindon Town FC (32),1-1,1-0,Darlington FC (33)
?,(Sat) 17 Feb 2007 (W7),Torquay United FC (33),0-1,0-1,Hartlepool United FC (33)
?,(Sun) 18 Feb 2007 (W7),Wrexham AFC (32),0-0,0-0,Chester FC (31)
?,(Tue) 20 Feb 2007 (W8),Barnet FC (33),1-0,1-0,Swindon Town FC (33)
?,(Tue) 20 Feb 2007 (W8),Darlington FC (34),2-1,2-0,Accrington Stanley FC (33)
?,(Tue) 20 Feb 2007 (W8),Grimsby Town FC (34),2-1,1-1,Wrexham AFC (33)
?,(Tue) 20 Feb 2007 (W8),Hartlepool United FC (34),3-2,1-0,Macclesfield Town FC (33)
?,(Tue) 20 Feb 2007 (W8),Lincoln City FC (34),1-4,0-2,Hereford FC (33)
?,(Tue) 20 Feb 2007 (W8),Milton Keynes Dons FC (33),1-1,0-0,Mansfield Town FC (33)
?,(Tue) 20 Feb 2007 (W8),Peterborough United FC (34),1-1,0-0,Boston United FC (34)
?,(Tue) 20 Feb 2007 (W8),Rochdale AFC (32),2-0,1-0,Torquay United FC (34)
?,(Tue) 20 Feb 2007 (W8),Shrewsbury Town FC (30),2-0,2-0,Notts County FC (34)
?,(Tue) 20 Feb 2007 (W8),Stockport County FC (34),1-0,0-0,Walsall FC (34)
?,(Wed) 21 Feb 2007 (W8),Chester FC (32),1-0,0-0,Bury FC (33)
?,(Sat) 24 Feb 2007 (W8),Accrington Stanley FC (34),2-2,1-1,Lincoln City FC (35)
?,(Sat) 24 Feb 2007 (W8),Boston United FC (35),0-1,0-0,Hartlepool United FC (35)
?,(Sat) 24 Feb 2007 (W8),Bury FC (34),0-3,0-0,Peterborough United FC (35)
?,(Sat) 24 Feb 2007 (W8),Hereford FC (34),0-0,0-0,Rochdale AFC (33)
?,(Sat) 24 Feb 2007 (W8),Macclesfield Town FC (34),2-1,2-0,Grimsby Town FC (35)
?,(Sat) 24 Feb 2007 (W8),Mansfield Town FC (34),3-2,2-2,Wycombe Wanderers FC (34)
?,(Sat) 24 Feb 2007 (W8),Notts County FC (35),2-2,1-2,Milton Keynes Dons FC (34)
?,(Sat) 24 Feb 2007 (W8),Swindon Town FC (34),1-0,1-0,Chester FC (33)
?,(Sat) 24 Feb 2007 (W8),Torquay United FC (35),0-1,0-0,Darlington FC (35)
?,(Sat) 24 Feb 2007 (W8),Walsall FC (35),4-1,1-1,Barnet FC (34)
?,(Sun) 25 Feb 2007 (W8),Wrexham AFC (34),1-3,0-2,Shrewsbury Town FC (31)
?,(Tue) 27 Feb 2007 (W9),Chester FC (34),1-1,0-0,Hereford FC (35)
?,(Fri) 2 Mar 2007 (W9),Chester FC (35),1-1,0-0,Torquay United FC (36)
?,(Fri) 2 Mar 2007 (W9),Shrewsbury Town FC (32),0-0,0-0,Bristol Rovers FC (33)
?,(Sat) 3 Mar 2007 (W9),Barnet FC (35),1-2,1-0,Wrexham AFC (35)
?,(Sat) 3 Mar 2007 (W9),Darlington FC (36),0-0,0-0,Walsall FC (36)
?,(Sat) 3 Mar 2007 (W9),Grimsby Town FC (36),2-0,2-0,Bury FC (35)
?,(Sat) 3 Mar 2007 (W9),Hartlepool United FC (36),3-2,1-0,Hereford FC (36)
?,(Sat) 3 Mar 2007 (W9),Lincoln City FC (36),1-2,0-1,Mansfield Town FC (35)
?,(Sat) 3 Mar 2007 (W9),Milton Keynes Dons FC (35),3-2,1-2,Boston United FC (36)
?,(Sat) 3 Mar 2007 (W9),Peterborough United FC (36),2-0,0-0,Notts County FC (36)
?,(Sat) 3 Mar 2007 (W9),Rochdale AFC (34),4-2,3-0,Accrington Stanley FC (35)
?,(Sat) 3 Mar 2007 (W9),Stockport County FC (35),3-0,1-0,Swindon Town FC (35)
?,(Sat) 3 Mar 2007 (W9),Wycombe Wanderers FC (35),3-0,1-0,Macclesfield Town FC (35)
?,(Tue) 6 Mar 2007 (W10),Accrington Stanley FC (36),1-1,0-0,Bristol Rovers FC (34)
?,(Tue) 6 Mar 2007 (W10),Mansfield Town FC (36),2-1,1-1,Chester FC (36)
?,(Fri) 9 Mar 2007 (W10),Hartlepool United FC (37),1-1,0-1,Lincoln City FC (37)
?,(Fri) 9 Mar 2007 (W10),Wrexham AFC (36),1-1,1-0,Bury FC (36)
?,(Sat) 10 Mar 2007 (W10),Barnet FC (36),3-1,1-1,Stockport County FC (36)
?,(Sat) 10 Mar 2007 (W10),Boston United FC (37),2-1,2-0,Bristol Rovers FC (35)
?,(Sat) 10 Mar 2007 (W10),Hereford FC (37),0-1,0-0,Grimsby Town FC (37)
?,(Sat) 10 Mar 2007 (W10),Macclesfield Town FC (36),2-2,1-0,Shrewsbury Town FC (33)
?,(Sat) 10 Mar 2007 (W10),Notts County FC (37),0-0,0-0,Mansfield Town FC (37)
?,(Sat) 10 Mar 2007 (W10),Peterborough United FC (37),4-0,2-0,Milton Keynes Dons FC (36)
?,(Sat) 10 Mar 2007 (W10),Rochdale AFC (35),0-0,0-0,Darlington FC (37)
?,(Sat) 10 Mar 2007 (W10),Swindon Town FC (36),2-0,1-0,Accrington Stanley FC (37)
?,(Sat) 10 Mar 2007 (W10),Torquay United FC (37),3-0,2-0,Wycombe Wanderers FC (36)
?,(Sat) 10 Mar 2007 (W10),Walsall FC (37),1-0,0-0,Chester FC (37)
?,(Tue) 13 Mar 2007 (W11),Milton Keynes Dons FC (37),3-0,2-0,Macclesfield Town FC (37)
?,(Fri) 16 Mar 2007 (W11),Chester FC (38),0-1,0-1,Rochdale AFC (36)
?,(Fri) 16 Mar 2007 (W11),Shrewsbury Town FC (34),2-1,0-1,Peterborough United FC (38)
?,(Sat) 17 Mar 2007 (W11),Accrington Stanley FC (38),1-0,0-0,Torquay United FC (38)
?,(Sat) 17 Mar 2007 (W11),Bristol Rovers FC (36),2-0,0-0,Notts County FC (38)
?,(Sat) 17 Mar 2007 (W11),Bury FC (37),1-1,0-0,Macclesfield Town FC (38)
?,(Sat) 17 Mar 2007 (W11),Darlington FC (38),1-0,0-0,Hereford FC (38)
?,(Sat) 17 Mar 2007 (W11),Grimsby Town FC (38),1-0,0-0,Swindon Town FC (37)
?,(Sat) 17 Mar 2007 (W11),Lincoln City FC (38),1-0,0-0,Barnet FC (37)
?,(Sat) 17 Mar 2007 (W11),Mansfield Town FC (38),1-2,1-2,Boston United FC (38)
?,(Sat) 17 Mar 2007 (W11),Milton Keynes Dons FC (38),2-1,1-1,Wrexham AFC (37)
?,(Sat) 17 Mar 2007 (W11),Stockport County FC (37),3-3,3-1,Hartlepool United FC (38)
?,(Sat) 17 Mar 2007 (W11),Wycombe Wanderers FC (37),0-0,0-0,Walsall FC (38)
?,(Tue) 20 Mar 2007 (W12),Barnet FC (38),0-0,0-0,Shrewsbury Town FC (35)
?,(Tue) 20 Mar 2007 (W12),Bristol Rovers FC (37),2-1,1-0,Stockport County FC (38)
?,(Fri) 23 Mar 2007 (W12),Mansfield Town FC (39),1-2,0-0,Macclesfield Town FC (39)
?,(Fri) 23 Mar 2007 (W12),Wycombe Wanderers FC (38),0-0,0-0,Boston United FC (39)
?,(Sat) 24 Mar 2007 (W12),Accrington Stanley FC (39),2-0,1-0,Hereford FC (39)
?,(Sat) 24 Mar 2007 (W12),Bristol Rovers FC (38),0-1,0-0,Wrexham AFC (38)
?,(Sat) 24 Mar 2007 (W12),Bury FC (38),0-1,0-1,Notts County FC (39)
?,(Sat) 24 Mar 2007 (W12),Chester FC (39),2-0,1-0,Barnet FC (39)
?,(Sat) 24 Mar 2007 (W12),Grimsby Town FC (39),0-2,0-0,Peterborough United FC (39)
?,(Sat) 24 Mar 2007 (W12),Shrewsbury Town FC (36),1-0,0-0,Torquay United FC (39)
?,(Sat) 24 Mar 2007 (W12),Stockport County FC (39),2-7,2-4,Rochdale AFC (37)
?,(Sun) 25 Mar 2007 (W12),Darlington FC (39),0-3,0-1,Hartlepool United FC (39)
?,(Sun) 25 Mar 2007 (W12),Lincoln City FC (39),2-3,1-2,Swindon Town FC (38)
?,(Sun) 25 Mar 2007 (W12),Milton Keynes Dons FC (39),1-1,0-0,Walsall FC (39)
?,(Tue) 27 Mar 2007 (W13),Shrewsbury Town FC (37),3-0,0-0,Rochdale AFC (38)
?,(Tue) 27 Mar 2007 (W13),Wycombe Wanderers FC (39),0-1,0-1,Bristol Rovers FC (39)
?,(Fri) 30 Mar 2007 (W13),Hartlepool United FC (40),3-0,2-0,Chester FC (40)
?,(Sat) 31 Mar 2007 (W13),Barnet FC (40),2-1,1-1,Darlington FC (40)
?,(Sat) 31 Mar 2007 (W13),Boston United FC (40),0-1,0-0,Bury FC (39)
?,(Sat) 31 Mar 2007 (W13),Hereford FC (40),0-0,0-0,Milton Keynes Dons FC (40)
?,(Sat) 31 Mar 2007 (W13),Notts County FC (40),2-0,0-0,Grimsby Town FC (40)
?,(Sat) 31 Mar 2007 (W13),Peterborough United FC (40),3-3,1-2,Wycombe Wanderers FC (40)
?,(Sat) 31 Mar 2007 (W13),Rochdale AFC (39),2-0,0-0,Lincoln City FC (40)
?,(Sat) 31 Mar 2007 (W13),Swindon Town FC (39),2-1,0-1,Shrewsbury Town FC (38)
?,(Sat) 31 Mar 2007 (W13),Torquay United FC (40),1-0,0-0,Stockport County FC (40)
?,(Sat) 31 Mar 2007 (W13),Walsall FC (40),3-2,1-1,Accrington Stanley FC (40)
?,(Sat) 31 Mar 2007 (W13),Wrexham AFC (39),0-0,0-0,Mansfield Town FC (40)
?,(Tue) 3 Apr 2007 (W14),Rochdale AFC (40),0-0,0-0,Swindon Town FC (40)
?,(Tue) 3 Apr 2007 (W14),Shrewsbury Town FC (39),1-3,1-1,Bury FC (40)
?,(Fri) 6 Apr 2007 (W14),Chester FC (41),1-1,0-0,Darlington FC (41)
?,(Sat) 7 Apr 2007 (W14),Accrington Stanley FC (41),3-2,2-1,Peterborough United FC (41)
?,(Sat) 7 Apr 2007 (W14),Barnet FC (41),2-1,1-0,Hartlepool United FC (41)
?,(Sat) 7 Apr 2007 (W14),Bury FC (41),0-1,0-0,Rochdale AFC (41)
?,(Sat) 7 Apr 2007 (W14),Hereford FC (41),0-0,0-0,Swindon Town FC (41)
?,(Sat) 7 Apr 2007 (W14),Lincoln City FC (41),0-0,0-0,Stockport County FC (41)
?,(Sat) 7 Apr 2007 (W14),Macclesfield Town FC (40),2-0,1-0,Wrexham AFC (40)
?,(Sat) 7 Apr 2007 (W14),Mansfield Town FC (41),0-1,0-1,Bristol Rovers FC (40)
?,(Sat) 7 Apr 2007 (W14),Milton Keynes Dons FC (41),1-2,0-1,Grimsby Town FC (41)
?,(Sat) 7 Apr 2007 (W14),Notts County FC (41),2-0,1-0,Boston United FC (41)
?,(Sat) 7 Apr 2007 (W14),Torquay United FC (41),1-2,0-2,Walsall FC (41)
?,(Sat) 7 Apr 2007 (W14),Wycombe Wanderers FC (41),1-1,1-1,Shrewsbury Town FC (40)
?,(Mon) 9 Apr 2007 (W15),Boston United FC (42),4-1,2-0,Macclesfield Town FC (41)
?,(Mon) 9 Apr 2007 (W15),Bristol Rovers FC (41),2-0,1-0,Bury FC (42)
?,(Mon) 9 Apr 2007 (W15),Darlington FC (42),1-1,1-0,Lincoln City FC (42)
?,(Mon) 9 Apr 2007 (W15),Grimsby Town FC (42),2-2,0-2,Wycombe Wanderers FC (42)
?,(Mon) 9 Apr 2007 (W15),Hartlepool United FC (42),1-0,0-0,Accrington Stanley FC (42)
?,(Mon) 9 Apr 2007 (W15),Peterborough United FC (42),2-0,0-0,Mansfield Town FC (42)
?,(Mon) 9 Apr 2007 (W15),Rochdale AFC (42),0-2,0-2,Barnet FC (42)
?,(Mon) 9 Apr 2007 (W15),Shrewsbury Town FC (41),2-1,0-1,Milton Keynes Dons FC (42)
?,(Mon) 9 Apr 2007 (W15),Stockport County FC (42),2-0,1-0,Chester FC (42)
?,(Mon) 9 Apr 2007 (W15),Swindon Town FC (42),2-1,1-0,Torquay United FC (42)
?,(Mon) 9 Apr 2007 (W15),Walsall FC (42),1-0,0-0,Hereford FC (42)
?,(Mon) 9 Apr 2007 (W15),Wrexham AFC (41),0-1,0-0,Notts County FC (42)
?,(Sat) 14 Apr 2007 (W15),Accrington Stanley FC (43),4-1,2-1,Grimsby Town FC (43)
?,(Sat) 14 Apr 2007 (W15),Barnet FC (43),1-1,1-1,Bristol Rovers FC (42)
?,(Sat) 14 Apr 2007 (W15),Bury FC (43),0-1,0-0,Swindon Town FC (43)
?,(Sat) 14 Apr 2007 (W15),Hereford FC (43),3-0,0-0,Boston United FC (43)
?,(Sat) 14 Apr 2007 (W15),Lincoln City FC (43),0-3,0-2,Wrexham AFC (42)
?,(Sat) 14 Apr 2007 (W15),Macclesfield Town FC (42),2-0,1-0,Stockport County FC (43)
?,(Sat) 14 Apr 2007 (W15),Mansfield Town FC (43),1-2,1-1,Rochdale AFC (43)
?,(Sat) 14 Apr 2007 (W15),Milton Keynes Dons FC (43),1-0,0-0,Darlington FC (43)
?,(Sat) 14 Apr 2007 (W15),Notts County FC (43),1-2,1-1,Walsall FC (43)
?,(Sat) 14 Apr 2007 (W15),Torquay United FC (43),1-1,1-0,Peterborough United FC (43)
?,(Sat) 14 Apr 2007 (W15),Wycombe Wanderers FC (43),0-1,0-0,Hartlepool United FC (43)
?,(Sun) 15 Apr 2007 (W15),Chester FC (43),0-0,0-0,Shrewsbury Town FC (42)
?,(Fri) 20 Apr 2007 (W16),Hartlepool United FC (44),1-1,1-1,Notts County FC (44)
?,(Sat) 21 Apr 2007 (W16),Boston United FC (44),1-0,0-0,Chester FC (44)
?,(Sat) 21 Apr 2007 (W16),Bristol Rovers FC (43),0-0,0-0,Lincoln City FC (44)
?,(Sat) 21 Apr 2007 (W16),Darlington FC (44),3-2,1-1,Wycombe Wanderers FC (44)
?,(Sat) 21 Apr 2007 (W16),Grimsby Town FC (44),5-0,2-0,Barnet FC (44)
?,(Sat) 21 Apr 2007 (W16),Peterborough United FC (44),3-0,2-0,Hereford FC (44)
?,(Sat) 21 Apr 2007 (W16),Rochdale AFC (44),5-0,3-0,Macclesfield Town FC (43)
?,(Sat) 21 Apr 2007 (W16),Shrewsbury Town FC (43),2-1,1-1,Accrington Stanley FC (44)
?,(Sat) 21 Apr 2007 (W16),Stockport County FC (44),1-2,0-1,Milton Keynes Dons FC (44)
?,(Sat) 21 Apr 2007 (W16),Swindon Town FC (44),2-0,2-0,Mansfield Town FC (44)
?,(Sat) 21 Apr 2007 (W16),Walsall FC (44),0-1,0-1,Bury FC (44)
?,(Sat) 21 Apr 2007 (W16),Wrexham AFC (43),1-0,0-0,Torquay United FC (44)
?,(Tue) 24 Apr 2007 (W17),Macclesfield Town FC (44),0-1,0-0,Bristol Rovers FC (44)
?,(Tue) 24 Apr 2007 (W17),Shrewsbury Town FC (44),0-1,0-0,Wrexham AFC (44)
?,(Sat) 28 Apr 2007 (W17),Accrington Stanley FC (45),3-2,2-2,Macclesfield Town FC (45)
?,(Sat) 28 Apr 2007 (W17),Boston United FC (45),1-1,0-0,Torquay United FC (45)
?,(Sat) 28 Apr 2007 (W17),Bristol Rovers FC (45),1-0,1-0,Swindon Town FC (45)
?,(Sat) 28 Apr 2007 (W17),Chester FC (45),1-1,1-0,Peterborough United FC (45)
?,(Sat) 28 Apr 2007 (W17),Grimsby Town FC (45),0-0,0-0,Lincoln City FC (45)
?,(Sat) 28 Apr 2007 (W17),Hereford FC (45),0-1,0-1,Shrewsbury Town FC (45)
?,(Sat) 28 Apr 2007 (W17),Mansfield Town FC (45),2-1,1-0,Barnet FC (45)
?,(Sat) 28 Apr 2007 (W17),Notts County FC (45),0-1,0-0,Darlington FC (45)
?,(Sat) 28 Apr 2007 (W17),Rochdale AFC (45),2-0,1-0,Hartlepool United FC (45)
?,(Sat) 28 Apr 2007 (W17),Stockport County FC (45),0-0,0-0,Bury FC (45)
?,(Sat) 28 Apr 2007 (W17),Walsall FC (45),1-0,0-0,Wrexham AFC (45)
?,(Sat) 28 Apr 2007 (W17),Wycombe Wanderers FC (45),0-2,0-0,Milton Keynes Dons FC (45)
?,(Sat) 5 May 2007 (W18),Barnet FC (46),2-1,0-1,Wycombe Wanderers FC (46)
?,(Sat) 5 May 2007 (W18),Bury FC (46),1-1,0-1,Mansfield Town FC (46)
?,(Sat) 5 May 2007 (W18),Darlington FC (46),0-5,0-1,Stockport County FC (46)
?,(Sat) 5 May 2007 (W18),Hartlepool United FC (46),1-2,1-0,Bristol Rovers FC (46)
?,(Sat) 5 May 2007 (W18),Lincoln City FC (46),2-0,0-0,Chester FC (46)
?,(Sat) 5 May 2007 (W18),Macclesfield Town FC (46),1-1,1-1,Notts County FC (46)
?,(Sat) 5 May 2007 (W18),Milton Keynes Dons FC (46),3-1,0-1,Accrington Stanley FC (46)
?,(Sat) 5 May 2007 (W18),Peterborough United FC (46),3-3,2-1,Rochdale AFC (46)
?,(Sat) 5 May 2007 (W18),Shrewsbury Town FC (46),2-2,0-1,Grimsby Town FC (46)
?,(Sat) 5 May 2007 (W18),Swindon Town FC (46),1-1,0-0,Walsall FC (46)
?,(Sat) 5 May 2007 (W18),Torquay United FC (46),0-0,0-0,Hereford FC (46)
?,(Sat) 5 May 2007 (W18),Wrexham AFC (46),3-1,0-1,Boston United FC (46)
