Round,Date,Team 1,FT,HT,Team 2
?,(Sat) 6 Aug 2005 (W31),Crewe Alexandra FC (1),2-1,1-0,Burnley FC (1)
?,(Sat) 6 Aug 2005 (W31),Crystal Palace FC (1),1-2,0-1,Luton Town FC (1)
?,(Sat) 6 Aug 2005 (W31),Derby County FC (1),1-1,1-1,Brighton & Hove Albion FC (1)
?,(Sat) 6 Aug 2005 (W31),Hull City AFC (1),0-0,0-0,Queens Park Rangers FC (1)
?,(Sat) 6 Aug 2005 (W31),Ipswich Town FC (1),1-0,0-0,Cardiff City FC (1)
?,(Sat) 6 Aug 2005 (W31),Norwich City FC (1),1-1,1-0,Coventry City FC (1)
?,(Sat) 6 Aug 2005 (W31),Reading FC (1),1-2,0-1,Plymouth Argyle FC (1)
?,(Sat) 6 Aug 2005 (W31),Sheffield United FC (1),4-1,1-0,Leicester City FC (1)
?,(Sat) 6 Aug 2005 (W31),Southampton FC (1),0-0,0-0,Wolverhampton Wanderers FC (1)
?,(Sat) 6 Aug 2005 (W31),Stoke City FC (1),0-0,0-0,Sheffield Wednesday FC (1)
?,(Sat) 6 Aug 2005 (W31),Watford FC (1),1-2,1-2,Preston North End FC (1)
?,(Sun) 7 Aug 2005 (W31),Leeds United FC (1),2-1,1-0,Millwall FC (1)
?,(Mon) 8 Aug 2005 (W32),Preston North End FC (2),1-1,1-1,Derby County FC (2)
?,(Tue) 9 Aug 2005 (W32),Brighton & Hove Albion FC (2),0-2,0-1,Reading FC (2)
?,(Tue) 9 Aug 2005 (W32),Burnley FC (2),1-2,0-2,Sheffield United FC (2)
?,(Tue) 9 Aug 2005 (W32),Cardiff City FC (2),2-1,0-1,Leeds United FC (2)
?,(Tue) 9 Aug 2005 (W32),Leicester City FC (2),4-2,1-0,Stoke City FC (2)
?,(Tue) 9 Aug 2005 (W32),Luton Town FC (2),3-2,1-2,Southampton FC (2)
?,(Tue) 9 Aug 2005 (W32),Millwall FC (2),0-0,0-0,Coventry City FC (2)
?,(Tue) 9 Aug 2005 (W32),Norwich City FC (2),1-1,0-1,Crewe Alexandra FC (2)
?,(Tue) 9 Aug 2005 (W32),Plymouth Argyle FC (2),3-3,3-1,Watford FC (2)
?,(Tue) 9 Aug 2005 (W32),Queens Park Rangers FC (2),2-1,2-0,Ipswich Town FC (2)
?,(Tue) 9 Aug 2005 (W32),Sheffield Wednesday FC (2),1-1,1-1,Hull City AFC (2)
?,(Tue) 9 Aug 2005 (W32),Wolverhampton Wanderers FC (2),2-1,1-1,Crystal Palace FC (2)
?,(Fri) 12 Aug 2005 (W32),Cardiff City FC (3),1-3,0-1,Watford FC (3)
?,(Sat) 13 Aug 2005 (W32),Brighton & Hove Albion FC (3),2-2,1-0,Crewe Alexandra FC (3)
?,(Sat) 13 Aug 2005 (W32),Burnley FC (3),4-0,2-0,Coventry City FC (3)
?,(Sat) 13 Aug 2005 (W32),Leicester City FC (3),0-0,0-0,Ipswich Town FC (3)
?,(Sat) 13 Aug 2005 (W32),Luton Town FC (3),0-0,0-0,Leeds United FC (3)
?,(Sat) 13 Aug 2005 (W32),Millwall FC (3),0-1,0-1,Stoke City FC (3)
?,(Sat) 13 Aug 2005 (W32),Norwich City FC (3),1-1,1-1,Crystal Palace FC (3)
?,(Sat) 13 Aug 2005 (W32),Plymouth Argyle FC (3),0-2,0-2,Derby County FC (3)
?,(Sat) 13 Aug 2005 (W32),Preston North End FC (3),0-3,0-1,Reading FC (3)
?,(Sat) 13 Aug 2005 (W32),Queens Park Rangers FC (3),2-1,0-0,Sheffield United FC (3)
?,(Sat) 13 Aug 2005 (W32),Sheffield Wednesday FC (3),0-1,0-1,Southampton FC (3)
?,(Sat) 13 Aug 2005 (W32),Wolverhampton Wanderers FC (3),1-0,1-0,Hull City AFC (3)
?,(Sat) 20 Aug 2005 (W33),Coventry City FC (4),3-0,3-0,Queens Park Rangers FC (4)
?,(Sat) 20 Aug 2005 (W33),Crewe Alexandra FC (4),2-2,2-1,Leicester City FC (4)
?,(Sat) 20 Aug 2005 (W33),Crystal Palace FC (4),1-0,0-0,Plymouth Argyle FC (4)
?,(Sat) 20 Aug 2005 (W33),Derby County FC (4),2-1,2-0,Cardiff City FC (4)
?,(Sat) 20 Aug 2005 (W33),Hull City AFC (4),2-0,1-0,Brighton & Hove Albion FC (4)
?,(Sat) 20 Aug 2005 (W33),Ipswich Town FC (4),2-1,1-0,Sheffield Wednesday FC (4)
?,(Sat) 20 Aug 2005 (W33),Leeds United FC (4),2-0,1-0,Wolverhampton Wanderers FC (4)
?,(Sat) 20 Aug 2005 (W33),Reading FC (4),5-0,4-0,Millwall FC (4)
?,(Sat) 20 Aug 2005 (W33),Sheffield United FC (4),2-1,1-1,Preston North End FC (4)
?,(Sat) 20 Aug 2005 (W33),Southampton FC (4),1-0,1-0,Norwich City FC (4)
?,(Sat) 20 Aug 2005 (W33),Stoke City FC (4),2-1,0-1,Luton Town FC (4)
?,(Sat) 20 Aug 2005 (W33),Watford FC (4),3-1,2-1,Burnley FC (4)
?,(Fri) 26 Aug 2005 (W34),Queens Park Rangers FC (5),0-0,0-0,Sheffield Wednesday FC (5)
?,(Sat) 27 Aug 2005 (W34),Burnley FC (5),2-2,0-1,Derby County FC (5)
?,(Sat) 27 Aug 2005 (W34),Cardiff City FC (5),2-2,1-0,Wolverhampton Wanderers FC (5)
?,(Sat) 27 Aug 2005 (W34),Crystal Palace FC (5),2-0,1-0,Stoke City FC (5)
?,(Sat) 27 Aug 2005 (W34),Leicester City FC (5),0-2,0-1,Luton Town FC (5)
?,(Sat) 27 Aug 2005 (W34),Millwall FC (5),1-2,0-1,Ipswich Town FC (5)
?,(Sat) 27 Aug 2005 (W34),Norwich City FC (5),0-1,0-0,Leeds United FC (5)
?,(Sat) 27 Aug 2005 (W34),Plymouth Argyle FC (5),0-1,0-0,Hull City AFC (5)
?,(Sat) 27 Aug 2005 (W34),Preston North End FC (5),0-0,0-0,Brighton & Hove Albion FC (5)
?,(Sat) 27 Aug 2005 (W34),Sheffield United FC (5),2-1,1-1,Coventry City FC (5)
?,(Sat) 27 Aug 2005 (W34),Southampton FC (5),2-0,1-0,Crewe Alexandra FC (5)
?,(Sat) 27 Aug 2005 (W34),Watford FC (5),0-0,0-0,Reading FC (5)
?,(Mon) 29 Aug 2005 (W35),Brighton & Hove Albion FC (6),2-0,1-0,Plymouth Argyle FC (6)
?,(Mon) 29 Aug 2005 (W35),Coventry City FC (6),1-1,1-1,Southampton FC (6)
?,(Mon) 29 Aug 2005 (W35),Crewe Alexandra FC (6),1-3,1-1,Sheffield United FC (6)
?,(Mon) 29 Aug 2005 (W35),Derby County FC (6),1-2,1-0,Watford FC (6)
?,(Mon) 29 Aug 2005 (W35),Hull City AFC (6),1-1,0-0,Leicester City FC (6)
?,(Mon) 29 Aug 2005 (W35),Ipswich Town FC (6),0-4,0-3,Preston North End FC (6)
?,(Mon) 29 Aug 2005 (W35),Luton Town FC (6),2-1,1-0,Millwall FC (6)
?,(Mon) 29 Aug 2005 (W35),Reading FC (6),2-1,1-1,Burnley FC (6)
?,(Mon) 29 Aug 2005 (W35),Stoke City FC (6),3-1,2-1,Norwich City FC (6)
?,(Tue) 30 Aug 2005 (W35),Wolverhampton Wanderers FC (6),3-1,2-1,Queens Park Rangers FC (6)
?,(Sat) 10 Sep 2005 (W36),Burnley FC (7),3-3,2-2,Cardiff City FC (6)
?,(Sat) 10 Sep 2005 (W36),Coventry City FC (7),1-1,0-0,Reading FC (7)
?,(Sat) 10 Sep 2005 (W36),Crystal Palace FC (6),2-0,1-0,Hull City AFC (7)
?,(Sat) 10 Sep 2005 (W36),Leeds United FC (6),3-3,0-1,Brighton & Hove Albion FC (7)
?,(Sat) 10 Sep 2005 (W36),Leicester City FC (7),2-0,2-0,Sheffield Wednesday FC (6)
?,(Sat) 10 Sep 2005 (W36),Luton Town FC (7),1-1,0-1,Wolverhampton Wanderers FC (7)
?,(Sat) 10 Sep 2005 (W36),Millwall FC (7),1-2,0-1,Preston North End FC (7)
?,(Sat) 10 Sep 2005 (W36),Norwich City FC (7),2-0,2-0,Plymouth Argyle FC (7)
?,(Sat) 10 Sep 2005 (W36),Sheffield United FC (7),2-0,1-0,Ipswich Town FC (7)
?,(Sat) 10 Sep 2005 (W36),Southampton FC (7),1-1,1-1,Queens Park Rangers FC (7)
?,(Sat) 10 Sep 2005 (W36),Stoke City FC (7),0-3,0-1,Watford FC (7)
?,(Sun) 11 Sep 2005 (W36),Crewe Alexandra FC (7),1-1,1-0,Derby County FC (7)
?,(Tue) 13 Sep 2005 (W37),Brighton & Hove Albion FC (8),0-1,0-1,Sheffield United FC (8)
?,(Tue) 13 Sep 2005 (W37),Cardiff City FC (7),1-0,1-0,Leicester City FC (8)
?,(Tue) 13 Sep 2005 (W37),Hull City AFC (8),0-1,0-0,Stoke City FC (8)
?,(Tue) 13 Sep 2005 (W37),Ipswich Town FC (8),2-2,1-0,Southampton FC (8)
?,(Tue) 13 Sep 2005 (W37),Plymouth Argyle FC (8),1-1,1-1,Crewe Alexandra FC (8)
?,(Tue) 13 Sep 2005 (W37),Preston North End FC (8),0-0,0-0,Burnley FC (8)
?,(Tue) 13 Sep 2005 (W37),Queens Park Rangers FC (8),1-0,0-0,Luton Town FC (8)
?,(Tue) 13 Sep 2005 (W37),Reading FC (8),3-2,1-1,Crystal Palace FC (7)
?,(Tue) 13 Sep 2005 (W37),Sheffield Wednesday FC (7),1-0,1-0,Leeds United FC (7)
?,(Tue) 13 Sep 2005 (W37),Watford FC (8),2-1,2-0,Norwich City FC (8)
?,(Tue) 13 Sep 2005 (W37),Wolverhampton Wanderers FC (8),1-2,1-1,Millwall FC (8)
?,(Wed) 14 Sep 2005 (W37),Derby County FC (8),1-1,1-0,Coventry City FC (8)
?,(Fri) 16 Sep 2005 (W37),Preston North End FC (9),0-1,0-0,Stoke City FC (9)
?,(Sat) 17 Sep 2005 (W37),Brighton & Hove Albion FC (9),2-2,0-1,Coventry City FC (9)
?,(Sat) 17 Sep 2005 (W37),Cardiff City FC (8),1-0,1-0,Crystal Palace FC (8)
?,(Sat) 17 Sep 2005 (W37),Hull City AFC (9),0-1,0-0,Luton Town FC (9)
?,(Sat) 17 Sep 2005 (W37),Plymouth Argyle FC (9),1-0,0-0,Burnley FC (9)
?,(Sat) 17 Sep 2005 (W37),Queens Park Rangers FC (9),0-1,0-1,Leeds United FC (8)
?,(Sat) 17 Sep 2005 (W37),Reading FC (9),1-0,0-0,Crewe Alexandra FC (9)
?,(Sat) 17 Sep 2005 (W37),Sheffield Wednesday FC (8),1-2,0-0,Millwall FC (9)
?,(Sat) 17 Sep 2005 (W37),Watford FC (9),2-3,1-0,Sheffield United FC (9)
?,(Sat) 17 Sep 2005 (W37),Wolverhampton Wanderers FC (9),0-0,0-0,Leicester City FC (9)
?,(Sun) 18 Sep 2005 (W37),Derby County FC (9),2-2,0-0,Southampton FC (9)
?,(Sun) 18 Sep 2005 (W37),Ipswich Town FC (9),0-1,0-0,Norwich City FC (9)
?,(Fri) 23 Sep 2005 (W38),Luton Town FC (10),2-2,1-1,Sheffield Wednesday FC (9)
?,(Sat) 24 Sep 2005 (W38),Burnley FC (10),1-1,1-1,Brighton & Hove Albion FC (10)
?,(Sat) 24 Sep 2005 (W38),Coventry City FC (10),0-2,0-1,Hull City AFC (10)
?,(Sat) 24 Sep 2005 (W38),Crewe Alexandra FC (10),0-0,0-0,Watford FC (10)
?,(Sat) 24 Sep 2005 (W38),Crystal Palace FC (9),1-1,0-1,Preston North End FC (10)
?,(Sat) 24 Sep 2005 (W38),Leeds United FC (9),0-2,0-1,Ipswich Town FC (10)
?,(Sat) 24 Sep 2005 (W38),Leicester City FC (10),1-2,0-1,Queens Park Rangers FC (10)
?,(Sat) 24 Sep 2005 (W38),Millwall FC (10),0-0,0-0,Cardiff City FC (9)
?,(Sat) 24 Sep 2005 (W38),Norwich City FC (10),0-1,0-0,Reading FC (10)
?,(Sat) 24 Sep 2005 (W38),Sheffield United FC (10),2-1,2-0,Derby County FC (10)
?,(Sat) 24 Sep 2005 (W38),Southampton FC (10),0-0,0-0,Plymouth Argyle FC (10)
?,(Sat) 24 Sep 2005 (W38),Stoke City FC (10),1-3,0-1,Wolverhampton Wanderers FC (10)
?,(Tue) 27 Sep 2005 (W39),Burnley FC (11),3-0,1-0,Ipswich Town FC (11)
?,(Tue) 27 Sep 2005 (W39),Crewe Alexandra FC (11),0-4,0-4,Wolverhampton Wanderers FC (11)
?,(Tue) 27 Sep 2005 (W39),Crystal Palace FC (10),2-0,1-0,Sheffield Wednesday FC (10)
?,(Tue) 27 Sep 2005 (W39),Leicester City FC (11),0-0,0-0,Brighton & Hove Albion FC (11)
?,(Tue) 27 Sep 2005 (W39),Luton Town FC (11),3-0,3-0,Preston North End FC (11)
?,(Tue) 27 Sep 2005 (W39),Millwall FC (11),1-1,1-1,Queens Park Rangers FC (11)
?,(Tue) 27 Sep 2005 (W39),Norwich City FC (11),2-1,2-1,Hull City AFC (11)
?,(Tue) 27 Sep 2005 (W39),Sheffield United FC (11),2-0,2-0,Plymouth Argyle FC (11)
?,(Tue) 27 Sep 2005 (W39),Stoke City FC (11),0-3,0-3,Cardiff City FC (10)
?,(Wed) 28 Sep 2005 (W39),Coventry City FC (11),3-1,2-0,Watford FC (11)
?,(Wed) 28 Sep 2005 (W39),Leeds United FC (10),3-1,3-0,Derby County FC (11)
?,(Wed) 28 Sep 2005 (W39),Southampton FC (11),0-0,0-0,Reading FC (11)
?,(Fri) 30 Sep 2005 (W39),Hull City AFC (12),1-1,0-0,Millwall FC (12)
?,(Fri) 30 Sep 2005 (W39),Wolverhampton Wanderers FC (12),0-1,0-1,Burnley FC (12)
?,(Sat) 1 Oct 2005 (W39),Brighton & Hove Albion FC (12),1-3,0-2,Norwich City FC (12)
?,(Sat) 1 Oct 2005 (W39),Cardiff City FC (11),1-2,1-1,Luton Town FC (12)
?,(Sat) 1 Oct 2005 (W39),Derby County FC (12),1-1,0-0,Leicester City FC (12)
?,(Sat) 1 Oct 2005 (W39),Ipswich Town FC (12),2-1,0-1,Crewe Alexandra FC (12)
?,(Sat) 1 Oct 2005 (W39),Plymouth Argyle FC (12),2-1,0-0,Stoke City FC (12)
?,(Sat) 1 Oct 2005 (W39),Preston North End FC (12),1-1,0-1,Southampton FC (12)
?,(Sat) 1 Oct 2005 (W39),Reading FC (12),2-1,1-1,Sheffield United FC (12)
?,(Sat) 1 Oct 2005 (W39),Sheffield Wednesday FC (11),3-2,2-1,Coventry City FC (12)
?,(Sat) 1 Oct 2005 (W39),Watford FC (12),0-0,0-0,Leeds United FC (11)
?,(Mon) 3 Oct 2005 (W40),Queens Park Rangers FC (12),1-3,1-2,Crystal Palace FC (11)
?,(Sat) 15 Oct 2005 (W41),Brighton & Hove Albion FC (13),1-2,0-1,Cardiff City FC (12)
?,(Sat) 15 Oct 2005 (W41),Burnley FC (13),1-2,0-0,Leeds United FC (12)
?,(Sat) 15 Oct 2005 (W41),Coventry City FC (13),1-4,1-2,Crystal Palace FC (12)
?,(Sat) 15 Oct 2005 (W41),Crewe Alexandra FC (13),3-1,1-1,Luton Town FC (13)
?,(Sat) 15 Oct 2005 (W41),Derby County FC (13),2-1,1-0,Stoke City FC (13)
?,(Sat) 15 Oct 2005 (W41),Norwich City FC (13),1-1,0-1,Millwall FC (13)
?,(Sat) 15 Oct 2005 (W41),Plymouth Argyle FC (13),1-1,0-1,Sheffield Wednesday FC (12)
?,(Sat) 15 Oct 2005 (W41),Preston North End FC (13),1-1,0-0,Queens Park Rangers FC (13)
?,(Sat) 15 Oct 2005 (W41),Sheffield United FC (13),1-0,1-0,Wolverhampton Wanderers FC (13)
?,(Sat) 15 Oct 2005 (W41),Southampton FC (13),1-1,1-0,Hull City AFC (13)
?,(Sat) 15 Oct 2005 (W41),Watford FC (13),1-2,0-1,Leicester City FC (13)
?,(Sun) 16 Oct 2005 (W41),Reading FC (13),2-0,1-0,Ipswich Town FC (13)
?,(Tue) 18 Oct 2005 (W42),Cardiff City FC (13),2-2,1-0,Preston North End FC (14)
?,(Tue) 18 Oct 2005 (W42),Crystal Palace FC (13),0-1,0-0,Brighton & Hove Albion FC (14)
?,(Tue) 18 Oct 2005 (W42),Hull City AFC (14),1-1,0-0,Reading FC (14)
?,(Tue) 18 Oct 2005 (W42),Ipswich Town FC (14),2-2,2-1,Coventry City FC (14)
?,(Tue) 18 Oct 2005 (W42),Leeds United FC (13),2-1,2-1,Southampton FC (14)
?,(Tue) 18 Oct 2005 (W42),Leicester City FC (14),0-1,0-0,Burnley FC (14)
?,(Tue) 18 Oct 2005 (W42),Luton Town FC (14),4-2,4-0,Norwich City FC (14)
?,(Tue) 18 Oct 2005 (W42),Millwall FC (14),0-4,0-2,Sheffield United FC (14)
?,(Tue) 18 Oct 2005 (W42),Queens Park Rangers FC (14),1-1,0-1,Plymouth Argyle FC (14)
?,(Tue) 18 Oct 2005 (W42),Sheffield Wednesday FC (13),1-1,0-0,Watford FC (14)
?,(Tue) 18 Oct 2005 (W42),Stoke City FC (14),2-0,1-0,Crewe Alexandra FC (14)
?,(Tue) 18 Oct 2005 (W42),Wolverhampton Wanderers FC (14),1-1,1-0,Derby County FC (14)
?,(Fri) 21 Oct 2005 (W42),Leeds United FC (14),1-1,0-0,Sheffield United FC (15)
?,(Sat) 22 Oct 2005 (W42),Cardiff City FC (14),6-1,1-1,Crewe Alexandra FC (15)
?,(Sat) 22 Oct 2005 (W42),Crystal Palace FC (14),2-0,1-0,Burnley FC (15)
?,(Sat) 22 Oct 2005 (W42),Hull City AFC (15),2-1,1-0,Derby County FC (15)
?,(Sat) 22 Oct 2005 (W42),Ipswich Town FC (15),0-1,0-0,Watford FC (15)
?,(Sat) 22 Oct 2005 (W42),Luton Town FC (15),1-1,0-0,Plymouth Argyle FC (15)
?,(Sat) 22 Oct 2005 (W42),Millwall FC (15),0-2,0-2,Southampton FC (15)
?,(Sat) 22 Oct 2005 (W42),Queens Park Rangers FC (15),3-0,3-0,Norwich City FC (15)
?,(Sat) 22 Oct 2005 (W42),Stoke City FC (15),0-1,0-0,Reading FC (15)
?,(Sat) 22 Oct 2005 (W42),Wolverhampton Wanderers FC (15),1-1,0-1,Preston North End FC (15)
?,(Sun) 23 Oct 2005 (W42),Leicester City FC (15),2-1,1-1,Coventry City FC (15)
?,(Mon) 24 Oct 2005 (W43),Sheffield Wednesday FC (14),1-1,0-0,Brighton & Hove Albion FC (15)
?,(Fri) 28 Oct 2005 (W43),Burnley FC (16),1-0,1-0,Hull City AFC (16)
?,(Sat) 29 Oct 2005 (W43),Brighton & Hove Albion FC (16),1-1,1-1,Ipswich Town FC (16)
?,(Sat) 29 Oct 2005 (W43),Coventry City FC (16),1-0,0-0,Luton Town FC (16)
?,(Sat) 29 Oct 2005 (W43),Crewe Alexandra FC (16),2-2,1-0,Crystal Palace FC (15)
?,(Sat) 29 Oct 2005 (W43),Derby County FC (16),1-2,0-1,Queens Park Rangers FC (16)
?,(Sat) 29 Oct 2005 (W43),Norwich City FC (16),0-1,0-0,Sheffield Wednesday FC (15)
?,(Sat) 29 Oct 2005 (W43),Preston North End FC (16),0-0,0-0,Leicester City FC (16)
?,(Sat) 29 Oct 2005 (W43),Reading FC (16),1-1,0-0,Leeds United FC (15)
?,(Sat) 29 Oct 2005 (W43),Sheffield United FC (16),0-0,0-0,Cardiff City FC (15)
?,(Sat) 29 Oct 2005 (W43),Southampton FC (16),2-0,1-0,Stoke City FC (16)
?,(Sat) 29 Oct 2005 (W43),Watford FC (16),3-1,0-0,Wolverhampton Wanderers FC (16)
?,(Sun) 30 Oct 2005 (W43),Plymouth Argyle FC (16),0-0,0-0,Millwall FC (16)
?,(Tue) 1 Nov 2005 (W44),Brighton & Hove Albion FC (17),1-1,1-0,Wolverhampton Wanderers FC (17)
?,(Tue) 1 Nov 2005 (W44),Burnley FC (17),2-1,0-1,Millwall FC (17)
?,(Tue) 1 Nov 2005 (W44),Crewe Alexandra FC (17),1-0,1-0,Leeds United FC (16)
?,(Tue) 1 Nov 2005 (W44),Norwich City FC (17),1-0,0-0,Cardiff City FC (16)
?,(Tue) 1 Nov 2005 (W44),Preston North End FC (17),3-0,0-0,Hull City AFC (17)
?,(Tue) 1 Nov 2005 (W44),Reading FC (17),2-0,1-0,Sheffield Wednesday FC (16)
?,(Tue) 1 Nov 2005 (W44),Sheffield United FC (17),4-0,1-0,Luton Town FC (17)
?,(Tue) 1 Nov 2005 (W44),Watford FC (17),3-1,1-0,Queens Park Rangers FC (17)
?,(Wed) 2 Nov 2005 (W44),Coventry City FC (17),1-2,1-1,Stoke City FC (17)
?,(Wed) 2 Nov 2005 (W44),Derby County FC (17),3-3,2-2,Ipswich Town FC (17)
?,(Sat) 5 Nov 2005 (W44),Crystal Palace FC (16),2-3,1-2,Sheffield United FC (18)
?,(Sat) 5 Nov 2005 (W44),Hull City AFC (18),1-2,1-2,Watford FC (18)
?,(Sat) 5 Nov 2005 (W44),Ipswich Town FC (18),3-1,2-0,Plymouth Argyle FC (17)
?,(Sat) 5 Nov 2005 (W44),Leeds United FC (17),0-0,0-0,Preston North End FC (18)
?,(Sat) 5 Nov 2005 (W44),Leicester City FC (17),0-0,0-0,Southampton FC (17)
?,(Sat) 5 Nov 2005 (W44),Luton Town FC (18),2-3,1-2,Burnley FC (18)
?,(Sat) 5 Nov 2005 (W44),Millwall FC (18),1-3,1-1,Crewe Alexandra FC (18)
?,(Sat) 5 Nov 2005 (W44),Queens Park Rangers FC (18),1-2,0-1,Reading FC (18)
?,(Sat) 5 Nov 2005 (W44),Sheffield Wednesday FC (17),2-1,0-1,Derby County FC (18)
?,(Sat) 5 Nov 2005 (W44),Stoke City FC (18),3-0,1-0,Brighton & Hove Albion FC (18)
?,(Sat) 5 Nov 2005 (W44),Wolverhampton Wanderers FC (18),2-0,2-0,Norwich City FC (18)
?,(Sun) 6 Nov 2005 (W44),Cardiff City FC (17),0-0,0-0,Coventry City FC (18)
?,(Wed) 9 Nov 2005 (W45),Sheffield Wednesday FC (18),1-3,0-3,Cardiff City FC (18)
?,(Fri) 18 Nov 2005 (W46),Derby County FC (19),0-3,0-0,Wolverhampton Wanderers FC (19)
?,(Sat) 19 Nov 2005 (W46),Burnley FC (19),1-0,1-0,Leicester City FC (18)
?,(Sat) 19 Nov 2005 (W46),Coventry City FC (19),1-1,0-0,Ipswich Town FC (19)
?,(Sat) 19 Nov 2005 (W46),Crewe Alexandra FC (19),1-2,0-1,Stoke City FC (19)
?,(Sat) 19 Nov 2005 (W46),Norwich City FC (19),2-0,2-0,Luton Town FC (19)
?,(Sat) 19 Nov 2005 (W46),Plymouth Argyle FC (18),3-1,2-0,Queens Park Rangers FC (19)
?,(Sat) 19 Nov 2005 (W46),Preston North End FC (19),2-1,2-0,Cardiff City FC (19)
?,(Sat) 19 Nov 2005 (W46),Reading FC (19),3-1,1-0,Hull City AFC (19)
?,(Sat) 19 Nov 2005 (W46),Sheffield United FC (19),2-2,1-1,Millwall FC (19)
?,(Sat) 19 Nov 2005 (W46),Southampton FC (18),3-4,3-0,Leeds United FC (18)
?,(Sat) 19 Nov 2005 (W46),Watford FC (19),2-1,2-0,Sheffield Wednesday FC (19)
?,(Sun) 20 Nov 2005 (W46),Brighton & Hove Albion FC (19),2-3,1-1,Crystal Palace FC (17)
?,(Tue) 22 Nov 2005 (W47),Cardiff City FC (20),1-1,0-0,Brighton & Hove Albion FC (20)
?,(Tue) 22 Nov 2005 (W47),Crystal Palace FC (18),2-0,2-0,Coventry City FC (20)
?,(Tue) 22 Nov 2005 (W47),Hull City AFC (20),1-1,1-1,Southampton FC (19)
?,(Tue) 22 Nov 2005 (W47),Ipswich Town FC (20),0-3,0-1,Reading FC (20)
?,(Tue) 22 Nov 2005 (W47),Leeds United FC (19),2-0,0-0,Burnley FC (20)
?,(Tue) 22 Nov 2005 (W47),Leicester City FC (19),2-2,2-1,Watford FC (20)
?,(Tue) 22 Nov 2005 (W47),Luton Town FC (20),4-1,0-0,Crewe Alexandra FC (20)
?,(Tue) 22 Nov 2005 (W47),Millwall FC (20),1-0,0-0,Norwich City FC (20)
?,(Tue) 22 Nov 2005 (W47),Queens Park Rangers FC (20),0-2,0-0,Preston North End FC (20)
?,(Tue) 22 Nov 2005 (W47),Sheffield Wednesday FC (20),0-0,0-0,Plymouth Argyle FC (19)
?,(Tue) 22 Nov 2005 (W47),Stoke City FC (20),1-2,1-0,Derby County FC (20)
?,(Tue) 22 Nov 2005 (W47),Wolverhampton Wanderers FC (20),0-0,0-0,Sheffield United FC (20)
?,(Sat) 26 Nov 2005 (W47),Brighton & Hove Albion FC (21),0-0,0-0,Derby County FC (21)
?,(Sat) 26 Nov 2005 (W47),Burnley FC (21),3-0,1-0,Crewe Alexandra FC (21)
?,(Sat) 26 Nov 2005 (W47),Coventry City FC (21),2-2,2-1,Norwich City FC (21)
?,(Sat) 26 Nov 2005 (W47),Leicester City FC (20),4-2,2-0,Sheffield United FC (21)
?,(Sat) 26 Nov 2005 (W47),Luton Town FC (21),2-0,2-0,Crystal Palace FC (19)
?,(Sat) 26 Nov 2005 (W47),Millwall FC (21),0-1,0-0,Leeds United FC (20)
?,(Sat) 26 Nov 2005 (W47),Plymouth Argyle FC (20),0-2,0-1,Reading FC (21)
?,(Sat) 26 Nov 2005 (W47),Preston North End FC (21),1-1,1-1,Watford FC (21)
?,(Sat) 26 Nov 2005 (W47),Queens Park Rangers FC (21),2-2,0-1,Hull City AFC (21)
?,(Sat) 26 Nov 2005 (W47),Sheffield Wednesday FC (21),0-2,0-1,Stoke City FC (21)
?,(Sat) 26 Nov 2005 (W47),Wolverhampton Wanderers FC (21),0-0,0-0,Southampton FC (20)
?,(Mon) 28 Nov 2005 (W48),Cardiff City FC (21),2-1,1-0,Ipswich Town FC (21)
?,(Sat) 3 Dec 2005 (W48),Coventry City FC (22),3-1,2-1,Plymouth Argyle FC (21)
?,(Sat) 3 Dec 2005 (W48),Crewe Alexandra FC (22),0-2,0-2,Preston North End FC (22)
?,(Sat) 3 Dec 2005 (W48),Crystal Palace FC (20),1-1,0-1,Millwall FC (22)
?,(Sat) 3 Dec 2005 (W48),Derby County FC (22),2-0,1-0,Norwich City FC (22)
?,(Sat) 3 Dec 2005 (W48),Hull City AFC (22),2-0,0-0,Cardiff City FC (22)
?,(Sat) 3 Dec 2005 (W48),Ipswich Town FC (22),1-1,0-0,Wolverhampton Wanderers FC (22)
?,(Sat) 3 Dec 2005 (W48),Leeds United FC (21),2-1,1-0,Leicester City FC (21)
?,(Sat) 3 Dec 2005 (W48),Reading FC (22),3-0,1-0,Luton Town FC (22)
?,(Sat) 3 Dec 2005 (W48),Sheffield United FC (22),1-0,1-0,Sheffield Wednesday FC (22)
?,(Sat) 3 Dec 2005 (W48),Southampton FC (21),1-1,1-0,Burnley FC (22)
?,(Sat) 3 Dec 2005 (W48),Stoke City FC (22),1-2,1-1,Queens Park Rangers FC (22)
?,(Sat) 3 Dec 2005 (W48),Watford FC (22),1-1,1-0,Brighton & Hove Albion FC (22)
?,(Fri) 9 Dec 2005 (W49),Stoke City FC (23),3-2,1-1,Leicester City FC (22)
?,(Sat) 10 Dec 2005 (W49),Coventry City FC (23),1-0,1-0,Millwall FC (23)
?,(Sat) 10 Dec 2005 (W49),Crewe Alexandra FC (23),1-2,1-0,Norwich City FC (23)
?,(Sat) 10 Dec 2005 (W49),Crystal Palace FC (21),1-1,1-1,Wolverhampton Wanderers FC (23)
?,(Sat) 10 Dec 2005 (W49),Derby County FC (23),1-1,0-0,Preston North End FC (23)
?,(Sat) 10 Dec 2005 (W49),Hull City AFC (23),1-0,0-0,Sheffield Wednesday FC (23)
?,(Sat) 10 Dec 2005 (W49),Ipswich Town FC (23),2-2,1-2,Queens Park Rangers FC (23)
?,(Sat) 10 Dec 2005 (W49),Leeds United FC (22),0-1,0-1,Cardiff City FC (23)
?,(Sat) 10 Dec 2005 (W49),Reading FC (23),5-1,1-0,Brighton & Hove Albion FC (23)
?,(Sat) 10 Dec 2005 (W49),Sheffield United FC (23),3-0,2-0,Burnley FC (23)
?,(Sat) 10 Dec 2005 (W49),Watford FC (23),1-1,0-0,Plymouth Argyle FC (22)
?,(Sun) 11 Dec 2005 (W49),Southampton FC (22),1-0,1-0,Luton Town FC (23)
?,(Fri) 16 Dec 2005 (W50),Brighton & Hove Albion FC (24),2-1,2-1,Hull City AFC (24)
?,(Fri) 16 Dec 2005 (W50),Preston North End FC (24),0-0,0-0,Sheffield United FC (24)
?,(Sat) 17 Dec 2005 (W50),Burnley FC (24),4-1,2-0,Watford FC (24)
?,(Sat) 17 Dec 2005 (W50),Cardiff City FC (24),0-0,0-0,Derby County FC (24)
?,(Sat) 17 Dec 2005 (W50),Leicester City FC (23),1-1,0-1,Crewe Alexandra FC (24)
?,(Sat) 17 Dec 2005 (W50),Luton Town FC (24),2-3,1-1,Stoke City FC (24)
?,(Sat) 17 Dec 2005 (W50),Millwall FC (24),0-2,0-1,Reading FC (24)
?,(Sat) 17 Dec 2005 (W50),Norwich City FC (24),3-1,1-1,Southampton FC (23)
?,(Sat) 17 Dec 2005 (W50),Plymouth Argyle FC (23),2-0,1-0,Crystal Palace FC (22)
?,(Sat) 17 Dec 2005 (W50),Sheffield Wednesday FC (24),0-1,0-0,Ipswich Town FC (24)
?,(Sat) 17 Dec 2005 (W50),Wolverhampton Wanderers FC (24),1-0,1-0,Leeds United FC (23)
?,(Mon) 19 Dec 2005 (W51),Queens Park Rangers FC (24),0-1,0-0,Coventry City FC (24)
?,(Mon) 26 Dec 2005 (W52),Brighton & Hove Albion FC (25),1-0,1-0,Queens Park Rangers FC (25)
?,(Mon) 26 Dec 2005 (W52),Burnley FC (25),1-0,0-0,Stoke City FC (25)
?,(Mon) 26 Dec 2005 (W52),Cardiff City FC (25),0-2,0-0,Plymouth Argyle FC (24)
?,(Mon) 26 Dec 2005 (W52),Crewe Alexandra FC (25),2-2,2-1,Hull City AFC (25)
?,(Mon) 26 Dec 2005 (W52),Derby County FC (25),1-1,0-0,Luton Town FC (25)
?,(Mon) 26 Dec 2005 (W52),Ipswich Town FC (25),0-2,0-1,Crystal Palace FC (23)
?,(Mon) 26 Dec 2005 (W52),Leeds United FC (24),3-1,1-0,Coventry City FC (25)
?,(Mon) 26 Dec 2005 (W52),Leicester City FC (24),1-1,0-1,Millwall FC (25)
?,(Mon) 26 Dec 2005 (W52),Preston North End FC (25),0-0,0-0,Sheffield Wednesday FC (25)
?,(Mon) 26 Dec 2005 (W52),Sheffield United FC (25),1-3,1-1,Norwich City FC (25)
?,(Mon) 26 Dec 2005 (W52),Watford FC (25),3-0,2-0,Southampton FC (24)
?,(Mon) 26 Dec 2005 (W52),Wolverhampton Wanderers FC (25),0-2,0-1,Reading FC (25)
?,(Wed) 28 Dec 2005 (W52),Coventry City FC (26),1-1,1-0,Crewe Alexandra FC (26)
?,(Wed) 28 Dec 2005 (W52),Crystal Palace FC (24),2-0,2-0,Derby County FC (26)
?,(Wed) 28 Dec 2005 (W52),Hull City AFC (26),2-0,0-0,Ipswich Town FC (26)
?,(Wed) 28 Dec 2005 (W52),Luton Town FC (26),3-0,2-0,Brighton & Hove Albion FC (26)
?,(Wed) 28 Dec 2005 (W52),Millwall FC (26),0-0,0-0,Watford FC (26)
?,(Wed) 28 Dec 2005 (W52),Norwich City FC (26),2-1,2-0,Burnley FC (26)
?,(Wed) 28 Dec 2005 (W52),Queens Park Rangers FC (26),1-0,0-0,Cardiff City FC (26)
?,(Wed) 28 Dec 2005 (W52),Reading FC (26),2-0,0-0,Leicester City FC (25)
?,(Wed) 28 Dec 2005 (W52),Sheffield Wednesday FC (26),0-2,0-1,Wolverhampton Wanderers FC (26)
?,(Wed) 28 Dec 2005 (W52),Southampton FC (25),0-1,0-0,Sheffield United FC (26)
?,(Wed) 28 Dec 2005 (W52),Stoke City FC (26),0-1,0-0,Leeds United FC (25)
?,(Sat) 31 Dec 2005 (W52),Brighton & Hove Albion FC (27),1-2,1-0,Millwall FC (27)
?,(Sat) 31 Dec 2005 (W52),Burnley FC (27),1-2,0-1,Sheffield Wednesday FC (27)
?,(Sat) 31 Dec 2005 (W52),Cardiff City FC (27),2-1,2-1,Southampton FC (26)
?,(Sat) 31 Dec 2005 (W52),Crewe Alexandra FC (27),3-4,3-2,Queens Park Rangers FC (27)
?,(Sat) 31 Dec 2005 (W52),Derby County FC (27),2-2,1-1,Reading FC (27)
?,(Sat) 31 Dec 2005 (W52),Ipswich Town FC (27),1-0,0-0,Luton Town FC (27)
?,(Sat) 31 Dec 2005 (W52),Leeds United FC (26),2-0,1-0,Hull City AFC (27)
?,(Sat) 31 Dec 2005 (W52),Leicester City FC (26),0-1,0-0,Norwich City FC (27)
?,(Sat) 31 Dec 2005 (W52),Preston North End FC (26),3-1,3-0,Coventry City FC (27)
?,(Sat) 31 Dec 2005 (W52),Sheffield United FC (27),2-1,1-0,Stoke City FC (27)
?,(Sat) 31 Dec 2005 (W52),Watford FC (27),1-2,0-1,Crystal Palace FC (25)
?,(Sat) 31 Dec 2005 (W52),Wolverhampton Wanderers FC (27),1-1,1-1,Plymouth Argyle FC (25)
?,(Mon) 2 Jan 2006 (W1),Coventry City FC (28),2-0,2-0,Wolverhampton Wanderers FC (28)
?,(Mon) 2 Jan 2006 (W1),Crystal Palace FC (26),2-0,0-0,Leicester City FC (27)
?,(Mon) 2 Jan 2006 (W1),Luton Town FC (28),1-2,0-2,Watford FC (28)
?,(Mon) 2 Jan 2006 (W1),Millwall FC (28),2-1,0-0,Derby County FC (28)
?,(Mon) 2 Jan 2006 (W1),Norwich City FC (28),0-3,0-1,Preston North End FC (27)
?,(Mon) 2 Jan 2006 (W1),Plymouth Argyle FC (26),0-3,0-0,Leeds United FC (27)
?,(Mon) 2 Jan 2006 (W1),Queens Park Rangers FC (28),1-1,1-1,Burnley FC (28)
?,(Mon) 2 Jan 2006 (W1),Reading FC (28),5-1,2-0,Cardiff City FC (28)
?,(Mon) 2 Jan 2006 (W1),Sheffield Wednesday FC (28),3-0,1-0,Crewe Alexandra FC (28)
?,(Mon) 2 Jan 2006 (W1),Southampton FC (27),2-1,1-1,Brighton & Hove Albion FC (28)
?,(Mon) 2 Jan 2006 (W1),Stoke City FC (28),2-2,1-2,Ipswich Town FC (28)
?,(Tue) 3 Jan 2006 (W1),Hull City AFC (28),1-3,1-2,Sheffield United FC (28)
?,(Fri) 13 Jan 2006 (W2),Wolverhampton Wanderers FC (29),2-1,0-0,Luton Town FC (29)
?,(Sat) 14 Jan 2006 (W2),Brighton & Hove Albion FC (29),2-1,1-1,Leeds United FC (28)
?,(Sat) 14 Jan 2006 (W2),Cardiff City FC (29),3-0,0-0,Burnley FC (29)
?,(Sat) 14 Jan 2006 (W2),Derby County FC (29),5-1,2-0,Crewe Alexandra FC (29)
?,(Sat) 14 Jan 2006 (W2),Hull City AFC (29),1-2,1-2,Crystal Palace FC (27)
?,(Sat) 14 Jan 2006 (W2),Ipswich Town FC (29),1-1,0-0,Sheffield United FC (29)
?,(Sat) 14 Jan 2006 (W2),Plymouth Argyle FC (27),1-1,1-0,Norwich City FC (29)
?,(Sat) 14 Jan 2006 (W2),Preston North End FC (28),2-0,1-0,Millwall FC (29)
?,(Sat) 14 Jan 2006 (W2),Queens Park Rangers FC (29),1-0,1-0,Southampton FC (28)
?,(Sat) 14 Jan 2006 (W2),Reading FC (29),2-0,0-0,Coventry City FC (29)
?,(Sat) 14 Jan 2006 (W2),Sheffield Wednesday FC (29),2-1,2-1,Leicester City FC (28)
?,(Mon) 16 Jan 2006 (W3),Watford FC (29),1-0,0-0,Stoke City FC (29)
?,(Fri) 20 Jan 2006 (W3),Crystal Palace FC (28),1-1,0-0,Reading FC (30)
?,(Sat) 21 Jan 2006 (W3),Burnley FC (30),0-2,0-1,Preston North End FC (29)
?,(Sat) 21 Jan 2006 (W3),Coventry City FC (30),6-1,1-1,Derby County FC (30)
?,(Sat) 21 Jan 2006 (W3),Crewe Alexandra FC (30),1-2,0-2,Plymouth Argyle FC (28)
?,(Sat) 21 Jan 2006 (W3),Leeds United FC (29),3-0,0-0,Sheffield Wednesday FC (30)
?,(Sat) 21 Jan 2006 (W3),Leicester City FC (29),1-2,1-1,Cardiff City FC (30)
?,(Sat) 21 Jan 2006 (W3),Luton Town FC (30),2-0,1-0,Queens Park Rangers FC (30)
?,(Sat) 21 Jan 2006 (W3),Millwall FC (30),0-0,0-0,Wolverhampton Wanderers FC (30)
?,(Sat) 21 Jan 2006 (W3),Norwich City FC (30),2-3,1-0,Watford FC (30)
?,(Sat) 21 Jan 2006 (W3),Sheffield United FC (30),3-1,0-0,Brighton & Hove Albion FC (30)
?,(Sat) 21 Jan 2006 (W3),Southampton FC (29),0-2,0-1,Ipswich Town FC (30)
?,(Sat) 21 Jan 2006 (W3),Stoke City FC (30),0-3,0-1,Hull City AFC (30)
?,(Tue) 24 Jan 2006 (W4),Plymouth Argyle FC (29),1-0,0-0,Leicester City FC (30)
?,(Wed) 25 Jan 2006 (W4),Southampton FC (30),0-0,0-0,Crystal Palace FC (29)
?,(Sat) 28 Jan 2006 (W4),Watford FC (31),4-1,2-0,Crewe Alexandra FC (31)
?,(Tue) 31 Jan 2006 (W5),Brighton & Hove Albion FC (31),0-0,0-0,Burnley FC (31)
?,(Tue) 31 Jan 2006 (W5),Cardiff City FC (31),1-1,1-0,Millwall FC (31)
?,(Tue) 31 Jan 2006 (W5),Hull City AFC (31),1-2,1-0,Coventry City FC (31)
?,(Tue) 31 Jan 2006 (W5),Ipswich Town FC (31),1-1,0-0,Leeds United FC (30)
?,(Tue) 31 Jan 2006 (W5),Plymouth Argyle FC (30),2-1,1-0,Southampton FC (31)
?,(Tue) 31 Jan 2006 (W5),Preston North End FC (30),2-0,1-0,Crystal Palace FC (30)
?,(Tue) 31 Jan 2006 (W5),Queens Park Rangers FC (31),2-3,1-1,Leicester City FC (31)
?,(Tue) 31 Jan 2006 (W5),Reading FC (31),4-0,2-0,Norwich City FC (31)
?,(Tue) 31 Jan 2006 (W5),Sheffield Wednesday FC (31),0-2,0-0,Luton Town FC (31)
?,(Wed) 1 Feb 2006 (W5),Derby County FC (31),0-1,0-1,Sheffield United FC (31)
?,(Sat) 4 Feb 2006 (W5),Burnley FC (32),1-0,1-0,Plymouth Argyle FC (31)
?,(Sat) 4 Feb 2006 (W5),Coventry City FC (32),2-0,1-0,Brighton & Hove Albion FC (32)
?,(Sat) 4 Feb 2006 (W5),Crewe Alexandra FC (32),3-4,1-3,Reading FC (32)
?,(Sat) 4 Feb 2006 (W5),Crystal Palace FC (31),1-0,0-0,Cardiff City FC (32)
?,(Sat) 4 Feb 2006 (W5),Leeds United FC (31),2-0,1-0,Queens Park Rangers FC (32)
?,(Sat) 4 Feb 2006 (W5),Leicester City FC (32),1-0,0-0,Wolverhampton Wanderers FC (31)
?,(Sat) 4 Feb 2006 (W5),Luton Town FC (32),2-3,1-3,Hull City AFC (32)
?,(Sat) 4 Feb 2006 (W5),Millwall FC (32),0-1,0-0,Sheffield Wednesday FC (32)
?,(Sat) 4 Feb 2006 (W5),Southampton FC (32),0-0,0-0,Derby County FC (32)
?,(Sat) 4 Feb 2006 (W5),Stoke City FC (31),0-0,0-0,Preston North End FC (31)
?,(Sun) 5 Feb 2006 (W5),Norwich City FC (32),1-2,1-1,Ipswich Town FC (32)
?,(Mon) 6 Feb 2006 (W6),Sheffield United FC (32),1-4,0-1,Watford FC (32)
?,(Fri) 10 Feb 2006 (W6),Reading FC (33),2-0,2-0,Southampton FC (33)
?,(Sat) 11 Feb 2006 (W6),Brighton & Hove Albion FC (33),1-2,0-2,Leicester City FC (33)
?,(Sat) 11 Feb 2006 (W6),Cardiff City FC (33),3-0,2-0,Stoke City FC (32)
?,(Sat) 11 Feb 2006 (W6),Derby County FC (33),0-0,0-0,Leeds United FC (32)
?,(Sat) 11 Feb 2006 (W6),Hull City AFC (33),1-1,1-0,Norwich City FC (33)
?,(Sat) 11 Feb 2006 (W6),Ipswich Town FC (33),2-1,0-1,Burnley FC (33)
?,(Sat) 11 Feb 2006 (W6),Plymouth Argyle FC (32),0-0,0-0,Sheffield United FC (33)
?,(Sat) 11 Feb 2006 (W6),Preston North End FC (32),5-1,1-0,Luton Town FC (33)
?,(Sat) 11 Feb 2006 (W6),Queens Park Rangers FC (33),1-0,0-0,Millwall FC (33)
?,(Sat) 11 Feb 2006 (W6),Sheffield Wednesday FC (33),0-0,0-0,Crystal Palace FC (32)
?,(Sat) 11 Feb 2006 (W6),Watford FC (33),4-0,1-0,Coventry City FC (33)
?,(Sat) 11 Feb 2006 (W6),Wolverhampton Wanderers FC (32),1-1,1-1,Crewe Alexandra FC (33)
?,(Tue) 14 Feb 2006 (W7),Burnley FC (34),0-1,0-1,Wolverhampton Wanderers FC (33)
?,(Tue) 14 Feb 2006 (W7),Crewe Alexandra FC (34),1-2,1-1,Ipswich Town FC (34)
?,(Tue) 14 Feb 2006 (W7),Crystal Palace FC (33),2-1,2-0,Queens Park Rangers FC (34)
?,(Tue) 14 Feb 2006 (W7),Leeds United FC (33),2-1,0-1,Watford FC (34)
?,(Tue) 14 Feb 2006 (W7),Leicester City FC (34),2-2,1-1,Derby County FC (34)
?,(Tue) 14 Feb 2006 (W7),Luton Town FC (34),3-3,2-0,Cardiff City FC (34)
?,(Tue) 14 Feb 2006 (W7),Millwall FC (34),1-1,0-0,Hull City AFC (34)
?,(Tue) 14 Feb 2006 (W7),Norwich City FC (34),3-0,1-0,Brighton & Hove Albion FC (34)
?,(Tue) 14 Feb 2006 (W7),Sheffield United FC (34),1-1,1-1,Reading FC (34)
?,(Tue) 14 Feb 2006 (W7),Stoke City FC (33),0-0,0-0,Plymouth Argyle FC (33)
?,(Wed) 15 Feb 2006 (W7),Coventry City FC (34),2-1,1-0,Sheffield Wednesday FC (34)
?,(Wed) 15 Feb 2006 (W7),Southampton FC (34),0-0,0-0,Preston North End FC (33)
?,(Fri) 17 Feb 2006 (W7),Luton Town FC (35),3-2,2-1,Reading FC (35)
?,(Sat) 18 Feb 2006 (W7),Brighton & Hove Albion FC (35),0-1,0-1,Watford FC (35)
?,(Sat) 18 Feb 2006 (W7),Cardiff City FC (35),1-0,1-0,Hull City AFC (35)
?,(Sat) 18 Feb 2006 (W7),Leicester City FC (35),1-1,1-1,Leeds United FC (34)
?,(Sat) 18 Feb 2006 (W7),Millwall FC (35),1-1,0-0,Crystal Palace FC (34)
?,(Sat) 18 Feb 2006 (W7),Norwich City FC (35),2-0,1-0,Derby County FC (35)
?,(Sat) 18 Feb 2006 (W7),Plymouth Argyle FC (34),3-1,2-0,Coventry City FC (35)
?,(Sat) 18 Feb 2006 (W7),Sheffield Wednesday FC (35),1-2,0-2,Sheffield United FC (35)
?,(Sat) 18 Feb 2006 (W7),Wolverhampton Wanderers FC (34),1-0,0-0,Ipswich Town FC (35)
?,(Sat) 25 Feb 2006 (W8),Coventry City FC (36),1-0,0-0,Burnley FC (35)
?,(Sat) 25 Feb 2006 (W8),Crewe Alexandra FC (35),2-1,0-1,Brighton & Hove Albion FC (36)
?,(Sat) 25 Feb 2006 (W8),Crystal Palace FC (35),4-1,2-0,Norwich City FC (36)
?,(Sat) 25 Feb 2006 (W8),Derby County FC (36),1-0,1-0,Plymouth Argyle FC (35)
?,(Sat) 25 Feb 2006 (W8),Hull City AFC (36),2-3,0-1,Wolverhampton Wanderers FC (35)
?,(Sat) 25 Feb 2006 (W8),Ipswich Town FC (36),2-0,0-0,Leicester City FC (36)
?,(Sat) 25 Feb 2006 (W8),Leeds United FC (35),2-1,0-0,Luton Town FC (36)
?,(Sat) 25 Feb 2006 (W8),Reading FC (36),2-1,2-1,Preston North End FC (34)
?,(Sat) 25 Feb 2006 (W8),Sheffield United FC (36),2-3,2-1,Queens Park Rangers FC (35)
?,(Sat) 25 Feb 2006 (W8),Southampton FC (35),3-0,1-0,Sheffield Wednesday FC (36)
?,(Sat) 25 Feb 2006 (W8),Stoke City FC (34),2-1,1-1,Millwall FC (36)
?,(Sat) 25 Feb 2006 (W8),Watford FC (36),2-1,0-0,Cardiff City FC (36)
?,(Fri) 3 Mar 2006 (W9),Sheffield United FC (37),0-0,0-0,Crewe Alexandra FC (36)
?,(Sat) 4 Mar 2006 (W9),Burnley FC (36),0-3,0-1,Reading FC (37)
?,(Sat) 4 Mar 2006 (W9),Cardiff City FC (37),1-0,1-0,Sheffield Wednesday FC (37)
?,(Sat) 4 Mar 2006 (W9),Crystal Palace FC (36),1-2,0-1,Leeds United FC (36)
?,(Sat) 4 Mar 2006 (W9),Leicester City FC (37),3-2,1-1,Hull City AFC (37)
?,(Sat) 4 Mar 2006 (W9),Millwall FC (37),2-1,1-0,Luton Town FC (37)
?,(Sat) 4 Mar 2006 (W9),Norwich City FC (37),2-1,0-0,Stoke City FC (35)
?,(Sat) 4 Mar 2006 (W9),Plymouth Argyle FC (36),1-0,1-0,Brighton & Hove Albion FC (37)
?,(Sat) 4 Mar 2006 (W9),Queens Park Rangers FC (36),0-0,0-0,Wolverhampton Wanderers FC (36)
?,(Sat) 4 Mar 2006 (W9),Southampton FC (36),1-1,0-0,Coventry City FC (37)
?,(Sat) 4 Mar 2006 (W9),Watford FC (37),2-2,1-1,Derby County FC (37)
?,(Tue) 7 Mar 2006 (W10),Plymouth Argyle FC (37),0-0,0-0,Preston North End FC (35)
?,(Tue) 7 Mar 2006 (W10),Wolverhampton Wanderers FC (37),0-0,0-0,Stoke City FC (36)
?,(Sat) 11 Mar 2006 (W10),Brighton & Hove Albion FC (38),0-0,0-0,Preston North End FC (36)
?,(Sat) 11 Mar 2006 (W10),Coventry City FC (38),2-0,2-0,Sheffield United FC (38)
?,(Sat) 11 Mar 2006 (W10),Crewe Alexandra FC (37),1-1,0-0,Southampton FC (37)
?,(Sat) 11 Mar 2006 (W10),Derby County FC (38),3-0,3-0,Burnley FC (37)
?,(Sat) 11 Mar 2006 (W10),Hull City AFC (38),1-0,0-0,Plymouth Argyle FC (38)
?,(Sat) 11 Mar 2006 (W10),Ipswich Town FC (37),1-1,1-0,Millwall FC (38)
?,(Sat) 11 Mar 2006 (W10),Leeds United FC (37),2-2,1-0,Norwich City FC (38)
?,(Sat) 11 Mar 2006 (W10),Luton Town FC (38),1-2,0-1,Leicester City FC (38)
?,(Sat) 11 Mar 2006 (W10),Reading FC (38),0-0,0-0,Watford FC (38)
?,(Sat) 11 Mar 2006 (W10),Sheffield Wednesday FC (38),1-1,1-1,Queens Park Rangers FC (37)
?,(Sat) 11 Mar 2006 (W10),Wolverhampton Wanderers FC (38),2-0,1-0,Cardiff City FC (38)
?,(Mon) 13 Mar 2006 (W11),Stoke City FC (37),1-3,0-1,Crystal Palace FC (37)
?,(Tue) 14 Mar 2006 (W11),Preston North End FC (37),3-1,0-1,Ipswich Town FC (38)
?,(Sat) 18 Mar 2006 (W11),Coventry City FC (39),1-1,1-0,Leeds United FC (38)
?,(Sat) 18 Mar 2006 (W11),Crystal Palace FC (38),2-2,1-1,Ipswich Town FC (39)
?,(Sat) 18 Mar 2006 (W11),Hull City AFC (39),1-0,1-0,Crewe Alexandra FC (38)
?,(Sat) 18 Mar 2006 (W11),Luton Town FC (39),1-0,0-0,Derby County FC (39)
?,(Sat) 18 Mar 2006 (W11),Millwall FC (39),0-1,0-1,Leicester City FC (39)
?,(Sat) 18 Mar 2006 (W11),Norwich City FC (39),2-1,2-1,Sheffield United FC (39)
?,(Sat) 18 Mar 2006 (W11),Plymouth Argyle FC (39),0-1,0-1,Cardiff City FC (39)
?,(Sat) 18 Mar 2006 (W11),Queens Park Rangers FC (38),1-1,1-0,Brighton & Hove Albion FC (39)
?,(Sat) 18 Mar 2006 (W11),Reading FC (39),1-1,1-0,Wolverhampton Wanderers FC (39)
?,(Sat) 18 Mar 2006 (W11),Sheffield Wednesday FC (39),2-0,1-0,Preston North End FC (38)
?,(Sat) 18 Mar 2006 (W11),Stoke City FC (38),1-0,0-0,Burnley FC (38)
?,(Mon) 20 Mar 2006 (W12),Southampton FC (38),1-3,0-1,Watford FC (39)
?,(Tue) 21 Mar 2006 (W12),Leeds United FC (39),0-1,0-1,Crystal Palace FC (39)
?,(Fri) 24 Mar 2006 (W12),Burnley FC (39),2-0,1-0,Norwich City FC (40)
?,(Sat) 25 Mar 2006 (W12),Brighton & Hove Albion FC (40),1-1,1-0,Luton Town FC (40)
?,(Sat) 25 Mar 2006 (W12),Cardiff City FC (40),0-0,0-0,Queens Park Rangers FC (39)
?,(Sat) 25 Mar 2006 (W12),Crewe Alexandra FC (39),4-1,3-1,Coventry City FC (40)
?,(Sat) 25 Mar 2006 (W12),Derby County FC (40),2-1,1-1,Crystal Palace FC (40)
?,(Sat) 25 Mar 2006 (W12),Ipswich Town FC (40),1-1,1-0,Hull City AFC (40)
?,(Sat) 25 Mar 2006 (W12),Leeds United FC (40),0-0,0-0,Stoke City FC (39)
?,(Sat) 25 Mar 2006 (W12),Leicester City FC (40),1-1,1-0,Reading FC (40)
?,(Sat) 25 Mar 2006 (W12),Preston North End FC (39),0-0,0-0,Plymouth Argyle FC (40)
?,(Sat) 25 Mar 2006 (W12),Sheffield United FC (40),3-0,2-0,Southampton FC (39)
?,(Sat) 25 Mar 2006 (W12),Watford FC (40),0-2,0-0,Millwall FC (40)
?,(Sat) 25 Mar 2006 (W12),Wolverhampton Wanderers FC (40),1-3,0-1,Sheffield Wednesday FC (40)
?,(Tue) 28 Mar 2006 (W13),Burnley FC (40),1-1,1-1,Southampton FC (40)
?,(Tue) 28 Mar 2006 (W13),Preston North End FC (40),1-0,1-0,Crewe Alexandra FC (40)
?,(Wed) 29 Mar 2006 (W13),Queens Park Rangers FC (40),1-2,1-0,Stoke City FC (40)
?,(Fri) 31 Mar 2006 (W13),Crystal Palace FC (41),3-1,0-1,Watford FC (41)
?,(Sat) 1 Apr 2006 (W13),Coventry City FC (41),0-1,0-1,Preston North End FC (41)
?,(Sat) 1 Apr 2006 (W13),Hull City AFC (41),1-0,0-0,Leeds United FC (41)
?,(Sat) 1 Apr 2006 (W13),Luton Town FC (41),1-0,0-0,Ipswich Town FC (41)
?,(Sat) 1 Apr 2006 (W13),Millwall FC (41),0-2,0-2,Brighton & Hove Albion FC (41)
?,(Sat) 1 Apr 2006 (W13),Norwich City FC (41),2-1,1-0,Leicester City FC (41)
?,(Sat) 1 Apr 2006 (W13),Plymouth Argyle FC (41),2-0,1-0,Wolverhampton Wanderers FC (41)
?,(Sat) 1 Apr 2006 (W13),Queens Park Rangers FC (41),1-2,0-1,Crewe Alexandra FC (41)
?,(Sat) 1 Apr 2006 (W13),Reading FC (41),5-0,0-0,Derby County FC (41)
?,(Sat) 1 Apr 2006 (W13),Sheffield Wednesday FC (41),0-0,0-0,Burnley FC (41)
?,(Sat) 1 Apr 2006 (W13),Southampton FC (41),3-2,0-0,Cardiff City FC (41)
?,(Sat) 1 Apr 2006 (W13),Stoke City FC (41),1-1,1-0,Sheffield United FC (41)
?,(Fri) 7 Apr 2006 (W14),Leicester City FC (42),2-0,1-0,Crystal Palace FC (42)
?,(Sat) 8 Apr 2006 (W14),Brighton & Hove Albion FC (42),0-2,0-1,Southampton FC (42)
?,(Sat) 8 Apr 2006 (W14),Burnley FC (42),1-0,0-0,Queens Park Rangers FC (42)
?,(Sat) 8 Apr 2006 (W14),Cardiff City FC (42),2-5,0-2,Reading FC (42)
?,(Sat) 8 Apr 2006 (W14),Crewe Alexandra FC (42),2-0,2-0,Sheffield Wednesday FC (42)
?,(Sat) 8 Apr 2006 (W14),Derby County FC (42),1-0,1-0,Millwall FC (42)
?,(Sat) 8 Apr 2006 (W14),Ipswich Town FC (42),1-4,0-0,Stoke City FC (42)
?,(Sat) 8 Apr 2006 (W14),Leeds United FC (42),0-0,0-0,Plymouth Argyle FC (42)
?,(Sat) 8 Apr 2006 (W14),Preston North End FC (42),2-0,2-0,Norwich City FC (42)
?,(Sat) 8 Apr 2006 (W14),Sheffield United FC (42),3-2,1-0,Hull City AFC (42)
?,(Sat) 8 Apr 2006 (W14),Wolverhampton Wanderers FC (42),2-2,2-1,Coventry City FC (42)
?,(Sun) 9 Apr 2006 (W14),Watford FC (42),1-1,1-0,Luton Town FC (42)
?,(Fri) 14 Apr 2006 (W15),Cardiff City FC (43),0-1,0-0,Sheffield United FC (43)
?,(Fri) 14 Apr 2006 (W15),Wolverhampton Wanderers FC (43),1-1,1-0,Watford FC (43)
?,(Sat) 15 Apr 2006 (W15),Crystal Palace FC (43),2-2,2-0,Crewe Alexandra FC (43)
?,(Sat) 15 Apr 2006 (W15),Hull City AFC (43),0-0,0-0,Burnley FC (43)
?,(Sat) 15 Apr 2006 (W15),Ipswich Town FC (43),1-2,0-1,Brighton & Hove Albion FC (43)
?,(Sat) 15 Apr 2006 (W15),Leeds United FC (43),1-1,0-0,Reading FC (43)
?,(Sat) 15 Apr 2006 (W15),Leicester City FC (43),1-2,1-1,Preston North End FC (43)
?,(Sat) 15 Apr 2006 (W15),Luton Town FC (43),1-2,0-2,Coventry City FC (43)
?,(Sat) 15 Apr 2006 (W15),Millwall FC (43),1-1,1-1,Plymouth Argyle FC (43)
?,(Sat) 15 Apr 2006 (W15),Queens Park Rangers FC (43),1-1,0-0,Derby County FC (43)
?,(Sat) 15 Apr 2006 (W15),Sheffield Wednesday FC (43),1-0,1-0,Norwich City FC (43)
?,(Sat) 15 Apr 2006 (W15),Stoke City FC (43),1-2,0-2,Southampton FC (43)
?,(Mon) 17 Apr 2006 (W16),Brighton & Hove Albion FC (44),0-2,0-1,Sheffield Wednesday FC (44)
?,(Mon) 17 Apr 2006 (W16),Burnley FC (44),0-0,0-0,Crystal Palace FC (44)
?,(Mon) 17 Apr 2006 (W16),Coventry City FC (44),1-1,1-1,Leicester City FC (44)
?,(Mon) 17 Apr 2006 (W16),Crewe Alexandra FC (44),1-1,0-0,Cardiff City FC (44)
?,(Mon) 17 Apr 2006 (W16),Derby County FC (44),1-1,0-1,Hull City AFC (44)
?,(Mon) 17 Apr 2006 (W16),Norwich City FC (44),3-2,0-1,Queens Park Rangers FC (44)
?,(Mon) 17 Apr 2006 (W16),Plymouth Argyle FC (44),1-2,0-0,Luton Town FC (44)
?,(Mon) 17 Apr 2006 (W16),Preston North End FC (44),2-0,1-0,Wolverhampton Wanderers FC (44)
?,(Mon) 17 Apr 2006 (W16),Reading FC (44),3-1,1-0,Stoke City FC (44)
?,(Mon) 17 Apr 2006 (W16),Southampton FC (44),2-0,1-0,Millwall FC (44)
?,(Mon) 17 Apr 2006 (W16),Watford FC (44),2-1,1-0,Ipswich Town FC (44)
?,(Tue) 18 Apr 2006 (W16),Sheffield United FC (44),1-1,1-1,Leeds United FC (44)
?,(Sat) 22 Apr 2006 (W16),Cardiff City FC (45),0-1,0-1,Norwich City FC (45)
?,(Sat) 22 Apr 2006 (W16),Crystal Palace FC (45),2-1,0-0,Southampton FC (45)
?,(Sat) 22 Apr 2006 (W16),Hull City AFC (45),1-1,1-1,Preston North End FC (45)
?,(Sat) 22 Apr 2006 (W16),Ipswich Town FC (45),2-0,0-0,Derby County FC (45)
?,(Sat) 22 Apr 2006 (W16),Leeds United FC (45),1-0,0-0,Crewe Alexandra FC (45)
?,(Sat) 22 Apr 2006 (W16),Leicester City FC (45),1-0,0-0,Plymouth Argyle FC (45)
?,(Sat) 22 Apr 2006 (W16),Luton Town FC (45),1-1,0-0,Sheffield United FC (45)
?,(Sat) 22 Apr 2006 (W16),Millwall FC (45),1-0,1-0,Burnley FC (45)
?,(Sat) 22 Apr 2006 (W16),Queens Park Rangers FC (45),1-2,1-1,Watford FC (45)
?,(Sat) 22 Apr 2006 (W16),Sheffield Wednesday FC (45),1-1,0-1,Reading FC (45)
?,(Sat) 22 Apr 2006 (W16),Stoke City FC (45),0-1,0-0,Coventry City FC (45)
?,(Sat) 22 Apr 2006 (W16),Wolverhampton Wanderers FC (45),1-0,1-0,Brighton & Hove Albion FC (45)
?,(Sun) 30 Apr 2006 (W17),Brighton & Hove Albion FC (46),1-5,0-3,Stoke City FC (46)
?,(Sun) 30 Apr 2006 (W17),Burnley FC (46),1-1,0-1,Luton Town FC (46)
?,(Sun) 30 Apr 2006 (W17),Coventry City FC (46),3-1,1-1,Cardiff City FC (46)
?,(Sun) 30 Apr 2006 (W17),Crewe Alexandra FC (46),4-2,1-1,Millwall FC (46)
?,(Sun) 30 Apr 2006 (W17),Derby County FC (46),0-2,0-1,Sheffield Wednesday FC (46)
?,(Sun) 30 Apr 2006 (W17),Norwich City FC (46),1-2,0-1,Wolverhampton Wanderers FC (46)
?,(Sun) 30 Apr 2006 (W17),Plymouth Argyle FC (46),2-1,1-1,Ipswich Town FC (46)
?,(Sun) 30 Apr 2006 (W17),Preston North End FC (46),2-0,1-0,Leeds United FC (46)
?,(Sun) 30 Apr 2006 (W17),Reading FC (46),2-1,1-0,Queens Park Rangers FC (46)
?,(Sun) 30 Apr 2006 (W17),Sheffield United FC (46),1-0,0-0,Crystal Palace FC (46)
?,(Sun) 30 Apr 2006 (W17),Southampton FC (46),2-0,2-0,Leicester City FC (46)
?,(Sun) 30 Apr 2006 (W17),Watford FC (46),0-0,0-0,Hull City AFC (46)
