Round,Date,Team 1,FT,HT,Team 2
?,(Sat) 12 Aug 1972 (32),Colchester United FC (1),1-0,?,Hereford United FC (1924-2014) (1)
?,(Sat) 12 Aug 1972 (32),Stockport County FC (1),3-2,?,Peterborough United FC (1)
?,(Sat) 12 Aug 1972 (32),Lincoln City FC (1),1-2,?,Hartlepool United FC (1)
?,(Sat) 12 Aug 1972 (32),Mansfield Town FC (1),1-0,?,Northampton Town FC (1)
?,(Sat) 12 Aug 1972 (32),Torquay United FC (1),1-1,?,Aldershot Town FC (1)
?,(Sat) 12 Aug 1972 (32),Reading FC (1),1-1,?,Crewe Alexandra FC (1)
?,(Sat) 12 Aug 1972 (32),Workington AFC (1),2-0,?,Doncaster Rovers FC (1)
?,(Sat) 12 Aug 1972 (32),Southport FC (1),1-0,?,Exeter City FC (1)
?,(Sat) 12 Aug 1972 (32),Cambridge United FC (1),0-3,?,Darlington FC (1)
?,(Sat) 12 Aug 1972 (32),Gillingham FC (1),0-0,?,Newport County AFC (1)
?,(Sat) 12 Aug 1972 (32),Chester FC (1),2-0,?,Bury FC (1)
?,(Sat) 12 Aug 1972 (32),Bradford City AFC (1),3-1,?,Barnsley FC (1)
?,(Sat) 19 Aug 1972 (33),Newport County AFC (2),3-2,?,Chester FC (2)
?,(Sat) 19 Aug 1972 (33),Bury FC (2),2-1,?,Gillingham FC (2)
?,(Sat) 19 Aug 1972 (33),Darlington FC (2),1-1,?,Lincoln City FC (2)
?,(Sat) 19 Aug 1972 (33),Doncaster Rovers FC (2),0-1,?,Mansfield Town FC (2)
?,(Sat) 19 Aug 1972 (33),Hereford United FC (1924-2014) (2),3-0,?,Reading FC (2)
?,(Sat) 19 Aug 1972 (33),Hartlepool United FC (2),2-1,?,Colchester United FC (2)
?,(Sat) 19 Aug 1972 (33),Crewe Alexandra FC (2),1-1,?,Torquay United FC (2)
?,(Sat) 19 Aug 1972 (33),Barnsley FC (2),3-1,?,Cambridge United FC (2)
?,(Sat) 19 Aug 1972 (33),Aldershot Town FC (2),2-0,?,Workington AFC (2)
?,(Sat) 19 Aug 1972 (33),Peterborough United FC (2),0-1,?,Southport FC (2)
?,(Sat) 19 Aug 1972 (33),Exeter City FC (2),5-1,?,Bradford City AFC (2)
?,(Fri) 25 Aug 1972 (34),Stockport County FC (2),2-0,?,Barnsley FC (3)
?,(Fri) 25 Aug 1972 (34),Gillingham FC (3),1-3,?,Northampton Town FC (2)
?,(Sat) 26 Aug 1972 (34),Cambridge United FC (3),3-1,?,Doncaster Rovers FC (3)
?,(Sat) 26 Aug 1972 (34),Workington AFC (3),1-1,?,Crewe Alexandra FC (3)
?,(Sat) 26 Aug 1972 (34),Torquay United FC (3),1-0,?,Hartlepool United FC (3)
?,(Sat) 26 Aug 1972 (34),Chester FC (3),8-2,?,Peterborough United FC (3)
?,(Sat) 26 Aug 1972 (34),Colchester United FC (3),1-3,?,Newport County AFC (3)
?,(Sat) 26 Aug 1972 (34),Reading FC (3),0-0,?,Bury FC (3)
?,(Sat) 26 Aug 1972 (34),Southport FC (3),2-1,?,Darlington FC (3)
?,(Sat) 26 Aug 1972 (34),Bradford City AFC (3),1-1,?,Hereford United FC (1924-2014) (3)
?,(Sat) 26 Aug 1972 (34),Lincoln City FC (3),0-2,?,Aldershot Town FC (3)
?,(Sat) 26 Aug 1972 (34),Mansfield Town FC (3),3-0,?,Exeter City FC (3)
?,(Mon) 28 Aug 1972 (35),Peterborough United FC (4),1-2,?,Northampton Town FC (3)
?,(Mon) 28 Aug 1972 (35),Darlington FC (4),1-4,?,Aldershot Town FC (4)
?,(Mon) 28 Aug 1972 (35),Exeter City FC (4),1-1,?,Hartlepool United FC (4)
?,(Tue) 29 Aug 1972 (35),Barnsley FC (4),4-2,?,Doncaster Rovers FC (4)
?,(Tue) 29 Aug 1972 (35),Bury FC (4),0-0,?,Newport County AFC (4)
?,(Wed) 30 Aug 1972 (35),Crewe Alexandra FC (4),2-1,?,Hereford United FC (1924-2014) (4)
?,(Wed) 30 Aug 1972 (35),Mansfield Town FC (4),3-1,?,Cambridge United FC (4)
?,(Wed) 30 Aug 1972 (35),Workington AFC (4),0-3,?,Lincoln City FC (4)
?,(Wed) 30 Aug 1972 (35),Chester FC (4),4-0,?,Colchester United FC (4)
?,(Fri) 1 Sep 1972 (35),Doncaster Rovers FC (5),2-2,?,Stockport County FC (3)
?,(Fri) 1 Sep 1972 (35),Northampton Town FC (4),1-0,?,Chester FC (5)
?,(Sat) 2 Sep 1972 (35),Aldershot Town FC (5),2-2,?,Southport FC (4)
?,(Sat) 2 Sep 1972 (35),Hartlepool United FC (5),1-2,?,Reading FC (4)
?,(Sat) 2 Sep 1972 (35),Bury FC (5),0-0,?,Torquay United FC (4)
?,(Sat) 2 Sep 1972 (35),Exeter City FC (5),3-1,?,Cambridge United FC (5)
?,(Sat) 2 Sep 1972 (35),Hereford United FC (1924-2014) (5),0-0,?,Workington AFC (5)
?,(Sat) 2 Sep 1972 (35),Crewe Alexandra FC (5),1-1,?,Lincoln City FC (5)
?,(Sat) 2 Sep 1972 (35),Darlington FC (5),2-1,?,Colchester United FC (5)
?,(Sat) 2 Sep 1972 (35),Barnsley FC (5),1-1,?,Gillingham FC (4)
?,(Sat) 2 Sep 1972 (35),Peterborough United FC (5),3-0,?,Bradford City AFC (4)
?,(Sat) 2 Sep 1972 (35),Newport County AFC (5),0-1,?,Mansfield Town FC (5)
?,(Fri) 8 Sep 1972 (36),Gillingham FC (5),3-0,?,Doncaster Rovers FC (6)
?,(Fri) 8 Sep 1972 (36),Stockport County FC (4),3-1,?,Darlington FC (6)
?,(Fri) 8 Sep 1972 (36),Colchester United FC (6),5-1,?,Crewe Alexandra FC (6)
?,(Sat) 9 Sep 1972 (36),Torquay United FC (5),2-2,?,Newport County AFC (6)
?,(Sat) 9 Sep 1972 (36),Chester FC (6),0-0,?,Aldershot Town FC (6)
?,(Sat) 9 Sep 1972 (36),Workington AFC (6),3-1,?,Exeter City FC (6)
?,(Sat) 9 Sep 1972 (36),Bradford City AFC (5),2-1,?,Northampton Town FC (5)
?,(Sat) 9 Sep 1972 (36),Southport FC (5),1-0,?,Barnsley FC (6)
?,(Sat) 9 Sep 1972 (36),Mansfield Town FC (6),1-1,?,Bury FC (6)
?,(Sat) 9 Sep 1972 (36),Cambridge United FC (6),1-1,?,Hartlepool United FC (6)
?,(Sat) 9 Sep 1972 (36),Reading FC (5),2-0,?,Peterborough United FC (6)
?,(Sat) 9 Sep 1972 (36),Lincoln City FC (6),4-1,?,Hereford United FC (1924-2014) (6)
?,(Mon) 11 Sep 1972 (37),Southport FC (6),3-1,?,Bradford City AFC (6)
?,(Mon) 11 Sep 1972 (37),Stockport County FC (5),2-3,?,Gillingham FC (6)
?,(Fri) 15 Sep 1972 (37),Doncaster Rovers FC (7),2-0,?,Southport FC (7)
?,(Sat) 16 Sep 1972 (37),Darlington FC (7),1-1,?,Chester FC (7)
?,(Sat) 16 Sep 1972 (37),Hereford United FC (1924-2014) (7),0-0,?,Gillingham FC (7)
?,(Sat) 16 Sep 1972 (37),Peterborough United FC (7),0-1,?,Torquay United FC (6)
?,(Sat) 16 Sep 1972 (37),Newport County AFC (7),0-2,?,Cambridge United FC (7)
?,(Sat) 16 Sep 1972 (37),Aldershot Town FC (7),0-1,?,Mansfield Town FC (7)
?,(Sat) 16 Sep 1972 (37),Hartlepool United FC (7),1-0,?,Workington AFC (7)
?,(Sat) 16 Sep 1972 (37),Barnsley FC (7),4-0,?,Colchester United FC (7)
?,(Sat) 16 Sep 1972 (37),Northampton Town FC (6),1-1,?,Reading FC (6)
?,(Sat) 16 Sep 1972 (37),Crewe Alexandra FC (7),1-2,?,Bradford City AFC (7)
?,(Sat) 16 Sep 1972 (37),Bury FC (7),0-4,?,Lincoln City FC (7)
?,(Sat) 16 Sep 1972 (37),Exeter City FC (7),3-0,?,Stockport County FC (6)
?,(Mon) 18 Sep 1972 (38),Mansfield Town FC (8),2-0,?,Gillingham FC (8)
?,(Mon) 18 Sep 1972 (38),Hartlepool United FC (8),0-0,?,Darlington FC (8)
?,(Tue) 19 Sep 1972 (38),Newport County AFC (8),1-1,?,Peterborough United FC (8)
?,(Tue) 19 Sep 1972 (38),Bury FC (8),2-2,?,Northampton Town FC (7)
?,(Tue) 19 Sep 1972 (38),Hereford United FC (1924-2014) (8),1-2,?,Barnsley FC (8)
?,(Wed) 20 Sep 1972 (38),Torquay United FC (7),3-0,?,Workington AFC (8)
?,(Wed) 20 Sep 1972 (38),Cambridge United FC (8),1-0,?,Stockport County FC (7)
?,(Wed) 20 Sep 1972 (38),Crewe Alexandra FC (8),0-1,?,Doncaster Rovers FC (8)
?,(Wed) 20 Sep 1972 (38),Reading FC (7),1-1,?,Lincoln City FC (8)
?,(Wed) 20 Sep 1972 (38),Exeter City FC (8),1-0,?,Aldershot Town FC (8)
?,(Wed) 20 Sep 1972 (38),Southport FC (8),1-0,?,Colchester United FC (8)
?,(Fri) 22 Sep 1972 (38),Stockport County FC (8),0-0,?,Bury FC (9)
?,(Fri) 22 Sep 1972 (38),Southport FC (9),2-0,?,Hereford United FC (1924-2014) (9)
?,(Fri) 22 Sep 1972 (38),Colchester United FC (9),2-2,?,Northampton Town FC (8)
?,(Sat) 23 Sep 1972 (38),Workington AFC (9),2-1,?,Darlington FC (9)
?,(Sat) 23 Sep 1972 (38),Mansfield Town FC (9),3-1,?,Barnsley FC (9)
?,(Sat) 23 Sep 1972 (38),Gillingham FC (9),1-2,?,Aldershot Town FC (9)
?,(Sat) 23 Sep 1972 (38),Torquay United FC (8),0-2,?,Exeter City FC (9)
?,(Sat) 23 Sep 1972 (38),Lincoln City FC (9),2-1,?,Doncaster Rovers FC (9)
?,(Sat) 23 Sep 1972 (38),Chester FC (8),2-1,?,Crewe Alexandra FC (9)
?,(Sat) 23 Sep 1972 (38),Cambridge United FC (9),3-1,?,Peterborough United FC (9)
?,(Sat) 23 Sep 1972 (38),Reading FC (8),5-0,?,Newport County AFC (9)
?,(Sat) 23 Sep 1972 (38),Bradford City AFC (8),0-2,?,Hartlepool United FC (9)
?,(Mon) 25 Sep 1972 (39),Darlington FC (10),0-0,?,Exeter City FC (10)
?,(Mon) 25 Sep 1972 (39),Colchester United FC (10),0-0,?,Bradford City AFC (9)
?,(Mon) 25 Sep 1972 (39),Stockport County FC (9),2-1,?,Mansfield Town FC (10)
?,(Mon) 25 Sep 1972 (39),Peterborough United FC (10),1-1,?,Bury FC (10)
?,(Tue) 26 Sep 1972 (39),Doncaster Rovers FC (10),0-0,?,Hereford United FC (1924-2014) (10)
?,(Tue) 26 Sep 1972 (39),Chester FC (9),0-0,?,Southport FC (10)
?,(Tue) 26 Sep 1972 (39),Gillingham FC (10),1-2,?,Cambridge United FC (10)
?,(Tue) 26 Sep 1972 (39),Barnsley FC (10),2-2,?,Crewe Alexandra FC (10)
?,(Tue) 26 Sep 1972 (39),Northampton Town FC (9),0-1,?,Newport County AFC (10)
?,(Wed) 27 Sep 1972 (39),Aldershot Town FC (10),2-1,?,Hartlepool United FC (10)
?,(Wed) 27 Sep 1972 (39),Workington AFC (10),0-0,?,Reading FC (9)
?,(Wed) 27 Sep 1972 (39),Lincoln City FC (10),3-1,?,Torquay United FC (9)
?,(Fri) 29 Sep 1972 (39),Doncaster Rovers FC (11),1-0,?,Bradford City AFC (10)
?,(Sat) 30 Sep 1972 (39),Bury FC (11),3-0,?,Workington AFC (11)
?,(Sat) 30 Sep 1972 (39),Crewe Alexandra FC (11),1-1,?,Gillingham FC (11)
?,(Sat) 30 Sep 1972 (39),Newport County AFC (11),1-0,?,Stockport County FC (10)
?,(Sat) 30 Sep 1972 (39),Darlington FC (11),2-3,?,Mansfield Town FC (11)
?,(Sat) 30 Sep 1972 (39),Northampton Town FC (10),2-2,?,Cambridge United FC (11)
?,(Sat) 30 Sep 1972 (39),Exeter City FC (11),1-0,?,Colchester United FC (11)
?,(Sat) 30 Sep 1972 (39),Hereford United FC (1924-2014) (11),2-1,?,Torquay United FC (10)
?,(Sat) 30 Sep 1972 (39),Peterborough United FC (11),2-2,?,Lincoln City FC (11)
?,(Sat) 30 Sep 1972 (39),Aldershot Town FC (11),1-0,?,Reading FC (10)
?,(Sat) 30 Sep 1972 (39),Hartlepool United FC (11),0-2,?,Southport FC (11)
?,(Sat) 30 Sep 1972 (39),Barnsley FC (11),0-0,?,Chester FC (10)
?,(Wed) 4 Oct 1972 (40),Bradford City AFC (11),0-1,?,Chester FC (11)
?,(Fri) 6 Oct 1972 (40),Doncaster Rovers FC (12),3-0,?,Northampton Town FC (11)
?,(Sat) 7 Oct 1972 (40),Newport County AFC (12),2-1,?,Aldershot Town FC (12)
?,(Sat) 7 Oct 1972 (40),Workington AFC (12),3-1,?,Chester FC (12)
?,(Sat) 7 Oct 1972 (40),Mansfield Town FC (12),3-3,?,Southport FC (12)
?,(Sat) 7 Oct 1972 (40),Cambridge United FC (12),2-1,?,Bradford City AFC (12)
?,(Sat) 7 Oct 1972 (40),Bury FC (12),1-0,?,Darlington FC (12)
?,(Sat) 7 Oct 1972 (40),Hereford United FC (1924-2014) (12),0-0,?,Hartlepool United FC (12)
?,(Sat) 7 Oct 1972 (40),Torquay United FC (11),0-0,?,Gillingham FC (12)
?,(Sat) 7 Oct 1972 (40),Crewe Alexandra FC (12),1-0,?,Exeter City FC (12)
?,(Sat) 7 Oct 1972 (40),Reading FC (11),0-0,?,Stockport County FC (11)
?,(Sat) 7 Oct 1972 (40),Barnsley FC (12),3-2,?,Peterborough United FC (12)
?,(Sat) 7 Oct 1972 (40),Lincoln City FC (12),3-2,?,Colchester United FC (12)
?,(Mon) 9 Oct 1972 (41),Colchester United FC (13),2-3,?,Aldershot Town FC (13)
?,(Mon) 9 Oct 1972 (41),Stockport County FC (12),0-0,?,Crewe Alexandra FC (13)
?,(Mon) 9 Oct 1972 (41),Mansfield Town FC (13),4-2,?,Peterborough United FC (13)
?,(Tue) 10 Oct 1972 (41),Gillingham FC (13),4-0,?,Darlington FC (13)
?,(Wed) 11 Oct 1972 (41),Cambridge United FC (13),1-0,?,Hereford United FC (1924-2014) (13)
?,(Wed) 11 Oct 1972 (41),Southport FC (13),2-1,?,Bury FC (13)
?,(Wed) 11 Oct 1972 (41),Torquay United FC (12),1-0,?,Doncaster Rovers FC (13)
?,(Wed) 11 Oct 1972 (41),Chester FC (13),2-0,?,Hartlepool United FC (13)
?,(Wed) 11 Oct 1972 (41),Workington AFC (13),3-2,?,Barnsley FC (13)
?,(Wed) 11 Oct 1972 (41),Bradford City AFC (13),2-1,?,Newport County AFC (13)
?,(Wed) 11 Oct 1972 (41),Reading FC (12),2-0,?,Exeter City FC (13)
?,(Wed) 11 Oct 1972 (41),Lincoln City FC (13),1-1,?,Northampton Town FC (12)
?,(Fri) 13 Oct 1972 (41),Southport FC (14),1-1,?,Cambridge United FC (14)
?,(Fri) 13 Oct 1972 (41),Colchester United FC (14),1-1,?,Workington AFC (14)
?,(Fri) 13 Oct 1972 (41),Stockport County FC (13),2-0,?,Torquay United FC (13)
?,(Sat) 14 Oct 1972 (41),Hartlepool United FC (14),1-1,?,Crewe Alexandra FC (14)
?,(Sat) 14 Oct 1972 (41),Exeter City FC (14),1-0,?,Hereford United FC (1924-2014) (14)
?,(Sat) 14 Oct 1972 (41),Peterborough United FC (14),3-1,?,Doncaster Rovers FC (14)
?,(Sat) 14 Oct 1972 (41),Bradford City AFC (14),1-1,?,Mansfield Town FC (14)
?,(Sat) 14 Oct 1972 (41),Chester FC (14),2-1,?,Lincoln City FC (14)
?,(Sat) 14 Oct 1972 (41),Northampton Town FC (13),2-2,?,Barnsley FC (14)
?,(Sat) 14 Oct 1972 (41),Aldershot Town FC (14),2-0,?,Bury FC (14)
?,(Sat) 14 Oct 1972 (41),Darlington FC (14),2-3,?,Newport County AFC (14)
?,(Sat) 14 Oct 1972 (41),Gillingham FC (14),1-0,?,Reading FC (13)
?,(Fri) 20 Oct 1972 (42),Cambridge United FC (15),3-0,?,Colchester United FC (15)
?,(Sat) 21 Oct 1972 (42),Crewe Alexandra FC (15),0-2,?,Peterborough United FC (15)
?,(Sat) 21 Oct 1972 (42),Barnsley FC (15),0-2,?,Darlington FC (15)
?,(Sat) 21 Oct 1972 (42),Reading FC (14),1-1,?,Southport FC (15)
?,(Sat) 21 Oct 1972 (42),Lincoln City FC (15),1-0,?,Gillingham FC (15)
?,(Sat) 21 Oct 1972 (42),Mansfield Town FC (15),4-1,?,Chester FC (15)
?,(Sat) 21 Oct 1972 (42),Hereford United FC (1924-2014) (15),2-0,?,Northampton Town FC (14)
?,(Sat) 21 Oct 1972 (42),Newport County AFC (15),5-1,?,Hartlepool United FC (15)
?,(Sat) 21 Oct 1972 (42),Doncaster Rovers FC (15),1-0,?,Aldershot Town FC (15)
?,(Sat) 21 Oct 1972 (42),Workington AFC (15),2-0,?,Stockport County FC (14)
?,(Sat) 21 Oct 1972 (42),Torquay United FC (14),1-2,?,Bradford City AFC (15)
?,(Sat) 21 Oct 1972 (42),Bury FC (15),2-1,?,Exeter City FC (15)
?,(Mon) 23 Oct 1972 (43),Darlington FC (16),0-2,?,Reading FC (15)
?,(Mon) 23 Oct 1972 (43),Peterborough United FC (16),2-2,?,Colchester United FC (16)
?,(Mon) 23 Oct 1972 (43),Hartlepool United FC (16),2-0,?,Gillingham FC (16)
?,(Tue) 24 Oct 1972 (43),Newport County AFC (16),3-1,?,Southport FC (16)
?,(Tue) 24 Oct 1972 (43),Doncaster Rovers FC (16),0-0,?,Chester FC (16)
?,(Tue) 24 Oct 1972 (43),Bury FC (16),0-0,?,Bradford City AFC (16)
?,(Tue) 24 Oct 1972 (43),Northampton Town FC (15),1-0,?,Workington AFC (16)
?,(Tue) 24 Oct 1972 (43),Barnsley FC (16),0-0,?,Torquay United FC (15)
?,(Wed) 25 Oct 1972 (43),Hereford United FC (1924-2014) (16),3-1,?,Mansfield Town FC (16)
?,(Wed) 25 Oct 1972 (43),Aldershot Town FC (16),2-0,?,Stockport County FC (15)
?,(Wed) 25 Oct 1972 (43),Crewe Alexandra FC (16),1-1,?,Cambridge United FC (16)
?,(Fri) 27 Oct 1972 (43),Southport FC (17),2-1,?,Torquay United FC (16)
?,(Sat) 28 Oct 1972 (43),Gillingham FC (17),0-2,?,Workington AFC (17)
?,(Sat) 28 Oct 1972 (43),Exeter City FC (16),0-0,?,Newport County AFC (17)
?,(Sat) 28 Oct 1972 (43),Darlington FC (17),0-1,?,Doncaster Rovers FC (17)
?,(Sat) 28 Oct 1972 (43),Aldershot Town FC (17),0-2,?,Barnsley FC (17)
?,(Sat) 28 Oct 1972 (43),Northampton Town FC (16),1-0,?,Crewe Alexandra FC (17)
?,(Sat) 28 Oct 1972 (43),Hartlepool United FC (17),1-1,?,Bury FC (17)
?,(Sat) 28 Oct 1972 (43),Stockport County FC (16),2-1,?,Lincoln City FC (16)
?,(Sat) 28 Oct 1972 (43),Colchester United FC (17),1-1,?,Mansfield Town FC (17)
?,(Sat) 28 Oct 1972 (43),Chester FC (17),1-1,?,Cambridge United FC (17)
?,(Sat) 28 Oct 1972 (43),Peterborough United FC (17),1-1,?,Hereford United FC (1924-2014) (17)
?,(Sat) 28 Oct 1972 (43),Bradford City AFC (17),1-1,?,Reading FC (16)
?,(Fri) 3 Nov 1972 (44),Southport FC (18),3-2,?,Chester FC (18)
?,(Sat) 4 Nov 1972 (44),Hereford United FC (1924-2014) (18),3-2,?,Doncaster Rovers FC (18)
?,(Sat) 4 Nov 1972 (44),Reading FC (17),2-0,?,Workington AFC (18)
?,(Sat) 4 Nov 1972 (44),Mansfield Town FC (18),1-0,?,Stockport County FC (17)
?,(Sat) 4 Nov 1972 (44),Bradford City AFC (18),3-0,?,Colchester United FC (18)
?,(Sat) 4 Nov 1972 (44),Bury FC (18),3-1,?,Peterborough United FC (18)
?,(Sat) 4 Nov 1972 (44),Crewe Alexandra FC (18),1-0,?,Barnsley FC (18)
?,(Sat) 4 Nov 1972 (44),Exeter City FC (17),1-1,?,Darlington FC (18)
?,(Sat) 4 Nov 1972 (44),Newport County AFC (18),1-0,?,Northampton Town FC (17)
?,(Sat) 4 Nov 1972 (44),Torquay United FC (17),2-0,?,Lincoln City FC (17)
?,(Sat) 4 Nov 1972 (44),Cambridge United FC (18),3-1,?,Gillingham FC (18)
?,(Sat) 4 Nov 1972 (44),Hartlepool United FC (18),1-1,?,Aldershot Town FC (18)
?,(Mon) 6 Nov 1972 (45),Exeter City FC (18),2-0,?,Lincoln City FC (18)
?,(Fri) 10 Nov 1972 (45),Colchester United FC (19),3-1,?,Southport FC (19)
?,(Fri) 10 Nov 1972 (45),Stockport County FC (18),2-2,?,Cambridge United FC (19)
?,(Sat) 11 Nov 1972 (45),Northampton Town FC (18),0-1,?,Bury FC (19)
?,(Sat) 11 Nov 1972 (45),Aldershot Town FC (19),0-0,?,Exeter City FC (19)
?,(Sat) 11 Nov 1972 (45),Workington AFC (19),2-2,?,Torquay United FC (18)
?,(Sat) 11 Nov 1972 (45),Chester FC (19),1-1,?,Bradford City AFC (19)
?,(Sat) 11 Nov 1972 (45),Lincoln City FC (19),0-0,?,Reading FC (18)
?,(Sat) 11 Nov 1972 (45),Darlington FC (19),1-2,?,Hartlepool United FC (19)
?,(Sat) 11 Nov 1972 (45),Doncaster Rovers FC (19),0-2,?,Crewe Alexandra FC (19)
?,(Sat) 11 Nov 1972 (45),Barnsley FC (19),0-0,?,Hereford United FC (1924-2014) (19)
?,(Sat) 11 Nov 1972 (45),Peterborough United FC (19),1-0,?,Newport County AFC (19)
?,(Sat) 11 Nov 1972 (45),Gillingham FC (19),2-1,?,Mansfield Town FC (19)
?,(Fri) 24 Nov 1972 (47),Stockport County FC (19),2-0,?,Southport FC (20)
?,(Sat) 25 Nov 1972 (47),Hereford United FC (1924-2014) (20),1-0,?,Aldershot Town FC (20)
?,(Sat) 25 Nov 1972 (47),Lincoln City FC (20),1-1,?,Mansfield Town FC (20)
?,(Sat) 25 Nov 1972 (47),Crewe Alexandra FC (20),0-0,?,Darlington FC (20)
?,(Sat) 25 Nov 1972 (47),Reading FC (19),0-1,?,Colchester United FC (20)
?,(Sat) 25 Nov 1972 (47),Workington AFC (20),5-1,?,Cambridge United FC (20)
?,(Sat) 25 Nov 1972 (47),Torquay United FC (19),1-2,?,Chester FC (20)
?,(Sat) 25 Nov 1972 (47),Doncaster Rovers FC (20),4-1,?,Bury FC (20)
?,(Sat) 25 Nov 1972 (47),Peterborough United FC (20),3-0,?,Hartlepool United FC (20)
?,(Sat) 25 Nov 1972 (47),Northampton Town FC (19),1-2,?,Exeter City FC (20)
?,(Sat) 25 Nov 1972 (47),Barnsley FC (20),2-1,?,Newport County AFC (20)
?,(Sat) 25 Nov 1972 (47),Gillingham FC (20),4-2,?,Bradford City AFC (20)
?,(Tue) 28 Nov 1972 (48),Newport County AFC (21),0-1,?,Hereford United FC (1924-2014) (21)
?,(Fri) 1 Dec 1972 (48),Southport FC (21),2-1,?,Workington AFC (21)
?,(Fri) 1 Dec 1972 (48),Chester FC (21),2-0,?,Stockport County FC (20)
?,(Sat) 2 Dec 1972 (48),Exeter City FC (21),2-1,?,Barnsley FC (21)
?,(Sat) 2 Dec 1972 (48),Hartlepool United FC (21),0-0,?,Doncaster Rovers FC (21)
?,(Sat) 2 Dec 1972 (48),Bradford City AFC (21),3-1,?,Lincoln City FC (21)
?,(Sat) 2 Dec 1972 (48),Darlington FC (21),2-2,?,Peterborough United FC (21)
?,(Sat) 2 Dec 1972 (48),Mansfield Town FC (21),1-1,?,Reading FC (20)
?,(Sat) 2 Dec 1972 (48),Bury FC (21),0-1,?,Crewe Alexandra FC (21)
?,(Sat) 2 Dec 1972 (48),Cambridge United FC (21),0-0,?,Torquay United FC (20)
?,(Fri) 8 Dec 1972 (49),Barnsley FC (22),2-1,?,Hartlepool United FC (22)
?,(Sat) 9 Dec 1972 (49),Workington AFC (22),2-0,?,Mansfield Town FC (22)
?,(Sat) 9 Dec 1972 (49),Cambridge United FC (22),3-1,?,Northampton Town FC (20)
?,(Sat) 9 Dec 1972 (49),Gillingham FC (21),1-0,?,Chester FC (22)
?,(Sat) 9 Dec 1972 (49),Hereford United FC (1924-2014) (22),1-0,?,Bury FC (22)
?,(Fri) 15 Dec 1972 (50),Northampton Town FC (21),0-1,?,Southport FC (22)
?,(Sat) 16 Dec 1972 (50),Newport County AFC (22),2-2,?,Lincoln City FC (22)
?,(Sat) 16 Dec 1972 (50),Exeter City FC (22),3-2,?,Gillingham FC (22)
?,(Sat) 16 Dec 1972 (50),Peterborough United FC (22),2-1,?,Workington AFC (23)
?,(Sat) 16 Dec 1972 (50),Bury FC (23),1-1,?,Cambridge United FC (23)
?,(Sat) 16 Dec 1972 (50),Darlington FC (22),0-3,?,Torquay United FC (21)
?,(Sat) 16 Dec 1972 (50),Hartlepool United FC (23),0-0,?,Stockport County FC (21)
?,(Sat) 16 Dec 1972 (50),Barnsley FC (23),0-0,?,Reading FC (21)
?,(Sat) 16 Dec 1972 (50),Aldershot Town FC (21),2-1,?,Bradford City AFC (22)
?,(Sat) 16 Dec 1972 (50),Crewe Alexandra FC (22),0-4,?,Mansfield Town FC (23)
?,(Sat) 16 Dec 1972 (50),Doncaster Rovers FC (22),1-0,?,Colchester United FC (21)
?,(Fri) 22 Dec 1972 (51),Stockport County FC (22),1-1,?,Hereford United FC (1924-2014) (23)
?,(Fri) 22 Dec 1972 (51),Southport FC (23),2-0,?,Crewe Alexandra FC (23)
?,(Sat) 23 Dec 1972 (51),Reading FC (22),1-0,?,Doncaster Rovers FC (23)
?,(Sat) 23 Dec 1972 (51),Colchester United FC (22),2-1,?,Bury FC (24)
?,(Sat) 23 Dec 1972 (51),Lincoln City FC (23),1-2,?,Barnsley FC (24)
?,(Sat) 23 Dec 1972 (51),Workington AFC (24),3-2,?,Newport County AFC (23)
?,(Sat) 23 Dec 1972 (51),Gillingham FC (23),2-0,?,Peterborough United FC (23)
?,(Sat) 23 Dec 1972 (51),Torquay United FC (22),2-1,?,Northampton Town FC (22)
?,(Sat) 23 Dec 1972 (51),Mansfield Town FC (24),2-0,?,Hartlepool United FC (24)
?,(Sat) 23 Dec 1972 (51),Chester FC (23),0-1,?,Exeter City FC (23)
?,(Sat) 23 Dec 1972 (51),Cambridge United FC (24),2-2,?,Aldershot Town FC (22)
?,(Sat) 23 Dec 1972 (51),Bradford City AFC (23),7-0,?,Darlington FC (23)
?,(Tue) 26 Dec 1972 (52),Doncaster Rovers FC (24),1-1,?,Lincoln City FC (24)
?,(Tue) 26 Dec 1972 (52),Newport County AFC (24),1-0,?,Reading FC (23)
?,(Tue) 26 Dec 1972 (52),Hartlepool United FC (25),1-0,?,Bradford City AFC (24)
?,(Tue) 26 Dec 1972 (52),Bury FC (25),1-2,?,Stockport County FC (23)
?,(Tue) 26 Dec 1972 (52),Exeter City FC (24),3-2,?,Torquay United FC (23)
?,(Tue) 26 Dec 1972 (52),Barnsley FC (25),1-1,?,Mansfield Town FC (25)
?,(Tue) 26 Dec 1972 (52),Peterborough United FC (24),1-1,?,Cambridge United FC (25)
?,(Tue) 26 Dec 1972 (52),Crewe Alexandra FC (24),1-1,?,Chester FC (24)
?,(Tue) 26 Dec 1972 (52),Aldershot Town FC (23),0-0,?,Gillingham FC (24)
?,(Tue) 26 Dec 1972 (52),Northampton Town FC (23),4-0,?,Colchester United FC (23)
?,(Tue) 26 Dec 1972 (52),Hereford United FC (1924-2014) (24),2-2,?,Southport FC (24)
?,(Fri) 29 Dec 1972 (52),Stockport County FC (24),0-0,?,Northampton Town FC (24)
?,(Fri) 29 Dec 1972 (52),Colchester United FC (24),1-1,?,Hartlepool United FC (26)
?,(Sat) 30 Dec 1972 (52),Mansfield Town FC (26),0-0,?,Doncaster Rovers FC (25)
?,(Sat) 30 Dec 1972 (52),Workington AFC (25),2-1,?,Aldershot Town FC (24)
?,(Sat) 30 Dec 1972 (52),Chester FC (25),0-2,?,Newport County AFC (25)
?,(Sat) 30 Dec 1972 (52),Southport FC (25),2-1,?,Peterborough United FC (25)
?,(Sat) 30 Dec 1972 (52),Torquay United FC (24),0-0,?,Crewe Alexandra FC (25)
?,(Sat) 30 Dec 1972 (52),Bradford City AFC (25),4-0,?,Exeter City FC (25)
?,(Sat) 30 Dec 1972 (52),Cambridge United FC (26),1-1,?,Barnsley FC (26)
?,(Sat) 30 Dec 1972 (52),Reading FC (24),0-1,?,Hereford United FC (1924-2014) (25)
?,(Sat) 30 Dec 1972 (52),Gillingham FC (25),2-2,?,Bury FC (26)
?,(Sat) 6 Jan 1973 (1),Exeter City FC (26),4-2,?,Mansfield Town FC (27)
?,(Sat) 6 Jan 1973 (1),Hartlepool United FC (27),1-0,?,Torquay United FC (25)
?,(Sat) 6 Jan 1973 (1),Doncaster Rovers FC (26),0-0,?,Cambridge United FC (27)
?,(Sat) 6 Jan 1973 (1),Hereford United FC (1924-2014) (26),1-0,?,Bradford City AFC (26)
?,(Sat) 6 Jan 1973 (1),Newport County AFC (26),1-0,?,Colchester United FC (25)
?,(Sat) 6 Jan 1973 (1),Northampton Town FC (25),2-1,?,Gillingham FC (26)
?,(Sat) 6 Jan 1973 (1),Crewe Alexandra FC (26),2-0,?,Workington AFC (26)
?,(Sat) 6 Jan 1973 (1),Darlington FC (24),0-7,?,Southport FC (26)
?,(Sat) 6 Jan 1973 (1),Peterborough United FC (26),2-2,?,Chester FC (26)
?,(Sat) 6 Jan 1973 (1),Barnsley FC (27),1-3,?,Stockport County FC (25)
?,(Sat) 6 Jan 1973 (1),Aldershot Town FC (25),0-0,?,Lincoln City FC (25)
?,(Sat) 13 Jan 1973 (2),Mansfield Town FC (28),1-1,?,Hereford United FC (1924-2014) (27)
?,(Sat) 13 Jan 1973 (2),Aldershot Town FC (26),3-1,?,Darlington FC (25)
?,(Sat) 13 Jan 1973 (2),Lincoln City FC (26),2-2,?,Exeter City FC (27)
?,(Sat) 13 Jan 1973 (2),Workington AFC (27),3-0,?,Northampton Town FC (26)
?,(Sat) 13 Jan 1973 (2),Torquay United FC (26),0-0,?,Barnsley FC (28)
?,(Sat) 13 Jan 1973 (2),Gillingham FC (27),2-0,?,Hartlepool United FC (28)
?,(Wed) 17 Jan 1973 (3),Aldershot Town FC (27),3-0,?,Northampton Town FC (27)
?,(Wed) 17 Jan 1973 (3),Hereford United FC (1924-2014) (28),3-1,?,Chester FC (27)
?,(Fri) 19 Jan 1973 (3),Stockport County FC (26),2-1,?,Doncaster Rovers FC (27)
?,(Fri) 19 Jan 1973 (3),Colchester United FC (26),1-0,?,Darlington FC (26)
?,(Sat) 20 Jan 1973 (3),Cambridge United FC (28),1-3,?,Exeter City FC (28)
?,(Sat) 20 Jan 1973 (3),Lincoln City FC (27),1-1,?,Crewe Alexandra FC (27)
?,(Sat) 20 Jan 1973 (3),Reading FC (25),1-0,?,Hartlepool United FC (29)
?,(Sat) 20 Jan 1973 (3),Workington AFC (28),2-1,?,Hereford United FC (1924-2014) (29)
?,(Sat) 20 Jan 1973 (3),Gillingham FC (28),5-1,?,Barnsley FC (29)
?,(Sat) 20 Jan 1973 (3),Bradford City AFC (27),1-4,?,Peterborough United FC (27)
?,(Sat) 20 Jan 1973 (3),Southport FC (27),3-1,?,Aldershot Town FC (28)
?,(Sat) 20 Jan 1973 (3),Torquay United FC (27),0-1,?,Bury FC (27)
?,(Tue) 23 Jan 1973 (4),Newport County AFC (27),2-1,?,Torquay United FC (28)
?,(Fri) 26 Jan 1973 (4),Doncaster Rovers FC (28),0-1,?,Gillingham FC (29)
?,(Sat) 27 Jan 1973 (4),Aldershot Town FC (29),1-1,?,Chester FC (28)
?,(Sat) 27 Jan 1973 (4),Barnsley FC (30),0-1,?,Southport FC (28)
?,(Sat) 27 Jan 1973 (4),Hereford United FC (1924-2014) (30),2-1,?,Lincoln City FC (28)
?,(Sat) 27 Jan 1973 (4),Darlington FC (27),2-0,?,Stockport County FC (27)
?,(Sat) 27 Jan 1973 (4),Crewe Alexandra FC (28),1-2,?,Colchester United FC (27)
?,(Sat) 27 Jan 1973 (4),Bury FC (28),1-0,?,Mansfield Town FC (29)
?,(Sat) 27 Jan 1973 (4),Peterborough United FC (28),4-2,?,Reading FC (26)
?,(Sat) 27 Jan 1973 (4),Exeter City FC (29),4-2,?,Workington AFC (29)
?,(Sat) 27 Jan 1973 (4),Northampton Town FC (28),1-2,?,Bradford City AFC (28)
?,(Sat) 27 Jan 1973 (4),Hartlepool United FC (30),0-0,?,Cambridge United FC (29)
?,(Tue) 30 Jan 1973 (5),Southport FC (29),0-2,?,Newport County AFC (28)
?,(Wed) 31 Jan 1973 (5),Cambridge United FC (30),1-0,?,Crewe Alexandra FC (29)
?,(Sat) 3 Feb 1973 (5),Northampton Town FC (29),0-0,?,Lincoln City FC (29)
?,(Sat) 3 Feb 1973 (5),Doncaster Rovers FC (29),1-0,?,Torquay United FC (29)
?,(Sat) 3 Feb 1973 (5),Crewe Alexandra FC (30),0-1,?,Stockport County FC (28)
?,(Sat) 3 Feb 1973 (5),Bury FC (29),0-1,?,Southport FC (30)
?,(Sat) 3 Feb 1973 (5),Hereford United FC (1924-2014) (31),2-1,?,Cambridge United FC (31)
?,(Sat) 3 Feb 1973 (5),Hartlepool United FC (31),0-0,?,Chester FC (29)
?,(Sat) 3 Feb 1973 (5),Peterborough United FC (29),1-0,?,Mansfield Town FC (30)
?,(Sat) 3 Feb 1973 (5),Darlington FC (28),2-3,?,Gillingham FC (30)
?,(Sat) 3 Feb 1973 (5),Aldershot Town FC (30),2-0,?,Colchester United FC (28)
?,(Tue) 6 Feb 1973 (6),Barnsley FC (31),1-0,?,Workington AFC (30)
?,(Tue) 6 Feb 1973 (6),Newport County AFC (29),0-0,?,Bradford City AFC (29)
?,(Fri) 9 Feb 1973 (6),Southport FC (31),2-2,?,Doncaster Rovers FC (30)
?,(Fri) 9 Feb 1973 (6),Stockport County FC (29),1-0,?,Exeter City FC (30)
?,(Sat) 10 Feb 1973 (6),Workington AFC (31),0-0,?,Hartlepool United FC (32)
?,(Sat) 10 Feb 1973 (6),Mansfield Town FC (31),2-0,?,Aldershot Town FC (31)
?,(Sat) 10 Feb 1973 (6),Torquay United FC (30),1-0,?,Peterborough United FC (30)
?,(Sat) 10 Feb 1973 (6),Bradford City AFC (30),2-2,?,Crewe Alexandra FC (31)
?,(Sat) 10 Feb 1973 (6),Cambridge United FC (32),3-1,?,Newport County AFC (30)
?,(Sat) 10 Feb 1973 (6),Colchester United FC (29),1-2,?,Barnsley FC (32)
?,(Sat) 10 Feb 1973 (6),Lincoln City FC (30),2-2,?,Bury FC (30)
?,(Sat) 10 Feb 1973 (6),Gillingham FC (31),2-0,?,Hereford United FC (1924-2014) (32)
?,(Sat) 10 Feb 1973 (6),Reading FC (27),3-0,?,Northampton Town FC (30)
?,(Sat) 10 Feb 1973 (6),Chester FC (30),5-0,?,Darlington FC (29)
?,(Mon) 12 Feb 1973 (7),Exeter City FC (31),1-1,?,Peterborough United FC (31)
?,(Tue) 13 Feb 1973 (7),Northampton Town FC (31),1-1,?,Stockport County FC (30)
?,(Fri) 16 Feb 1973 (7),Doncaster Rovers FC (31),1-1,?,Workington AFC (32)
?,(Fri) 16 Feb 1973 (7),Northampton Town FC (32),1-0,?,Mansfield Town FC (32)
?,(Sat) 17 Feb 1973 (7),Bury FC (31),1-1,?,Chester FC (31)
?,(Sat) 17 Feb 1973 (7),Hartlepool United FC (33),1-0,?,Lincoln City FC (31)
?,(Sat) 17 Feb 1973 (7),Darlington FC (30),3-3,?,Cambridge United FC (33)
?,(Sat) 17 Feb 1973 (7),Barnsley FC (33),1-2,?,Bradford City AFC (31)
?,(Sat) 17 Feb 1973 (7),Aldershot Town FC (32),2-1,?,Torquay United FC (31)
?,(Sat) 17 Feb 1973 (7),Newport County AFC (31),5-1,?,Gillingham FC (32)
?,(Sat) 17 Feb 1973 (7),Peterborough United FC (32),2-3,?,Stockport County FC (31)
?,(Sat) 17 Feb 1973 (7),Hereford United FC (1924-2014) (33),4-1,?,Colchester United FC (30)
?,(Sat) 17 Feb 1973 (7),Exeter City FC (32),0-1,?,Southport FC (32)
?,(Tue) 20 Feb 1973 (8),Chester FC (32),1-2,?,Doncaster Rovers FC (32)
?,(Wed) 21 Feb 1973 (8),Reading FC (28),1-0,?,Darlington FC (31)
?,(Fri) 23 Feb 1973 (8),Southport FC (33),1-2,?,Northampton Town FC (33)
?,(Fri) 23 Feb 1973 (8),Stockport County FC (32),0-1,?,Hartlepool United FC (34)
?,(Fri) 23 Feb 1973 (8),Workington AFC (33),2-2,?,Peterborough United FC (33)
?,(Sat) 24 Feb 1973 (8),Torquay United FC (32),2-1,?,Darlington FC (32)
?,(Sat) 24 Feb 1973 (8),Cambridge United FC (34),2-2,?,Bury FC (32)
?,(Sat) 24 Feb 1973 (8),Colchester United FC (31),1-1,?,Doncaster Rovers FC (33)
?,(Sat) 24 Feb 1973 (8),Lincoln City FC (32),0-2,?,Newport County AFC (32)
?,(Sat) 24 Feb 1973 (8),Reading FC (29),0-0,?,Barnsley FC (34)
?,(Sat) 24 Feb 1973 (8),Gillingham FC (33),1-0,?,Exeter City FC (33)
?,(Sat) 24 Feb 1973 (8),Chester FC (33),0-1,?,Hereford United FC (1924-2014) (34)
?,(Sat) 24 Feb 1973 (8),Mansfield Town FC (33),5-1,?,Crewe Alexandra FC (32)
?,(Sat) 24 Feb 1973 (8),Bradford City AFC (32),1-0,?,Aldershot Town FC (33)
?,(Wed) 28 Feb 1973 (9),Reading FC (30),3-0,?,Torquay United FC (33)
?,(Wed) 28 Feb 1973 (9),Lincoln City FC (33),1-0,?,Darlington FC (33)
?,(Fri) 2 Mar 1973 (9),Southport FC (34),3-1,?,Mansfield Town FC (34)
?,(Fri) 2 Mar 1973 (9),Bradford City AFC (33),0-1,?,Cambridge United FC (35)
?,(Fri) 2 Mar 1973 (9),Peterborough United FC (34),6-3,?,Barnsley FC (35)
?,(Fri) 2 Mar 1973 (9),Northampton Town FC (34),0-2,?,Doncaster Rovers FC (34)
?,(Fri) 2 Mar 1973 (9),Aldershot Town FC (34),0-2,?,Newport County AFC (33)
?,(Fri) 2 Mar 1973 (9),Gillingham FC (34),1-1,?,Torquay United FC (34)
?,(Fri) 2 Mar 1973 (9),Stockport County FC (33),2-2,?,Reading FC (31)
?,(Sat) 3 Mar 1973 (9),Exeter City FC (34),0-0,?,Crewe Alexandra FC (33)
?,(Sat) 3 Mar 1973 (9),Chester FC (34),1-3,?,Workington AFC (34)
?,(Sat) 3 Mar 1973 (9),Hartlepool United FC (35),0-1,?,Hereford United FC (1924-2014) (35)
?,(Sat) 3 Mar 1973 (9),Darlington FC (34),1-1,?,Bury FC (33)
?,(Sat) 3 Mar 1973 (9),Colchester United FC (32),0-2,?,Lincoln City FC (34)
?,(Mon) 5 Mar 1973 (10),Colchester United FC (33),1-1,?,Torquay United FC (35)
?,(Mon) 5 Mar 1973 (10),Mansfield Town FC (35),4-0,?,Workington AFC (35)
?,(Mon) 5 Mar 1973 (10),Hartlepool United FC (36),2-0,?,Northampton Town FC (35)
?,(Mon) 5 Mar 1973 (10),Darlington FC (35),2-2,?,Hereford United FC (1924-2014) (36)
?,(Tue) 6 Mar 1973 (10),Southport FC (35),0-0,?,Gillingham FC (35)
?,(Tue) 6 Mar 1973 (10),Bury FC (34),2-1,?,Barnsley FC (36)
?,(Tue) 6 Mar 1973 (10),Newport County AFC (34),1-0,?,Doncaster Rovers FC (35)
?,(Wed) 7 Mar 1973 (10),Bradford City AFC (34),1-0,?,Stockport County FC (34)
?,(Wed) 7 Mar 1973 (10),Chester FC (35),2-0,?,Reading FC (32)
?,(Wed) 7 Mar 1973 (10),Cambridge United FC (36),2-1,?,Lincoln City FC (35)
?,(Wed) 7 Mar 1973 (10),Aldershot Town FC (35),3-0,?,Crewe Alexandra FC (34)
?,(Fri) 9 Mar 1973 (10),Doncaster Rovers FC (36),1-1,?,Peterborough United FC (35)
?,(Fri) 9 Mar 1973 (10),Newport County AFC (35),0-0,?,Darlington FC (36)
?,(Sat) 10 Mar 1973 (10),Lincoln City FC (36),1-0,?,Chester FC (36)
?,(Sat) 10 Mar 1973 (10),Cambridge United FC (37),2-2,?,Southport FC (36)
?,(Sat) 10 Mar 1973 (10),Mansfield Town FC (36),4-1,?,Bradford City AFC (35)
?,(Sat) 10 Mar 1973 (10),Workington AFC (36),1-0,?,Colchester United FC (34)
?,(Sat) 10 Mar 1973 (10),Torquay United FC (36),0-0,?,Stockport County FC (35)
?,(Sat) 10 Mar 1973 (10),Hereford United FC (1924-2014) (37),1-0,?,Exeter City FC (35)
?,(Sat) 10 Mar 1973 (10),Crewe Alexandra FC (35),2-0,?,Hartlepool United FC (37)
?,(Sat) 10 Mar 1973 (10),Reading FC (33),3-1,?,Gillingham FC (36)
?,(Sat) 10 Mar 1973 (10),Barnsley FC (37),2-0,?,Northampton Town FC (36)
?,(Sat) 10 Mar 1973 (10),Bury FC (35),1-2,?,Aldershot Town FC (36)
?,(Mon) 12 Mar 1973 (11),Hereford United FC (1924-2014) (38),1-0,?,Darlington FC (37)
?,(Fri) 16 Mar 1973 (11),Hartlepool United FC (38),1-0,?,Newport County AFC (36)
?,(Fri) 16 Mar 1973 (11),Stockport County FC (36),3-0,?,Workington AFC (37)
?,(Fri) 16 Mar 1973 (11),Colchester United FC (35),0-1,?,Cambridge United FC (38)
?,(Fri) 16 Mar 1973 (11),Southport FC (37),4-1,?,Reading FC (34)
?,(Sat) 17 Mar 1973 (11),Darlington FC (38),0-0,?,Barnsley FC (38)
?,(Sat) 17 Mar 1973 (11),Aldershot Town FC (37),1-0,?,Doncaster Rovers FC (37)
?,(Sat) 17 Mar 1973 (11),Gillingham FC (37),1-1,?,Lincoln City FC (37)
?,(Sat) 17 Mar 1973 (11),Exeter City FC (36),1-1,?,Bury FC (36)
?,(Sat) 17 Mar 1973 (11),Northampton Town FC (37),0-4,?,Hereford United FC (1924-2014) (39)
?,(Sat) 17 Mar 1973 (11),Bradford City AFC (36),1-0,?,Torquay United FC (37)
?,(Sat) 17 Mar 1973 (11),Peterborough United FC (36),4-3,?,Crewe Alexandra FC (36)
?,(Sat) 17 Mar 1973 (11),Chester FC (37),2-2,?,Mansfield Town FC (37)
?,(Mon) 19 Mar 1973 (12),Stockport County FC (37),2-0,?,Colchester United FC (36)
?,(Mon) 19 Mar 1973 (12),Peterborough United FC (37),1-0,?,Aldershot Town FC (38)
?,(Tue) 20 Mar 1973 (12),Doncaster Rovers FC (38),5-1,?,Exeter City FC (37)
?,(Tue) 20 Mar 1973 (12),Northampton Town FC (38),2-2,?,Darlington FC (39)
?,(Wed) 21 Mar 1973 (12),Reading FC (35),1-0,?,Cambridge United FC (39)
?,(Wed) 21 Mar 1973 (12),Lincoln City FC (38),3-1,?,Southport FC (38)
?,(Wed) 21 Mar 1973 (12),Crewe Alexandra FC (37),0-0,?,Newport County AFC (37)
?,(Wed) 21 Mar 1973 (12),Torquay United FC (38),1-1,?,Mansfield Town FC (38)
?,(Wed) 21 Mar 1973 (12),Workington AFC (38),1-1,?,Bradford City AFC (37)
?,(Fri) 23 Mar 1973 (12),Doncaster Rovers FC (39),2-0,?,Darlington FC (40)
?,(Sat) 24 Mar 1973 (12),Newport County AFC (38),2-0,?,Exeter City FC (38)
?,(Sat) 24 Mar 1973 (12),Torquay United FC (39),2-0,?,Southport FC (39)
?,(Sat) 24 Mar 1973 (12),Cambridge United FC (40),1-0,?,Chester FC (38)
?,(Sat) 24 Mar 1973 (12),Bury FC (37),1-1,?,Hartlepool United FC (39)
?,(Sat) 24 Mar 1973 (12),Hereford United FC (1924-2014) (40),3-0,?,Peterborough United FC (38)
?,(Sat) 24 Mar 1973 (12),Crewe Alexandra FC (38),1-0,?,Northampton Town FC (39)
?,(Sat) 24 Mar 1973 (12),Lincoln City FC (39),5-3,?,Stockport County FC (38)
?,(Sat) 24 Mar 1973 (12),Barnsley FC (39),0-2,?,Aldershot Town FC (39)
?,(Sat) 24 Mar 1973 (12),Workington AFC (39),1-1,?,Gillingham FC (38)
?,(Sat) 24 Mar 1973 (12),Reading FC (36),2-0,?,Bradford City AFC (38)
?,(Sat) 24 Mar 1973 (12),Mansfield Town FC (39),1-1,?,Colchester United FC (37)
?,(Mon) 26 Mar 1973 (13),Mansfield Town FC (40),0-0,?,Newport County AFC (39)
?,(Wed) 28 Mar 1973 (13),Chester FC (39),3-0,?,Northampton Town FC (40)
?,(Wed) 28 Mar 1973 (13),Bradford City AFC (39),0-0,?,Bury FC (38)
?,(Fri) 30 Mar 1973 (13),Colchester United FC (38),2-2,?,Reading FC (37)
?,(Fri) 30 Mar 1973 (13),Southport FC (40),1-0,?,Stockport County FC (39)
?,(Sat) 31 Mar 1973 (13),Hartlepool United FC (40),0-1,?,Peterborough United FC (39)
?,(Sat) 31 Mar 1973 (13),Mansfield Town FC (41),0-2,?,Lincoln City FC (40)
?,(Sat) 31 Mar 1973 (13),Bury FC (39),5-0,?,Doncaster Rovers FC (40)
?,(Sat) 31 Mar 1973 (13),Newport County AFC (40),1-1,?,Barnsley FC (40)
?,(Sat) 31 Mar 1973 (13),Bradford City AFC (40),3-1,?,Gillingham FC (39)
?,(Sat) 31 Mar 1973 (13),Chester FC (40),1-2,?,Torquay United FC (40)
?,(Sat) 31 Mar 1973 (13),Aldershot Town FC (40),2-0,?,Hereford United FC (1924-2014) (41)
?,(Sat) 31 Mar 1973 (13),Darlington FC (41),3-1,?,Crewe Alexandra FC (39)
?,(Sat) 31 Mar 1973 (13),Exeter City FC (39),4-1,?,Northampton Town FC (41)
?,(Sat) 31 Mar 1973 (13),Cambridge United FC (41),1-0,?,Workington AFC (40)
?,(Tue) 3 Apr 1973 (14),Exeter City FC (40),0-0,?,Reading FC (38)
?,(Fri) 6 Apr 1973 (14),Stockport County FC (40),2-1,?,Chester FC (41)
?,(Fri) 6 Apr 1973 (14),Barnsley FC (41),1-1,?,Exeter City FC (41)
?,(Fri) 6 Apr 1973 (14),Gillingham FC (40),2-1,?,Colchester United FC (39)
?,(Sat) 7 Apr 1973 (14),Hereford United FC (1924-2014) (42),2-0,?,Newport County AFC (41)
?,(Sat) 7 Apr 1973 (14),Workington AFC (41),2-0,?,Southport FC (41)
?,(Sat) 7 Apr 1973 (14),Lincoln City FC (41),2-1,?,Bradford City AFC (41)
?,(Sat) 7 Apr 1973 (14),Crewe Alexandra FC (40),2-1,?,Bury FC (40)
?,(Sat) 7 Apr 1973 (14),Peterborough United FC (40),1-1,?,Darlington FC (42)
?,(Sat) 7 Apr 1973 (14),Torquay United FC (41),1-2,?,Cambridge United FC (42)
?,(Sat) 7 Apr 1973 (14),Northampton Town FC (42),0-2,?,Aldershot Town FC (41)
?,(Sat) 7 Apr 1973 (14),Doncaster Rovers FC (41),2-1,?,Hartlepool United FC (41)
?,(Sat) 7 Apr 1973 (14),Reading FC (39),2-0,?,Mansfield Town FC (42)
?,(Mon) 9 Apr 1973 (15),Colchester United FC (40),1-0,?,Peterborough United FC (41)
?,(Mon) 9 Apr 1973 (15),Darlington FC (43),2-1,?,Workington AFC (42)
?,(Tue) 10 Apr 1973 (15),Bury FC (41),4-0,?,Reading FC (40)
?,(Fri) 13 Apr 1973 (15),Colchester United FC (41),3-0,?,Stockport County FC (41)
?,(Sat) 14 Apr 1973 (15),Bradford City AFC (42),2-2,?,Workington AFC (43)
?,(Sat) 14 Apr 1973 (15),Exeter City FC (42),0-1,?,Doncaster Rovers FC (42)
?,(Sat) 14 Apr 1973 (15),Aldershot Town FC (42),2-1,?,Peterborough United FC (42)
?,(Sat) 14 Apr 1973 (15),Bury FC (42),3-0,?,Hereford United FC (1924-2014) (43)
?,(Sat) 14 Apr 1973 (15),Cambridge United FC (43),1-0,?,Reading FC (41)
?,(Sat) 14 Apr 1973 (15),Newport County AFC (42),0-0,?,Crewe Alexandra FC (41)
?,(Sat) 14 Apr 1973 (15),Hartlepool United FC (42),1-4,?,Barnsley FC (42)
?,(Sat) 14 Apr 1973 (15),Mansfield Town FC (43),2-1,?,Torquay United FC (42)
?,(Sat) 14 Apr 1973 (15),Chester FC (42),1-0,?,Gillingham FC (41)
?,(Sat) 14 Apr 1973 (15),Darlington FC (44),0-0,?,Northampton Town FC (43)
?,(Sat) 14 Apr 1973 (15),Southport FC (42),1-0,?,Lincoln City FC (42)
?,(Mon) 16 Apr 1973 (16),Colchester United FC (42),1-2,?,Exeter City FC (43)
?,(Wed) 18 Apr 1973 (16),Crewe Alexandra FC (42),0-2,?,Southport FC (43)
?,(Wed) 18 Apr 1973 (16),Hereford United FC (1924-2014) (44),1-0,?,Stockport County FC (42)
?,(Fri) 20 Apr 1973 (16),Workington AFC (44),2-0,?,Bury FC (43)
?,(Fri) 20 Apr 1973 (16),Darlington FC (45),1-0,?,Bradford City AFC (43)
?,(Fri) 20 Apr 1973 (16),Hartlepool United FC (43),1-1,?,Mansfield Town FC (44)
?,(Fri) 20 Apr 1973 (16),Chester FC (43),0-0,?,Barnsley FC (43)
?,(Fri) 20 Apr 1973 (16),Torquay United FC (43),0-0,?,Colchester United FC (43)
?,(Fri) 20 Apr 1973 (16),Lincoln City FC (43),1-0,?,Peterborough United FC (43)
?,(Sat) 21 Apr 1973 (16),Stockport County FC (43),3-1,?,Bradford City AFC (44)
?,(Sat) 21 Apr 1973 (16),Lincoln City FC (44),2-1,?,Cambridge United FC (44)
?,(Sat) 21 Apr 1973 (16),Doncaster Rovers FC (43),1-5,?,Newport County AFC (43)
?,(Sat) 21 Apr 1973 (16),Crewe Alexandra FC (43),0-2,?,Aldershot Town FC (43)
?,(Sat) 21 Apr 1973 (16),Northampton Town FC (44),3-1,?,Hartlepool United FC (44)
?,(Sat) 21 Apr 1973 (16),Gillingham FC (42),2-0,?,Southport FC (44)
?,(Sat) 21 Apr 1973 (16),Barnsley FC (44),0-1,?,Bury FC (44)
?,(Sat) 21 Apr 1973 (16),Peterborough United FC (44),1-1,?,Exeter City FC (44)
?,(Sat) 21 Apr 1973 (16),Reading FC (42),2-1,?,Chester FC (44)
?,(Mon) 23 Apr 1973 (17),Exeter City FC (45),0-0,?,Chester FC (45)
?,(Mon) 23 Apr 1973 (17),Reading FC (43),0-0,?,Aldershot Town FC (44)
?,(Mon) 23 Apr 1973 (17),Stockport County FC (44),1-0,?,Newport County AFC (44)
?,(Mon) 23 Apr 1973 (17),Bradford City AFC (45),4-3,?,Doncaster Rovers FC (44)
?,(Mon) 23 Apr 1973 (17),Southport FC (45),1-1,?,Hartlepool United FC (45)
?,(Mon) 23 Apr 1973 (17),Gillingham FC (43),3-2,?,Crewe Alexandra FC (44)
?,(Mon) 23 Apr 1973 (17),Bury FC (45),4-0,?,Colchester United FC (44)
?,(Mon) 23 Apr 1973 (17),Northampton Town FC (45),0-2,?,Torquay United FC (44)
?,(Tue) 24 Apr 1973 (17),Torquay United FC (45),0-0,?,Hereford United FC (1924-2014) (45)
?,(Tue) 24 Apr 1973 (17),Barnsley FC (45),4-1,?,Lincoln City FC (45)
?,(Tue) 24 Apr 1973 (17),Newport County AFC (45),2-0,?,Workington AFC (45)
?,(Tue) 24 Apr 1973 (17),Mansfield Town FC (45),5-0,?,Darlington FC (46)
?,(Tue) 24 Apr 1973 (17),Aldershot Town FC (45),1-1,?,Cambridge United FC (45)
?,(Tue) 24 Apr 1973 (17),Doncaster Rovers FC (45),0-2,?,Reading FC (44)
?,(Tue) 24 Apr 1973 (17),Peterborough United FC (45),0-1,?,Gillingham FC (44)
?,(Fri) 27 Apr 1973 (17),Doncaster Rovers FC (46),0-0,?,Barnsley FC (46)
?,(Fri) 27 Apr 1973 (17),Colchester United FC (45),2-3,?,Chester FC (46)
?,(Sat) 28 Apr 1973 (17),Lincoln City FC (46),1-1,?,Workington AFC (46)
?,(Sat) 28 Apr 1973 (17),Gillingham FC (45),3-0,?,Stockport County FC (45)
?,(Sat) 28 Apr 1973 (17),Hartlepool United FC (46),0-0,?,Exeter City FC (46)
?,(Sat) 28 Apr 1973 (17),Newport County AFC (46),4-3,?,Bury FC (46)
?,(Sat) 28 Apr 1973 (17),Bradford City AFC (46),0-2,?,Southport FC (46)
?,(Sat) 28 Apr 1973 (17),Cambridge United FC (46),3-2,?,Mansfield Town FC (46)
?,(Sat) 28 Apr 1973 (17),Torquay United FC (46),2-2,?,Reading FC (45)
?,(Sat) 28 Apr 1973 (17),Northampton Town FC (46),1-3,?,Peterborough United FC (46)
?,(Sat) 28 Apr 1973 (17),Hereford United FC (1924-2014) (46),1-0,?,Crewe Alexandra FC (45)
?,(Mon) 30 Apr 1973 (18),Colchester United FC (46),4-0,?,Gillingham FC (46)
?,(Wed) 2 May 1973 (18),Crewe Alexandra FC (46),0-0,?,Reading FC (46)
?,(Fri) 4 May 1973 (18),Stockport County FC (46),1-1,?,Aldershot Town FC (46)
