Round,Date,Team 1,FT,HT,Team 2
?,(Sat) 16 Aug 1980 (32),Port Vale FC (1),3-0,?,Doncaster Rovers FC (1)
?,(Sat) 16 Aug 1980 (32),FC Halifax Town (1),0-2,?,Mansfield Town FC (1)
?,(Sat) 16 Aug 1980 (32),Darlington FC (1),1-0,?,Northampton Town FC (1)
?,(Sat) 16 Aug 1980 (32),Stockport County FC (1),2-2,?,Rochdale AFC (1)
?,(Sat) 16 Aug 1980 (32),Wigan Athletic FC (1),0-3,?,Hartlepool United FC (1)
?,(Sat) 16 Aug 1980 (32),Scunthorpe United FC (1),2-2,?,Aldershot Town FC (1)
?,(Sat) 16 Aug 1980 (32),Hereford United FC (1924-2014) (1),1-1,?,Tranmere Rovers FC (1)
?,(Sat) 16 Aug 1980 (32),Lincoln City FC (1),1-1,?,Peterborough United FC (1)
?,(Sat) 16 Aug 1980 (32),Wimbledon FC (1),2-2,?,Bradford City AFC (1)
?,(Sat) 16 Aug 1980 (32),Crewe Alexandra FC (1),0-1,?,Torquay United FC (1)
?,(Sat) 16 Aug 1980 (32),Bury FC (1),1-2,?,Southend United FC (1)
?,(Sat) 16 Aug 1980 (32),York City FC (1),4-0,?,AFC Bournemouth (1)
?,(Mon) 18 Aug 1980 (33),Mansfield Town FC (2),0-1,?,York City FC (2)
?,(Mon) 18 Aug 1980 (33),Tranmere Rovers FC (2),0-1,?,Crewe Alexandra FC (2)
?,(Mon) 18 Aug 1980 (33),Southend United FC (2),5-1,?,Port Vale FC (2)
?,(Tue) 19 Aug 1980 (33),Rochdale AFC (2),4-0,?,Scunthorpe United FC (2)
?,(Tue) 19 Aug 1980 (33),Hartlepool United FC (2),1-2,?,Bury FC (2)
?,(Tue) 19 Aug 1980 (33),Doncaster Rovers FC (2),2-0,?,Darlington FC (2)
?,(Tue) 19 Aug 1980 (33),Aldershot Town FC (2),2-0,?,Wimbledon FC (2)
?,(Tue) 19 Aug 1980 (33),AFC Bournemouth (2),1-0,?,Hereford United FC (1924-2014) (2)
?,(Wed) 20 Aug 1980 (33),Bradford City AFC (2),1-1,?,Stockport County FC (2)
?,(Wed) 20 Aug 1980 (33),Southend United FC (3),2-0,?,Tranmere Rovers FC (3)
?,(Wed) 20 Aug 1980 (33),Peterborough United FC (2),2-2,?,FC Halifax Town (2)
?,(Wed) 20 Aug 1980 (33),Torquay United FC (2),1-2,?,Lincoln City FC (2)
?,(Sat) 23 Aug 1980 (33),York City FC (3),0-0,?,Torquay United FC (3)
?,(Sat) 23 Aug 1980 (33),FC Halifax Town (3),4-2,?,Bury FC (3)
?,(Sat) 23 Aug 1980 (33),Aldershot Town FC (3),2-0,?,Crewe Alexandra FC (3)
?,(Sat) 23 Aug 1980 (33),AFC Bournemouth (3),0-0,?,Northampton Town FC (2)
?,(Sat) 23 Aug 1980 (33),Darlington FC (3),2-2,?,Stockport County FC (3)
?,(Sat) 23 Aug 1980 (33),Rochdale AFC (3),1-1,?,Hartlepool United FC (3)
?,(Sat) 23 Aug 1980 (33),Mansfield Town FC (3),4-0,?,Hereford United FC (1924-2014) (3)
?,(Sat) 23 Aug 1980 (33),Bradford City AFC (3),0-0,?,Scunthorpe United FC (3)
?,(Sat) 23 Aug 1980 (33),Lincoln City FC (3),2-0,?,Wigan Athletic FC (2)
?,(Sat) 23 Aug 1980 (33),Wimbledon FC (3),1-0,?,Port Vale FC (3)
?,(Sat) 23 Aug 1980 (33),Doncaster Rovers FC (3),0-4,?,Peterborough United FC (3)
?,(Fri) 29 Aug 1980 (34),Tranmere Rovers FC (4),3-1,?,Rochdale AFC (4)
?,(Fri) 29 Aug 1980 (34),Stockport County FC (4),1-1,?,FC Halifax Town (4)
?,(Sat) 30 Aug 1980 (34),Bury FC (4),1-2,?,Darlington FC (4)
?,(Sat) 30 Aug 1980 (34),Wigan Athletic FC (3),1-0,?,Aldershot Town FC (4)
?,(Sat) 30 Aug 1980 (34),Scunthorpe United FC (4),1-2,?,Wimbledon FC (4)
?,(Sat) 30 Aug 1980 (34),Hartlepool United FC (4),1-0,?,Doncaster Rovers FC (4)
?,(Sat) 30 Aug 1980 (34),Hereford United FC (1924-2014) (4),1-1,?,York City FC (4)
?,(Sat) 30 Aug 1980 (34),Crewe Alexandra FC (4),0-3,?,Lincoln City FC (4)
?,(Sat) 30 Aug 1980 (34),Port Vale FC (4),0-0,?,Mansfield Town FC (4)
?,(Sat) 30 Aug 1980 (34),Torquay United FC (4),2-0,?,AFC Bournemouth (4)
?,(Sat) 30 Aug 1980 (34),Peterborough United FC (4),2-2,?,Bradford City AFC (4)
?,(Fri) 5 Sep 1980 (35),Aldershot Town FC (5),1-0,?,Bury FC (5)
?,(Fri) 5 Sep 1980 (35),Tranmere Rovers FC (5),1-2,?,Peterborough United FC (5)
?,(Fri) 5 Sep 1980 (35),Southend United FC (4),3-0,?,York City FC (5)
?,(Sat) 6 Sep 1980 (35),Scunthorpe United FC (5),1-1,?,Crewe Alexandra FC (5)
?,(Sat) 6 Sep 1980 (35),Doncaster Rovers FC (5),5-1,?,Hereford United FC (1924-2014) (5)
?,(Sat) 6 Sep 1980 (35),Mansfield Town FC (5),1-0,?,Darlington FC (5)
?,(Sat) 6 Sep 1980 (35),Bradford City AFC (5),1-1,?,AFC Bournemouth (5)
?,(Sat) 6 Sep 1980 (35),Wimbledon FC (5),1-2,?,Stockport County FC (5)
?,(Sat) 6 Sep 1980 (35),Lincoln City FC (5),3-0,?,FC Halifax Town (5)
?,(Sat) 6 Sep 1980 (35),Rochdale AFC (5),2-1,?,Torquay United FC (5)
?,(Sat) 6 Sep 1980 (35),Wigan Athletic FC (4),1-0,?,Port Vale FC (5)
?,(Sat) 6 Sep 1980 (35),Hartlepool United FC (5),2-3,?,Northampton Town FC (3)
?,(Sat) 13 Sep 1980 (36),Hereford United FC (1924-2014) (6),0-0,?,Southend United FC (5)
?,(Sat) 13 Sep 1980 (36),Darlington FC (6),3-1,?,Wigan Athletic FC (5)
?,(Sat) 13 Sep 1980 (36),Stockport County FC (6),0-0,?,Lincoln City FC (6)
?,(Sat) 13 Sep 1980 (36),Torquay United FC (6),2-0,?,Bradford City AFC (6)
?,(Sat) 13 Sep 1980 (36),Bury FC (6),4-1,?,Mansfield Town FC (6)
?,(Sat) 13 Sep 1980 (36),FC Halifax Town (6),1-0,?,Scunthorpe United FC (6)
?,(Sat) 13 Sep 1980 (36),AFC Bournemouth (6),1-0,?,Tranmere Rovers FC (6)
?,(Sat) 13 Sep 1980 (36),York City FC (6),0-1,?,Hartlepool United FC (6)
?,(Sat) 13 Sep 1980 (36),Northampton Town FC (4),0-2,?,Doncaster Rovers FC (6)
?,(Sat) 13 Sep 1980 (36),Crewe Alexandra FC (6),0-3,?,Wimbledon FC (6)
?,(Sat) 13 Sep 1980 (36),Peterborough United FC (6),2-2,?,Rochdale AFC (6)
?,(Sat) 13 Sep 1980 (36),Port Vale FC (6),0-1,?,Aldershot Town FC (6)
?,(Mon) 15 Sep 1980 (37),Mansfield Town FC (7),1-0,?,Wimbledon FC (7)
?,(Mon) 15 Sep 1980 (37),Southend United FC (6),1-0,?,Peterborough United FC (7)
?,(Mon) 15 Sep 1980 (37),Stockport County FC (7),2-1,?,Port Vale FC (7)
?,(Tue) 16 Sep 1980 (37),Darlington FC (7),0-1,?,Scunthorpe United FC (7)
?,(Tue) 16 Sep 1980 (37),Torquay United FC (7),2-3,?,Doncaster Rovers FC (7)
?,(Tue) 16 Sep 1980 (37),FC Halifax Town (7),0-1,?,Wigan Athletic FC (6)
?,(Tue) 16 Sep 1980 (37),AFC Bournemouth (7),1-0,?,Hartlepool United FC (7)
?,(Tue) 16 Sep 1980 (37),Bury FC (7),1-3,?,Crewe Alexandra FC (7)
?,(Wed) 17 Sep 1980 (37),Bradford City AFC (7),3-1,?,Northampton Town FC (5)
?,(Wed) 17 Sep 1980 (37),Lincoln City FC (7),0-1,?,Aldershot Town FC (7)
?,(Wed) 17 Sep 1980 (37),Hereford United FC (1924-2014) (7),3-0,?,Rochdale AFC (7)
?,(Fri) 19 Sep 1980 (37),Scunthorpe United FC (8),2-0,?,Stockport County FC (8)
?,(Fri) 19 Sep 1980 (37),Doncaster Rovers FC (8),1-0,?,Southend United FC (7)
?,(Fri) 19 Sep 1980 (37),Tranmere Rovers FC (7),1-0,?,Torquay United FC (8)
?,(Fri) 19 Sep 1980 (37),Northampton Town FC (6),2-0,?,York City FC (7)
?,(Sat) 20 Sep 1980 (37),Hartlepool United FC (8),2-0,?,Hereford United FC (1924-2014) (8)
?,(Sat) 20 Sep 1980 (37),Rochdale AFC (8),0-2,?,Bradford City AFC (8)
?,(Sat) 20 Sep 1980 (37),Wigan Athletic FC (7),2-1,?,Bury FC (8)
?,(Sat) 20 Sep 1980 (37),Peterborough United FC (8),1-0,?,AFC Bournemouth (8)
?,(Sat) 20 Sep 1980 (37),Wimbledon FC (8),0-1,?,Lincoln City FC (8)
?,(Sat) 20 Sep 1980 (37),Crewe Alexandra FC (8),2-1,?,FC Halifax Town (8)
?,(Sat) 20 Sep 1980 (37),Port Vale FC (8),4-2,?,Darlington FC (8)
?,(Sat) 20 Sep 1980 (37),Aldershot Town FC (8),1-0,?,Mansfield Town FC (8)
?,(Tue) 23 Sep 1980 (38),York City FC (8),4-1,?,Tranmere Rovers FC (8)
?,(Tue) 23 Sep 1980 (38),Northampton Town FC (7),2-0,?,Southend United FC (8)
?,(Fri) 26 Sep 1980 (38),Stockport County FC (9),1-3,?,Crewe Alexandra FC (9)
?,(Fri) 26 Sep 1980 (38),Southend United FC (9),4-0,?,Hartlepool United FC (9)
?,(Sat) 27 Sep 1980 (38),Lincoln City FC (9),2-2,?,Scunthorpe United FC (9)
?,(Sat) 27 Sep 1980 (38),AFC Bournemouth (9),2-1,?,Rochdale AFC (9)
?,(Sat) 27 Sep 1980 (38),Bradford City AFC (9),0-3,?,Tranmere Rovers FC (9)
?,(Sat) 27 Sep 1980 (38),Hereford United FC (1924-2014) (9),4-1,?,Northampton Town FC (8)
?,(Sat) 27 Sep 1980 (38),Torquay United FC (9),2-0,?,Peterborough United FC (9)
?,(Sat) 27 Sep 1980 (38),Bury FC (9),2-1,?,Port Vale FC (9)
?,(Sat) 27 Sep 1980 (38),Mansfield Town FC (9),3-1,?,Wigan Athletic FC (8)
?,(Sat) 27 Sep 1980 (38),York City FC (9),0-1,?,Doncaster Rovers FC (9)
?,(Sat) 27 Sep 1980 (38),Darlington FC (9),1-2,?,Aldershot Town FC (9)
?,(Sat) 27 Sep 1980 (38),FC Halifax Town (9),0-1,?,Wimbledon FC (9)
?,(Mon) 29 Sep 1980 (39),Port Vale FC (10),2-0,?,Stockport County FC (10)
?,(Mon) 29 Sep 1980 (39),Tranmere Rovers FC (10),5-0,?,York City FC (10)
?,(Tue) 30 Sep 1980 (39),Northampton Town FC (9),0-1,?,Bradford City AFC (10)
?,(Tue) 30 Sep 1980 (39),Aldershot Town FC (10),0-0,?,Lincoln City FC (10)
?,(Tue) 30 Sep 1980 (39),Doncaster Rovers FC (10),2-0,?,Torquay United FC (10)
?,(Tue) 30 Sep 1980 (39),Scunthorpe United FC (10),3-0,?,Darlington FC (10)
?,(Tue) 30 Sep 1980 (39),Rochdale AFC (10),0-0,?,Hereford United FC (1924-2014) (10)
?,(Tue) 30 Sep 1980 (39),Hartlepool United FC (10),1-0,?,AFC Bournemouth (10)
?,(Tue) 30 Sep 1980 (39),Wimbledon FC (10),2-1,?,Mansfield Town FC (10)
?,(Wed) 1 Oct 1980 (39),Crewe Alexandra FC (10),2-2,?,Bury FC (10)
?,(Wed) 1 Oct 1980 (39),Peterborough United FC (10),5-2,?,Southend United FC (10)
?,(Wed) 1 Oct 1980 (39),Wigan Athletic FC (9),4-1,?,FC Halifax Town (10)
?,(Fri) 3 Oct 1980 (39),Southend United FC (11),2-0,?,Mansfield Town FC (11)
?,(Fri) 3 Oct 1980 (39),Northampton Town FC (10),0-1,?,Stockport County FC (11)
?,(Fri) 3 Oct 1980 (39),Tranmere Rovers FC (11),3-0,?,Wimbledon FC (11)
?,(Sat) 4 Oct 1980 (39),Hereford United FC (1924-2014) (11),0-1,?,Darlington FC (11)
?,(Sat) 4 Oct 1980 (39),Doncaster Rovers FC (11),0-1,?,Lincoln City FC (11)
?,(Sat) 4 Oct 1980 (39),Rochdale AFC (11),3-0,?,Wigan Athletic FC (10)
?,(Sat) 4 Oct 1980 (39),York City FC (11),4-1,?,Port Vale FC (11)
?,(Sat) 4 Oct 1980 (39),Peterborough United FC (11),2-0,?,Bury FC (11)
?,(Sat) 4 Oct 1980 (39),Bradford City AFC (11),2-2,?,Crewe Alexandra FC (11)
?,(Sat) 4 Oct 1980 (39),Hartlepool United FC (11),1-0,?,Aldershot Town FC (11)
?,(Sat) 4 Oct 1980 (39),Torquay United FC (11),1-0,?,FC Halifax Town (11)
?,(Sat) 4 Oct 1980 (39),AFC Bournemouth (11),2-2,?,Scunthorpe United FC (11)
?,(Mon) 6 Oct 1980 (40),Mansfield Town FC (12),1-1,?,Tranmere Rovers FC (12)
?,(Mon) 6 Oct 1980 (40),Port Vale FC (12),3-1,?,Torquay United FC (12)
?,(Mon) 6 Oct 1980 (40),Stockport County FC (12),3-4,?,Peterborough United FC (12)
?,(Tue) 7 Oct 1980 (40),Darlington FC (12),2-1,?,Bradford City AFC (12)
?,(Tue) 7 Oct 1980 (40),FC Halifax Town (12),3-1,?,York City FC (12)
?,(Tue) 7 Oct 1980 (40),Crewe Alexandra FC (12),5-0,?,Hereford United FC (1924-2014) (12)
?,(Tue) 7 Oct 1980 (40),Bury FC (12),1-2,?,Northampton Town FC (11)
?,(Tue) 7 Oct 1980 (40),Scunthorpe United FC (12),3-3,?,Hartlepool United FC (12)
?,(Tue) 7 Oct 1980 (40),Wimbledon FC (12),0-1,?,Southend United FC (12)
?,(Tue) 7 Oct 1980 (40),Aldershot Town FC (12),0-0,?,AFC Bournemouth (12)
?,(Wed) 8 Oct 1980 (40),Lincoln City FC (12),3-0,?,Rochdale AFC (12)
?,(Wed) 8 Oct 1980 (40),Wigan Athletic FC (11),3-0,?,Doncaster Rovers FC (12)
?,(Fri) 10 Oct 1980 (40),Stockport County FC (13),0-0,?,Hereford United FC (1924-2014) (13)
?,(Sat) 11 Oct 1980 (40),Lincoln City FC (13),1-1,?,York City FC (13)
?,(Sat) 11 Oct 1980 (40),Scunthorpe United FC (13),0-2,?,Northampton Town FC (12)
?,(Sat) 11 Oct 1980 (40),Port Vale FC (13),5-1,?,Tranmere Rovers FC (13)
?,(Sat) 11 Oct 1980 (40),Bury FC (13),3-0,?,Torquay United FC (13)
?,(Sat) 11 Oct 1980 (40),Darlington FC (13),1-2,?,AFC Bournemouth (13)
?,(Sat) 11 Oct 1980 (40),Aldershot Town FC (13),0-0,?,Rochdale AFC (13)
?,(Sat) 11 Oct 1980 (40),Wimbledon FC (13),5-0,?,Hartlepool United FC (13)
?,(Sat) 11 Oct 1980 (40),Mansfield Town FC (13),1-0,?,Bradford City AFC (13)
?,(Sat) 11 Oct 1980 (40),Wigan Athletic FC (12),1-1,?,Peterborough United FC (13)
?,(Sat) 11 Oct 1980 (40),FC Halifax Town (13),1-5,?,Southend United FC (13)
?,(Sat) 11 Oct 1980 (40),Crewe Alexandra FC (13),0-0,?,Doncaster Rovers FC (13)
?,(Fri) 17 Oct 1980 (41),Southend United FC (14),2-0,?,Scunthorpe United FC (14)
?,(Fri) 17 Oct 1980 (41),Northampton Town FC (13),4-1,?,Crewe Alexandra FC (14)
?,(Fri) 17 Oct 1980 (41),Tranmere Rovers FC (14),3-1,?,Aldershot Town FC (14)
?,(Sat) 18 Oct 1980 (41),Doncaster Rovers FC (14),0-0,?,FC Halifax Town (14)
?,(Sat) 18 Oct 1980 (41),York City FC (14),1-0,?,Stockport County FC (14)
?,(Sat) 18 Oct 1980 (41),Peterborough United FC (14),1-0,?,Darlington FC (14)
?,(Sat) 18 Oct 1980 (41),Hereford United FC (1924-2014) (14),1-1,?,Wimbledon FC (14)
?,(Sat) 18 Oct 1980 (41),AFC Bournemouth (14),0-1,?,Mansfield Town FC (14)
?,(Sat) 18 Oct 1980 (41),Bradford City AFC (14),2-1,?,Port Vale FC (14)
?,(Sat) 18 Oct 1980 (41),Torquay United FC (14),2-0,?,Wigan Athletic FC (13)
?,(Sat) 18 Oct 1980 (41),Rochdale AFC (14),2-1,?,Bury FC (14)
?,(Sat) 18 Oct 1980 (41),Hartlepool United FC (14),2-0,?,Lincoln City FC (14)
?,(Mon) 20 Oct 1980 (42),Tranmere Rovers FC (15),2-0,?,FC Halifax Town (15)
?,(Mon) 20 Oct 1980 (42),Southend United FC (15),1-0,?,Wigan Athletic FC (14)
?,(Tue) 21 Oct 1980 (42),Hartlepool United FC (15),0-1,?,Mansfield Town FC (15)
?,(Tue) 21 Oct 1980 (42),Rochdale AFC (15),2-0,?,Wimbledon FC (15)
?,(Tue) 21 Oct 1980 (42),Doncaster Rovers FC (15),1-0,?,Bury FC (15)
?,(Tue) 21 Oct 1980 (42),York City FC (15),1-2,?,Darlington FC (15)
?,(Tue) 21 Oct 1980 (42),AFC Bournemouth (15),0-0,?,Crewe Alexandra FC (15)
?,(Tue) 21 Oct 1980 (42),Northampton Town FC (14),2-0,?,Aldershot Town FC (15)
?,(Wed) 22 Oct 1980 (42),Bradford City AFC (15),1-2,?,Lincoln City FC (15)
?,(Wed) 22 Oct 1980 (42),Torquay United FC (15),1-2,?,Stockport County FC (15)
?,(Wed) 22 Oct 1980 (42),Hereford United FC (1924-2014) (15),2-3,?,Port Vale FC (15)
?,(Wed) 22 Oct 1980 (42),Peterborough United FC (15),0-2,?,Scunthorpe United FC (15)
?,(Fri) 24 Oct 1980 (42),Stockport County FC (16),2-1,?,AFC Bournemouth (16)
?,(Sat) 25 Oct 1980 (42),Wigan Athletic FC (15),1-1,?,Tranmere Rovers FC (16)
?,(Sat) 25 Oct 1980 (42),Mansfield Town FC (16),2-1,?,Peterborough United FC (16)
?,(Sat) 25 Oct 1980 (42),Bury FC (16),2-2,?,Bradford City AFC (16)
?,(Sat) 25 Oct 1980 (42),Wimbledon FC (16),3-0,?,York City FC (16)
?,(Sat) 25 Oct 1980 (42),Crewe Alexandra FC (16),1-0,?,Rochdale AFC (16)
?,(Sat) 25 Oct 1980 (42),Darlington FC (16),0-2,?,Southend United FC (16)
?,(Sat) 25 Oct 1980 (42),FC Halifax Town (16),0-0,?,Hereford United FC (1924-2014) (16)
?,(Sat) 25 Oct 1980 (42),Port Vale FC (16),1-1,?,Hartlepool United FC (16)
?,(Sat) 25 Oct 1980 (42),Lincoln City FC (16),8-0,?,Northampton Town FC (15)
?,(Sat) 25 Oct 1980 (42),Scunthorpe United FC (16),0-2,?,Torquay United FC (16)
?,(Sat) 25 Oct 1980 (42),Aldershot Town FC (16),1-0,?,Doncaster Rovers FC (16)
?,(Mon) 27 Oct 1980 (43),Mansfield Town FC (17),2-0,?,Northampton Town FC (16)
?,(Mon) 27 Oct 1980 (43),Stockport County FC (17),0-2,?,Hartlepool United FC (17)
?,(Mon) 27 Oct 1980 (43),Port Vale FC (17),0-2,?,AFC Bournemouth (17)
?,(Tue) 28 Oct 1980 (43),Aldershot Town FC (17),2-1,?,Torquay United FC (17)
?,(Tue) 28 Oct 1980 (43),Scunthorpe United FC (17),1-1,?,Doncaster Rovers FC (17)
?,(Tue) 28 Oct 1980 (43),Bury FC (17),2-1,?,Hereford United FC (1924-2014) (17)
?,(Tue) 28 Oct 1980 (43),FC Halifax Town (17),2-0,?,Bradford City AFC (17)
?,(Tue) 28 Oct 1980 (43),Wimbledon FC (17),2-1,?,Peterborough United FC (17)
?,(Tue) 28 Oct 1980 (43),Darlington FC (17),4-4,?,Rochdale AFC (17)
?,(Wed) 29 Oct 1980 (43),Lincoln City FC (17),2-0,?,Tranmere Rovers FC (17)
?,(Wed) 29 Oct 1980 (43),Wigan Athletic FC (16),1-0,?,York City FC (17)
?,(Wed) 29 Oct 1980 (43),Crewe Alexandra FC (17),1-1,?,Southend United FC (17)
?,(Fri) 31 Oct 1980 (43),Tranmere Rovers FC (18),3-1,?,Bury FC (18)
?,(Fri) 31 Oct 1980 (43),Northampton Town FC (17),2-1,?,FC Halifax Town (18)
?,(Fri) 31 Oct 1980 (43),Southend United FC (18),2-0,?,Stockport County FC (18)
?,(Sat) 1 Nov 1980 (43),Peterborough United FC (18),1-1,?,Port Vale FC (18)
?,(Sat) 1 Nov 1980 (43),Hartlepool United FC (18),6-2,?,Crewe Alexandra FC (18)
?,(Sat) 1 Nov 1980 (43),Torquay United FC (18),0-2,?,Darlington FC (18)
?,(Sat) 1 Nov 1980 (43),AFC Bournemouth (18),3-0,?,Wigan Athletic FC (17)
?,(Sat) 1 Nov 1980 (43),Bradford City AFC (18),1-0,?,Aldershot Town FC (18)
?,(Sat) 1 Nov 1980 (43),Rochdale AFC (18),1-4,?,Mansfield Town FC (18)
?,(Sat) 1 Nov 1980 (43),Doncaster Rovers FC (18),2-1,?,Wimbledon FC (18)
?,(Sat) 1 Nov 1980 (43),York City FC (18),1-0,?,Scunthorpe United FC (18)
?,(Sat) 1 Nov 1980 (43),Hereford United FC (1924-2014) (18),0-2,?,Lincoln City FC (18)
?,(Mon) 3 Nov 1980 (44),Southend United FC (19),1-0,?,Wimbledon FC (19)
?,(Mon) 3 Nov 1980 (44),Tranmere Rovers FC (19),1-0,?,Mansfield Town FC (19)
?,(Tue) 4 Nov 1980 (44),Doncaster Rovers FC (19),1-1,?,Wigan Athletic FC (18)
?,(Tue) 4 Nov 1980 (44),Hartlepool United FC (19),2-0,?,Scunthorpe United FC (19)
?,(Tue) 4 Nov 1980 (44),Northampton Town FC (18),5-3,?,Bury FC (19)
?,(Tue) 4 Nov 1980 (44),Rochdale AFC (19),1-0,?,Lincoln City FC (19)
?,(Tue) 4 Nov 1980 (44),Bradford City AFC (19),3-0,?,Darlington FC (19)
?,(Tue) 4 Nov 1980 (44),York City FC (19),1-1,?,FC Halifax Town (19)
?,(Tue) 4 Nov 1980 (44),AFC Bournemouth (19),0-2,?,Aldershot Town FC (19)
?,(Tue) 4 Nov 1980 (44),Peterborough United FC (19),1-2,?,Stockport County FC (19)
?,(Wed) 5 Nov 1980 (44),Hereford United FC (1924-2014) (19),0-0,?,Crewe Alexandra FC (19)
?,(Wed) 5 Nov 1980 (44),Torquay United FC (19),4-0,?,Port Vale FC (19)
?,(Fri) 7 Nov 1980 (44),Stockport County FC (20),2-1,?,Doncaster Rovers FC (20)
?,(Sat) 8 Nov 1980 (44),Wimbledon FC (20),1-0,?,Northampton Town FC (19)
?,(Sat) 8 Nov 1980 (44),Mansfield Town FC (20),1-1,?,Torquay United FC (20)
?,(Sat) 8 Nov 1980 (44),Crewe Alexandra FC (20),1-1,?,York City FC (20)
?,(Sat) 8 Nov 1980 (44),Port Vale FC (20),1-1,?,Rochdale AFC (20)
?,(Sat) 8 Nov 1980 (44),FC Halifax Town (20),1-2,?,Hartlepool United FC (20)
?,(Sat) 8 Nov 1980 (44),Aldershot Town FC (20),0-0,?,Peterborough United FC (20)
?,(Sat) 8 Nov 1980 (44),Bury FC (20),3-0,?,AFC Bournemouth (20)
?,(Sat) 8 Nov 1980 (44),Scunthorpe United FC (20),3-1,?,Hereford United FC (1924-2014) (20)
?,(Sat) 8 Nov 1980 (44),Wigan Athletic FC (19),0-1,?,Bradford City AFC (20)
?,(Sat) 8 Nov 1980 (44),Lincoln City FC (20),2-1,?,Southend United FC (20)
?,(Sat) 8 Nov 1980 (44),Darlington FC (20),2-0,?,Tranmere Rovers FC (20)
?,(Mon) 10 Nov 1980 (45),Stockport County FC (21),1-2,?,Bradford City AFC (21)
?,(Mon) 10 Nov 1980 (45),Port Vale FC (21),1-0,?,Southend United FC (21)
?,(Tue) 11 Nov 1980 (45),Darlington FC (21),5-0,?,Doncaster Rovers FC (21)
?,(Tue) 11 Nov 1980 (45),Scunthorpe United FC (21),1-1,?,Rochdale AFC (21)
?,(Tue) 11 Nov 1980 (45),FC Halifax Town (21),2-3,?,Peterborough United FC (21)
?,(Tue) 11 Nov 1980 (45),York City FC (21),2-0,?,Mansfield Town FC (21)
?,(Tue) 11 Nov 1980 (45),Wimbledon FC (21),4-0,?,Aldershot Town FC (21)
?,(Tue) 11 Nov 1980 (45),Bury FC (21),0-0,?,Hartlepool United FC (21)
?,(Wed) 12 Nov 1980 (45),Hereford United FC (1924-2014) (21),1-0,?,AFC Bournemouth (21)
?,(Wed) 12 Nov 1980 (45),Lincoln City FC (21),5-0,?,Torquay United FC (21)
?,(Wed) 12 Nov 1980 (45),Wigan Athletic FC (20),3-0,?,Northampton Town FC (20)
?,(Wed) 12 Nov 1980 (45),Crewe Alexandra FC (21),3-0,?,Tranmere Rovers FC (21)
?,(Sat) 15 Nov 1980 (45),Peterborough United FC (22),1-0,?,Lincoln City FC (22)
?,(Sat) 15 Nov 1980 (45),Torquay United FC (22),1-0,?,Crewe Alexandra FC (22)
?,(Sat) 15 Nov 1980 (45),Bradford City AFC (22),2-0,?,Wimbledon FC (22)
?,(Sat) 15 Nov 1980 (45),Doncaster Rovers FC (22),2-0,?,Port Vale FC (22)
?,(Sat) 15 Nov 1980 (45),AFC Bournemouth (22),1-1,?,York City FC (22)
?,(Sat) 15 Nov 1980 (45),Southend United FC (22),1-0,?,Bury FC (22)
?,(Sat) 15 Nov 1980 (45),Northampton Town FC (21),2-2,?,Darlington FC (22)
?,(Sat) 15 Nov 1980 (45),Hartlepool United FC (22),3-1,?,Wigan Athletic FC (21)
?,(Sat) 15 Nov 1980 (45),Aldershot Town FC (22),0-0,?,Scunthorpe United FC (22)
?,(Sat) 15 Nov 1980 (45),Mansfield Town FC (22),0-1,?,FC Halifax Town (22)
?,(Sat) 29 Nov 1980 (47),Doncaster Rovers FC (23),1-2,?,Rochdale AFC (22)
?,(Sat) 29 Nov 1980 (47),Hartlepool United FC (23),0-2,?,Torquay United FC (23)
?,(Sat) 29 Nov 1980 (47),Northampton Town FC (22),3-1,?,Tranmere Rovers FC (22)
?,(Sat) 29 Nov 1980 (47),FC Halifax Town (23),1-2,?,AFC Bournemouth (23)
?,(Sat) 29 Nov 1980 (47),Bury FC (23),1-0,?,Wimbledon FC (23)
?,(Sat) 29 Nov 1980 (47),Crewe Alexandra FC (23),1-2,?,Mansfield Town FC (23)
?,(Sat) 29 Nov 1980 (47),Hereford United FC (1924-2014) (22),1-1,?,Wigan Athletic FC (22)
?,(Sat) 29 Nov 1980 (47),Stockport County FC (22),1-0,?,Aldershot Town FC (23)
?,(Fri) 5 Dec 1980 (48),Tranmere Rovers FC (23),2-2,?,Hartlepool United FC (24)
?,(Fri) 5 Dec 1980 (48),Port Vale FC (23),2-2,?,Crewe Alexandra FC (24)
?,(Sat) 6 Dec 1980 (48),Aldershot Town FC (24),2-1,?,FC Halifax Town (24)
?,(Sat) 6 Dec 1980 (48),Mansfield Town FC (24),1-0,?,Stockport County FC (23)
?,(Sat) 6 Dec 1980 (48),Peterborough United FC (23),3-0,?,Hereford United FC (1924-2014) (23)
?,(Sat) 6 Dec 1980 (48),Bradford City AFC (23),1-1,?,York City FC (23)
?,(Sat) 6 Dec 1980 (48),Rochdale AFC (23),0-2,?,Southend United FC (23)
?,(Sat) 6 Dec 1980 (48),Lincoln City FC (23),2-1,?,Bury FC (24)
?,(Sat) 6 Dec 1980 (48),Torquay United FC (24),3-3,?,Northampton Town FC (23)
?,(Sat) 6 Dec 1980 (48),Wimbledon FC (24),1-1,?,Darlington FC (23)
?,(Sat) 6 Dec 1980 (48),AFC Bournemouth (24),1-2,?,Doncaster Rovers FC (24)
?,(Sat) 6 Dec 1980 (48),Wigan Athletic FC (23),1-1,?,Scunthorpe United FC (23)
?,(Fri) 12 Dec 1980 (49),Rochdale AFC (24),2-1,?,Stockport County FC (24)
?,(Fri) 12 Dec 1980 (49),Southend United FC (24),3-1,?,Bradford City AFC (24)
?,(Sat) 13 Dec 1980 (49),Crewe Alexandra FC (25),1-2,?,Wigan Athletic FC (24)
?,(Fri) 19 Dec 1980 (50),Stockport County FC (25),1-2,?,Bury FC (25)
?,(Fri) 19 Dec 1980 (50),Southend United FC (25),3-1,?,Torquay United FC (25)
?,(Fri) 19 Dec 1980 (50),Doncaster Rovers FC (25),2-1,?,Mansfield Town FC (25)
?,(Sat) 20 Dec 1980 (50),Crewe Alexandra FC (26),1-1,?,Darlington FC (24)
?,(Sat) 20 Dec 1980 (50),York City FC (24),4-1,?,Aldershot Town FC (25)
?,(Sat) 20 Dec 1980 (50),Hereford United FC (1924-2014) (24),4-0,?,Bradford City AFC (25)
?,(Sat) 20 Dec 1980 (50),Northampton Town FC (24),3-2,?,Rochdale AFC (25)
?,(Sat) 20 Dec 1980 (50),Hartlepool United FC (25),1-1,?,Peterborough United FC (24)
?,(Sat) 20 Dec 1980 (50),Scunthorpe United FC (24),2-0,?,Tranmere Rovers FC (24)
?,(Sat) 20 Dec 1980 (50),Lincoln City FC (24),2-0,?,AFC Bournemouth (25)
?,(Sat) 20 Dec 1980 (50),FC Halifax Town (25),2-2,?,Port Vale FC (24)
?,(Fri) 26 Dec 1980 (51),Tranmere Rovers FC (25),1-0,?,Stockport County FC (26)
?,(Fri) 26 Dec 1980 (51),Torquay United FC (26),2-3,?,Wimbledon FC (25)
?,(Fri) 26 Dec 1980 (51),Port Vale FC (25),0-1,?,Lincoln City FC (25)
?,(Fri) 26 Dec 1980 (51),Wigan Athletic FC (25),0-0,?,Crewe Alexandra FC (27)
?,(Fri) 26 Dec 1980 (51),Darlington FC (25),3-0,?,Hartlepool United FC (26)
?,(Fri) 26 Dec 1980 (51),Peterborough United FC (25),3-0,?,Northampton Town FC (25)
?,(Fri) 26 Dec 1980 (51),Aldershot Town FC (26),4-0,?,Hereford United FC (1924-2014) (25)
?,(Fri) 26 Dec 1980 (51),Bradford City AFC (26),1-1,?,Doncaster Rovers FC (26)
?,(Fri) 26 Dec 1980 (51),AFC Bournemouth (26),2-1,?,Southend United FC (26)
?,(Fri) 26 Dec 1980 (51),Mansfield Town FC (26),1-0,?,Scunthorpe United FC (25)
?,(Fri) 26 Dec 1980 (51),Bury FC (26),2-0,?,York City FC (25)
?,(Fri) 26 Dec 1980 (51),Rochdale AFC (26),1-1,?,FC Halifax Town (26)
?,(Sat) 27 Dec 1980 (51),Lincoln City FC (26),1-1,?,Mansfield Town FC (27)
?,(Sat) 27 Dec 1980 (51),Northampton Town FC (26),5-1,?,Port Vale FC (26)
?,(Sat) 27 Dec 1980 (51),Hartlepool United FC (27),2-2,?,Bradford City AFC (27)
?,(Sat) 27 Dec 1980 (51),Scunthorpe United FC (26),2-2,?,Bury FC (27)
?,(Sat) 27 Dec 1980 (51),FC Halifax Town (27),1-2,?,Darlington FC (26)
?,(Sat) 27 Dec 1980 (51),York City FC (26),1-2,?,Rochdale AFC (27)
?,(Sat) 27 Dec 1980 (51),Doncaster Rovers FC (27),1-0,?,Tranmere Rovers FC (26)
?,(Sat) 27 Dec 1980 (51),Wimbledon FC (26),2-0,?,AFC Bournemouth (27)
?,(Sat) 27 Dec 1980 (51),Crewe Alexandra FC (28),1-0,?,Peterborough United FC (26)
?,(Sat) 27 Dec 1980 (51),Stockport County FC (27),0-1,?,Wigan Athletic FC (26)
?,(Sat) 27 Dec 1980 (51),Southend United FC (27),3-0,?,Aldershot Town FC (27)
?,(Sat) 27 Dec 1980 (51),Hereford United FC (1924-2014) (26),0-1,?,Torquay United FC (27)
?,(Sat) 3 Jan 1981 (0),Wigan Athletic FC (27),0-1,?,Southend United FC (28)
?,(Sat) 3 Jan 1981 (0),AFC Bournemouth (28),0-1,?,Stockport County FC (28)
?,(Sat) 3 Jan 1981 (0),Rochdale AFC (28),2-0,?,Crewe Alexandra FC (29)
?,(Sat) 3 Jan 1981 (0),Darlington FC (27),0-0,?,York City FC (27)
?,(Sat) 3 Jan 1981 (0),Aldershot Town FC (28),0-0,?,Northampton Town FC (27)
?,(Fri) 9 Jan 1981 (1),Southend United FC (29),1-0,?,Darlington FC (28)
?,(Sat) 10 Jan 1981 (1),Scunthorpe United FC (27),1-1,?,Peterborough United FC (27)
?,(Sat) 10 Jan 1981 (1),Hartlepool United FC (28),3-0,?,Port Vale FC (27)
?,(Sat) 10 Jan 1981 (1),Hereford United FC (1924-2014) (27),0-1,?,Bury FC (28)
?,(Sat) 10 Jan 1981 (1),FC Halifax Town (28),1-1,?,Tranmere Rovers FC (27)
?,(Sat) 10 Jan 1981 (1),York City FC (28),2-1,?,Wigan Athletic FC (28)
?,(Sat) 10 Jan 1981 (1),Lincoln City FC (27),1-1,?,Bradford City AFC (28)
?,(Sat) 10 Jan 1981 (1),Northampton Town FC (28),0-1,?,Mansfield Town FC (28)
?,(Sat) 10 Jan 1981 (1),Crewe Alexandra FC (30),0-2,?,AFC Bournemouth (29)
?,(Sat) 10 Jan 1981 (1),Doncaster Rovers FC (28),3-1,?,Aldershot Town FC (29)
?,(Fri) 16 Jan 1981 (2),Tranmere Rovers FC (28),3-2,?,Northampton Town FC (29)
?,(Sat) 17 Jan 1981 (2),Rochdale AFC (29),2-2,?,Doncaster Rovers FC (29)
?,(Sat) 17 Jan 1981 (2),Peterborough United FC (28),3-0,?,York City FC (29)
?,(Sat) 17 Jan 1981 (2),Aldershot Town FC (30),3-0,?,Stockport County FC (29)
?,(Sat) 17 Jan 1981 (2),Mansfield Town FC (29),4-1,?,Crewe Alexandra FC (31)
?,(Sat) 17 Jan 1981 (2),AFC Bournemouth (30),2-1,?,FC Halifax Town (29)
?,(Sat) 17 Jan 1981 (2),Torquay United FC (28),2-1,?,Hartlepool United FC (29)
?,(Mon) 19 Jan 1981 (3),Wimbledon FC (27),2-2,?,Scunthorpe United FC (28)
?,(Fri) 23 Jan 1981 (3),Southend United FC (30),0-0,?,Northampton Town FC (30)
?,(Sat) 24 Jan 1981 (3),Rochdale AFC (30),3-1,?,Tranmere Rovers FC (29)
?,(Sat) 24 Jan 1981 (3),Darlington FC (29),2-1,?,Bury FC (29)
?,(Sat) 24 Jan 1981 (3),Lincoln City FC (28),2-1,?,Crewe Alexandra FC (32)
?,(Sat) 24 Jan 1981 (3),Mansfield Town FC (30),5-0,?,Port Vale FC (28)
?,(Sat) 24 Jan 1981 (3),York City FC (30),1-2,?,Hereford United FC (1924-2014) (28)
?,(Sat) 24 Jan 1981 (3),FC Halifax Town (30),2-0,?,Stockport County FC (30)
?,(Sat) 24 Jan 1981 (3),Doncaster Rovers FC (30),1-2,?,Hartlepool United FC (30)
?,(Sat) 24 Jan 1981 (3),AFC Bournemouth (31),1-1,?,Torquay United FC (29)
?,(Sat) 24 Jan 1981 (3),Aldershot Town FC (31),0-1,?,Wigan Athletic FC (29)
?,(Wed) 28 Jan 1981 (4),Bradford City AFC (29),1-1,?,Peterborough United FC (29)
?,(Fri) 30 Jan 1981 (4),Tranmere Rovers FC (30),2-2,?,Southend United FC (31)
?,(Fri) 30 Jan 1981 (4),Stockport County FC (31),0-1,?,Darlington FC (30)
?,(Sat) 31 Jan 1981 (4),Hartlepool United FC (31),2-2,?,Rochdale AFC (31)
?,(Sat) 31 Jan 1981 (4),Bury FC (30),0-0,?,FC Halifax Town (31)
?,(Sat) 31 Jan 1981 (4),Peterborough United FC (30),0-1,?,Doncaster Rovers FC (31)
?,(Sat) 31 Jan 1981 (4),Scunthorpe United FC (29),1-0,?,Bradford City AFC (30)
?,(Sat) 31 Jan 1981 (4),Wigan Athletic FC (30),0-2,?,Lincoln City FC (29)
?,(Sat) 31 Jan 1981 (4),Crewe Alexandra FC (33),0-0,?,Aldershot Town FC (32)
?,(Sat) 31 Jan 1981 (4),Hereford United FC (1924-2014) (29),2-1,?,Mansfield Town FC (31)
?,(Sat) 31 Jan 1981 (4),Port Vale FC (29),2-3,?,Wimbledon FC (28)
?,(Sat) 31 Jan 1981 (4),Northampton Town FC (31),0-1,?,AFC Bournemouth (32)
?,(Tue) 3 Feb 1981 (5),Northampton Town FC (32),1-1,?,Wigan Athletic FC (31)
?,(Wed) 4 Feb 1981 (5),Torquay United FC (30),2-1,?,Scunthorpe United FC (30)
?,(Fri) 6 Feb 1981 (5),Tranmere Rovers FC (31),0-1,?,AFC Bournemouth (33)
?,(Fri) 6 Feb 1981 (5),Doncaster Rovers FC (32),1-1,?,Northampton Town FC (33)
?,(Fri) 6 Feb 1981 (5),Southend United FC (32),2-0,?,Hereford United FC (1924-2014) (30)
?,(Sat) 7 Feb 1981 (5),Wigan Athletic FC (32),3-1,?,Darlington FC (31)
?,(Sat) 7 Feb 1981 (5),Wimbledon FC (29),2-0,?,Crewe Alexandra FC (34)
?,(Sat) 7 Feb 1981 (5),Aldershot Town FC (33),0-0,?,Port Vale FC (30)
?,(Sat) 7 Feb 1981 (5),Hartlepool United FC (32),1-0,?,York City FC (31)
?,(Sat) 7 Feb 1981 (5),Lincoln City FC (30),1-0,?,Stockport County FC (32)
?,(Sat) 7 Feb 1981 (5),Rochdale AFC (32),2-3,?,Peterborough United FC (31)
?,(Sat) 7 Feb 1981 (5),Scunthorpe United FC (31),2-2,?,FC Halifax Town (32)
?,(Sat) 7 Feb 1981 (5),Mansfield Town FC (32),2-0,?,Bury FC (31)
?,(Sat) 7 Feb 1981 (5),Bradford City AFC (31),2-0,?,Torquay United FC (31)
?,(Wed) 11 Feb 1981 (6),Wigan Athletic FC (33),1-0,?,Hereford United FC (1924-2014) (31)
?,(Wed) 11 Feb 1981 (6),Bradford City AFC (32),0-0,?,FC Halifax Town (33)
?,(Fri) 13 Feb 1981 (6),Stockport County FC (33),0-0,?,Wimbledon FC (30)
?,(Sat) 14 Feb 1981 (6),FC Halifax Town (34),1-3,?,Lincoln City FC (31)
?,(Sat) 14 Feb 1981 (6),York City FC (32),0-1,?,Southend United FC (33)
?,(Sat) 14 Feb 1981 (6),Northampton Town FC (34),3-1,?,Hartlepool United FC (33)
?,(Sat) 14 Feb 1981 (6),Port Vale FC (31),3-0,?,Wigan Athletic FC (34)
?,(Sat) 14 Feb 1981 (6),Hereford United FC (1924-2014) (32),1-3,?,Doncaster Rovers FC (33)
?,(Sat) 14 Feb 1981 (6),Bury FC (32),0-0,?,Aldershot Town FC (34)
?,(Sat) 14 Feb 1981 (6),AFC Bournemouth (34),4-0,?,Bradford City AFC (33)
?,(Sat) 14 Feb 1981 (6),Crewe Alexandra FC (35),1-0,?,Scunthorpe United FC (32)
?,(Sat) 14 Feb 1981 (6),Torquay United FC (32),2-0,?,Rochdale AFC (33)
?,(Sun) 15 Feb 1981 (6),Darlington FC (32),2-2,?,Mansfield Town FC (33)
?,(Mon) 16 Feb 1981 (7),Stockport County FC (34),4-1,?,Torquay United FC (33)
?,(Fri) 20 Feb 1981 (7),Doncaster Rovers FC (34),3-2,?,York City FC (33)
?,(Sat) 21 Feb 1981 (7),Hartlepool United FC (34),1-3,?,Southend United FC (34)
?,(Sat) 21 Feb 1981 (7),Aldershot Town FC (35),2-1,?,Darlington FC (33)
?,(Sat) 21 Feb 1981 (7),Wigan Athletic FC (35),2-0,?,Mansfield Town FC (34)
?,(Sat) 21 Feb 1981 (7),Crewe Alexandra FC (36),2-0,?,Stockport County FC (35)
?,(Sat) 21 Feb 1981 (7),Scunthorpe United FC (33),2-2,?,Lincoln City FC (32)
?,(Sat) 21 Feb 1981 (7),Wimbledon FC (31),3-0,?,FC Halifax Town (35)
?,(Sat) 21 Feb 1981 (7),Rochdale AFC (34),0-0,?,AFC Bournemouth (35)
?,(Sat) 21 Feb 1981 (7),Peterborough United FC (32),1-3,?,Torquay United FC (34)
?,(Sat) 21 Feb 1981 (7),Port Vale FC (32),1-3,?,Bury FC (33)
?,(Tue) 24 Feb 1981 (8),Scunthorpe United FC (34),1-1,?,Port Vale FC (33)
?,(Fri) 27 Feb 1981 (8),Southend United FC (35),0-0,?,Doncaster Rovers FC (35)
?,(Fri) 27 Feb 1981 (8),Stockport County FC (36),2-0,?,Scunthorpe United FC (35)
?,(Sat) 28 Feb 1981 (8),Bury FC (34),0-0,?,Wigan Athletic FC (36)
?,(Sat) 28 Feb 1981 (8),Lincoln City FC (33),0-0,?,Wimbledon FC (32)
?,(Sat) 28 Feb 1981 (8),Hereford United FC (1924-2014) (33),3-0,?,Hartlepool United FC (35)
?,(Sat) 28 Feb 1981 (8),AFC Bournemouth (36),4-1,?,Peterborough United FC (33)
?,(Sun) 1 Mar 1981 (8),Torquay United FC (35),2-1,?,Tranmere Rovers FC (32)
?,(Tue) 3 Mar 1981 (9),Port Vale FC (34),2-2,?,Scunthorpe United FC (36)
?,(Tue) 3 Mar 1981 (9),Tranmere Rovers FC (33),0-0,?,Lincoln City FC (34)
?,(Wed) 4 Mar 1981 (9),Peterborough United FC (34),1-1,?,Wimbledon FC (33)
?,(Wed) 4 Mar 1981 (9),Bradford City AFC (34),2-1,?,Southend United FC (36)
?,(Fri) 6 Mar 1981 (9),Scunthorpe United FC (37),1-1,?,AFC Bournemouth (37)
?,(Fri) 6 Mar 1981 (9),Stockport County FC (37),1-2,?,Northampton Town FC (35)
?,(Sat) 7 Mar 1981 (9),Aldershot Town FC (36),2-1,?,Hartlepool United FC (36)
?,(Sat) 7 Mar 1981 (9),FC Halifax Town (36),2-1,?,Torquay United FC (36)
?,(Sat) 7 Mar 1981 (9),Bury FC (35),1-1,?,Peterborough United FC (35)
?,(Sat) 7 Mar 1981 (9),Port Vale FC (35),2-0,?,York City FC (34)
?,(Sat) 7 Mar 1981 (9),Lincoln City FC (35),1-1,?,Doncaster Rovers FC (36)
?,(Sat) 7 Mar 1981 (9),Mansfield Town FC (35),0-1,?,Southend United FC (37)
?,(Sat) 7 Mar 1981 (9),Wimbledon FC (34),2-1,?,Tranmere Rovers FC (34)
?,(Sat) 7 Mar 1981 (9),Crewe Alexandra FC (37),1-0,?,Bradford City AFC (35)
?,(Sat) 7 Mar 1981 (9),Wigan Athletic FC (37),0-1,?,Rochdale AFC (35)
?,(Sun) 8 Mar 1981 (9),Darlington FC (34),2-1,?,Hereford United FC (1924-2014) (34)
?,(Sun) 8 Mar 1981 (9),Bradford City AFC (36),2-1,?,Rochdale AFC (36)
?,(Tue) 10 Mar 1981 (10),Darlington FC (35),0-0,?,Lincoln City FC (36)
?,(Tue) 10 Mar 1981 (10),Tranmere Rovers FC (35),1-1,?,Bradford City AFC (37)
?,(Fri) 13 Mar 1981 (10),Northampton Town FC (36),3-3,?,Scunthorpe United FC (38)
?,(Fri) 13 Mar 1981 (10),Southend United FC (38),5-1,?,FC Halifax Town (37)
?,(Fri) 13 Mar 1981 (10),Doncaster Rovers FC (37),1-1,?,Crewe Alexandra FC (38)
?,(Fri) 13 Mar 1981 (10),Peterborough United FC (36),0-0,?,Wigan Athletic FC (38)
?,(Sat) 14 Mar 1981 (10),Bradford City AFC (38),0-2,?,Mansfield Town FC (36)
?,(Sat) 14 Mar 1981 (10),Rochdale AFC (37),0-2,?,Aldershot Town FC (37)
?,(Sat) 14 Mar 1981 (10),AFC Bournemouth (38),3-3,?,Darlington FC (36)
?,(Sat) 14 Mar 1981 (10),York City FC (35),1-0,?,Lincoln City FC (37)
?,(Sat) 14 Mar 1981 (10),Hartlepool United FC (37),2-3,?,Wimbledon FC (35)
?,(Sat) 14 Mar 1981 (10),Torquay United FC (37),3-1,?,Bury FC (36)
?,(Mon) 16 Mar 1981 (11),Mansfield Town FC (37),0-1,?,Hartlepool United FC (38)
?,(Mon) 16 Mar 1981 (11),Port Vale FC (36),4-0,?,Hereford United FC (1924-2014) (35)
?,(Tue) 17 Mar 1981 (11),Darlington FC (37),4-1,?,Wimbledon FC (36)
?,(Wed) 18 Mar 1981 (11),Peterborough United FC (37),4-1,?,Tranmere Rovers FC (36)
?,(Fri) 20 Mar 1981 (11),Stockport County FC (38),2-0,?,York City FC (36)
?,(Sat) 21 Mar 1981 (11),Crewe Alexandra FC (39),3-1,?,Northampton Town FC (37)
?,(Sat) 21 Mar 1981 (11),Bury FC (37),3-1,?,Rochdale AFC (38)
?,(Sat) 21 Mar 1981 (11),Wigan Athletic FC (39),2-0,?,Torquay United FC (38)
?,(Sat) 21 Mar 1981 (11),Lincoln City FC (38),2-0,?,Hartlepool United FC (39)
?,(Sat) 21 Mar 1981 (11),Mansfield Town FC (38),1-1,?,AFC Bournemouth (39)
?,(Sat) 21 Mar 1981 (11),Darlington FC (38),2-0,?,Peterborough United FC (38)
?,(Sat) 21 Mar 1981 (11),FC Halifax Town (38),0-3,?,Doncaster Rovers FC (38)
?,(Sun) 22 Mar 1981 (11),Aldershot Town FC (38),3-2,?,Tranmere Rovers FC (37)
?,(Sun) 22 Mar 1981 (11),Scunthorpe United FC (39),2-1,?,Southend United FC (39)
?,(Sun) 22 Mar 1981 (11),Wimbledon FC (37),0-0,?,Hereford United FC (1924-2014) (36)
?,(Tue) 24 Mar 1981 (12),Tranmere Rovers FC (38),1-2,?,Port Vale FC (37)
?,(Tue) 24 Mar 1981 (12),FC Halifax Town (39),1-0,?,Crewe Alexandra FC (40)
?,(Tue) 24 Mar 1981 (12),York City FC (37),1-2,?,Peterborough United FC (39)
?,(Fri) 27 Mar 1981 (12),Doncaster Rovers FC (39),1-0,?,Scunthorpe United FC (40)
?,(Fri) 27 Mar 1981 (12),Southend United FC (40),3-0,?,Crewe Alexandra FC (41)
?,(Sat) 28 Mar 1981 (12),Hereford United FC (1924-2014) (37),0-1,?,FC Halifax Town (40)
?,(Sat) 28 Mar 1981 (12),AFC Bournemouth (40),0-0,?,Port Vale FC (38)
?,(Sat) 28 Mar 1981 (12),Bradford City AFC (39),0-2,?,Bury FC (38)
?,(Sat) 28 Mar 1981 (12),Rochdale AFC (39),0-0,?,Darlington FC (39)
?,(Sat) 28 Mar 1981 (12),Northampton Town FC (38),1-1,?,Lincoln City FC (39)
?,(Sat) 28 Mar 1981 (12),Hartlepool United FC (40),1-0,?,Stockport County FC (39)
?,(Sat) 28 Mar 1981 (12),York City FC (38),0-1,?,Wimbledon FC (38)
?,(Sat) 28 Mar 1981 (12),Peterborough United FC (40),1-0,?,Mansfield Town FC (39)
?,(Sun) 29 Mar 1981 (12),Tranmere Rovers FC (39),2-3,?,Wigan Athletic FC (40)
?,(Sun) 29 Mar 1981 (12),Torquay United FC (39),2-0,?,Aldershot Town FC (39)
?,(Tue) 31 Mar 1981 (13),Wimbledon FC (39),1-0,?,Wigan Athletic FC (41)
?,(Tue) 31 Mar 1981 (13),Bury FC (39),2-0,?,Doncaster Rovers FC (40)
?,(Fri) 3 Apr 1981 (13),Crewe Alexandra FC (42),2-0,?,Hartlepool United FC (41)
?,(Fri) 3 Apr 1981 (13),Stockport County FC (40),1-0,?,Southend United FC (41)
?,(Sat) 4 Apr 1981 (13),Lincoln City FC (40),1-0,?,Hereford United FC (1924-2014) (38)
?,(Sat) 4 Apr 1981 (13),Wimbledon FC (40),1-0,?,Doncaster Rovers FC (41)
?,(Sat) 4 Apr 1981 (13),Mansfield Town FC (40),2-2,?,Rochdale AFC (40)
?,(Sat) 4 Apr 1981 (13),Bury FC (40),2-2,?,Tranmere Rovers FC (40)
?,(Sat) 4 Apr 1981 (13),Scunthorpe United FC (41),3-2,?,York City FC (39)
?,(Sat) 4 Apr 1981 (13),Aldershot Town FC (40),1-1,?,Bradford City AFC (40)
?,(Sat) 4 Apr 1981 (13),Port Vale FC (39),1-1,?,Peterborough United FC (41)
?,(Sat) 4 Apr 1981 (13),Wigan Athletic FC (42),0-1,?,AFC Bournemouth (41)
?,(Sat) 4 Apr 1981 (13),FC Halifax Town (41),0-1,?,Northampton Town FC (39)
?,(Sun) 5 Apr 1981 (13),Darlington FC (40),1-0,?,Torquay United FC (40)
?,(Mon) 6 Apr 1981 (14),Mansfield Town FC (41),1-2,?,Aldershot Town FC (41)
?,(Wed) 8 Apr 1981 (14),Torquay United FC (41),1-2,?,York City FC (40)
?,(Fri) 10 Apr 1981 (14),Tranmere Rovers FC (41),3-1,?,Darlington FC (41)
?,(Fri) 10 Apr 1981 (14),Doncaster Rovers FC (42),2-1,?,Stockport County FC (41)
?,(Sat) 11 Apr 1981 (14),York City FC (41),2-0,?,Crewe Alexandra FC (43)
?,(Sat) 11 Apr 1981 (14),Hartlepool United FC (42),3-0,?,FC Halifax Town (42)
?,(Sat) 11 Apr 1981 (14),Peterborough United FC (42),0-0,?,Aldershot Town FC (42)
?,(Sat) 11 Apr 1981 (14),AFC Bournemouth (42),2-2,?,Bury FC (41)
?,(Sat) 11 Apr 1981 (14),Bradford City AFC (41),3-3,?,Wigan Athletic FC (43)
?,(Sat) 11 Apr 1981 (14),Hereford United FC (1924-2014) (39),2-1,?,Scunthorpe United FC (42)
?,(Sat) 11 Apr 1981 (14),Southend United FC (42),0-0,?,Lincoln City FC (41)
?,(Sat) 11 Apr 1981 (14),Northampton Town FC (40),1-1,?,Wimbledon FC (41)
?,(Sun) 12 Apr 1981 (14),Torquay United FC (42),1-1,?,Mansfield Town FC (42)
?,(Sun) 12 Apr 1981 (14),Rochdale AFC (41),2-1,?,Port Vale FC (40)
?,(Tue) 14 Apr 1981 (15),Northampton Town FC (41),0-0,?,Hereford United FC (1924-2014) (40)
?,(Tue) 14 Apr 1981 (15),Port Vale FC (41),2-1,?,Bradford City AFC (42)
?,(Tue) 14 Apr 1981 (15),York City FC (42),0-1,?,Bury FC (42)
?,(Fri) 17 Apr 1981 (15),Hartlepool United FC (43),2-0,?,Darlington FC (42)
?,(Fri) 17 Apr 1981 (15),Southend United FC (43),2-1,?,AFC Bournemouth (43)
?,(Fri) 17 Apr 1981 (15),Tranmere Rovers FC (42),1-1,?,Doncaster Rovers FC (43)
?,(Sat) 18 Apr 1981 (15),Port Vale FC (42),1-1,?,Northampton Town FC (42)
?,(Sat) 18 Apr 1981 (15),Darlington FC (43),3-1,?,FC Halifax Town (43)
?,(Sat) 18 Apr 1981 (15),Torquay United FC (43),0-1,?,Hereford United FC (1924-2014) (41)
?,(Sat) 18 Apr 1981 (15),Bury FC (43),6-1,?,Scunthorpe United FC (43)
?,(Sat) 18 Apr 1981 (15),Wigan Athletic FC (44),2-1,?,Stockport County FC (42)
?,(Sat) 18 Apr 1981 (15),Rochdale AFC (42),3-2,?,York City FC (43)
?,(Sat) 18 Apr 1981 (15),Mansfield Town FC (43),2-0,?,Lincoln City FC (42)
?,(Sat) 18 Apr 1981 (15),Aldershot Town FC (43),1-2,?,Southend United FC (44)
?,(Sat) 18 Apr 1981 (15),Peterborough United FC (43),2-1,?,Crewe Alexandra FC (44)
?,(Sat) 18 Apr 1981 (15),AFC Bournemouth (44),0-1,?,Wimbledon FC (42)
?,(Sun) 19 Apr 1981 (15),Bradford City AFC (43),2-0,?,Hartlepool United FC (44)
?,(Mon) 20 Apr 1981 (16),Stockport County FC (43),1-0,?,Tranmere Rovers FC (43)
?,(Mon) 20 Apr 1981 (16),Wimbledon FC (43),1-0,?,Torquay United FC (44)
?,(Mon) 20 Apr 1981 (16),Lincoln City FC (43),1-0,?,Port Vale FC (43)
?,(Mon) 20 Apr 1981 (16),Hereford United FC (1924-2014) (42),0-0,?,Aldershot Town FC (44)
?,(Mon) 20 Apr 1981 (16),FC Halifax Town (44),2-0,?,Rochdale AFC (43)
?,(Mon) 20 Apr 1981 (16),Scunthorpe United FC (44),2-0,?,Mansfield Town FC (44)
?,(Tue) 21 Apr 1981 (16),Northampton Town FC (43),2-2,?,Peterborough United FC (44)
?,(Tue) 21 Apr 1981 (16),Doncaster Rovers FC (44),2-0,?,Bradford City AFC (44)
?,(Fri) 24 Apr 1981 (16),Tranmere Rovers FC (44),1-2,?,Scunthorpe United FC (45)
?,(Sat) 25 Apr 1981 (16),Torquay United FC (45),0-3,?,Southend United FC (45)
?,(Sat) 25 Apr 1981 (16),Peterborough United FC (45),1-1,?,Hartlepool United FC (45)
?,(Sat) 25 Apr 1981 (16),Wigan Athletic FC (45),1-0,?,Wimbledon FC (44)
?,(Sat) 25 Apr 1981 (16),Bury FC (44),0-1,?,Stockport County FC (44)
?,(Sat) 25 Apr 1981 (16),Darlington FC (44),2-1,?,Crewe Alexandra FC (45)
?,(Sat) 25 Apr 1981 (16),Aldershot Town FC (45),1-1,?,York City FC (44)
?,(Sat) 25 Apr 1981 (16),AFC Bournemouth (45),0-1,?,Lincoln City FC (44)
?,(Sun) 26 Apr 1981 (16),Port Vale FC (44),0-0,?,FC Halifax Town (45)
?,(Tue) 28 Apr 1981 (17),Wimbledon FC (45),4-1,?,Rochdale AFC (44)
?,(Wed) 29 Apr 1981 (17),Tranmere Rovers FC (45),2-1,?,Hereford United FC (1924-2014) (43)
?,(Fri) 1 May 1981 (17),Northampton Town FC (44),1-0,?,Torquay United FC (46)
?,(Fri) 1 May 1981 (17),Stockport County FC (45),2-1,?,Mansfield Town FC (45)
?,(Fri) 1 May 1981 (17),Crewe Alexandra FC (46),0-0,?,Port Vale FC (45)
?,(Fri) 1 May 1981 (17),Southend United FC (46),1-1,?,Rochdale AFC (45)
?,(Sat) 2 May 1981 (17),Wimbledon FC (46),2-4,?,Bury FC (45)
?,(Sat) 2 May 1981 (17),Lincoln City FC (45),1-0,?,Darlington FC (45)
?,(Sat) 2 May 1981 (17),Hartlepool United FC (46),3-0,?,Tranmere Rovers FC (46)
?,(Sat) 2 May 1981 (17),Scunthorpe United FC (46),4-4,?,Wigan Athletic FC (46)
?,(Sat) 2 May 1981 (17),York City FC (45),0-3,?,Bradford City AFC (45)
?,(Sat) 2 May 1981 (17),Hereford United FC (1924-2014) (44),1-1,?,Peterborough United FC (46)
?,(Sat) 2 May 1981 (17),FC Halifax Town (46),1-0,?,Aldershot Town FC (46)
?,(Sat) 2 May 1981 (17),Doncaster Rovers FC (45),2-1,?,AFC Bournemouth (46)
?,(Sun) 3 May 1981 (17),Rochdale AFC (46),0-1,?,Northampton Town FC (45)
?,(Mon) 4 May 1981 (18),Bury FC (46),1-1,?,Lincoln City FC (46)
?,(Tue) 5 May 1981 (18),York City FC (46),1-2,?,Northampton Town FC (46)
?,(Tue) 5 May 1981 (18),Darlington FC (46),1-1,?,Port Vale FC (46)
?,(Wed) 6 May 1981 (18),Hereford United FC (1924-2014) (45),2-0,?,Stockport County FC (46)
?,(Wed) 6 May 1981 (18),Mansfield Town FC (46),1-1,?,Doncaster Rovers FC (46)
?,(Fri) 15 May 1981 (19),Bradford City AFC (46),0-1,?,Hereford United FC (1924-2014) (46)
