Round,Date,Team 1,FT,HT,Team 2
?,(Sat) 15 Apr 1950 (15),Barnsley FC (1),1-1,?,Blackburn Rovers FC (1)
?,(Sat) 8 Oct 1949 (40),Barnsley FC (2),3-2,?,Bradford Park Avenue AFC (1)
?,(Sat) 19 Nov 1949 (46),Barnsley FC (3),0-1,?,Brentford FC (1)
?,(Sat) 22 Oct 1949 (42),Barnsley FC (4),1-0,?,Bury FC (1)
?,(Sat) 5 Nov 1949 (44),Barnsley FC (5),1-0,?,Cardiff City FC (1)
?,(Sat) 20 Aug 1949 (33),Barnsley FC (6),1-2,?,Chesterfield FC (1)
?,(Wed) 7 Sep 1949 (36),Barnsley FC (7),4-3,?,Coventry City FC (1)
?,(Sat) 14 Jan 1950 (2),Barnsley FC (8),7-2,?,Grimsby Town FC (1)
?,(Sat) 1 Apr 1950 (13),Barnsley FC (9),1-1,?,Hull City AFC (1)
?,(Mon) 26 Dec 1949 (52),Barnsley FC (10),1-1,?,Leeds United FC (1)
?,(Sat) 4 Mar 1950 (9),Barnsley FC (11),2-2,?,Leicester City FC (1)
?,(Mon) 10 Apr 1950 (15),Barnsley FC (12),1-0,?,Luton Town FC (1)
?,(Sat) 29 Apr 1950 (17),Barnsley FC (13),4-1,?,Plymouth Argyle FC (1)
?,(Sat) 4 Feb 1950 (5),Barnsley FC (14),0-1,?,Preston North End FC (1)
?,(Sat) 17 Sep 1949 (37),Barnsley FC (15),3-1,?,Queens Park Rangers FC (1)
?,(Sat) 3 Sep 1949 (35),Barnsley FC (16),2-2,?,Sheffield United FC (1)
?,(Sat) 3 Dec 1949 (48),Barnsley FC (17),3-4,?,Sheffield Wednesday FC (1)
?,(Wed) 24 Aug 1949 (34),Barnsley FC (18),2-1,?,Southampton FC (1)
?,(Sat) 1 Oct 1949 (39),Barnsley FC (19),5-2,?,Swansea City AFC (1)
?,(Sat) 18 Mar 1950 (11),Barnsley FC (20),2-0,?,Tottenham Hotspur FC (1)
?,(Sat) 24 Dec 1949 (51),Barnsley FC (21),1-1,?,West Ham United FC (1)
?,(Sat) 12 Nov 1949 (45),Blackburn Rovers FC (2),4-0,?,Barnsley FC (22)
?,(Sat) 17 Sep 1949 (37),Blackburn Rovers FC (3),0-1,?,Bradford Park Avenue AFC (2)
?,(Mon) 19 Sep 1949 (38),Blackburn Rovers FC (4),4-1,?,Brentford FC (2)
?,(Sat) 3 Sep 1949 (35),Blackburn Rovers FC (5),2-1,?,Bury FC (2)
?,(Sat) 20 Aug 1949 (33),Blackburn Rovers FC (6),1-0,?,Cardiff City FC (2)
?,(Sat) 4 Feb 1950 (5),Blackburn Rovers FC (7),1-1,?,Chesterfield FC (2)
?,(Sat) 29 Oct 1949 (43),Blackburn Rovers FC (8),0-1,?,Coventry City FC (2)
?,(Sat) 8 Apr 1950 (14),Blackburn Rovers FC (9),3-0,?,Grimsby Town FC (2)
?,(Mon) 22 Aug 1949 (34),Blackburn Rovers FC (10),4-2,?,Hull City AFC (2)
?,(Sat) 15 Oct 1949 (41),Blackburn Rovers FC (11),0-1,?,Leeds United FC (2)
?,(Sat) 14 Jan 1950 (2),Blackburn Rovers FC (12),3-0,?,Leicester City FC (2)
?,(Sat) 25 Mar 1950 (12),Blackburn Rovers FC (13),0-0,?,Luton Town FC (2)
?,(Sat) 1 Oct 1949 (39),Blackburn Rovers FC (14),1-0,?,Plymouth Argyle FC (2)
?,(Fri) 7 Apr 1950 (14),Blackburn Rovers FC (15),2-3,?,Preston North End FC (2)
?,(Sat) 10 Dec 1949 (49),Blackburn Rovers FC (16),0-0,?,Queens Park Rangers FC (2)
?,(Sat) 26 Nov 1949 (47),Blackburn Rovers FC (17),0-2,?,Sheffield United FC (2)
?,(Tue) 27 Dec 1949 (52),Blackburn Rovers FC (18),0-0,?,Sheffield Wednesday FC (2)
?,(Sat) 11 Mar 1950 (10),Blackburn Rovers FC (19),0-0,?,Southampton FC (2)
?,(Sat) 25 Feb 1950 (8),Blackburn Rovers FC (20),2-0,?,Swansea City AFC (2)
?,(Sat) 24 Dec 1949 (51),Blackburn Rovers FC (21),1-2,?,Tottenham Hotspur FC (2)
?,(Sat) 22 Apr 1950 (16),Blackburn Rovers FC (22),2-0,?,West Ham United FC (2)
?,(Sat) 25 Feb 1950 (8),Bradford Park Avenue AFC (3),1-3,?,Barnsley FC (23)
?,(Sat) 21 Jan 1950 (3),Bradford Park Avenue AFC (4),2-2,?,Blackburn Rovers FC (23)
?,(Sat) 10 Sep 1949 (36),Bradford Park Avenue AFC (5),0-2,?,Brentford FC (3)
?,(Mon) 26 Dec 1949 (52),Bradford Park Avenue AFC (6),1-2,?,Bury FC (3)
?,(Sat) 24 Sep 1949 (38),Bradford Park Avenue AFC (7),3-3,?,Cardiff City FC (3)
?,(Tue) 11 Apr 1950 (15),Bradford Park Avenue AFC (8),2-0,?,Chesterfield FC (3)
?,(Sat) 10 Dec 1949 (49),Bradford Park Avenue AFC (9),2-2,?,Coventry City FC (3)
?,(Sat) 29 Oct 1949 (43),Bradford Park Avenue AFC (10),4-1,?,Grimsby Town FC (3)
?,(Sat) 31 Dec 1949 (52),Bradford Park Avenue AFC (11),5-1,?,Hull City AFC (3)
?,(Sat) 26 Nov 1949 (47),Bradford Park Avenue AFC (12),1-2,?,Leeds United FC (3)
?,(Wed) 24 Aug 1949 (34),Bradford Park Avenue AFC (13),2-2,?,Leicester City FC (3)
?,(Wed) 7 Sep 1949 (36),Bradford Park Avenue AFC (14),1-0,?,Luton Town FC (3)
?,(Sat) 17 Dec 1949 (50),Bradford Park Avenue AFC (15),3-2,?,Plymouth Argyle FC (3)
?,(Sat) 12 Nov 1949 (45),Bradford Park Avenue AFC (16),1-2,?,Preston North End FC (3)
?,(Sat) 25 Mar 1950 (12),Bradford Park Avenue AFC (17),1-0,?,Queens Park Rangers FC (3)
?,(Sat) 11 Mar 1950 (10),Bradford Park Avenue AFC (18),1-1,?,Sheffield United FC (3)
?,(Sat) 27 Aug 1949 (34),Bradford Park Avenue AFC (19),1-3,?,Sheffield Wednesday FC (3)
?,(Sat) 8 Apr 1950 (14),Bradford Park Avenue AFC (20),0-0,?,Southampton FC (3)
?,(Sat) 22 Apr 1950 (16),Bradford Park Avenue AFC (21),0-2,?,Swansea City AFC (3)
?,(Sat) 18 Feb 1950 (7),Bradford Park Avenue AFC (22),1-3,?,Tottenham Hotspur FC (3)
?,(Sat) 15 Oct 1949 (41),Bradford Park Avenue AFC (23),2-1,?,West Ham United FC (3)
?,(Sat) 22 Apr 1950 (16),Brentford FC (4),3-0,?,Barnsley FC (24)
?,(Wed) 14 Sep 1949 (37),Brentford FC (5),2-0,?,Blackburn Rovers FC (24)
?,(Sat) 14 Jan 1950 (2),Brentford FC (6),2-0,?,Bradford Park Avenue AFC (24)
?,(Sat) 24 Dec 1949 (51),Brentford FC (7),2-0,?,Bury FC (4)
?,(Fri) 7 Apr 1950 (14),Brentford FC (8),1-0,?,Cardiff City FC (4)
?,(Sat) 17 Sep 1949 (37),Brentford FC (9),0-0,?,Chesterfield FC (4)
?,(Sat) 25 Mar 1950 (12),Brentford FC (10),2-0,?,Coventry City FC (4)
?,(Sat) 10 Dec 1949 (49),Brentford FC (11),1-0,?,Grimsby Town FC (4)
?,(Mon) 26 Dec 1949 (52),Brentford FC (12),3-1,?,Hull City AFC (4)
?,(Sat) 11 Mar 1950 (10),Brentford FC (13),0-0,?,Leeds United FC (4)
?,(Sat) 3 Sep 1949 (35),Brentford FC (14),0-1,?,Leicester City FC (4)
?,(Sat) 12 Nov 1949 (45),Brentford FC (15),1-0,?,Luton Town FC (4)
?,(Sat) 4 Feb 1950 (5),Brentford FC (16),0-0,?,Plymouth Argyle FC (4)
?,(Sat) 25 Feb 1950 (8),Brentford FC (17),1-0,?,Preston North End FC (4)
?,(Wed) 31 Aug 1949 (35),Brentford FC (18),0-2,?,Queens Park Rangers FC (4)
?,(Sat) 8 Apr 1950 (14),Brentford FC (19),1-0,?,Sheffield United FC (4)
?,(Sat) 1 Oct 1949 (39),Brentford FC (20),1-1,?,Sheffield Wednesday FC (4)
?,(Sat) 29 Oct 1949 (43),Brentford FC (21),0-1,?,Southampton FC (4)
?,(Sat) 15 Oct 1949 (41),Brentford FC (22),0-0,?,Swansea City AFC (4)
?,(Sat) 20 Aug 1949 (33),Brentford FC (23),1-4,?,Tottenham Hotspur FC (4)
?,(Sat) 26 Nov 1949 (47),Brentford FC (24),0-2,?,West Ham United FC (4)
?,(Sat) 11 Mar 1950 (10),Bury FC (5),2-0,?,Barnsley FC (25)
?,(Sat) 31 Dec 1949 (52),Bury FC (6),3-0,?,Blackburn Rovers FC (25)
?,(Tue) 27 Dec 1949 (52),Bury FC (7),1-0,?,Bradford Park Avenue AFC (25)
?,(Sat) 27 Aug 1949 (34),Bury FC (8),1-2,?,Brentford FC (25)
?,(Sat) 10 Sep 1949 (36),Bury FC (9),2-2,?,Cardiff City FC (5)
?,(Wed) 7 Sep 1949 (36),Bury FC (10),2-0,?,Chesterfield FC (5)
?,(Sat) 25 Feb 1950 (8),Bury FC (11),0-0,?,Coventry City FC (5)
?,(Sat) 12 Nov 1949 (45),Bury FC (12),3-1,?,Grimsby Town FC (5)
?,(Sat) 17 Dec 1949 (50),Bury FC (13),0-0,?,Hull City AFC (5)
?,(Sat) 10 Dec 1949 (49),Bury FC (14),2-0,?,Leeds United FC (5)
?,(Sat) 1 Oct 1949 (39),Bury FC (15),3-0,?,Leicester City FC (5)
?,(Sat) 15 Oct 1949 (41),Bury FC (16),5-2,?,Luton Town FC (5)
?,(Wed) 14 Sep 1949 (37),Bury FC (17),5-1,?,Plymouth Argyle FC (5)
?,(Sat) 26 Nov 1949 (47),Bury FC (18),1-1,?,Preston North End FC (5)
?,(Sat) 22 Apr 1950 (16),Bury FC (19),0-0,?,Queens Park Rangers FC (5)
?,(Sat) 25 Mar 1950 (12),Bury FC (20),1-5,?,Sheffield United FC (5)
?,(Fri) 7 Apr 1950 (14),Bury FC (21),0-0,?,Sheffield Wednesday FC (5)
?,(Sat) 24 Sep 1949 (38),Bury FC (22),1-1,?,Southampton FC (5)
?,(Sat) 8 Apr 1950 (14),Bury FC (23),1-1,?,Swansea City AFC (5)
?,(Sat) 21 Jan 1950 (3),Bury FC (24),1-2,?,Tottenham Hotspur FC (5)
?,(Sat) 29 Oct 1949 (43),Bury FC (25),3-1,?,West Ham United FC (5)
?,(Sat) 25 Mar 1950 (12),Cardiff City FC (6),3-0,?,Barnsley FC (26)
?,(Sat) 17 Dec 1949 (50),Cardiff City FC (7),2-1,?,Blackburn Rovers FC (26)
?,(Sat) 4 Feb 1950 (5),Cardiff City FC (8),1-2,?,Bradford Park Avenue AFC (26)
?,(Mon) 10 Apr 1950 (15),Cardiff City FC (9),0-0,?,Brentford FC (26)
?,(Sat) 14 Jan 1950 (2),Cardiff City FC (10),1-0,?,Bury FC (26)
?,(Sat) 1 Oct 1949 (39),Cardiff City FC (11),2-0,?,Chesterfield FC (6)
?,(Sat) 11 Mar 1950 (10),Cardiff City FC (12),1-0,?,Coventry City FC (6)
?,(Sat) 26 Nov 1949 (47),Cardiff City FC (13),1-0,?,Grimsby Town FC (6)
?,(Mon) 5 Sep 1949 (36),Cardiff City FC (14),2-0,?,Hull City AFC (6)
?,(Sat) 25 Feb 1950 (8),Cardiff City FC (15),1-0,?,Leeds United FC (6)
?,(Sat) 17 Sep 1949 (37),Cardiff City FC (16),2-4,?,Leicester City FC (6)
?,(Sat) 29 Oct 1949 (43),Cardiff City FC (17),0-0,?,Luton Town FC (6)
?,(Tue) 27 Dec 1949 (52),Cardiff City FC (18),1-0,?,Plymouth Argyle FC (6)
?,(Sat) 10 Dec 1949 (49),Cardiff City FC (19),3-2,?,Preston North End FC (6)
?,(Sat) 8 Apr 1950 (14),Cardiff City FC (20),4-0,?,Queens Park Rangers FC (6)
?,(Sat) 22 Apr 1950 (16),Cardiff City FC (21),1-2,?,Sheffield United FC (6)
?,(Mon) 22 Aug 1949 (34),Cardiff City FC (22),1-0,?,Sheffield Wednesday FC (6)
?,(Mon) 17 Apr 1950 (16),Cardiff City FC (23),1-1,?,Southampton FC (6)
?,(Sat) 27 Aug 1949 (34),Cardiff City FC (24),1-0,?,Swansea City AFC (6)
?,(Sat) 3 Sep 1949 (35),Cardiff City FC (25),0-1,?,Tottenham Hotspur FC (6)
?,(Sat) 12 Nov 1949 (45),Cardiff City FC (26),0-1,?,West Ham United FC (6)
?,(Sat) 17 Dec 1949 (50),Chesterfield FC (7),1-0,?,Barnsley FC (27)
?,(Sat) 24 Sep 1949 (38),Chesterfield FC (8),2-1,?,Blackburn Rovers FC (27)
?,(Fri) 7 Apr 1950 (14),Chesterfield FC (9),1-1,?,Bradford Park Avenue AFC (27)
?,(Sat) 21 Jan 1950 (3),Chesterfield FC (10),3-1,?,Brentford FC (27)
?,(Wed) 24 Aug 1949 (34),Chesterfield FC (11),2-1,?,Bury FC (27)
?,(Sat) 18 Feb 1950 (7),Chesterfield FC (12),0-1,?,Cardiff City FC (27)
?,(Sat) 8 Apr 1950 (14),Chesterfield FC (13),0-1,?,Coventry City FC (7)
?,(Sat) 11 Mar 1950 (10),Chesterfield FC (14),2-1,?,Grimsby Town FC (7)
?,(Sat) 10 Sep 1949 (36),Chesterfield FC (15),0-1,?,Hull City AFC (7)
?,(Sat) 22 Apr 1950 (16),Chesterfield FC (16),3-1,?,Leeds United FC (7)
?,(Mon) 12 Sep 1949 (37),Chesterfield FC (17),1-0,?,Leicester City FC (7)
?,(Sat) 10 Dec 1949 (49),Chesterfield FC (18),0-1,?,Luton Town FC (7)
?,(Sat) 27 Aug 1949 (34),Chesterfield FC (19),2-0,?,Plymouth Argyle FC (7)
?,(Sat) 25 Mar 1950 (12),Chesterfield FC (20),2-0,?,Preston North End FC (7)
?,(Sat) 29 Oct 1949 (43),Chesterfield FC (21),2-1,?,Queens Park Rangers FC (7)
?,(Sat) 15 Oct 1949 (41),Chesterfield FC (22),0-1,?,Sheffield United FC (7)
?,(Sat) 31 Dec 1949 (52),Chesterfield FC (23),1-2,?,Sheffield Wednesday FC (7)
?,(Sat) 26 Nov 1949 (47),Chesterfield FC (24),0-0,?,Southampton FC (7)
?,(Sat) 12 Nov 1949 (45),Chesterfield FC (25),4-1,?,Swansea City AFC (7)
?,(Tue) 27 Dec 1949 (52),Chesterfield FC (26),1-1,?,Tottenham Hotspur FC (7)
?,(Sat) 25 Feb 1950 (8),Chesterfield FC (27),1-0,?,West Ham United FC (7)
?,(Sat) 6 May 1950 (18),Coventry City FC (8),1-1,?,Barnsley FC (28)
?,(Sat) 18 Mar 1950 (11),Coventry City FC (9),1-1,?,Blackburn Rovers FC (28)
?,(Sat) 29 Apr 1950 (17),Coventry City FC (10),3-1,?,Bradford Park Avenue AFC (28)
?,(Sat) 5 Nov 1949 (44),Coventry City FC (11),1-1,?,Brentford FC (28)
?,(Sat) 8 Oct 1949 (40),Coventry City FC (12),1-2,?,Bury FC (28)
?,(Sat) 22 Oct 1949 (42),Coventry City FC (13),2-1,?,Cardiff City FC (28)
?,(Sat) 3 Dec 1949 (48),Coventry City FC (14),3-0,?,Chesterfield FC (28)
?,(Sat) 24 Dec 1949 (51),Coventry City FC (15),1-1,?,Grimsby Town FC (8)
?,(Sat) 15 Apr 1950 (15),Coventry City FC (16),2-0,?,Hull City AFC (8)
?,(Sat) 4 Feb 1950 (5),Coventry City FC (17),0-4,?,Leeds United FC (8)
?,(Tue) 27 Dec 1949 (52),Coventry City FC (18),1-2,?,Leicester City FC (8)
?,(Mon) 29 Aug 1949 (35),Coventry City FC (19),1-0,?,Luton Town FC (8)
?,(Sat) 1 Apr 1950 (13),Coventry City FC (20),3-0,?,Plymouth Argyle FC (8)
?,(Sat) 14 Jan 1950 (2),Coventry City FC (21),0-0,?,Preston North End FC (8)
?,(Sat) 3 Sep 1949 (35),Coventry City FC (22),0-0,?,Queens Park Rangers FC (8)
?,(Sat) 20 Aug 1949 (33),Coventry City FC (23),2-4,?,Sheffield United FC (8)
?,(Sat) 11 Feb 1950 (6),Coventry City FC (24),3-0,?,Sheffield Wednesday FC (8)
?,(Sat) 1 Oct 1949 (39),Coventry City FC (25),1-2,?,Southampton FC (8)
?,(Sat) 17 Sep 1949 (37),Coventry City FC (26),1-2,?,Swansea City AFC (8)
?,(Sat) 4 Mar 1950 (9),Coventry City FC (27),0-1,?,Tottenham Hotspur FC (8)
?,(Tue) 11 Apr 1950 (15),Coventry City FC (28),5-1,?,West Ham United FC (8)
?,(Sat) 10 Sep 1949 (36),Grimsby Town FC (9),2-2,?,Barnsley FC (29)
?,(Sat) 3 Dec 1949 (48),Grimsby Town FC (10),1-2,?,Blackburn Rovers FC (29)
?,(Sat) 18 Mar 1950 (11),Grimsby Town FC (11),4-0,?,Bradford Park Avenue AFC (29)
?,(Sat) 29 Apr 1950 (17),Grimsby Town FC (12),4-1,?,Brentford FC (29)
?,(Sat) 15 Apr 1950 (15),Grimsby Town FC (13),4-2,?,Bury FC (29)
?,(Sat) 1 Apr 1950 (13),Grimsby Town FC (14),0-0,?,Cardiff City FC (29)
?,(Sat) 22 Oct 1949 (42),Grimsby Town FC (15),5-2,?,Chesterfield FC (29)
?,(Sat) 27 Aug 1949 (34),Grimsby Town FC (16),3-2,?,Coventry City FC (29)
?,(Sat) 18 Feb 1950 (7),Grimsby Town FC (17),1-0,?,Hull City AFC (9)
?,(Fri) 7 Apr 1950 (14),Grimsby Town FC (18),2-0,?,Leeds United FC (9)
?,(Sat) 5 Nov 1949 (44),Grimsby Town FC (19),2-1,?,Leicester City FC (9)
?,(Sat) 31 Dec 1949 (52),Grimsby Town FC (20),6-1,?,Luton Town FC (9)
?,(Sat) 4 Mar 1950 (9),Grimsby Town FC (21),2-2,?,Plymouth Argyle FC (9)
?,(Wed) 31 Aug 1949 (35),Grimsby Town FC (22),1-3,?,Preston North End FC (9)
?,(Mon) 26 Dec 1949 (52),Grimsby Town FC (23),1-1,?,Queens Park Rangers FC (9)
?,(Sat) 24 Sep 1949 (38),Grimsby Town FC (24),4-0,?,Sheffield United FC (9)
?,(Sat) 8 Oct 1949 (40),Grimsby Town FC (25),4-1,?,Sheffield Wednesday FC (9)
?,(Sat) 17 Dec 1949 (50),Grimsby Town FC (26),1-1,?,Southampton FC (9)
?,(Wed) 7 Sep 1949 (36),Grimsby Town FC (27),2-1,?,Swansea City AFC (9)
?,(Sat) 19 Nov 1949 (46),Grimsby Town FC (28),2-3,?,Tottenham Hotspur FC (9)
?,(Sat) 21 Jan 1950 (3),Grimsby Town FC (29),2-0,?,West Ham United FC (9)
?,(Sat) 26 Nov 1949 (47),Hull City AFC (10),2-0,?,Barnsley FC (30)
?,(Thu) 1 Sep 1949 (35),Hull City AFC (11),3-1,?,Blackburn Rovers FC (30)
?,(Sat) 3 Sep 1949 (35),Hull City AFC (12),3-3,?,Bradford Park Avenue AFC (30)
?,(Tue) 27 Dec 1949 (52),Hull City AFC (13),2-0,?,Brentford FC (30)
?,(Sat) 20 Aug 1949 (33),Hull City AFC (14),3-2,?,Bury FC (30)
?,(Sat) 6 May 1950 (18),Hull City AFC (15),1-1,?,Cardiff City FC (30)
?,(Sat) 14 Jan 1950 (2),Hull City AFC (16),1-0,?,Chesterfield FC (30)
?,(Sat) 12 Nov 1949 (45),Hull City AFC (17),2-1,?,Coventry City FC (30)
?,(Sat) 1 Oct 1949 (39),Hull City AFC (18),2-2,?,Grimsby Town FC (30)
?,(Sat) 29 Oct 1949 (43),Hull City AFC (19),1-0,?,Leeds United FC (10)
?,(Sat) 24 Dec 1949 (51),Hull City AFC (20),4-0,?,Leicester City FC (10)
?,(Sat) 22 Apr 1950 (16),Hull City AFC (21),1-1,?,Luton Town FC (10)
?,(Sat) 17 Sep 1949 (37),Hull City AFC (22),4-2,?,Plymouth Argyle FC (10)
?,(Sat) 15 Oct 1949 (41),Hull City AFC (23),4-2,?,Preston North End FC (10)
?,(Sat) 25 Feb 1950 (8),Hull City AFC (24),1-1,?,Queens Park Rangers FC (10)
?,(Sat) 10 Dec 1949 (49),Hull City AFC (25),0-4,?,Sheffield United FC (10)
?,(Sat) 4 Feb 1950 (5),Hull City AFC (26),1-1,?,Sheffield Wednesday FC (10)
?,(Sat) 25 Mar 1950 (12),Hull City AFC (27),1-2,?,Southampton FC (10)
?,(Sat) 11 Mar 1950 (10),Hull City AFC (28),0-0,?,Swansea City AFC (10)
?,(Mon) 10 Apr 1950 (15),Hull City AFC (29),1-0,?,Tottenham Hotspur FC (10)
?,(Sat) 8 Apr 1950 (14),Hull City AFC (30),2-2,?,West Ham United FC (10)
?,(Tue) 27 Dec 1949 (52),Leeds United FC (11),1-0,?,Barnsley FC (31)
?,(Wed) 26 Apr 1950 (17),Leeds United FC (12),2-1,?,Blackburn Rovers FC (31)
?,(Sat) 1 Apr 1950 (13),Leeds United FC (13),0-0,?,Bradford Park Avenue AFC (31)
?,(Sat) 22 Oct 1949 (42),Leeds United FC (14),1-0,?,Brentford FC (31)
?,(Sat) 29 Apr 1950 (17),Leeds United FC (15),4-1,?,Bury FC (31)
?,(Sat) 8 Oct 1949 (40),Leeds United FC (16),2-0,?,Cardiff City FC (31)
?,(Sat) 19 Nov 1949 (46),Leeds United FC (17),0-0,?,Chesterfield FC (31)
?,(Sat) 24 Sep 1949 (38),Leeds United FC (18),3-3,?,Coventry City FC (31)
?,(Mon) 10 Apr 1950 (15),Leeds United FC (19),1-0,?,Grimsby Town FC (31)
?,(Sat) 18 Mar 1950 (11),Leeds United FC (20),3-0,?,Hull City AFC (31)
?,(Sat) 3 Dec 1949 (48),Leeds United FC (21),1-1,?,Leicester City FC (11)
?,(Sat) 18 Feb 1950 (7),Leeds United FC (22),2-1,?,Luton Town FC (11)
?,(Sat) 15 Apr 1950 (15),Leeds United FC (23),1-1,?,Plymouth Argyle FC (11)
?,(Sat) 24 Dec 1949 (51),Leeds United FC (24),3-1,?,Preston North End FC (11)
?,(Sat) 20 Aug 1949 (33),Leeds United FC (25),1-1,?,Queens Park Rangers FC (11)
?,(Wed) 14 Sep 1949 (37),Leeds United FC (26),0-1,?,Sheffield United FC (11)
?,(Sat) 5 Nov 1949 (44),Leeds United FC (27),1-1,?,Sheffield Wednesday FC (11)
?,(Sat) 21 Jan 1950 (3),Leeds United FC (28),1-0,?,Southampton FC (11)
?,(Sat) 3 Sep 1949 (35),Leeds United FC (29),1-2,?,Swansea City AFC (11)
?,(Sat) 14 Jan 1950 (2),Leeds United FC (30),3-0,?,Tottenham Hotspur FC (11)
?,(Wed) 31 Aug 1949 (35),Leeds United FC (31),2-2,?,West Ham United FC (11)
?,(Sat) 15 Oct 1949 (41),Leicester City FC (12),2-2,?,Barnsley FC (32)
?,(Sat) 10 Sep 1949 (36),Leicester City FC (13),3-3,?,Blackburn Rovers FC (32)
?,(Mon) 29 Aug 1949 (35),Leicester City FC (14),4-1,?,Bradford Park Avenue AFC (32)
?,(Sat) 31 Dec 1949 (52),Leicester City FC (15),1-1,?,Brentford FC (32)
?,(Sat) 18 Feb 1950 (7),Leicester City FC (16),0-2,?,Bury FC (32)
?,(Sat) 21 Jan 1950 (3),Leicester City FC (17),1-0,?,Cardiff City FC (32)
?,(Mon) 19 Sep 1949 (38),Leicester City FC (18),0-1,?,Chesterfield FC (32)
?,(Mon) 26 Dec 1949 (52),Leicester City FC (19),1-0,?,Coventry City FC (32)
?,(Sat) 25 Mar 1950 (12),Leicester City FC (20),1-0,?,Grimsby Town FC (32)
?,(Sat) 27 Aug 1949 (34),Leicester City FC (21),1-2,?,Hull City AFC (32)
?,(Sat) 8 Apr 1950 (14),Leicester City FC (22),1-1,?,Leeds United FC (32)
?,(Sat) 25 Feb 1950 (8),Leicester City FC (23),3-2,?,Luton Town FC (12)
?,(Sat) 11 Feb 1950 (6),Leicester City FC (24),0-0,?,Plymouth Argyle FC (12)
?,(Sat) 22 Apr 1950 (16),Leicester City FC (25),1-0,?,Preston North End FC (12)
?,(Sat) 12 Nov 1949 (45),Leicester City FC (26),3-2,?,Queens Park Rangers FC (12)
?,(Sat) 29 Oct 1949 (43),Leicester City FC (27),1-1,?,Sheffield United FC (12)
?,(Sat) 17 Dec 1949 (50),Leicester City FC (28),2-2,?,Sheffield Wednesday FC (12)
?,(Sat) 10 Dec 1949 (49),Leicester City FC (29),2-2,?,Southampton FC (12)
?,(Sat) 26 Nov 1949 (47),Leicester City FC (30),0-0,?,Swansea City AFC (12)
?,(Sat) 24 Sep 1949 (38),Leicester City FC (31),1-2,?,Tottenham Hotspur FC (12)
?,(Sat) 11 Mar 1950 (10),Leicester City FC (32),2-1,?,West Ham United FC (12)
?,(Fri) 7 Apr 1950 (14),Luton Town FC (13),3-1,?,Barnsley FC (33)
?,(Sat) 5 Nov 1949 (44),Luton Town FC (14),5-2,?,Blackburn Rovers FC (33)
?,(Sat) 6 May 1950 (18),Luton Town FC (15),3-1,?,Bradford Park Avenue AFC (33)
?,(Sat) 15 Apr 1950 (15),Luton Town FC (16),1-0,?,Brentford FC (33)
?,(Sat) 4 Mar 1950 (9),Luton Town FC (17),2-1,?,Bury FC (33)
?,(Sat) 18 Mar 1950 (11),Luton Town FC (18),0-0,?,Cardiff City FC (33)
?,(Sat) 29 Apr 1950 (17),Luton Town FC (19),1-1,?,Chesterfield FC (33)
?,(Wed) 24 Aug 1949 (34),Luton Town FC (20),2-0,?,Coventry City FC (33)
?,(Sat) 3 Sep 1949 (35),Luton Town FC (21),0-0,?,Grimsby Town FC (33)
?,(Sat) 19 Nov 1949 (46),Luton Town FC (22),0-3,?,Hull City AFC (33)
?,(Sat) 1 Oct 1949 (39),Luton Town FC (23),1-0,?,Leeds United FC (33)
?,(Sat) 8 Oct 1949 (40),Luton Town FC (24),1-0,?,Leicester City FC (33)
?,(Sat) 3 Dec 1949 (48),Luton Town FC (25),1-1,?,Plymouth Argyle FC (13)
?,(Sat) 17 Sep 1949 (37),Luton Town FC (26),1-1,?,Preston North End FC (13)
?,(Sat) 14 Jan 1950 (2),Luton Town FC (27),1-2,?,Queens Park Rangers FC (13)
?,(Sat) 24 Dec 1949 (51),Luton Town FC (28),1-3,?,Sheffield United FC (13)
?,(Sat) 1 Apr 1950 (13),Luton Town FC (29),0-0,?,Sheffield Wednesday FC (13)
?,(Mon) 26 Dec 1949 (52),Luton Town FC (30),1-1,?,Southampton FC (13)
?,(Sat) 4 Feb 1950 (5),Luton Town FC (31),1-2,?,Swansea City AFC (13)
?,(Sat) 22 Oct 1949 (42),Luton Town FC (32),1-1,?,Tottenham Hotspur FC (13)
?,(Sat) 20 Aug 1949 (33),Luton Town FC (33),2-2,?,West Ham United FC (13)
?,(Sat) 10 Dec 1949 (49),Plymouth Argyle FC (14),2-2,?,Barnsley FC (34)
?,(Sat) 18 Feb 1950 (7),Plymouth Argyle FC (15),0-0,?,Blackburn Rovers FC (34)
?,(Sat) 20 Aug 1949 (33),Plymouth Argyle FC (16),1-1,?,Bradford Park Avenue AFC (34)
?,(Sat) 24 Sep 1949 (38),Plymouth Argyle FC (17),2-0,?,Brentford FC (34)
?,(Sat) 6 May 1950 (18),Plymouth Argyle FC (18),2-0,?,Bury FC (34)
?,(Mon) 26 Dec 1949 (52),Plymouth Argyle FC (19),0-0,?,Cardiff City FC (34)
?,(Sat) 24 Dec 1949 (51),Plymouth Argyle FC (20),2-1,?,Chesterfield FC (34)
?,(Sat) 26 Nov 1949 (47),Plymouth Argyle FC (21),1-2,?,Coventry City FC (34)
?,(Sat) 15 Oct 1949 (41),Plymouth Argyle FC (22),4-2,?,Grimsby Town FC (34)
?,(Sat) 21 Jan 1950 (3),Plymouth Argyle FC (23),1-3,?,Hull City AFC (34)
?,(Sat) 12 Nov 1949 (45),Plymouth Argyle FC (24),1-2,?,Leeds United FC (34)
?,(Mon) 10 Apr 1950 (15),Plymouth Argyle FC (25),2-1,?,Leicester City FC (34)
?,(Sat) 8 Apr 1950 (14),Plymouth Argyle FC (26),0-0,?,Luton Town FC (34)
?,(Sat) 29 Oct 1949 (43),Plymouth Argyle FC (27),1-0,?,Preston North End FC (14)
?,(Sat) 11 Mar 1950 (10),Plymouth Argyle FC (28),0-2,?,Queens Park Rangers FC (14)
?,(Sat) 25 Feb 1950 (8),Plymouth Argyle FC (29),0-1,?,Sheffield United FC (14)
?,(Sat) 10 Sep 1949 (36),Plymouth Argyle FC (30),0-1,?,Sheffield Wednesday FC (14)
?,(Sat) 22 Apr 1950 (16),Plymouth Argyle FC (31),0-0,?,Southampton FC (14)
?,(Sat) 25 Mar 1950 (12),Plymouth Argyle FC (32),0-1,?,Swansea City AFC (14)
?,(Wed) 31 Aug 1949 (35),Plymouth Argyle FC (33),0-2,?,Tottenham Hotspur FC (14)
?,(Sat) 3 Sep 1949 (35),Plymouth Argyle FC (34),0-3,?,West Ham United FC (14)
?,(Sat) 24 Sep 1949 (38),Preston North End FC (15),1-1,?,Barnsley FC (35)
?,(Mon) 10 Apr 1950 (15),Preston North End FC (16),3-1,?,Blackburn Rovers FC (35)
?,(Sat) 15 Apr 1950 (15),Preston North End FC (17),3-0,?,Bradford Park Avenue AFC (35)
?,(Sat) 8 Oct 1949 (40),Preston North End FC (18),2-0,?,Brentford FC (35)
?,(Sat) 1 Apr 1950 (13),Preston North End FC (19),3-1,?,Bury FC (35)
?,(Sat) 29 Apr 1950 (17),Preston North End FC (20),3-0,?,Cardiff City FC (35)
?,(Sat) 5 Nov 1949 (44),Preston North End FC (21),0-0,?,Chesterfield FC (35)
?,(Sat) 10 Sep 1949 (36),Preston North End FC (22),1-1,?,Coventry City FC (35)
?,(Wed) 24 Aug 1949 (34),Preston North End FC (23),2-0,?,Grimsby Town FC (35)
?,(Sat) 4 Mar 1950 (9),Preston North End FC (24),4-2,?,Hull City AFC (35)
?,(Sat) 27 Aug 1949 (34),Preston North End FC (25),1-1,?,Leeds United FC (35)
?,(Sat) 19 Nov 1949 (46),Preston North End FC (26),2-1,?,Leicester City FC (35)
?,(Sat) 21 Jan 1950 (3),Preston North End FC (27),0-1,?,Luton Town FC (35)
?,(Sat) 18 Mar 1950 (11),Preston North End FC (28),0-0,?,Plymouth Argyle FC (35)
?,(Wed) 14 Sep 1949 (37),Preston North End FC (29),3-2,?,Queens Park Rangers FC (15)
?,(Mon) 26 Dec 1949 (52),Preston North End FC (30),4-1,?,Sheffield United FC (15)
?,(Sat) 22 Oct 1949 (42),Preston North End FC (31),0-1,?,Sheffield Wednesday FC (15)
?,(Sat) 31 Dec 1949 (52),Preston North End FC (32),0-3,?,Southampton FC (15)
?,(Sat) 17 Dec 1949 (50),Preston North End FC (33),2-1,?,Swansea City AFC (15)
?,(Sat) 3 Dec 1949 (48),Preston North End FC (34),1-3,?,Tottenham Hotspur FC (15)
?,(Sat) 18 Feb 1950 (7),Preston North End FC (35),2-1,?,West Ham United FC (15)
?,(Sat) 21 Jan 1950 (3),Queens Park Rangers FC (16),0-5,?,Barnsley FC (36)
?,(Sat) 29 Apr 1950 (17),Queens Park Rangers FC (17),2-3,?,Blackburn Rovers FC (36)
?,(Sat) 5 Nov 1949 (44),Queens Park Rangers FC (18),0-1,?,Bradford Park Avenue AFC (36)
?,(Wed) 24 Aug 1949 (34),Queens Park Rangers FC (19),3-3,?,Brentford FC (36)
?,(Sat) 19 Nov 1949 (46),Queens Park Rangers FC (20),1-0,?,Bury FC (36)
?,(Sat) 3 Dec 1949 (48),Queens Park Rangers FC (21),0-1,?,Cardiff City FC (36)
?,(Sat) 18 Mar 1950 (11),Queens Park Rangers FC (22),3-2,?,Chesterfield FC (36)
?,(Sat) 31 Dec 1949 (52),Queens Park Rangers FC (23),2-0,?,Coventry City FC (36)
?,(Tue) 27 Dec 1949 (52),Queens Park Rangers FC (24),1-2,?,Grimsby Town FC (36)
?,(Sat) 8 Oct 1949 (40),Queens Park Rangers FC (25),1-4,?,Hull City AFC (36)
?,(Sat) 17 Dec 1949 (50),Queens Park Rangers FC (26),1-1,?,Leeds United FC (36)
?,(Sat) 15 Apr 1950 (15),Queens Park Rangers FC (27),2-0,?,Leicester City FC (36)
?,(Sat) 10 Sep 1949 (36),Queens Park Rangers FC (28),3-0,?,Luton Town FC (36)
?,(Sat) 22 Oct 1949 (42),Queens Park Rangers FC (29),0-2,?,Plymouth Argyle FC (36)
?,(Wed) 7 Sep 1949 (36),Queens Park Rangers FC (30),0-0,?,Preston North End FC (36)
?,(Sat) 18 Feb 1950 (7),Queens Park Rangers FC (31),1-3,?,Sheffield United FC (16)
?,(Sat) 4 Mar 1950 (9),Queens Park Rangers FC (32),0-0,?,Sheffield Wednesday FC (16)
?,(Sat) 27 Aug 1949 (34),Queens Park Rangers FC (33),1-0,?,Southampton FC (16)
?,(Fri) 7 Apr 1950 (14),Queens Park Rangers FC (34),0-0,?,Swansea City AFC (16)
?,(Sat) 1 Apr 1950 (13),Queens Park Rangers FC (35),0-2,?,Tottenham Hotspur FC (16)
?,(Sat) 24 Sep 1949 (38),Queens Park Rangers FC (36),0-1,?,West Ham United FC (16)
?,(Sat) 31 Dec 1949 (52),Sheffield United FC (17),1-1,?,Barnsley FC (37)
?,(Sat) 1 Apr 1950 (13),Sheffield United FC (18),4-0,?,Blackburn Rovers FC (37)
?,(Sat) 22 Oct 1949 (42),Sheffield United FC (19),2-1,?,Bradford Park Avenue AFC (37)
?,(Sat) 3 Dec 1949 (48),Sheffield United FC (20),1-1,?,Brentford FC (37)
?,(Sat) 5 Nov 1949 (44),Sheffield United FC (21),4-4,?,Bury FC (37)
?,(Sat) 19 Nov 1949 (46),Sheffield United FC (22),2-0,?,Cardiff City FC (37)
?,(Sat) 4 Mar 1950 (9),Sheffield United FC (23),1-0,?,Chesterfield FC (37)
?,(Sat) 17 Dec 1949 (50),Sheffield United FC (24),1-1,?,Coventry City FC (37)
?,(Sat) 4 Feb 1950 (5),Sheffield United FC (25),3-1,?,Grimsby Town FC (37)
?,(Sat) 29 Apr 1950 (17),Sheffield United FC (26),5-0,?,Hull City AFC (37)
?,(Mon) 5 Sep 1949 (36),Sheffield United FC (27),0-1,?,Leeds United FC (37)
?,(Sat) 18 Mar 1950 (11),Sheffield United FC (28),2-2,?,Leicester City FC (37)
?,(Sat) 27 Aug 1949 (34),Sheffield United FC (29),2-2,?,Luton Town FC (37)
?,(Sat) 8 Oct 1949 (40),Sheffield United FC (30),1-1,?,Plymouth Argyle FC (37)
?,(Tue) 27 Dec 1949 (52),Sheffield United FC (31),1-0,?,Preston North End FC (37)
?,(Sat) 1 Oct 1949 (39),Sheffield United FC (32),1-1,?,Queens Park Rangers FC (37)
?,(Sat) 21 Jan 1950 (3),Sheffield United FC (33),2-0,?,Sheffield Wednesday FC (17)
?,(Sat) 11 Feb 1950 (6),Sheffield United FC (34),0-1,?,Southampton FC (17)
?,(Mon) 22 Aug 1949 (34),Sheffield United FC (35),1-1,?,Swansea City AFC (17)
?,(Sat) 15 Apr 1950 (15),Sheffield United FC (36),2-1,?,Tottenham Hotspur FC (17)
?,(Sat) 10 Sep 1949 (36),Sheffield United FC (37),0-0,?,West Ham United FC (17)
?,(Sat) 8 Apr 1950 (14),Sheffield Wednesday FC (18),2-0,?,Barnsley FC (38)
?,(Mon) 26 Dec 1949 (52),Sheffield Wednesday FC (19),2-0,?,Blackburn Rovers FC (38)
?,(Sat) 24 Dec 1949 (51),Sheffield Wednesday FC (20),1-1,?,Bradford Park Avenue AFC (38)
?,(Sat) 18 Feb 1950 (7),Sheffield Wednesday FC (21),3-3,?,Brentford FC (38)
?,(Mon) 10 Apr 1950 (15),Sheffield Wednesday FC (22),1-0,?,Bury FC (38)
?,(Mon) 29 Aug 1949 (35),Sheffield Wednesday FC (23),1-1,?,Cardiff City FC (38)
?,(Sat) 3 Sep 1949 (35),Sheffield Wednesday FC (24),4-2,?,Chesterfield FC (38)
?,(Sat) 22 Apr 1950 (16),Sheffield Wednesday FC (25),1-1,?,Coventry City FC (38)
?,(Wed) 26 Apr 1950 (17),Sheffield Wednesday FC (26),4-0,?,Grimsby Town FC (38)
?,(Sat) 24 Sep 1949 (38),Sheffield Wednesday FC (27),6-2,?,Hull City AFC (38)
?,(Sat) 25 Mar 1950 (12),Sheffield Wednesday FC (28),5-2,?,Leeds United FC (38)
?,(Sat) 20 Aug 1949 (33),Sheffield Wednesday FC (29),3-1,?,Leicester City FC (38)
?,(Sat) 26 Nov 1949 (47),Sheffield Wednesday FC (30),1-1,?,Luton Town FC (38)
?,(Sat) 14 Jan 1950 (2),Sheffield Wednesday FC (31),2-4,?,Plymouth Argyle FC (38)
?,(Sat) 11 Mar 1950 (10),Sheffield Wednesday FC (32),0-1,?,Preston North End FC (38)
?,(Sat) 15 Oct 1949 (41),Sheffield Wednesday FC (33),1-0,?,Queens Park Rangers FC (38)
?,(Sat) 17 Sep 1949 (37),Sheffield Wednesday FC (34),2-1,?,Sheffield United FC (38)
?,(Sat) 12 Nov 1949 (45),Sheffield Wednesday FC (35),2-2,?,Southampton FC (18)
?,(Sat) 29 Oct 1949 (43),Sheffield Wednesday FC (36),3-0,?,Swansea City AFC (18)
?,(Sat) 6 May 1950 (18),Sheffield Wednesday FC (37),0-0,?,Tottenham Hotspur FC (18)
?,(Sat) 10 Dec 1949 (49),Sheffield Wednesday FC (38),2-1,?,West Ham United FC (18)
?,(Wed) 31 Aug 1949 (35),Southampton FC (19),0-0,?,Barnsley FC (39)
?,(Sat) 22 Oct 1949 (42),Southampton FC (20),3-1,?,Blackburn Rovers FC (39)
?,(Sat) 3 Dec 1949 (48),Southampton FC (21),3-1,?,Bradford Park Avenue AFC (39)
?,(Sat) 18 Mar 1950 (11),Southampton FC (22),2-3,?,Brentford FC (39)
?,(Sat) 4 Feb 1950 (5),Southampton FC (23),4-1,?,Bury FC (39)
?,(Sat) 4 Mar 1950 (9),Southampton FC (24),3-1,?,Cardiff City FC (39)
?,(Sat) 1 Apr 1950 (13),Southampton FC (25),1-0,?,Chesterfield FC (39)
?,(Sat) 18 Feb 1950 (7),Southampton FC (26),1-1,?,Coventry City FC (39)
?,(Sat) 20 Aug 1949 (33),Southampton FC (27),1-2,?,Grimsby Town FC (39)
?,(Sat) 5 Nov 1949 (44),Southampton FC (28),5-0,?,Hull City AFC (39)
?,(Sat) 17 Sep 1949 (37),Southampton FC (29),2-1,?,Leeds United FC (39)
?,(Sat) 29 Apr 1950 (17),Southampton FC (30),5-3,?,Leicester City FC (39)
?,(Tue) 27 Dec 1949 (52),Southampton FC (31),2-1,?,Luton Town FC (39)
?,(Sat) 19 Nov 1949 (46),Southampton FC (32),3-3,?,Plymouth Argyle FC (39)
?,(Sat) 3 Sep 1949 (35),Southampton FC (33),1-0,?,Preston North End FC (39)
?,(Sat) 24 Dec 1949 (51),Southampton FC (34),1-2,?,Queens Park Rangers FC (39)
?,(Mon) 10 Apr 1950 (15),Southampton FC (35),1-0,?,Sheffield United FC (39)
?,(Sat) 15 Apr 1950 (15),Southampton FC (36),1-0,?,Sheffield Wednesday FC (39)
?,(Sat) 14 Jan 1950 (2),Southampton FC (37),1-2,?,Swansea City AFC (19)
?,(Sat) 8 Oct 1949 (40),Southampton FC (38),1-1,?,Tottenham Hotspur FC (19)
?,(Sat) 6 May 1950 (18),Southampton FC (39),3-2,?,West Ham United FC (19)
?,(Sat) 18 Feb 1950 (7),Swansea City AFC (20),4-0,?,Barnsley FC (40)
?,(Sat) 8 Oct 1949 (40),Swansea City AFC (21),2-0,?,Blackburn Rovers FC (40)
?,(Sat) 19 Nov 1949 (46),Swansea City AFC (22),2-0,?,Bradford Park Avenue AFC (40)
?,(Sat) 4 Mar 1950 (9),Swansea City AFC (23),3-0,?,Brentford FC (40)
?,(Sat) 3 Dec 1949 (48),Swansea City AFC (24),1-2,?,Bury FC (40)
?,(Sat) 24 Dec 1949 (51),Swansea City AFC (25),5-1,?,Cardiff City FC (40)
?,(Sat) 15 Apr 1950 (15),Swansea City AFC (26),0-2,?,Chesterfield FC (40)
?,(Sat) 21 Jan 1950 (3),Swansea City AFC (27),1-2,?,Coventry City FC (40)
?,(Sat) 6 May 1950 (18),Swansea City AFC (28),2-1,?,Grimsby Town FC (40)
?,(Sat) 22 Oct 1949 (42),Swansea City AFC (29),1-2,?,Hull City AFC (40)
?,(Sat) 31 Dec 1949 (52),Swansea City AFC (30),1-2,?,Leeds United FC (40)
?,(Sat) 1 Apr 1950 (13),Swansea City AFC (31),0-0,?,Leicester City FC (40)
?,(Sat) 24 Sep 1949 (38),Swansea City AFC (32),0-0,?,Luton Town FC (40)
?,(Sat) 5 Nov 1949 (44),Swansea City AFC (33),2-2,?,Plymouth Argyle FC (40)
?,(Sat) 20 Aug 1949 (33),Swansea City AFC (34),2-1,?,Preston North End FC (40)
?,(Mon) 10 Apr 1950 (15),Swansea City AFC (35),0-1,?,Queens Park Rangers FC (40)
?,(Thu) 1 Sep 1949 (35),Swansea City AFC (36),1-0,?,Sheffield United FC (40)
?,(Sat) 18 Mar 1950 (11),Swansea City AFC (37),1-2,?,Sheffield Wednesday FC (40)
?,(Sat) 10 Sep 1949 (36),Swansea City AFC (38),4-0,?,Southampton FC (40)
?,(Sat) 29 Apr 1950 (17),Swansea City AFC (39),1-0,?,Tottenham Hotspur FC (20)
?,(Tue) 27 Dec 1949 (52),Swansea City AFC (40),1-0,?,West Ham United FC (20)
?,(Sat) 29 Oct 1949 (43),Tottenham Hotspur FC (21),2-0,?,Barnsley FC (41)
?,(Sat) 27 Aug 1949 (34),Tottenham Hotspur FC (22),2-3,?,Blackburn Rovers FC (41)
?,(Sat) 1 Oct 1949 (39),Tottenham Hotspur FC (23),5-0,?,Bradford Park Avenue AFC (41)
?,(Sat) 17 Dec 1949 (50),Tottenham Hotspur FC (24),1-1,?,Brentford FC (41)
?,(Sat) 17 Sep 1949 (37),Tottenham Hotspur FC (25),3-1,?,Bury FC (41)
?,(Sat) 31 Dec 1949 (52),Tottenham Hotspur FC (26),2-0,?,Cardiff City FC (41)
?,(Mon) 26 Dec 1949 (52),Tottenham Hotspur FC (27),1-0,?,Chesterfield FC (41)
?,(Sat) 15 Oct 1949 (41),Tottenham Hotspur FC (28),3-1,?,Coventry City FC (41)
?,(Sat) 22 Apr 1950 (16),Tottenham Hotspur FC (29),1-2,?,Grimsby Town FC (41)
?,(Fri) 7 Apr 1950 (14),Tottenham Hotspur FC (30),0-0,?,Hull City AFC (41)
?,(Sat) 10 Sep 1949 (36),Tottenham Hotspur FC (31),2-0,?,Leeds United FC (41)
?,(Sat) 4 Feb 1950 (5),Tottenham Hotspur FC (32),0-2,?,Leicester City FC (41)
?,(Sat) 11 Mar 1950 (10),Tottenham Hotspur FC (33),0-0,?,Luton Town FC (41)
?,(Mon) 22 Aug 1949 (34),Tottenham Hotspur FC (34),4-1,?,Plymouth Argyle FC (41)
?,(Sat) 8 Apr 1950 (14),Tottenham Hotspur FC (35),3-2,?,Preston North End FC (41)
?,(Sat) 26 Nov 1949 (47),Tottenham Hotspur FC (36),3-0,?,Queens Park Rangers FC (41)
?,(Sat) 12 Nov 1949 (45),Tottenham Hotspur FC (37),7-0,?,Sheffield United FC (41)
?,(Mon) 5 Sep 1949 (36),Tottenham Hotspur FC (38),1-0,?,Sheffield Wednesday FC (41)
?,(Sat) 25 Feb 1950 (8),Tottenham Hotspur FC (39),4-0,?,Southampton FC (41)
?,(Sat) 10 Dec 1949 (49),Tottenham Hotspur FC (40),3-1,?,Swansea City AFC (41)
?,(Sat) 25 Mar 1950 (12),Tottenham Hotspur FC (41),4-1,?,West Ham United FC (21)
?,(Sat) 27 Aug 1949 (34),West Ham United FC (22),2-1,?,Barnsley FC (42)
?,(Sat) 19 Nov 1949 (46),West Ham United FC (23),0-2,?,Blackburn Rovers FC (42)
?,(Sat) 4 Mar 1950 (9),West Ham United FC (24),1-0,?,Bradford Park Avenue AFC (42)
?,(Sat) 1 Apr 1950 (13),West Ham United FC (25),2-2,?,Brentford FC (42)
?,(Sat) 18 Mar 1950 (11),West Ham United FC (26),4-0,?,Bury FC (42)
?,(Sat) 15 Apr 1950 (15),West Ham United FC (27),0-1,?,Cardiff City FC (42)
?,(Sat) 8 Oct 1949 (40),West Ham United FC (28),1-1,?,Chesterfield FC (42)
?,(Mon) 10 Apr 1950 (15),West Ham United FC (29),0-1,?,Coventry City FC (42)
?,(Sat) 17 Sep 1949 (37),West Ham United FC (30),4-3,?,Grimsby Town FC (42)
?,(Sat) 3 Dec 1949 (48),West Ham United FC (31),2-1,?,Hull City AFC (42)
?,(Mon) 22 Aug 1949 (34),West Ham United FC (32),3-1,?,Leeds United FC (42)
?,(Sat) 22 Oct 1949 (42),West Ham United FC (33),2-2,?,Leicester City FC (42)
?,(Sat) 17 Dec 1949 (50),West Ham United FC (34),0-0,?,Luton Town FC (42)
?,(Sat) 31 Dec 1949 (52),West Ham United FC (35),2-2,?,Plymouth Argyle FC (42)
?,(Sat) 1 Oct 1949 (39),West Ham United FC (36),0-3,?,Preston North End FC (42)
?,(Sat) 4 Feb 1950 (5),West Ham United FC (37),1-0,?,Queens Park Rangers FC (42)
?,(Sat) 14 Jan 1950 (2),West Ham United FC (38),0-0,?,Sheffield United FC (42)
?,(Sat) 29 Apr 1950 (17),West Ham United FC (39),2-2,?,Sheffield Wednesday FC (42)
?,(Mon) 5 Sep 1949 (36),West Ham United FC (40),1-2,?,Southampton FC (42)
?,(Mon) 26 Dec 1949 (52),West Ham United FC (41),3-0,?,Swansea City AFC (42)
?,(Sat) 5 Nov 1949 (44),West Ham United FC (42),0-1,?,Tottenham Hotspur FC (42)
