Round,Date,Team 1,FT,HT,Team 2
?,(Mon) 25 Apr 1977 (17),Arsenal FC (1),3-0,?,Aston Villa FC (1)
?,(Sat) 6 Nov 1976 (44),Arsenal FC (2),4-0,?,Birmingham City FC (1)
?,(Sat) 21 Aug 1976 (33),Arsenal FC (3),0-1,?,Bristol City FC (1)
?,(Sat) 23 Apr 1977 (16),Arsenal FC (4),2-0,?,Coventry City FC (1)
?,(Tue) 3 May 1977 (18),Arsenal FC (5),0-0,?,Derby County FC (1)
?,(Sat) 18 Sep 1976 (37),Arsenal FC (6),3-1,?,Everton FC (1)
?,(Sat) 5 Mar 1977 (9),Arsenal FC (7),1-4,?,Ipswich Town FC (1)
?,(Mon) 3 Jan 1977 (1),Arsenal FC (8),1-1,?,Leeds United FC (1)
?,(Sat) 2 Apr 1977 (13),Arsenal FC (9),3-0,?,Leicester City FC (1)
?,(Sat) 20 Nov 1976 (46),Arsenal FC (10),1-1,?,Liverpool FC (1)
?,(Sat) 4 Sep 1976 (35),Arsenal FC (11),0-0,?,Manchester City FC (1)
?,(Sat) 18 Dec 1976 (50),Arsenal FC (12),3-1,?,Manchester United FC (1)
?,(Sat) 7 May 1977 (18),Arsenal FC (13),1-1,?,Middlesbrough FC (1)
?,(Sat) 4 Dec 1976 (48),Arsenal FC (14),5-3,?,Newcastle United FC (1)
?,(Sat) 15 Jan 1977 (2),Arsenal FC (15),1-0,?,Norwich City FC (1)
?,(Sat) 2 Oct 1976 (39),Arsenal FC (16),3-2,?,Queens Park Rangers FC (1)
?,(Sat) 16 Oct 1976 (41),Arsenal FC (17),2-0,?,Stoke City FC (1)
?,(Sat) 5 Feb 1977 (5),Arsenal FC (18),0-0,?,Sunderland AFC (1)
?,(Mon) 11 Apr 1977 (15),Arsenal FC (19),1-0,?,Tottenham Hotspur FC (1)
?,(Tue) 8 Mar 1977 (10),Arsenal FC (20),1-2,?,West Bromwich Albion FC (1)
?,(Sat) 19 Feb 1977 (7),Arsenal FC (21),2-3,?,West Ham United FC (1)
?,(Wed) 20 Oct 1976 (42),Aston Villa FC (2),5-1,?,Arsenal FC (22)
?,(Sat) 18 Sep 1976 (37),Aston Villa FC (3),1-2,?,Birmingham City FC (2)
?,(Sat) 23 Oct 1976 (42),Aston Villa FC (4),3-1,?,Bristol City FC (2)
?,(Sat) 20 Nov 1976 (46),Aston Villa FC (5),2-2,?,Coventry City FC (2)
?,(Wed) 2 Mar 1977 (9),Aston Villa FC (6),4-0,?,Derby County FC (2)
?,(Sat) 5 Feb 1977 (5),Aston Villa FC (7),2-0,?,Everton FC (2)
?,(Sat) 4 Sep 1976 (35),Aston Villa FC (8),5-2,?,Ipswich Town FC (2)
?,(Sat) 7 May 1977 (18),Aston Villa FC (9),2-1,?,Leeds United FC (2)
?,(Sat) 25 Sep 1976 (38),Aston Villa FC (10),2-0,?,Leicester City FC (2)
?,(Wed) 15 Dec 1976 (50),Aston Villa FC (11),5-1,?,Liverpool FC (2)
?,(Wed) 4 May 1977 (18),Aston Villa FC (12),1-1,?,Manchester City FC (2)
?,(Sat) 6 Nov 1976 (44),Aston Villa FC (13),3-2,?,Manchester United FC (2)
?,(Tue) 5 Apr 1977 (14),Aston Villa FC (14),1-0,?,Middlesbrough FC (2)
?,(Sat) 18 Dec 1976 (50),Aston Villa FC (15),2-1,?,Newcastle United FC (2)
?,(Sat) 23 Apr 1977 (16),Aston Villa FC (16),1-0,?,Norwich City FC (2)
?,(Fri) 20 May 1977 (20),Aston Villa FC (17),1-1,?,Queens Park Rangers FC (2)
?,(Mon) 16 May 1977 (20),Aston Villa FC (18),1-0,?,Stoke City FC (2)
?,(Wed) 23 Mar 1977 (12),Aston Villa FC (19),4-1,?,Sunderland AFC (2)
?,(Wed) 20 Apr 1977 (16),Aston Villa FC (20),2-1,?,Tottenham Hotspur FC (2)
?,(Mon) 23 May 1977 (21),Aston Villa FC (21),4-0,?,West Bromwich Albion FC (2)
?,(Sat) 21 Aug 1976 (33),Aston Villa FC (22),4-0,?,West Ham United FC (2)
?,(Tue) 18 Jan 1977 (3),Birmingham City FC (3),3-3,?,Arsenal FC (23)
?,(Tue) 10 May 1977 (19),Birmingham City FC (4),2-1,?,Aston Villa FC (23)
?,(Sat) 9 Apr 1977 (14),Birmingham City FC (5),3-0,?,Bristol City FC (3)
?,(Sat) 5 Mar 1977 (9),Birmingham City FC (6),3-1,?,Coventry City FC (3)
?,(Sat) 2 Oct 1976 (39),Birmingham City FC (7),5-1,?,Derby County FC (3)
?,(Sat) 14 May 1977 (19),Birmingham City FC (8),1-1,?,Everton FC (3)
?,(Tue) 7 Dec 1976 (49),Birmingham City FC (9),2-4,?,Ipswich Town FC (3)
?,(Tue) 24 Aug 1976 (34),Birmingham City FC (10),0-0,?,Leeds United FC (3)
?,(Sat) 30 Apr 1977 (17),Birmingham City FC (11),1-1,?,Leicester City FC (3)
?,(Sat) 28 Aug 1976 (34),Birmingham City FC (12),2-1,?,Liverpool FC (3)
?,(Sat) 27 Nov 1976 (47),Birmingham City FC (13),0-0,?,Manchester City FC (3)
?,(Sat) 22 Jan 1977 (3),Birmingham City FC (14),2-3,?,Manchester United FC (3)
?,(Sat) 16 Oct 1976 (41),Birmingham City FC (15),3-1,?,Middlesbrough FC (3)
?,(Sat) 2 Apr 1977 (13),Birmingham City FC (16),1-2,?,Newcastle United FC (3)
?,(Sat) 12 Feb 1977 (6),Birmingham City FC (17),3-2,?,Norwich City FC (3)
?,(Sat) 30 Oct 1976 (43),Birmingham City FC (18),2-1,?,Queens Park Rangers FC (3)
?,(Sat) 16 Apr 1977 (15),Birmingham City FC (19),2-0,?,Stoke City FC (3)
?,(Sat) 11 Dec 1976 (49),Birmingham City FC (20),2-0,?,Sunderland AFC (3)
?,(Sat) 19 Mar 1977 (11),Birmingham City FC (21),1-2,?,Tottenham Hotspur FC (3)
?,(Sat) 11 Sep 1976 (36),Birmingham City FC (22),0-1,?,West Bromwich Albion FC (3)
?,(Mon) 27 Dec 1976 (52),Birmingham City FC (23),0-0,?,West Ham United FC (3)
?,(Sat) 22 Jan 1977 (3),Bristol City FC (4),2-0,?,Arsenal FC (24)
?,(Sat) 2 Apr 1977 (13),Bristol City FC (5),0-0,?,Aston Villa FC (24)
?,(Tue) 26 Oct 1976 (43),Bristol City FC (6),0-1,?,Birmingham City FC (24)
?,(Sat) 6 Nov 1976 (44),Bristol City FC (7),0-0,?,Coventry City FC (4)
?,(Tue) 15 Mar 1977 (11),Bristol City FC (8),2-2,?,Derby County FC (4)
?,(Sat) 5 Mar 1977 (9),Bristol City FC (9),1-2,?,Everton FC (4)
?,(Sat) 2 Oct 1976 (39),Bristol City FC (10),1-2,?,Ipswich Town FC (4)
?,(Tue) 10 May 1977 (19),Bristol City FC (11),1-0,?,Leeds United FC (4)
?,(Sat) 16 Oct 1976 (41),Bristol City FC (12),0-1,?,Leicester City FC (4)
?,(Mon) 16 May 1977 (20),Bristol City FC (13),2-1,?,Liverpool FC (4)
?,(Sat) 19 Feb 1977 (7),Bristol City FC (14),1-0,?,Manchester City FC (4)
?,(Sat) 7 May 1977 (18),Bristol City FC (15),1-1,?,Manchester United FC (4)
?,(Sat) 18 Dec 1976 (50),Bristol City FC (16),1-2,?,Middlesbrough FC (4)
?,(Sat) 5 Feb 1977 (5),Bristol City FC (17),1-1,?,Newcastle United FC (4)
?,(Sat) 20 Nov 1976 (46),Bristol City FC (18),3-1,?,Norwich City FC (4)
?,(Sat) 19 Mar 1977 (11),Bristol City FC (19),1-0,?,Queens Park Rangers FC (4)
?,(Tue) 24 Aug 1976 (34),Bristol City FC (20),1-1,?,Stoke City FC (4)
?,(Sat) 4 Sep 1976 (35),Bristol City FC (21),4-1,?,Sunderland AFC (4)
?,(Tue) 12 Apr 1977 (15),Bristol City FC (22),1-0,?,Tottenham Hotspur FC (4)
?,(Tue) 5 Apr 1977 (14),Bristol City FC (23),1-2,?,West Bromwich Albion FC (4)
?,(Sat) 18 Sep 1976 (37),Bristol City FC (24),1-1,?,West Ham United FC (4)
?,(Sat) 27 Nov 1976 (47),Coventry City FC (5),1-2,?,Arsenal FC (25)
?,(Sat) 16 Apr 1977 (15),Coventry City FC (6),2-3,?,Aston Villa FC (25)
?,(Sat) 25 Sep 1976 (38),Coventry City FC (7),2-1,?,Birmingham City FC (25)
?,(Thu) 19 May 1977 (20),Coventry City FC (8),2-2,?,Bristol City FC (25)
?,(Mon) 25 Apr 1977 (17),Coventry City FC (9),2-0,?,Derby County FC (5)
?,(Sat) 11 Dec 1976 (49),Coventry City FC (10),4-2,?,Everton FC (5)
?,(Mon) 27 Dec 1976 (52),Coventry City FC (11),1-1,?,Ipswich Town FC (5)
?,(Sat) 28 Aug 1976 (34),Coventry City FC (12),4-2,?,Leeds United FC (5)
?,(Sat) 2 Oct 1976 (39),Coventry City FC (13),1-1,?,Leicester City FC (5)
?,(Tue) 10 May 1977 (19),Coventry City FC (14),0-0,?,Liverpool FC (5)
?,(Sat) 14 May 1977 (19),Coventry City FC (15),0-1,?,Manchester City FC (5)
?,(Tue) 24 Aug 1976 (34),Coventry City FC (16),0-2,?,Manchester United FC (5)
?,(Sat) 22 Jan 1977 (3),Coventry City FC (17),1-1,?,Middlesbrough FC (5)
?,(Sat) 16 Oct 1976 (41),Coventry City FC (18),1-1,?,Newcastle United FC (5)
?,(Sat) 11 Sep 1976 (36),Coventry City FC (19),2-0,?,Norwich City FC (5)
?,(Tue) 9 Nov 1976 (45),Coventry City FC (20),2-0,?,Queens Park Rangers FC (5)
?,(Sat) 30 Apr 1977 (17),Coventry City FC (21),5-2,?,Stoke City FC (5)
?,(Sat) 30 Oct 1976 (43),Coventry City FC (22),1-2,?,Sunderland AFC (5)
?,(Sat) 2 Apr 1977 (13),Coventry City FC (23),1-1,?,Tottenham Hotspur FC (5)
?,(Tue) 19 Apr 1977 (16),Coventry City FC (24),1-1,?,West Bromwich Albion FC (5)
?,(Sat) 9 Apr 1977 (14),Coventry City FC (25),1-1,?,West Ham United FC (5)
?,(Wed) 15 Dec 1976 (50),Derby County FC (6),0-0,?,Arsenal FC (26)
?,(Sat) 9 Apr 1977 (14),Derby County FC (7),2-1,?,Aston Villa FC (26)
?,(Sat) 12 Mar 1977 (10),Derby County FC (8),0-0,?,Birmingham City FC (26)
?,(Sat) 30 Oct 1976 (43),Derby County FC (9),2-0,?,Bristol City FC (26)
?,(Wed) 9 Mar 1977 (10),Derby County FC (10),1-1,?,Coventry City FC (26)
?,(Sat) 16 Apr 1977 (15),Derby County FC (11),2-3,?,Everton FC (6)
?,(Sat) 14 May 1977 (19),Derby County FC (12),0-0,?,Ipswich Town FC (6)
?,(Sat) 12 Feb 1977 (6),Derby County FC (13),0-1,?,Leeds United FC (6)
?,(Mon) 27 Dec 1976 (52),Derby County FC (14),1-0,?,Leicester City FC (6)
?,(Sat) 11 Sep 1976 (36),Derby County FC (15),2-3,?,Liverpool FC (6)
?,(Sat) 30 Apr 1977 (17),Derby County FC (16),4-0,?,Manchester City FC (6)
?,(Sat) 28 Aug 1976 (34),Derby County FC (17),0-0,?,Manchester United FC (6)
?,(Wed) 25 Aug 1976 (34),Derby County FC (18),0-0,?,Middlesbrough FC (6)
?,(Sat) 22 Jan 1977 (3),Derby County FC (19),4-2,?,Newcastle United FC (6)
?,(Wed) 6 Apr 1977 (14),Derby County FC (20),2-2,?,Norwich City FC (6)
?,(Wed) 11 May 1977 (19),Derby County FC (21),2-0,?,Queens Park Rangers FC (6)
?,(Sat) 2 Apr 1977 (13),Derby County FC (22),2-0,?,Stoke City FC (6)
?,(Sat) 27 Nov 1976 (47),Derby County FC (23),1-0,?,Sunderland AFC (6)
?,(Sat) 16 Oct 1976 (41),Derby County FC (24),8-2,?,Tottenham Hotspur FC (6)
?,(Sat) 25 Sep 1976 (38),Derby County FC (25),2-2,?,West Bromwich Albion FC (6)
?,(Wed) 20 Apr 1977 (16),Derby County FC (26),1-1,?,West Ham United FC (6)
?,(Tue) 1 Mar 1977 (9),Everton FC (7),2-1,?,Arsenal FC (27)
?,(Sat) 28 Aug 1976 (34),Everton FC (8),0-2,?,Aston Villa FC (27)
?,(Sat) 18 Dec 1976 (50),Everton FC (9),2-2,?,Birmingham City FC (27)
?,(Sat) 25 Sep 1976 (38),Everton FC (10),2-0,?,Bristol City FC (27)
?,(Sat) 7 May 1977 (18),Everton FC (11),1-1,?,Coventry City FC (27)
?,(Sat) 20 Nov 1976 (46),Everton FC (12),2-0,?,Derby County FC (27)
?,(Tue) 24 Aug 1976 (34),Everton FC (13),1-1,?,Ipswich Town FC (7)
?,(Sat) 6 Nov 1976 (44),Everton FC (14),0-2,?,Leeds United FC (7)
?,(Sat) 12 Feb 1977 (6),Everton FC (15),1-2,?,Leicester City FC (7)
?,(Tue) 22 Mar 1977 (12),Everton FC (16),0-0,?,Liverpool FC (7)
?,(Tue) 5 Oct 1976 (40),Everton FC (17),2-2,?,Manchester City FC (7)
?,(Tue) 5 Apr 1977 (14),Everton FC (18),1-2,?,Manchester United FC (7)
?,(Wed) 29 Dec 1976 (52),Everton FC (19),2-2,?,Middlesbrough FC (7)
?,(Tue) 24 May 1977 (21),Everton FC (20),2-0,?,Newcastle United FC (7)
?,(Tue) 19 Apr 1977 (16),Everton FC (21),3-1,?,Norwich City FC (7)
?,(Sat) 22 Jan 1977 (3),Everton FC (22),1-3,?,Queens Park Rangers FC (7)
?,(Sat) 11 Sep 1976 (36),Everton FC (23),3-0,?,Stoke City FC (7)
?,(Thu) 19 May 1977 (20),Everton FC (24),2-0,?,Sunderland AFC (7)
?,(Sat) 26 Mar 1977 (12),Everton FC (25),4-0,?,Tottenham Hotspur FC (7)
?,(Mon) 16 May 1977 (20),Everton FC (26),1-1,?,West Bromwich Albion FC (7)
?,(Sat) 23 Oct 1976 (42),Everton FC (27),3-2,?,West Ham United FC (7)
?,(Sat) 25 Sep 1976 (38),Ipswich Town FC (8),3-1,?,Arsenal FC (28)
?,(Sat) 12 Feb 1977 (6),Ipswich Town FC (9),1-0,?,Aston Villa FC (28)
?,(Mon) 11 Apr 1977 (15),Ipswich Town FC (10),1-0,?,Birmingham City FC (28)
?,(Sat) 12 Mar 1977 (10),Ipswich Town FC (11),1-0,?,Bristol City FC (28)
?,(Tue) 5 Apr 1977 (14),Ipswich Town FC (12),2-1,?,Coventry City FC (28)
?,(Sat) 18 Dec 1976 (50),Ipswich Town FC (13),0-0,?,Derby County FC (28)
?,(Sat) 15 Jan 1977 (2),Ipswich Town FC (14),2-0,?,Everton FC (28)
?,(Sat) 20 Nov 1976 (46),Ipswich Town FC (15),1-1,?,Leeds United FC (8)
?,(Sat) 11 Sep 1976 (36),Ipswich Town FC (16),0-0,?,Leicester City FC (8)
?,(Sat) 4 Dec 1976 (48),Ipswich Town FC (17),1-0,?,Liverpool FC (8)
?,(Sat) 23 Oct 1976 (42),Ipswich Town FC (18),1-0,?,Manchester City FC (8)
?,(Mon) 3 Jan 1977 (1),Ipswich Town FC (19),2-1,?,Manchester United FC (8)
?,(Sat) 23 Apr 1977 (16),Ipswich Town FC (20),0-1,?,Middlesbrough FC (8)
?,(Sat) 7 May 1977 (18),Ipswich Town FC (21),2-0,?,Newcastle United FC (8)
?,(Tue) 15 Feb 1977 (7),Ipswich Town FC (22),5-0,?,Norwich City FC (8)
?,(Sat) 28 Aug 1976 (34),Ipswich Town FC (23),2-2,?,Queens Park Rangers FC (8)
?,(Sat) 26 Feb 1977 (8),Ipswich Town FC (24),0-1,?,Stoke City FC (8)
?,(Tue) 23 Nov 1976 (47),Ipswich Town FC (25),3-1,?,Sunderland AFC (8)
?,(Sat) 21 Aug 1976 (33),Ipswich Town FC (26),3-1,?,Tottenham Hotspur FC (8)
?,(Sat) 6 Nov 1976 (44),Ipswich Town FC (27),7-0,?,West Bromwich Albion FC (8)
?,(Tue) 22 Mar 1977 (12),Ipswich Town FC (28),4-1,?,West Ham United FC (8)
?,(Sat) 30 Oct 1976 (43),Leeds United FC (9),2-1,?,Arsenal FC (29)
?,(Sat) 11 Dec 1976 (49),Leeds United FC (10),1-3,?,Aston Villa FC (29)
?,(Wed) 2 Feb 1977 (5),Leeds United FC (11),1-0,?,Birmingham City FC (29)
?,(Sat) 30 Apr 1977 (17),Leeds United FC (12),2-0,?,Bristol City FC (29)
?,(Sat) 5 Feb 1977 (5),Leeds United FC (13),1-2,?,Coventry City FC (29)
?,(Sat) 4 Sep 1976 (35),Leeds United FC (14),2-0,?,Derby County FC (29)
?,(Wed) 4 May 1977 (18),Leeds United FC (15),0-0,?,Everton FC (29)
?,(Sat) 16 Apr 1977 (15),Leeds United FC (16),2-1,?,Ipswich Town FC (29)
?,(Sat) 27 Nov 1976 (47),Leeds United FC (17),2-2,?,Leicester City FC (9)
?,(Sat) 23 Oct 1976 (42),Leeds United FC (18),1-1,?,Liverpool FC (9)
?,(Mon) 27 Dec 1976 (52),Leeds United FC (19),0-2,?,Manchester City FC (9)
?,(Sat) 2 Oct 1976 (39),Leeds United FC (20),0-2,?,Manchester United FC (9)
?,(Sat) 5 Mar 1977 (9),Leeds United FC (21),2-1,?,Middlesbrough FC (9)
?,(Sat) 18 Sep 1976 (37),Leeds United FC (22),2-2,?,Newcastle United FC (9)
?,(Wed) 23 Mar 1977 (12),Leeds United FC (23),3-2,?,Norwich City FC (9)
?,(Sat) 14 May 1977 (19),Leeds United FC (24),0-1,?,Queens Park Rangers FC (9)
?,(Wed) 10 Nov 1976 (45),Leeds United FC (25),1-1,?,Stoke City FC (9)
?,(Sat) 9 Apr 1977 (14),Leeds United FC (26),1-1,?,Sunderland AFC (9)
?,(Sat) 19 Feb 1977 (7),Leeds United FC (27),2-1,?,Tottenham Hotspur FC (9)
?,(Sat) 21 Aug 1976 (33),Leeds United FC (28),2-2,?,West Bromwich Albion FC (9)
?,(Tue) 26 Apr 1977 (17),Leeds United FC (29),1-1,?,West Ham United FC (9)
?,(Sat) 23 Oct 1976 (42),Leicester City FC (10),4-1,?,Arsenal FC (30)
?,(Sat) 5 Mar 1977 (9),Leicester City FC (11),1-1,?,Aston Villa FC (30)
?,(Sat) 4 Dec 1976 (48),Leicester City FC (12),2-6,?,Birmingham City FC (30)
?,(Sat) 26 Mar 1977 (12),Leicester City FC (13),0-0,?,Bristol City FC (30)
?,(Sat) 12 Mar 1977 (10),Leicester City FC (14),3-1,?,Coventry City FC (30)
?,(Tue) 12 Apr 1977 (15),Leicester City FC (15),1-1,?,Derby County FC (30)
?,(Sat) 4 Sep 1976 (35),Leicester City FC (16),1-1,?,Everton FC (30)
?,(Sat) 19 Feb 1977 (7),Leicester City FC (17),1-0,?,Ipswich Town FC (30)
?,(Mon) 16 May 1977 (20),Leicester City FC (18),0-1,?,Leeds United FC (30)
?,(Wed) 27 Oct 1976 (43),Leicester City FC (19),0-1,?,Liverpool FC (10)
?,(Sat) 21 Aug 1976 (33),Leicester City FC (20),2-2,?,Manchester City FC (10)
?,(Sat) 20 Nov 1976 (46),Leicester City FC (21),1-1,?,Manchester United FC (10)
?,(Tue) 15 Mar 1977 (11),Leicester City FC (22),3-3,?,Middlesbrough FC (10)
?,(Wed) 4 May 1977 (18),Leicester City FC (23),1-0,?,Newcastle United FC (10)
?,(Sat) 6 Nov 1976 (44),Leicester City FC (24),1-1,?,Norwich City FC (10)
?,(Sat) 18 Sep 1976 (37),Leicester City FC (25),2-2,?,Queens Park Rangers FC (10)
?,(Wed) 29 Sep 1976 (39),Leicester City FC (26),1-0,?,Stoke City FC (10)
?,(Sat) 15 Jan 1977 (2),Leicester City FC (27),2-0,?,Sunderland AFC (10)
?,(Sat) 18 Dec 1976 (50),Leicester City FC (28),2-1,?,Tottenham Hotspur FC (10)
?,(Sat) 7 May 1977 (18),Leicester City FC (29),0-5,?,West Bromwich Albion FC (10)
?,(Sat) 5 Feb 1977 (5),Leicester City FC (30),2-0,?,West Ham United FC (10)
?,(Sat) 16 Apr 1977 (15),Liverpool FC (11),2-0,?,Arsenal FC (31)
?,(Sat) 30 Oct 1976 (43),Liverpool FC (12),3-0,?,Aston Villa FC (31)
?,(Sat) 5 Feb 1977 (5),Liverpool FC (13),4-1,?,Birmingham City FC (31)
?,(Sat) 27 Nov 1976 (47),Liverpool FC (14),2-1,?,Bristol City FC (31)
?,(Sat) 4 Sep 1976 (35),Liverpool FC (15),3-1,?,Coventry City FC (31)
?,(Sat) 19 Feb 1977 (7),Liverpool FC (16),3-1,?,Derby County FC (31)
?,(Sat) 16 Oct 1976 (41),Liverpool FC (17),3-1,?,Everton FC (31)
?,(Sat) 30 Apr 1977 (17),Liverpool FC (18),2-1,?,Ipswich Town FC (31)
?,(Sat) 2 Apr 1977 (13),Liverpool FC (19),3-1,?,Leeds United FC (31)
?,(Tue) 9 Nov 1976 (45),Liverpool FC (20),5-1,?,Leicester City FC (31)
?,(Sat) 9 Apr 1977 (14),Liverpool FC (21),2-1,?,Manchester City FC (11)
?,(Tue) 3 May 1977 (18),Liverpool FC (22),1-0,?,Manchester United FC (11)
?,(Sat) 2 Oct 1976 (39),Liverpool FC (23),0-0,?,Middlesbrough FC (11)
?,(Sat) 5 Mar 1977 (9),Liverpool FC (24),1-0,?,Newcastle United FC (11)
?,(Sat) 21 Aug 1976 (33),Liverpool FC (25),1-0,?,Norwich City FC (11)
?,(Sat) 11 Dec 1976 (49),Liverpool FC (26),3-1,?,Queens Park Rangers FC (11)
?,(Mon) 27 Dec 1976 (52),Liverpool FC (27),4-0,?,Stoke City FC (11)
?,(Sat) 1 Jan 1977 (0),Liverpool FC (28),2-0,?,Sunderland AFC (11)
?,(Sat) 18 Sep 1976 (37),Liverpool FC (29),2-0,?,Tottenham Hotspur FC (11)
?,(Sat) 15 Jan 1977 (2),Liverpool FC (30),1-1,?,West Bromwich Albion FC (11)
?,(Sat) 14 May 1977 (19),Liverpool FC (31),0-0,?,West Ham United FC (11)
?,(Sat) 12 Feb 1977 (6),Manchester City FC (12),1-0,?,Arsenal FC (32)
?,(Wed) 25 Aug 1976 (34),Manchester City FC (13),2-0,?,Aston Villa FC (32)
?,(Tue) 19 Apr 1977 (16),Manchester City FC (14),2-1,?,Birmingham City FC (32)
?,(Sat) 11 Sep 1976 (36),Manchester City FC (15),2-1,?,Bristol City FC (32)
?,(Sat) 18 Dec 1976 (50),Manchester City FC (16),2-0,?,Coventry City FC (32)
?,(Sat) 4 Dec 1976 (48),Manchester City FC (17),3-2,?,Derby County FC (32)
?,(Tue) 10 May 1977 (19),Manchester City FC (18),1-1,?,Everton FC (32)
?,(Sat) 2 Apr 1977 (13),Manchester City FC (19),2-1,?,Ipswich Town FC (32)
?,(Fri) 8 Apr 1977 (14),Manchester City FC (20),2-1,?,Leeds United FC (32)
?,(Sat) 22 Jan 1977 (3),Manchester City FC (21),5-0,?,Leicester City FC (32)
?,(Wed) 29 Dec 1976 (52),Manchester City FC (22),1-1,?,Liverpool FC (32)
?,(Sat) 25 Sep 1976 (38),Manchester City FC (23),1-3,?,Manchester United FC (12)
?,(Mon) 11 Apr 1977 (15),Manchester City FC (24),1-0,?,Middlesbrough FC (12)
?,(Sat) 6 Nov 1976 (44),Manchester City FC (25),0-0,?,Newcastle United FC (12)
?,(Tue) 1 Mar 1977 (9),Manchester City FC (26),2-0,?,Norwich City FC (12)
?,(Sat) 16 Oct 1976 (41),Manchester City FC (27),0-0,?,Queens Park Rangers FC (12)
?,(Sat) 28 Aug 1976 (34),Manchester City FC (28),0-0,?,Stoke City FC (12)
?,(Wed) 9 Mar 1977 (10),Manchester City FC (29),1-0,?,Sunderland AFC (12)
?,(Sat) 7 May 1977 (18),Manchester City FC (30),5-0,?,Tottenham Hotspur FC (12)
?,(Sat) 20 Nov 1976 (46),Manchester City FC (31),1-0,?,West Bromwich Albion FC (12)
?,(Sat) 2 Oct 1976 (39),Manchester City FC (32),4-2,?,West Ham United FC (12)
?,(Sat) 14 May 1977 (19),Manchester United FC (13),3-2,?,Arsenal FC (33)
?,(Sat) 1 Jan 1977 (0),Manchester United FC (14),2-0,?,Aston Villa FC (33)
?,(Sat) 21 Aug 1976 (33),Manchester United FC (15),2-2,?,Birmingham City FC (33)
?,(Wed) 19 Jan 1977 (3),Manchester United FC (16),2-1,?,Bristol City FC (33)
?,(Sat) 15 Jan 1977 (2),Manchester United FC (17),2-0,?,Coventry City FC (33)
?,(Sat) 5 Feb 1977 (5),Manchester United FC (18),3-1,?,Derby County FC (33)
?,(Mon) 27 Dec 1976 (52),Manchester United FC (19),4-0,?,Everton FC (33)
?,(Sat) 30 Oct 1976 (43),Manchester United FC (20),0-1,?,Ipswich Town FC (33)
?,(Sat) 12 Mar 1977 (10),Manchester United FC (21),1-0,?,Leeds United FC (33)
?,(Sat) 16 Apr 1977 (15),Manchester United FC (22),1-1,?,Leicester City FC (33)
?,(Wed) 16 Feb 1977 (7),Manchester United FC (23),0-0,?,Liverpool FC (33)
?,(Sat) 5 Mar 1977 (9),Manchester United FC (24),3-1,?,Manchester City FC (33)
?,(Sat) 18 Sep 1976 (37),Manchester United FC (25),2-0,?,Middlesbrough FC (13)
?,(Sat) 19 Feb 1977 (7),Manchester United FC (26),3-1,?,Newcastle United FC (13)
?,(Sat) 23 Oct 1976 (42),Manchester United FC (27),2-2,?,Norwich City FC (13)
?,(Sat) 30 Apr 1977 (17),Manchester United FC (28),1-0,?,Queens Park Rangers FC (13)
?,(Sat) 9 Apr 1977 (14),Manchester United FC (29),3-0,?,Stoke City FC (13)
?,(Wed) 10 Nov 1976 (45),Manchester United FC (30),3-3,?,Sunderland AFC (13)
?,(Sat) 4 Sep 1976 (35),Manchester United FC (31),2-3,?,Tottenham Hotspur FC (13)
?,(Wed) 23 Mar 1977 (12),Manchester United FC (32),2-2,?,West Bromwich Albion FC (13)
?,(Sat) 27 Nov 1976 (47),Manchester United FC (33),0-2,?,West Ham United FC (13)
?,(Tue) 15 Feb 1977 (7),Middlesbrough FC (14),3-0,?,Arsenal FC (34)
?,(Mon) 27 Dec 1976 (52),Middlesbrough FC (15),3-2,?,Aston Villa FC (34)
?,(Tue) 22 Mar 1977 (12),Middlesbrough FC (16),2-2,?,Birmingham City FC (34)
?,(Sat) 14 May 1977 (19),Middlesbrough FC (17),0-0,?,Bristol City FC (34)
?,(Sat) 21 Aug 1976 (33),Middlesbrough FC (18),1-0,?,Coventry City FC (34)
?,(Sat) 15 Jan 1977 (2),Middlesbrough FC (19),2-0,?,Derby County FC (34)
?,(Sat) 9 Apr 1977 (14),Middlesbrough FC (20),2-2,?,Everton FC (34)
?,(Sat) 27 Nov 1976 (47),Middlesbrough FC (21),0-2,?,Ipswich Town FC (34)
?,(Sat) 25 Sep 1976 (38),Middlesbrough FC (22),1-0,?,Leeds United FC (34)
?,(Sat) 30 Oct 1976 (43),Middlesbrough FC (23),0-1,?,Leicester City FC (34)
?,(Sat) 12 Mar 1977 (10),Middlesbrough FC (24),0-1,?,Liverpool FC (34)
?,(Tue) 7 Dec 1976 (49),Middlesbrough FC (25),0-0,?,Manchester City FC (34)
?,(Tue) 26 Apr 1977 (17),Middlesbrough FC (26),3-0,?,Manchester United FC (34)
?,(Sat) 4 Sep 1976 (35),Middlesbrough FC (27),1-0,?,Newcastle United FC (14)
?,(Sat) 9 Oct 1976 (40),Middlesbrough FC (28),1-0,?,Norwich City FC (14)
?,(Sat) 16 Apr 1977 (15),Middlesbrough FC (29),0-2,?,Queens Park Rangers FC (14)
?,(Sat) 1 Jan 1977 (0),Middlesbrough FC (30),0-0,?,Stoke City FC (14)
?,(Sat) 11 Sep 1976 (36),Middlesbrough FC (31),2-1,?,Sunderland AFC (14)
?,(Sat) 5 Feb 1977 (5),Middlesbrough FC (32),2-0,?,Tottenham Hotspur FC (14)
?,(Sat) 23 Oct 1976 (42),Middlesbrough FC (33),1-0,?,West Bromwich Albion FC (14)
?,(Fri) 29 Apr 1977 (17),Middlesbrough FC (34),1-1,?,West Ham United FC (14)
?,(Sat) 30 Apr 1977 (17),Newcastle United FC (15),0-2,?,Arsenal FC (35)
?,(Sat) 14 May 1977 (19),Newcastle United FC (16),3-2,?,Aston Villa FC (35)
?,(Sat) 23 Oct 1976 (42),Newcastle United FC (17),3-2,?,Birmingham City FC (35)
?,(Sat) 28 Aug 1976 (34),Newcastle United FC (18),0-0,?,Bristol City FC (35)
?,(Wed) 23 Mar 1977 (12),Newcastle United FC (19),1-0,?,Coventry City FC (35)
?,(Sat) 21 Aug 1976 (33),Newcastle United FC (20),2-2,?,Derby County FC (35)
?,(Wed) 24 Nov 1976 (47),Newcastle United FC (21),4-1,?,Everton FC (35)
?,(Wed) 9 Mar 1977 (10),Newcastle United FC (22),1-1,?,Ipswich Town FC (35)
?,(Wed) 2 Mar 1977 (9),Newcastle United FC (23),3-0,?,Leeds United FC (35)
?,(Sat) 9 Apr 1977 (14),Newcastle United FC (24),0-0,?,Leicester City FC (35)
?,(Sat) 25 Sep 1976 (38),Newcastle United FC (25),1-0,?,Liverpool FC (35)
?,(Wed) 16 Feb 1977 (7),Newcastle United FC (26),2-2,?,Manchester City FC (35)
?,(Sat) 11 Sep 1976 (36),Newcastle United FC (27),2-2,?,Manchester United FC (35)
?,(Sat) 26 Mar 1977 (12),Newcastle United FC (28),1-0,?,Middlesbrough FC (35)
?,(Sat) 12 Mar 1977 (10),Newcastle United FC (29),5-1,?,Norwich City FC (15)
?,(Sat) 27 Nov 1976 (47),Newcastle United FC (30),2-0,?,Queens Park Rangers FC (15)
?,(Sat) 30 Oct 1976 (43),Newcastle United FC (31),1-0,?,Stoke City FC (15)
?,(Mon) 27 Dec 1976 (52),Newcastle United FC (32),2-0,?,Sunderland AFC (15)
?,(Sat) 26 Feb 1977 (8),Newcastle United FC (33),2-0,?,Tottenham Hotspur FC (15)
?,(Wed) 6 Oct 1976 (40),Newcastle United FC (34),2-0,?,West Bromwich Albion FC (15)
?,(Sat) 16 Apr 1977 (15),Newcastle United FC (35),3-0,?,West Ham United FC (15)
?,(Wed) 25 Aug 1976 (34),Norwich City FC (16),1-3,?,Arsenal FC (36)
?,(Sat) 27 Nov 1976 (47),Norwich City FC (17),1-1,?,Aston Villa FC (36)
?,(Sat) 4 Sep 1976 (35),Norwich City FC (18),1-0,?,Birmingham City FC (36)
?,(Sat) 16 Apr 1977 (15),Norwich City FC (19),2-1,?,Bristol City FC (36)
?,(Sat) 19 Feb 1977 (7),Norwich City FC (20),3-0,?,Coventry City FC (36)
?,(Sat) 18 Sep 1976 (37),Norwich City FC (21),0-0,?,Derby County FC (36)
?,(Sat) 30 Apr 1977 (17),Norwich City FC (22),2-1,?,Everton FC (36)
?,(Sat) 9 Apr 1977 (14),Norwich City FC (23),0-1,?,Ipswich Town FC (36)
?,(Sat) 16 Oct 1976 (41),Norwich City FC (24),1-2,?,Leeds United FC (36)
?,(Sat) 1 Jan 1977 (0),Norwich City FC (25),3-2,?,Leicester City FC (36)
?,(Sat) 22 Jan 1977 (3),Norwich City FC (26),2-1,?,Liverpool FC (36)
?,(Sat) 30 Oct 1976 (43),Norwich City FC (27),0-2,?,Manchester City FC (36)
?,(Sat) 2 Apr 1977 (13),Norwich City FC (28),2-1,?,Manchester United FC (36)
?,(Wed) 9 Mar 1977 (10),Norwich City FC (29),1-0,?,Middlesbrough FC (36)
?,(Sat) 2 Oct 1976 (39),Norwich City FC (30),3-2,?,Newcastle United FC (36)
?,(Mon) 27 Dec 1976 (52),Norwich City FC (31),2-0,?,Queens Park Rangers FC (16)
?,(Sat) 29 Jan 1977 (4),Norwich City FC (32),1-1,?,Stoke City FC (16)
?,(Sat) 14 May 1977 (19),Norwich City FC (33),2-2,?,Sunderland AFC (16)
?,(Sat) 5 Mar 1977 (9),Norwich City FC (34),1-3,?,Tottenham Hotspur FC (16)
?,(Sat) 5 Feb 1977 (5),Norwich City FC (35),1-0,?,West Bromwich Albion FC (16)
?,(Wed) 10 Nov 1976 (45),Norwich City FC (36),1-0,?,West Ham United FC (16)
?,(Sat) 12 Mar 1977 (10),Queens Park Rangers FC (17),2-1,?,Arsenal FC (37)
?,(Sat) 11 Sep 1976 (36),Queens Park Rangers FC (18),2-1,?,Aston Villa FC (37)
?,(Mon) 23 May 1977 (21),Queens Park Rangers FC (19),2-2,?,Birmingham City FC (37)
?,(Tue) 26 Apr 1977 (17),Queens Park Rangers FC (20),0-1,?,Bristol City FC (37)
?,(Mon) 11 Apr 1977 (15),Queens Park Rangers FC (21),1-1,?,Coventry City FC (37)
?,(Sat) 6 Nov 1976 (44),Queens Park Rangers FC (22),1-1,?,Derby County FC (37)
?,(Sat) 21 Aug 1976 (33),Queens Park Rangers FC (23),0-4,?,Everton FC (37)
?,(Mon) 16 May 1977 (20),Queens Park Rangers FC (24),1-0,?,Ipswich Town FC (37)
?,(Tue) 8 Mar 1977 (10),Queens Park Rangers FC (25),0-0,?,Leeds United FC (37)
?,(Sat) 26 Feb 1977 (8),Queens Park Rangers FC (26),3-2,?,Leicester City FC (37)
?,(Sat) 7 May 1977 (18),Queens Park Rangers FC (27),1-1,?,Liverpool FC (37)
?,(Tue) 22 Mar 1977 (12),Queens Park Rangers FC (28),0-0,?,Manchester City FC (37)
?,(Tue) 19 Apr 1977 (16),Queens Park Rangers FC (29),4-0,?,Manchester United FC (37)
?,(Sat) 20 Nov 1976 (46),Queens Park Rangers FC (30),3-0,?,Middlesbrough FC (37)
?,(Sat) 23 Apr 1977 (16),Queens Park Rangers FC (31),1-2,?,Newcastle United FC (37)
?,(Tue) 5 Oct 1976 (40),Queens Park Rangers FC (32),2-3,?,Norwich City FC (37)
?,(Sat) 25 Sep 1976 (38),Queens Park Rangers FC (33),2-0,?,Stoke City FC (17)
?,(Sat) 23 Oct 1976 (42),Queens Park Rangers FC (34),2-0,?,Sunderland AFC (17)
?,(Tue) 11 Jan 1977 (2),Queens Park Rangers FC (35),2-1,?,Tottenham Hotspur FC (17)
?,(Sat) 4 Sep 1976 (35),Queens Park Rangers FC (36),1-0,?,West Bromwich Albion FC (17)
?,(Mon) 4 Apr 1977 (14),Queens Park Rangers FC (37),1-1,?,West Ham United FC (17)
?,(Wed) 23 Mar 1977 (12),Stoke City FC (18),1-1,?,Arsenal FC (38)
?,(Sat) 2 Oct 1976 (39),Stoke City FC (19),1-0,?,Aston Villa FC (38)
?,(Sat) 20 Nov 1976 (46),Stoke City FC (20),1-0,?,Birmingham City FC (38)
?,(Wed) 20 Apr 1977 (16),Stoke City FC (21),2-2,?,Bristol City FC (38)
?,(Wed) 16 Feb 1977 (7),Stoke City FC (22),2-0,?,Coventry City FC (38)
?,(Sat) 23 Oct 1976 (42),Stoke City FC (23),1-0,?,Derby County FC (38)
?,(Sat) 19 Feb 1977 (7),Stoke City FC (24),0-1,?,Everton FC (38)
?,(Sat) 18 Sep 1976 (37),Stoke City FC (25),2-1,?,Ipswich Town FC (38)
?,(Tue) 12 Apr 1977 (15),Stoke City FC (26),2-1,?,Leeds United FC (38)
?,(Sat) 19 Mar 1977 (11),Stoke City FC (27),0-1,?,Leicester City FC (38)
?,(Mon) 11 Apr 1977 (15),Stoke City FC (28),0-0,?,Liverpool FC (38)
?,(Sat) 5 Feb 1977 (5),Stoke City FC (29),0-2,?,Manchester City FC (38)
?,(Wed) 11 May 1977 (19),Stoke City FC (30),3-3,?,Manchester United FC (38)
?,(Sat) 6 Nov 1976 (44),Stoke City FC (31),3-1,?,Middlesbrough FC (38)
?,(Tue) 15 Mar 1977 (11),Stoke City FC (32),0-0,?,Newcastle United FC (38)
?,(Sat) 7 May 1977 (18),Stoke City FC (33),0-0,?,Norwich City FC (38)
?,(Sat) 5 Mar 1977 (9),Stoke City FC (34),1-0,?,Queens Park Rangers FC (38)
?,(Sat) 21 Aug 1976 (33),Stoke City FC (35),0-0,?,Sunderland AFC (18)
?,(Sat) 23 Apr 1977 (16),Stoke City FC (36),0-0,?,Tottenham Hotspur FC (18)
?,(Sat) 18 Dec 1976 (50),Stoke City FC (37),0-2,?,West Bromwich Albion FC (18)
?,(Sat) 4 Sep 1976 (35),Stoke City FC (38),2-1,?,West Ham United FC (18)
?,(Sat) 28 Aug 1976 (34),Sunderland AFC (19),2-2,?,Arsenal FC (39)
?,(Sat) 16 Oct 1976 (41),Sunderland AFC (20),0-1,?,Aston Villa FC (39)
?,(Sat) 7 May 1977 (18),Sunderland AFC (21),1-0,?,Birmingham City FC (39)
?,(Fri) 11 Feb 1977 (6),Sunderland AFC (22),1-0,?,Bristol City FC (39)
?,(Mon) 3 Jan 1977 (1),Sunderland AFC (23),0-1,?,Coventry City FC (39)
?,(Sat) 23 Apr 1977 (16),Sunderland AFC (24),1-1,?,Derby County FC (39)
?,(Sat) 2 Oct 1976 (39),Sunderland AFC (25),0-1,?,Everton FC (39)
?,(Sat) 19 Mar 1977 (11),Sunderland AFC (26),1-0,?,Ipswich Town FC (39)
?,(Wed) 29 Dec 1976 (52),Sunderland AFC (27),0-1,?,Leeds United FC (39)
?,(Tue) 24 Aug 1976 (34),Sunderland AFC (28),0-0,?,Leicester City FC (39)
?,(Sat) 6 Nov 1976 (44),Sunderland AFC (29),0-1,?,Liverpool FC (39)
?,(Sat) 18 Sep 1976 (37),Sunderland AFC (30),0-2,?,Manchester City FC (39)
?,(Mon) 11 Apr 1977 (15),Sunderland AFC (31),2-1,?,Manchester United FC (39)
?,(Sat) 19 Feb 1977 (7),Sunderland AFC (32),4-0,?,Middlesbrough FC (39)
?,(Fri) 8 Apr 1977 (14),Sunderland AFC (33),2-2,?,Newcastle United FC (39)
?,(Sat) 18 Dec 1976 (50),Sunderland AFC (34),0-1,?,Norwich City FC (39)
?,(Sat) 2 Apr 1977 (13),Sunderland AFC (35),1-0,?,Queens Park Rangers FC (39)
?,(Sat) 22 Jan 1977 (3),Sunderland AFC (36),0-0,?,Stoke City FC (39)
?,(Sat) 20 Nov 1976 (46),Sunderland AFC (37),2-1,?,Tottenham Hotspur FC (19)
?,(Tue) 22 Feb 1977 (8),Sunderland AFC (38),6-1,?,West Bromwich Albion FC (19)
?,(Sat) 5 Mar 1977 (9),Sunderland AFC (39),6-0,?,West Ham United FC (19)
?,(Mon) 27 Dec 1976 (52),Tottenham Hotspur FC (20),2-2,?,Arsenal FC (40)
?,(Sat) 30 Apr 1977 (17),Tottenham Hotspur FC (21),3-1,?,Aston Villa FC (40)
?,(Wed) 20 Oct 1976 (42),Tottenham Hotspur FC (22),1-0,?,Birmingham City FC (40)
?,(Sat) 13 Nov 1976 (45),Tottenham Hotspur FC (23),0-1,?,Bristol City FC (40)
?,(Sat) 23 Oct 1976 (42),Tottenham Hotspur FC (24),0-1,?,Coventry City FC (40)
?,(Wed) 23 Mar 1977 (12),Tottenham Hotspur FC (25),0-0,?,Derby County FC (40)
?,(Sat) 30 Oct 1976 (43),Tottenham Hotspur FC (26),3-3,?,Everton FC (40)
?,(Sat) 22 Jan 1977 (3),Tottenham Hotspur FC (27),1-0,?,Ipswich Town FC (40)
?,(Sat) 11 Sep 1976 (36),Tottenham Hotspur FC (28),1-0,?,Leeds United FC (40)
?,(Sat) 14 May 1977 (19),Tottenham Hotspur FC (29),2-0,?,Leicester City FC (40)
?,(Wed) 9 Mar 1977 (10),Tottenham Hotspur FC (30),1-0,?,Liverpool FC (40)
?,(Sat) 11 Dec 1976 (49),Tottenham Hotspur FC (31),2-2,?,Manchester City FC (40)
?,(Sat) 12 Feb 1977 (6),Tottenham Hotspur FC (32),1-3,?,Manchester United FC (40)
?,(Sat) 28 Aug 1976 (34),Tottenham Hotspur FC (33),0-0,?,Middlesbrough FC (40)
?,(Wed) 25 Aug 1976 (34),Tottenham Hotspur FC (34),0-2,?,Newcastle United FC (40)
?,(Sat) 25 Sep 1976 (38),Tottenham Hotspur FC (35),1-1,?,Norwich City FC (40)
?,(Sat) 9 Apr 1977 (14),Tottenham Hotspur FC (36),3-0,?,Queens Park Rangers FC (40)
?,(Sat) 27 Nov 1976 (47),Tottenham Hotspur FC (37),2-0,?,Stoke City FC (40)
?,(Sat) 16 Apr 1977 (15),Tottenham Hotspur FC (38),1-1,?,Sunderland AFC (40)
?,(Sat) 12 Mar 1977 (10),Tottenham Hotspur FC (39),0-2,?,West Bromwich Albion FC (20)
?,(Sat) 1 Jan 1977 (0),Tottenham Hotspur FC (40),2-1,?,West Ham United FC (20)
?,(Sat) 9 Apr 1977 (14),West Bromwich Albion FC (21),0-2,?,Arsenal FC (41)
?,(Wed) 10 Nov 1976 (45),West Bromwich Albion FC (22),1-1,?,Aston Villa FC (41)
?,(Mon) 28 Feb 1977 (9),West Bromwich Albion FC (23),2-1,?,Birmingham City FC (41)
?,(Mon) 27 Dec 1976 (52),West Bromwich Albion FC (24),1-1,?,Bristol City FC (41)
?,(Fri) 17 Sep 1976 (37),West Bromwich Albion FC (25),1-1,?,Coventry City FC (41)
?,(Sat) 5 Mar 1977 (9),West Bromwich Albion FC (26),1-0,?,Derby County FC (41)
?,(Sat) 27 Nov 1976 (47),West Bromwich Albion FC (27),3-0,?,Everton FC (41)
?,(Wed) 16 Mar 1977 (11),West Bromwich Albion FC (28),4-0,?,Ipswich Town FC (41)
?,(Sat) 22 Jan 1977 (3),West Bromwich Albion FC (29),1-2,?,Leeds United FC (41)
?,(Sat) 11 Dec 1976 (49),West Bromwich Albion FC (30),2-2,?,Leicester City FC (41)
?,(Wed) 25 Aug 1976 (34),West Bromwich Albion FC (31),0-1,?,Liverpool FC (41)
?,(Sat) 16 Apr 1977 (15),West Bromwich Albion FC (32),0-2,?,Manchester City FC (41)
?,(Sat) 16 Oct 1976 (41),West Bromwich Albion FC (33),4-0,?,Manchester United FC (41)
?,(Sat) 2 Apr 1977 (13),West Bromwich Albion FC (34),2-1,?,Middlesbrough FC (41)
?,(Sat) 19 Mar 1977 (11),West Bromwich Albion FC (35),1-1,?,Newcastle United FC (41)
?,(Sat) 28 Aug 1976 (34),West Bromwich Albion FC (36),2-0,?,Norwich City FC (41)
?,(Sat) 12 Feb 1977 (6),West Bromwich Albion FC (37),1-1,?,Queens Park Rangers FC (41)
?,(Sat) 14 May 1977 (19),West Bromwich Albion FC (38),3-1,?,Stoke City FC (41)
?,(Sat) 30 Apr 1977 (17),West Bromwich Albion FC (39),2-3,?,Sunderland AFC (41)
?,(Sat) 2 Oct 1976 (39),West Bromwich Albion FC (40),4-2,?,Tottenham Hotspur FC (41)
?,(Sat) 30 Oct 1976 (43),West Bromwich Albion FC (41),3-0,?,West Ham United FC (21)
?,(Sat) 11 Sep 1976 (36),West Ham United FC (22),0-2,?,Arsenal FC (42)
?,(Sat) 22 Jan 1977 (3),West Ham United FC (23),0-1,?,Aston Villa FC (42)
?,(Fri) 8 Apr 1977 (14),West Ham United FC (24),2-2,?,Birmingham City FC (42)
?,(Sat) 26 Feb 1977 (8),West Ham United FC (25),2-0,?,Bristol City FC (42)
?,(Wed) 4 May 1977 (18),West Ham United FC (26),2-0,?,Coventry City FC (42)
?,(Sat) 7 May 1977 (18),West Ham United FC (27),2-2,?,Derby County FC (42)
?,(Sat) 2 Apr 1977 (13),West Ham United FC (28),2-2,?,Everton FC (42)
?,(Sat) 16 Oct 1976 (41),West Ham United FC (29),0-2,?,Ipswich Town FC (42)
?,(Wed) 6 Oct 1976 (40),West Ham United FC (30),1-3,?,Leeds United FC (42)
?,(Sat) 28 Aug 1976 (34),West Ham United FC (31),0-0,?,Leicester City FC (42)
?,(Sat) 18 Dec 1976 (50),West Ham United FC (32),2-0,?,Liverpool FC (42)
?,(Sat) 12 Mar 1977 (10),West Ham United FC (33),1-0,?,Manchester City FC (42)
?,(Mon) 16 May 1977 (20),West Ham United FC (34),4-2,?,Manchester United FC (42)
?,(Sat) 4 Dec 1976 (48),West Ham United FC (35),0-1,?,Middlesbrough FC (42)
?,(Sat) 20 Nov 1976 (46),West Ham United FC (36),1-2,?,Newcastle United FC (42)
?,(Mon) 11 Apr 1977 (15),West Ham United FC (37),1-0,?,Norwich City FC (42)
?,(Mon) 23 Aug 1976 (34),West Ham United FC (38),1-0,?,Queens Park Rangers FC (42)
?,(Sat) 12 Feb 1977 (6),West Ham United FC (39),1-0,?,Stoke City FC (42)
?,(Sat) 25 Sep 1976 (38),West Ham United FC (40),1-1,?,Sunderland AFC (42)
?,(Sat) 6 Nov 1976 (44),West Ham United FC (41),5-3,?,Tottenham Hotspur FC (42)
?,(Mon) 3 Jan 1977 (1),West Ham United FC (42),0-0,?,West Bromwich Albion FC (42)
