Round,Date,Team 1,FT,HT,Team 2
?,(Sat) 4 Sep 1976 (35),Blackburn Rovers FC (1),0-1,?,Blackpool FC (1)
?,(Sat) 21 Aug 1976 (33),Blackburn Rovers FC (2),3-1,?,Bolton Wanderers FC (1)
?,(Sat) 18 Sep 1976 (37),Blackburn Rovers FC (3),0-0,?,Bristol Rovers FC (1)
?,(Mon) 27 Dec 1976 (52),Blackburn Rovers FC (4),2-2,?,Burnley FC (1)
?,(Sat) 5 Feb 1977 (5),Blackburn Rovers FC (5),2-1,?,Cardiff City FC (1)
?,(Wed) 6 Apr 1977 (14),Blackburn Rovers FC (6),1-3,?,Carlisle United FC (1)
?,(Sat) 30 Apr 1977 (17),Blackburn Rovers FC (7),0-0,?,Charlton Athletic FC (1)
?,(Sat) 23 Oct 1976 (42),Blackburn Rovers FC (8),0-2,?,Chelsea FC (1)
?,(Sat) 14 May 1977 (19),Blackburn Rovers FC (9),1-0,?,Fulham FC (1)
?,(Sat) 27 Nov 1976 (47),Blackburn Rovers FC (10),1-0,?,Hereford United FC (1924-2014) (1)
?,(Sat) 13 Nov 1976 (45),Blackburn Rovers FC (11),1-0,?,Hull City AFC (1)
?,(Sat) 12 Mar 1977 (10),Blackburn Rovers FC (12),2-2,?,Leyton Orient FC (1)
?,(Sat) 30 Oct 1976 (43),Blackburn Rovers FC (13),1-0,?,Luton Town FC (1)
?,(Sat) 26 Mar 1977 (12),Blackburn Rovers FC (14),2-0,?,Millwall FC (1)
?,(Sat) 1 Jan 1977 (0),Blackburn Rovers FC (15),1-3,?,Nottingham Forest FC (1)
?,(Sat) 9 Oct 1976 (40),Blackburn Rovers FC (16),6-1,?,Notts County FC (1)
?,(Sat) 19 Feb 1977 (7),Blackburn Rovers FC (17),2-0,?,Oldham Athletic AFC (1)
?,(Wed) 2 Mar 1977 (9),Blackburn Rovers FC (18),2-0,?,Plymouth Argyle FC (1)
?,(Sat) 5 Mar 1977 (9),Blackburn Rovers FC (19),1-0,?,Sheffield United FC (1)
?,(Wed) 20 Apr 1977 (16),Blackburn Rovers FC (20),3-0,?,Southampton FC (1)
?,(Sat) 16 Apr 1977 (15),Blackburn Rovers FC (21),0-2,?,Wolverhampton Wanderers FC (1)
?,(Sat) 12 Feb 1977 (6),Blackpool FC (2),1-1,?,Blackburn Rovers FC (22)
?,(Sat) 12 Mar 1977 (10),Blackpool FC (3),1-0,?,Bolton Wanderers FC (2)
?,(Sat) 22 Jan 1977 (3),Blackpool FC (4),4-0,?,Bristol Rovers FC (2)
?,(Sat) 9 Apr 1977 (14),Blackpool FC (5),1-1,?,Burnley FC (2)
?,(Sat) 2 Apr 1977 (13),Blackpool FC (6),1-0,?,Cardiff City FC (2)
?,(Mon) 27 Dec 1976 (52),Blackpool FC (7),0-0,?,Carlisle United FC (2)
?,(Sat) 16 Apr 1977 (15),Blackpool FC (8),2-2,?,Charlton Athletic FC (2)
?,(Sat) 25 Sep 1976 (38),Blackpool FC (9),0-1,?,Chelsea FC (2)
?,(Sat) 27 Nov 1976 (47),Blackpool FC (10),3-2,?,Fulham FC (2)
?,(Mon) 14 Feb 1977 (7),Blackpool FC (11),2-1,?,Hereford United FC (1924-2014) (2)
?,(Sat) 1 Jan 1977 (0),Blackpool FC (12),0-0,?,Hull City AFC (2)
?,(Sat) 28 Aug 1976 (34),Blackpool FC (13),3-0,?,Leyton Orient FC (2)
?,(Sat) 30 Apr 1977 (17),Blackpool FC (14),1-0,?,Luton Town FC (2)
?,(Sat) 11 Sep 1976 (36),Blackpool FC (15),4-2,?,Millwall FC (2)
?,(Sat) 16 Oct 1976 (41),Blackpool FC (16),1-0,?,Nottingham Forest FC (2)
?,(Sat) 26 Feb 1977 (8),Blackpool FC (17),1-1,?,Notts County FC (2)
?,(Tue) 24 Aug 1976 (34),Blackpool FC (18),0-2,?,Oldham Athletic AFC (2)
?,(Sat) 9 Oct 1976 (40),Blackpool FC (19),0-2,?,Plymouth Argyle FC (2)
?,(Sat) 13 Nov 1976 (45),Blackpool FC (20),1-0,?,Sheffield United FC (2)
?,(Sat) 14 May 1977 (19),Blackpool FC (21),1-0,?,Southampton FC (2)
?,(Sat) 30 Oct 1976 (43),Blackpool FC (22),2-2,?,Wolverhampton Wanderers FC (2)
?,(Sat) 22 Jan 1977 (3),Bolton Wanderers FC (3),3-1,?,Blackburn Rovers FC (23)
?,(Sat) 2 Oct 1976 (39),Bolton Wanderers FC (4),0-3,?,Blackpool FC (23)
?,(Sat) 16 Oct 1976 (41),Bolton Wanderers FC (5),1-0,?,Bristol Rovers FC (3)
?,(Tue) 9 Nov 1976 (45),Bolton Wanderers FC (6),2-1,?,Burnley FC (3)
?,(Tue) 10 May 1977 (19),Bolton Wanderers FC (7),2-1,?,Cardiff City FC (3)
?,(Tue) 22 Mar 1977 (12),Bolton Wanderers FC (8),3-4,?,Carlisle United FC (3)
?,(Sat) 27 Nov 1976 (47),Bolton Wanderers FC (9),1-0,?,Charlton Athletic FC (3)
?,(Sat) 26 Feb 1977 (8),Bolton Wanderers FC (10),2-2,?,Chelsea FC (3)
?,(Sat) 30 Oct 1976 (43),Bolton Wanderers FC (11),2-1,?,Fulham FC (3)
?,(Sat) 30 Apr 1977 (17),Bolton Wanderers FC (12),3-1,?,Hereford United FC (1924-2014) (3)
?,(Sat) 11 Sep 1976 (36),Bolton Wanderers FC (13),5-1,?,Hull City AFC (3)
?,(Tue) 24 Aug 1976 (34),Bolton Wanderers FC (14),2-0,?,Leyton Orient FC (3)
?,(Tue) 21 Dec 1976 (51),Bolton Wanderers FC (15),2-1,?,Luton Town FC (3)
?,(Sat) 28 Aug 1976 (34),Bolton Wanderers FC (16),3-1,?,Millwall FC (3)
?,(Mon) 27 Dec 1976 (52),Bolton Wanderers FC (17),1-1,?,Nottingham Forest FC (3)
?,(Sat) 12 Feb 1977 (6),Bolton Wanderers FC (18),4-0,?,Notts County FC (3)
?,(Sat) 2 Apr 1977 (13),Bolton Wanderers FC (19),3-0,?,Oldham Athletic AFC (3)
?,(Sat) 5 Mar 1977 (9),Bolton Wanderers FC (20),3-0,?,Plymouth Argyle FC (3)
?,(Sat) 9 Apr 1977 (14),Bolton Wanderers FC (21),1-2,?,Sheffield United FC (3)
?,(Sat) 16 Apr 1977 (15),Bolton Wanderers FC (22),3-0,?,Southampton FC (3)
?,(Sat) 14 May 1977 (19),Bolton Wanderers FC (23),0-1,?,Wolverhampton Wanderers FC (3)
?,(Tue) 8 Mar 1977 (10),Bristol Rovers FC (4),0-0,?,Blackburn Rovers FC (24)
?,(Sat) 21 Aug 1976 (33),Bristol Rovers FC (5),1-4,?,Blackpool FC (24)
?,(Tue) 17 May 1977 (20),Bristol Rovers FC (6),2-2,?,Bolton Wanderers FC (24)
?,(Sat) 16 Apr 1977 (15),Bristol Rovers FC (7),1-1,?,Burnley FC (4)
?,(Sat) 15 Jan 1977 (2),Bristol Rovers FC (8),1-1,?,Cardiff City FC (4)
?,(Sat) 11 Dec 1976 (49),Bristol Rovers FC (9),2-1,?,Carlisle United FC (4)
?,(Sat) 30 Oct 1976 (43),Bristol Rovers FC (10),1-1,?,Charlton Athletic FC (4)
?,(Tue) 5 Oct 1976 (40),Bristol Rovers FC (11),2-1,?,Chelsea FC (4)
?,(Sat) 12 Feb 1977 (6),Bristol Rovers FC (12),2-1,?,Fulham FC (4)
?,(Sat) 13 Nov 1976 (45),Bristol Rovers FC (13),2-3,?,Hereford United FC (1924-2014) (4)
?,(Sat) 27 Nov 1976 (47),Bristol Rovers FC (14),3-0,?,Hull City AFC (4)
?,(Sat) 11 Sep 1976 (36),Bristol Rovers FC (15),1-0,?,Leyton Orient FC (4)
?,(Sat) 1 Jan 1977 (0),Bristol Rovers FC (16),1-0,?,Luton Town FC (4)
?,(Sat) 12 Mar 1977 (10),Bristol Rovers FC (17),0-0,?,Millwall FC (4)
?,(Sat) 30 Apr 1977 (17),Bristol Rovers FC (18),1-1,?,Nottingham Forest FC (4)
?,(Sat) 25 Sep 1976 (38),Bristol Rovers FC (19),5-1,?,Notts County FC (4)
?,(Sat) 28 Aug 1976 (34),Bristol Rovers FC (20),0-0,?,Oldham Athletic AFC (4)
?,(Sat) 23 Oct 1976 (42),Bristol Rovers FC (21),1-1,?,Plymouth Argyle FC (4)
?,(Sat) 14 May 1977 (19),Bristol Rovers FC (22),3-1,?,Sheffield United FC (4)
?,(Sat) 9 Apr 1977 (14),Bristol Rovers FC (23),2-3,?,Southampton FC (4)
?,(Mon) 27 Dec 1976 (52),Bristol Rovers FC (24),1-5,?,Wolverhampton Wanderers FC (4)
?,(Fri) 8 Apr 1977 (14),Burnley FC (5),3-1,?,Blackburn Rovers FC (25)
?,(Tue) 28 Dec 1976 (52),Burnley FC (6),0-0,?,Blackpool FC (25)
?,(Tue) 12 Apr 1977 (15),Burnley FC (7),0-0,?,Bolton Wanderers FC (25)
?,(Sat) 20 Nov 1976 (46),Burnley FC (8),1-1,?,Bristol Rovers FC (25)
?,(Sat) 4 Dec 1976 (48),Burnley FC (9),0-0,?,Cardiff City FC (5)
?,(Sat) 26 Feb 1977 (8),Burnley FC (10),2-0,?,Carlisle United FC (5)
?,(Sat) 16 Oct 1976 (41),Burnley FC (11),4-4,?,Charlton Athletic FC (5)
?,(Sat) 23 Apr 1977 (16),Burnley FC (12),1-0,?,Chelsea FC (5)
?,(Tue) 24 Aug 1976 (34),Burnley FC (13),3-1,?,Fulham FC (5)
?,(Sat) 12 Feb 1977 (6),Burnley FC (14),1-1,?,Hereford United FC (1924-2014) (5)
?,(Sat) 25 Sep 1976 (38),Burnley FC (15),0-0,?,Hull City AFC (5)
?,(Sat) 9 Oct 1976 (40),Burnley FC (16),3-3,?,Leyton Orient FC (5)
?,(Sat) 28 Aug 1976 (34),Burnley FC (17),1-2,?,Luton Town FC (5)
?,(Sat) 18 Dec 1976 (50),Burnley FC (18),1-3,?,Millwall FC (5)
?,(Sat) 2 Apr 1977 (13),Burnley FC (19),0-1,?,Nottingham Forest FC (5)
?,(Sat) 7 May 1977 (18),Burnley FC (20),3-1,?,Notts County FC (5)
?,(Sat) 6 Nov 1976 (44),Burnley FC (21),1-0,?,Oldham Athletic AFC (5)
?,(Mon) 3 Jan 1977 (1),Burnley FC (22),0-2,?,Plymouth Argyle FC (5)
?,(Sat) 12 Mar 1977 (10),Burnley FC (23),1-0,?,Sheffield United FC (5)
?,(Sat) 11 Sep 1976 (36),Burnley FC (24),2-0,?,Southampton FC (5)
?,(Sat) 22 Jan 1977 (3),Burnley FC (25),0-0,?,Wolverhampton Wanderers FC (5)
?,(Sat) 28 Aug 1976 (34),Cardiff City FC (6),2-1,?,Blackburn Rovers FC (26)
?,(Sat) 23 Oct 1976 (42),Cardiff City FC (7),2-2,?,Blackpool FC (26)
?,(Sat) 9 Oct 1976 (40),Cardiff City FC (8),3-2,?,Bolton Wanderers FC (26)
?,(Wed) 25 Aug 1976 (34),Cardiff City FC (9),1-2,?,Bristol Rovers FC (26)
?,(Sat) 30 Apr 1977 (17),Cardiff City FC (10),0-1,?,Burnley FC (26)
?,(Sat) 14 May 1977 (19),Cardiff City FC (11),1-1,?,Carlisle United FC (6)
?,(Sat) 22 Jan 1977 (3),Cardiff City FC (12),1-1,?,Charlton Athletic FC (6)
?,(Sat) 12 Mar 1977 (10),Cardiff City FC (13),1-3,?,Chelsea FC (6)
?,(Sat) 1 Jan 1977 (0),Cardiff City FC (14),3-0,?,Fulham FC (6)
?,(Mon) 27 Dec 1976 (52),Cardiff City FC (15),3-1,?,Hereford United FC (1924-2014) (6)
?,(Sat) 11 Dec 1976 (49),Cardiff City FC (16),1-1,?,Hull City AFC (6)
?,(Wed) 2 Mar 1977 (9),Cardiff City FC (17),0-1,?,Leyton Orient FC (6)
?,(Sat) 16 Apr 1977 (15),Cardiff City FC (18),4-2,?,Luton Town FC (6)
?,(Fri) 24 Sep 1976 (38),Cardiff City FC (19),0-0,?,Millwall FC (6)
?,(Sat) 27 Nov 1976 (47),Cardiff City FC (20),0-3,?,Nottingham Forest FC (6)
?,(Sat) 11 Sep 1976 (36),Cardiff City FC (21),2-3,?,Notts County FC (6)
?,(Sat) 12 Feb 1977 (6),Cardiff City FC (22),3-1,?,Oldham Athletic AFC (6)
?,(Sat) 26 Mar 1977 (12),Cardiff City FC (23),0-1,?,Plymouth Argyle FC (6)
?,(Sat) 30 Oct 1976 (43),Cardiff City FC (24),0-2,?,Sheffield United FC (6)
?,(Wed) 10 Nov 1976 (45),Cardiff City FC (25),1-0,?,Southampton FC (6)
?,(Sat) 9 Apr 1977 (14),Cardiff City FC (26),2-2,?,Wolverhampton Wanderers FC (6)
?,(Wed) 29 Dec 1976 (52),Carlisle United FC (7),1-1,?,Blackburn Rovers FC (27)
?,(Tue) 12 Oct 1976 (41),Carlisle United FC (8),1-1,?,Blackpool FC (27)
?,(Sat) 6 Nov 1976 (44),Carlisle United FC (9),0-1,?,Bolton Wanderers FC (27)
?,(Sat) 7 May 1977 (18),Carlisle United FC (10),2-3,?,Bristol Rovers FC (27)
?,(Sat) 18 Sep 1976 (37),Carlisle United FC (11),2-1,?,Burnley FC (27)
?,(Sat) 18 Dec 1976 (50),Carlisle United FC (12),4-3,?,Cardiff City FC (27)
?,(Sat) 2 Oct 1976 (39),Carlisle United FC (13),4-2,?,Charlton Athletic FC (7)
?,(Sat) 5 Feb 1977 (5),Carlisle United FC (14),0-1,?,Chelsea FC (7)
?,(Sat) 19 Mar 1977 (11),Carlisle United FC (15),1-2,?,Fulham FC (7)
?,(Tue) 14 Sep 1976 (37),Carlisle United FC (16),2-2,?,Hereford United FC (1924-2014) (7)
?,(Sat) 4 Sep 1976 (35),Carlisle United FC (17),1-1,?,Hull City AFC (7)
?,(Sat) 4 Dec 1976 (48),Carlisle United FC (18),1-0,?,Leyton Orient FC (7)
?,(Sat) 16 Oct 1976 (41),Carlisle United FC (19),1-1,?,Luton Town FC (7)
?,(Sat) 20 Nov 1976 (46),Carlisle United FC (20),0-1,?,Millwall FC (7)
?,(Sat) 5 Mar 1977 (9),Carlisle United FC (21),1-1,?,Nottingham Forest FC (7)
?,(Mon) 3 Jan 1977 (1),Carlisle United FC (22),0-2,?,Notts County FC (7)
?,(Tue) 12 Apr 1977 (15),Carlisle United FC (23),1-1,?,Oldham Athletic AFC (7)
?,(Sat) 23 Apr 1977 (16),Carlisle United FC (24),3-1,?,Plymouth Argyle FC (7)
?,(Sat) 19 Feb 1977 (7),Carlisle United FC (25),4-1,?,Sheffield United FC (7)
?,(Sat) 22 Jan 1977 (3),Carlisle United FC (26),0-6,?,Southampton FC (7)
?,(Tue) 19 Apr 1977 (16),Carlisle United FC (27),2-1,?,Wolverhampton Wanderers FC (7)
?,(Sat) 4 Dec 1976 (48),Charlton Athletic FC (8),4-0,?,Blackburn Rovers FC (28)
?,(Sat) 20 Nov 1976 (46),Charlton Athletic FC (9),1-2,?,Blackpool FC (28)
?,(Fri) 22 Apr 1977 (16),Charlton Athletic FC (10),1-1,?,Bolton Wanderers FC (28)
?,(Mon) 3 Jan 1977 (1),Charlton Athletic FC (11),4-3,?,Bristol Rovers FC (28)
?,(Tue) 26 Apr 1977 (17),Charlton Athletic FC (12),5-2,?,Burnley FC (28)
?,(Sat) 21 Aug 1976 (33),Charlton Athletic FC (13),0-2,?,Cardiff City FC (28)
?,(Fri) 11 Mar 1977 (10),Charlton Athletic FC (14),1-0,?,Carlisle United FC (28)
?,(Mon) 11 Apr 1977 (15),Charlton Athletic FC (15),4-0,?,Chelsea FC (8)
?,(Sat) 28 Aug 1976 (34),Charlton Athletic FC (16),1-1,?,Fulham FC (8)
?,(Fri) 25 Feb 1977 (8),Charlton Athletic FC (17),1-1,?,Hereford United FC (1924-2014) (8)
?,(Sat) 9 Oct 1976 (40),Charlton Athletic FC (18),3-1,?,Hull City AFC (8)
?,(Tue) 15 Feb 1977 (7),Charlton Athletic FC (19),2-0,?,Leyton Orient FC (8)
?,(Fri) 10 Sep 1976 (36),Charlton Athletic FC (20),4-3,?,Luton Town FC (8)
?,(Fri) 8 Apr 1977 (14),Charlton Athletic FC (21),3-2,?,Millwall FC (8)
?,(Fri) 14 Jan 1977 (2),Charlton Athletic FC (22),2-1,?,Nottingham Forest FC (8)
?,(Sat) 29 Jan 1977 (4),Charlton Athletic FC (23),1-1,?,Notts County FC (8)
?,(Sat) 7 May 1977 (18),Charlton Athletic FC (24),2-1,?,Oldham Athletic AFC (8)
?,(Fri) 5 Nov 1976 (44),Charlton Athletic FC (25),3-1,?,Plymouth Argyle FC (8)
?,(Sat) 23 Oct 1976 (42),Charlton Athletic FC (26),3-2,?,Sheffield United FC (8)
?,(Fri) 24 Sep 1976 (38),Charlton Athletic FC (27),6-2,?,Southampton FC (8)
?,(Sat) 12 Feb 1977 (6),Charlton Athletic FC (28),1-1,?,Wolverhampton Wanderers FC (8)
?,(Sat) 2 Apr 1977 (13),Chelsea FC (9),3-1,?,Blackburn Rovers FC (29)
?,(Sat) 5 Mar 1977 (9),Chelsea FC (10),2-2,?,Blackpool FC (29)
?,(Sat) 18 Sep 1976 (37),Chelsea FC (11),2-1,?,Bolton Wanderers FC (29)
?,(Sat) 19 Mar 1977 (11),Chelsea FC (12),2-0,?,Bristol Rovers FC (29)
?,(Sat) 27 Nov 1976 (47),Chelsea FC (13),2-1,?,Burnley FC (29)
?,(Sat) 2 Oct 1976 (39),Chelsea FC (14),2-1,?,Cardiff City FC (29)
?,(Sat) 28 Aug 1976 (34),Chelsea FC (15),2-1,?,Carlisle United FC (29)
?,(Wed) 10 Nov 1976 (45),Chelsea FC (16),2-1,?,Charlton Athletic FC (29)
?,(Mon) 27 Dec 1976 (52),Chelsea FC (17),2-0,?,Fulham FC (9)
?,(Sat) 1 Jan 1977 (0),Chelsea FC (18),5-1,?,Hereford United FC (1924-2014) (9)
?,(Sat) 14 May 1977 (19),Chelsea FC (19),4-0,?,Hull City AFC (9)
?,(Sat) 22 Jan 1977 (3),Chelsea FC (20),1-1,?,Leyton Orient FC (9)
?,(Sat) 9 Apr 1977 (14),Chelsea FC (21),2-0,?,Luton Town FC (9)
?,(Sat) 12 Feb 1977 (6),Chelsea FC (22),1-1,?,Millwall FC (9)
?,(Sat) 16 Apr 1977 (15),Chelsea FC (23),2-1,?,Nottingham Forest FC (9)
?,(Wed) 25 Aug 1976 (34),Chelsea FC (24),1-1,?,Notts County FC (9)
?,(Sat) 16 Oct 1976 (41),Chelsea FC (25),4-3,?,Oldham Athletic AFC (9)
?,(Sat) 19 Feb 1977 (7),Chelsea FC (26),2-2,?,Plymouth Argyle FC (9)
?,(Sat) 30 Apr 1977 (17),Chelsea FC (27),4-0,?,Sheffield United FC (9)
?,(Sat) 30 Oct 1976 (43),Chelsea FC (28),3-1,?,Southampton FC (9)
?,(Sat) 11 Dec 1976 (49),Chelsea FC (29),3-3,?,Wolverhampton Wanderers FC (9)
?,(Tue) 14 Dec 1976 (50),Fulham FC (10),2-0,?,Blackburn Rovers FC (30)
?,(Sat) 23 Apr 1977 (16),Fulham FC (11),0-0,?,Blackpool FC (30)
?,(Mon) 3 Jan 1977 (1),Fulham FC (12),0-2,?,Bolton Wanderers FC (30)
?,(Sat) 4 Sep 1976 (35),Fulham FC (13),1-0,?,Bristol Rovers FC (30)
?,(Sat) 15 Jan 1977 (2),Fulham FC (14),2-2,?,Burnley FC (30)
?,(Sat) 6 Nov 1976 (44),Fulham FC (15),1-2,?,Cardiff City FC (30)
?,(Tue) 16 Nov 1976 (46),Fulham FC (16),2-0,?,Carlisle United FC (30)
?,(Sat) 5 Feb 1977 (5),Fulham FC (17),1-1,?,Charlton Athletic FC (30)
?,(Fri) 8 Apr 1977 (14),Fulham FC (18),3-1,?,Chelsea FC (30)
?,(Sat) 25 Sep 1976 (38),Fulham FC (19),4-1,?,Hereford United FC (1924-2014) (10)
?,(Sat) 23 Oct 1976 (42),Fulham FC (20),0-0,?,Hull City AFC (10)
?,(Sat) 7 May 1977 (18),Fulham FC (21),6-1,?,Leyton Orient FC (10)
?,(Sat) 26 Feb 1977 (8),Fulham FC (22),1-2,?,Luton Town FC (10)
?,(Tue) 28 Dec 1976 (52),Fulham FC (23),2-3,?,Millwall FC (10)
?,(Sat) 21 Aug 1976 (33),Fulham FC (24),2-2,?,Nottingham Forest FC (10)
?,(Sat) 20 Nov 1976 (46),Fulham FC (25),1-5,?,Notts County FC (10)
?,(Sat) 4 Dec 1976 (48),Fulham FC (26),5-0,?,Oldham Athletic AFC (10)
?,(Mon) 11 Apr 1977 (15),Fulham FC (27),2-0,?,Plymouth Argyle FC (10)
?,(Sat) 26 Mar 1977 (12),Fulham FC (28),3-2,?,Sheffield United FC (10)
?,(Fri) 11 Mar 1977 (10),Fulham FC (29),1-1,?,Southampton FC (10)
?,(Sat) 11 Sep 1976 (36),Fulham FC (30),0-0,?,Wolverhampton Wanderers FC (10)
?,(Sat) 23 Apr 1977 (16),Hereford United FC (1924-2014) (11),1-0,?,Blackburn Rovers FC (31)
?,(Sat) 7 May 1977 (18),Hereford United FC (1924-2014) (12),1-1,?,Blackpool FC (31)
?,(Wed) 15 Dec 1976 (50),Hereford United FC (1924-2014) (13),3-3,?,Bolton Wanderers FC (31)
?,(Mon) 11 Apr 1977 (15),Hereford United FC (1924-2014) (14),1-1,?,Bristol Rovers FC (31)
?,(Sat) 4 Sep 1976 (35),Hereford United FC (1924-2014) (15),3-0,?,Burnley FC (31)
?,(Wed) 6 Apr 1977 (14),Hereford United FC (1924-2014) (16),2-2,?,Cardiff City FC (31)
?,(Wed) 4 May 1977 (18),Hereford United FC (1924-2014) (17),0-0,?,Carlisle United FC (31)
?,(Sat) 18 Sep 1976 (37),Hereford United FC (1924-2014) (18),1-2,?,Charlton Athletic FC (31)
?,(Sat) 6 Nov 1976 (44),Hereford United FC (1924-2014) (19),2-2,?,Chelsea FC (31)
?,(Sat) 5 Mar 1977 (9),Hereford United FC (1924-2014) (20),1-0,?,Fulham FC (31)
?,(Sat) 21 Aug 1976 (33),Hereford United FC (1924-2014) (21),1-0,?,Hull City AFC (11)
?,(Sat) 18 Dec 1976 (50),Hereford United FC (1924-2014) (22),2-3,?,Leyton Orient FC (11)
?,(Sat) 19 Mar 1977 (11),Hereford United FC (1924-2014) (23),0-1,?,Luton Town FC (11)
?,(Wed) 20 Apr 1977 (16),Hereford United FC (1924-2014) (24),3-1,?,Millwall FC (11)
?,(Wed) 2 Mar 1977 (9),Hereford United FC (1924-2014) (25),0-1,?,Nottingham Forest FC (11)
?,(Sat) 23 Oct 1976 (42),Hereford United FC (1924-2014) (26),1-4,?,Notts County FC (11)
?,(Sat) 20 Nov 1976 (46),Hereford United FC (1924-2014) (27),0-0,?,Oldham Athletic AFC (11)
?,(Wed) 9 Feb 1977 (6),Hereford United FC (1924-2014) (28),1-1,?,Plymouth Argyle FC (11)
?,(Wed) 23 Mar 1977 (12),Hereford United FC (1924-2014) (29),2-2,?,Sheffield United FC (11)
?,(Wed) 11 May 1977 (19),Hereford United FC (1924-2014) (30),2-0,?,Southampton FC (11)
?,(Sat) 2 Oct 1976 (39),Hereford United FC (1924-2014) (31),1-6,?,Wolverhampton Wanderers FC (11)
?,(Tue) 12 Apr 1977 (15),Hull City AFC (12),1-0,?,Blackburn Rovers FC (32)
?,(Sat) 6 Nov 1976 (44),Hull City AFC (13),2-2,?,Blackpool FC (32)
?,(Sat) 19 Feb 1977 (7),Hull City AFC (14),2-2,?,Bolton Wanderers FC (32)
?,(Sat) 23 Apr 1977 (16),Hull City AFC (15),0-1,?,Bristol Rovers FC (32)
?,(Sat) 5 Mar 1977 (9),Hull City AFC (16),4-1,?,Burnley FC (32)
?,(Sat) 7 May 1977 (18),Hull City AFC (17),1-2,?,Cardiff City FC (32)
?,(Sat) 12 Feb 1977 (6),Hull City AFC (18),3-1,?,Carlisle United FC (32)
?,(Sat) 19 Mar 1977 (11),Hull City AFC (19),0-0,?,Charlton Athletic FC (32)
?,(Sat) 18 Dec 1976 (50),Hull City AFC (20),1-1,?,Chelsea FC (32)
?,(Sat) 2 Apr 1977 (13),Hull City AFC (21),1-0,?,Fulham FC (32)
?,(Sat) 22 Jan 1977 (3),Hull City AFC (22),1-1,?,Hereford United FC (1924-2014) (32)
?,(Tue) 19 Apr 1977 (16),Hull City AFC (23),1-1,?,Leyton Orient FC (12)
?,(Tue) 24 Aug 1976 (34),Hull City AFC (24),3-1,?,Luton Town FC (12)
?,(Tue) 15 Feb 1977 (7),Hull City AFC (25),0-0,?,Millwall FC (12)
?,(Sat) 2 Oct 1976 (39),Hull City AFC (26),1-0,?,Nottingham Forest FC (12)
?,(Fri) 8 Apr 1977 (14),Hull City AFC (27),0-1,?,Notts County FC (12)
?,(Tue) 28 Dec 1976 (52),Hull City AFC (28),0-1,?,Oldham Athletic AFC (12)
?,(Sat) 20 Nov 1976 (46),Hull City AFC (29),3-1,?,Plymouth Argyle FC (12)
?,(Fri) 17 Sep 1976 (37),Hull City AFC (30),1-1,?,Sheffield United FC (12)
?,(Sat) 28 Aug 1976 (34),Hull City AFC (31),4-0,?,Southampton FC (12)
?,(Sat) 16 Oct 1976 (41),Hull City AFC (32),2-0,?,Wolverhampton Wanderers FC (12)
?,(Sat) 2 Oct 1976 (39),Leyton Orient FC (13),0-1,?,Blackburn Rovers FC (33)
?,(Tue) 10 May 1977 (19),Leyton Orient FC (14),0-1,?,Blackpool FC (33)
?,(Tue) 15 Mar 1977 (11),Leyton Orient FC (15),2-2,?,Bolton Wanderers FC (33)
?,(Sat) 19 Feb 1977 (7),Leyton Orient FC (16),2-0,?,Bristol Rovers FC (33)
?,(Sat) 19 Mar 1977 (11),Leyton Orient FC (17),0-1,?,Burnley FC (33)
?,(Sat) 18 Sep 1976 (37),Leyton Orient FC (18),3-0,?,Cardiff City FC (33)
?,(Sat) 30 Apr 1977 (17),Leyton Orient FC (19),0-0,?,Carlisle United FC (33)
?,(Sat) 9 Apr 1977 (14),Leyton Orient FC (20),0-0,?,Charlton Athletic FC (33)
?,(Sat) 21 Aug 1976 (33),Leyton Orient FC (21),0-1,?,Chelsea FC (33)
?,(Sat) 11 Dec 1976 (49),Leyton Orient FC (22),0-0,?,Fulham FC (33)
?,(Sat) 14 May 1977 (19),Leyton Orient FC (23),1-1,?,Hereford United FC (1924-2014) (33)
?,(Tue) 17 May 1977 (20),Leyton Orient FC (24),1-1,?,Hull City AFC (33)
?,(Mon) 27 Dec 1976 (52),Leyton Orient FC (25),1-0,?,Luton Town FC (13)
?,(Tue) 8 Mar 1977 (10),Leyton Orient FC (26),1-1,?,Millwall FC (13)
?,(Sat) 13 Nov 1976 (45),Leyton Orient FC (27),0-1,?,Nottingham Forest FC (13)
?,(Sat) 26 Mar 1977 (12),Leyton Orient FC (28),1-0,?,Notts County FC (13)
?,(Sat) 5 Mar 1977 (9),Leyton Orient FC (29),0-2,?,Oldham Athletic AFC (13)
?,(Sat) 4 Sep 1976 (35),Leyton Orient FC (30),2-2,?,Plymouth Argyle FC (13)
?,(Sat) 16 Apr 1977 (15),Leyton Orient FC (31),0-2,?,Sheffield United FC (13)
?,(Tue) 26 Apr 1977 (17),Leyton Orient FC (32),2-3,?,Southampton FC (13)
?,(Sat) 27 Nov 1976 (47),Leyton Orient FC (33),2-4,?,Wolverhampton Wanderers FC (13)
?,(Tue) 15 Feb 1977 (7),Luton Town FC (14),2-0,?,Blackburn Rovers FC (34)
?,(Sat) 4 Dec 1976 (48),Luton Town FC (15),0-0,?,Blackpool FC (34)
?,(Sat) 7 May 1977 (18),Luton Town FC (16),1-1,?,Bolton Wanderers FC (34)
?,(Sat) 6 Nov 1976 (44),Luton Town FC (17),4-2,?,Bristol Rovers FC (34)
?,(Sat) 5 Feb 1977 (5),Luton Town FC (18),2-0,?,Burnley FC (34)
?,(Sat) 20 Nov 1976 (46),Luton Town FC (19),2-1,?,Cardiff City FC (34)
?,(Sat) 26 Mar 1977 (12),Luton Town FC (20),5-0,?,Carlisle United FC (34)
?,(Sat) 19 Feb 1977 (7),Luton Town FC (21),2-0,?,Charlton Athletic FC (34)
?,(Wed) 29 Dec 1976 (52),Luton Town FC (22),4-0,?,Chelsea FC (34)
?,(Sat) 18 Sep 1976 (37),Luton Town FC (23),0-2,?,Fulham FC (34)
?,(Sat) 9 Oct 1976 (40),Luton Town FC (24),2-0,?,Hereford United FC (1924-2014) (34)
?,(Mon) 24 Jan 1977 (4),Luton Town FC (25),2-1,?,Hull City AFC (34)
?,(Mon) 11 Apr 1977 (15),Luton Town FC (26),0-0,?,Leyton Orient FC (34)
?,(Tue) 12 Apr 1977 (15),Luton Town FC (27),1-2,?,Millwall FC (14)
?,(Sat) 4 Sep 1976 (35),Luton Town FC (28),1-1,?,Nottingham Forest FC (14)
?,(Sat) 23 Apr 1977 (16),Luton Town FC (29),4-2,?,Notts County FC (14)
?,(Tue) 8 Mar 1977 (10),Luton Town FC (30),1-0,?,Oldham Athletic AFC (14)
?,(Sat) 12 Mar 1977 (10),Luton Town FC (31),1-1,?,Plymouth Argyle FC (14)
?,(Sat) 21 Aug 1976 (33),Luton Town FC (32),2-0,?,Sheffield United FC (14)
?,(Sat) 23 Oct 1976 (42),Luton Town FC (33),1-4,?,Southampton FC (14)
?,(Sat) 5 Mar 1977 (9),Luton Town FC (34),2-0,?,Wolverhampton Wanderers FC (14)
?,(Sat) 16 Oct 1976 (41),Millwall FC (15),0-1,?,Blackburn Rovers FC (35)
?,(Sat) 19 Feb 1977 (7),Millwall FC (16),1-1,?,Blackpool FC (35)
?,(Sat) 5 Feb 1977 (5),Millwall FC (17),3-0,?,Bolton Wanderers FC (35)
?,(Sat) 2 Oct 1976 (39),Millwall FC (18),2-0,?,Bristol Rovers FC (35)
?,(Sat) 14 May 1977 (19),Millwall FC (19),2-0,?,Burnley FC (35)
?,(Sat) 5 Mar 1977 (9),Millwall FC (20),0-2,?,Cardiff City FC (35)
?,(Sat) 16 Apr 1977 (15),Millwall FC (21),1-1,?,Carlisle United FC (35)
?,(Mon) 27 Dec 1976 (52),Millwall FC (22),1-1,?,Charlton Athletic FC (35)
?,(Sat) 4 Sep 1976 (35),Millwall FC (23),3-0,?,Chelsea FC (35)
?,(Sat) 9 Apr 1977 (14),Millwall FC (24),0-0,?,Fulham FC (35)
?,(Sat) 30 Oct 1976 (43),Millwall FC (25),4-2,?,Hereford United FC (1924-2014) (35)
?,(Sat) 30 Apr 1977 (17),Millwall FC (26),2-1,?,Hull City AFC (35)
?,(Sat) 2 Apr 1977 (13),Millwall FC (27),0-1,?,Leyton Orient FC (35)
?,(Sat) 13 Nov 1976 (45),Millwall FC (28),4-2,?,Luton Town FC (35)
?,(Sat) 11 Dec 1976 (49),Millwall FC (29),0-2,?,Nottingham Forest FC (15)
?,(Sat) 22 Jan 1977 (3),Millwall FC (30),2-5,?,Notts County FC (15)
?,(Sat) 19 Mar 1977 (11),Millwall FC (31),2-1,?,Oldham Athletic AFC (15)
?,(Sat) 18 Sep 1976 (37),Millwall FC (32),3-0,?,Plymouth Argyle FC (15)
?,(Sat) 27 Nov 1976 (47),Millwall FC (33),0-1,?,Sheffield United FC (15)
?,(Wed) 25 Aug 1976 (34),Millwall FC (34),0-0,?,Southampton FC (15)
?,(Sat) 1 Jan 1977 (0),Millwall FC (35),1-1,?,Wolverhampton Wanderers FC (15)
?,(Sat) 6 Nov 1976 (44),Nottingham Forest FC (16),3-0,?,Blackburn Rovers FC (36)
?,(Sat) 26 Mar 1977 (12),Nottingham Forest FC (17),3-0,?,Blackpool FC (36)
?,(Wed) 6 Apr 1977 (14),Nottingham Forest FC (18),3-1,?,Bolton Wanderers FC (36)
?,(Sat) 4 Dec 1976 (48),Nottingham Forest FC (19),4-2,?,Bristol Rovers FC (36)
?,(Sat) 23 Oct 1976 (42),Nottingham Forest FC (20),5-2,?,Burnley FC (36)
?,(Sat) 23 Apr 1977 (16),Nottingham Forest FC (21),0-1,?,Cardiff City FC (36)
?,(Sat) 25 Sep 1976 (38),Nottingham Forest FC (22),5-1,?,Carlisle United FC (36)
?,(Wed) 25 Aug 1976 (34),Nottingham Forest FC (23),1-1,?,Charlton Athletic FC (36)
?,(Sat) 20 Nov 1976 (46),Nottingham Forest FC (24),1-1,?,Chelsea FC (36)
?,(Sat) 22 Jan 1977 (3),Nottingham Forest FC (25),3-0,?,Fulham FC (36)
?,(Sat) 11 Sep 1976 (36),Nottingham Forest FC (26),4-3,?,Hereford United FC (1924-2014) (36)
?,(Sat) 12 Mar 1977 (10),Nottingham Forest FC (27),2-0,?,Hull City AFC (36)
?,(Tue) 29 Mar 1977 (13),Nottingham Forest FC (28),3-0,?,Leyton Orient FC (36)
?,(Sat) 12 Feb 1977 (6),Nottingham Forest FC (29),1-2,?,Luton Town FC (36)
?,(Sat) 7 May 1977 (18),Nottingham Forest FC (30),1-0,?,Millwall FC (36)
?,(Tue) 8 Mar 1977 (10),Nottingham Forest FC (31),1-2,?,Notts County FC (16)
?,(Wed) 27 Apr 1977 (17),Nottingham Forest FC (32),3-0,?,Oldham Athletic AFC (16)
?,(Sat) 18 Dec 1976 (50),Nottingham Forest FC (33),1-1,?,Plymouth Argyle FC (16)
?,(Sat) 9 Oct 1976 (40),Nottingham Forest FC (34),6-1,?,Sheffield United FC (16)
?,(Tue) 22 Mar 1977 (12),Nottingham Forest FC (35),2-1,?,Southampton FC (16)
?,(Sat) 28 Aug 1976 (34),Nottingham Forest FC (36),1-3,?,Wolverhampton Wanderers FC (16)
?,(Sat) 19 Mar 1977 (11),Notts County FC (17),0-0,?,Blackburn Rovers FC (37)
?,(Sat) 18 Sep 1976 (37),Notts County FC (18),2-0,?,Blackpool FC (37)
?,(Sat) 4 Sep 1976 (35),Notts County FC (19),0-1,?,Bolton Wanderers FC (37)
?,(Sat) 5 Mar 1977 (9),Notts County FC (20),2-1,?,Bristol Rovers FC (37)
?,(Wed) 2 Mar 1977 (9),Notts County FC (21),5-1,?,Burnley FC (37)
?,(Sat) 19 Feb 1977 (7),Notts County FC (22),1-0,?,Cardiff City FC (37)
?,(Sat) 30 Oct 1976 (43),Notts County FC (23),2-1,?,Carlisle United FC (37)
?,(Sat) 14 May 1977 (19),Notts County FC (24),0-1,?,Charlton Athletic FC (37)
?,(Tue) 15 Feb 1977 (7),Notts County FC (25),2-1,?,Chelsea FC (37)
?,(Sat) 16 Apr 1977 (15),Notts County FC (26),0-0,?,Fulham FC (37)
?,(Fri) 1 Apr 1977 (13),Notts County FC (27),3-2,?,Hereford United FC (1924-2014) (37)
?,(Mon) 27 Dec 1976 (52),Notts County FC (28),1-1,?,Hull City AFC (37)
?,(Sat) 16 Oct 1976 (41),Notts County FC (29),0-1,?,Leyton Orient FC (37)
?,(Sat) 27 Nov 1976 (47),Notts County FC (30),0-4,?,Luton Town FC (37)
?,(Sat) 21 Aug 1976 (33),Notts County FC (31),1-2,?,Millwall FC (37)
?,(Sat) 9 Apr 1977 (14),Notts County FC (32),1-1,?,Nottingham Forest FC (37)
?,(Sat) 2 Oct 1976 (39),Notts County FC (33),1-0,?,Oldham Athletic AFC (17)
?,(Sat) 5 Feb 1977 (5),Notts County FC (34),2-0,?,Plymouth Argyle FC (17)
?,(Mon) 28 Mar 1977 (13),Notts County FC (35),2-1,?,Sheffield United FC (17)
?,(Sat) 30 Apr 1977 (17),Notts County FC (36),3-1,?,Southampton FC (17)
?,(Sat) 13 Nov 1976 (45),Notts County FC (37),1-1,?,Wolverhampton Wanderers FC (17)
?,(Sat) 11 Sep 1976 (36),Oldham Athletic AFC (18),2-0,?,Blackburn Rovers FC (38)
?,(Sat) 15 Jan 1977 (2),Oldham Athletic AFC (19),1-0,?,Blackpool FC (38)
?,(Sat) 23 Oct 1976 (42),Oldham Athletic AFC (20),2-2,?,Bolton Wanderers FC (38)
?,(Sat) 5 Feb 1977 (5),Oldham Athletic AFC (21),4-0,?,Bristol Rovers FC (38)
?,(Tue) 15 Feb 1977 (7),Oldham Athletic AFC (22),3-1,?,Burnley FC (38)
?,(Sat) 4 Sep 1976 (35),Oldham Athletic AFC (23),3-2,?,Cardiff City FC (38)
?,(Sat) 13 Nov 1976 (45),Oldham Athletic AFC (24),4-1,?,Carlisle United FC (38)
?,(Tue) 22 Mar 1977 (12),Oldham Athletic AFC (25),1-1,?,Charlton Athletic FC (38)
?,(Tue) 19 Apr 1977 (16),Oldham Athletic AFC (26),0-0,?,Chelsea FC (38)
?,(Sat) 30 Apr 1977 (17),Oldham Athletic AFC (27),1-0,?,Fulham FC (38)
?,(Sat) 16 Apr 1977 (15),Oldham Athletic AFC (28),3-5,?,Hereford United FC (1924-2014) (38)
?,(Sat) 9 Apr 1977 (14),Oldham Athletic AFC (29),3-0,?,Hull City AFC (38)
?,(Sat) 25 Sep 1976 (38),Oldham Athletic AFC (30),0-0,?,Leyton Orient FC (38)
?,(Sat) 14 May 1977 (19),Oldham Athletic AFC (31),1-2,?,Luton Town FC (38)
?,(Sat) 9 Oct 1976 (40),Oldham Athletic AFC (32),2-1,?,Millwall FC (38)
?,(Sat) 30 Oct 1976 (43),Oldham Athletic AFC (33),1-0,?,Nottingham Forest FC (38)
?,(Sat) 12 Mar 1977 (10),Oldham Athletic AFC (34),1-1,?,Notts County FC (38)
?,(Sat) 21 Aug 1976 (33),Oldham Athletic AFC (35),2-2,?,Plymouth Argyle FC (18)
?,(Mon) 27 Dec 1976 (52),Oldham Athletic AFC (36),1-2,?,Sheffield United FC (18)
?,(Sat) 27 Nov 1976 (47),Oldham Athletic AFC (37),2-1,?,Southampton FC (18)
?,(Tue) 15 Mar 1977 (11),Oldham Athletic AFC (38),0-2,?,Wolverhampton Wanderers FC (18)
?,(Tue) 24 Aug 1976 (34),Plymouth Argyle FC (19),4-0,?,Blackburn Rovers FC (39)
?,(Sat) 19 Mar 1977 (11),Plymouth Argyle FC (20),2-0,?,Blackpool FC (39)
?,(Sat) 25 Sep 1976 (38),Plymouth Argyle FC (21),1-1,?,Bolton Wanderers FC (39)
?,(Sat) 2 Apr 1977 (13),Plymouth Argyle FC (22),1-1,?,Bristol Rovers FC (39)
?,(Sat) 30 Oct 1976 (43),Plymouth Argyle FC (23),0-1,?,Burnley FC (39)
?,(Sat) 16 Oct 1976 (41),Plymouth Argyle FC (24),2-2,?,Cardiff City FC (39)
?,(Sat) 27 Nov 1976 (47),Plymouth Argyle FC (25),0-1,?,Carlisle United FC (39)
?,(Sat) 1 Jan 1977 (0),Plymouth Argyle FC (26),1-0,?,Charlton Athletic FC (39)
?,(Sat) 11 Sep 1976 (36),Plymouth Argyle FC (27),2-3,?,Chelsea FC (39)
?,(Sat) 13 Nov 1976 (45),Plymouth Argyle FC (28),2-2,?,Fulham FC (39)
?,(Sat) 9 Apr 1977 (14),Plymouth Argyle FC (29),2-1,?,Hereford United FC (1924-2014) (39)
?,(Sat) 16 Apr 1977 (15),Plymouth Argyle FC (30),1-2,?,Hull City AFC (39)
?,(Sat) 12 Feb 1977 (6),Plymouth Argyle FC (31),1-2,?,Leyton Orient FC (39)
?,(Sat) 2 Oct 1976 (39),Plymouth Argyle FC (32),1-0,?,Luton Town FC (39)
?,(Sat) 26 Feb 1977 (8),Plymouth Argyle FC (33),2-2,?,Millwall FC (39)
?,(Mon) 2 May 1977 (18),Plymouth Argyle FC (34),1-2,?,Nottingham Forest FC (39)
?,(Sat) 28 Aug 1976 (34),Plymouth Argyle FC (35),1-2,?,Notts County FC (39)
?,(Sat) 22 Jan 1977 (3),Plymouth Argyle FC (36),2-2,?,Oldham Athletic AFC (39)
?,(Sat) 11 Dec 1976 (49),Plymouth Argyle FC (37),0-0,?,Sheffield United FC (19)
?,(Mon) 27 Dec 1976 (52),Plymouth Argyle FC (38),1-1,?,Southampton FC (19)
?,(Sat) 30 Apr 1977 (17),Plymouth Argyle FC (39),0-0,?,Wolverhampton Wanderers FC (19)
?,(Sat) 25 Sep 1976 (38),Sheffield United FC (20),1-1,?,Blackburn Rovers FC (40)
?,(Tue) 12 Apr 1977 (15),Sheffield United FC (21),1-5,?,Blackpool FC (40)
?,(Tue) 28 Dec 1976 (52),Sheffield United FC (22),2-3,?,Bolton Wanderers FC (40)
?,(Sat) 18 Dec 1976 (50),Sheffield United FC (23),2-3,?,Bristol Rovers FC (40)
?,(Sat) 2 Oct 1976 (39),Sheffield United FC (24),1-0,?,Burnley FC (40)
?,(Tue) 8 Mar 1977 (10),Sheffield United FC (25),3-0,?,Cardiff City FC (40)
?,(Sat) 11 Sep 1976 (36),Sheffield United FC (26),3-0,?,Carlisle United FC (40)
?,(Sat) 2 Apr 1977 (13),Sheffield United FC (27),3-0,?,Charlton Athletic FC (40)
?,(Fri) 3 Dec 1976 (48),Sheffield United FC (28),1-0,?,Chelsea FC (40)
?,(Sat) 16 Oct 1976 (41),Sheffield United FC (29),1-1,?,Fulham FC (40)
?,(Sat) 28 Aug 1976 (34),Sheffield United FC (30),1-1,?,Hereford United FC (1924-2014) (40)
?,(Sat) 26 Feb 1977 (8),Sheffield United FC (31),1-1,?,Hull City AFC (40)
?,(Sat) 20 Nov 1976 (46),Sheffield United FC (32),1-1,?,Leyton Orient FC (40)
?,(Sat) 22 Jan 1977 (3),Sheffield United FC (33),0-3,?,Luton Town FC (40)
?,(Tue) 3 May 1977 (18),Sheffield United FC (34),1-1,?,Millwall FC (40)
?,(Sat) 19 Mar 1977 (11),Sheffield United FC (35),2-0,?,Nottingham Forest FC (40)
?,(Sat) 6 Nov 1976 (44),Sheffield United FC (36),1-0,?,Notts County FC (40)
?,(Tue) 5 Apr 1977 (14),Sheffield United FC (37),2-1,?,Oldham Athletic AFC (40)
?,(Sat) 7 May 1977 (18),Sheffield United FC (38),1-0,?,Plymouth Argyle FC (40)
?,(Sat) 12 Feb 1977 (6),Sheffield United FC (39),2-2,?,Southampton FC (20)
?,(Tue) 24 Aug 1976 (34),Sheffield United FC (40),2-2,?,Wolverhampton Wanderers FC (20)
?,(Sat) 7 May 1977 (18),Southampton FC (21),2-0,?,Blackburn Rovers FC (41)
?,(Sat) 18 Dec 1976 (50),Southampton FC (22),3-3,?,Blackpool FC (41)
?,(Sat) 20 Nov 1976 (46),Southampton FC (23),1-3,?,Bolton Wanderers FC (41)
?,(Wed) 29 Dec 1976 (52),Southampton FC (24),2-1,?,Bristol Rovers FC (41)
?,(Sat) 19 Feb 1977 (7),Southampton FC (25),2-0,?,Burnley FC (41)
?,(Mon) 11 Apr 1977 (15),Southampton FC (26),3-2,?,Cardiff City FC (41)
?,(Sat) 21 Aug 1976 (33),Southampton FC (27),1-2,?,Carlisle United FC (41)
?,(Sat) 5 Mar 1977 (9),Southampton FC (28),2-1,?,Charlton Athletic FC (41)
?,(Tue) 7 Dec 1976 (49),Southampton FC (29),1-1,?,Chelsea FC (41)
?,(Sat) 2 Oct 1976 (39),Southampton FC (30),4-1,?,Fulham FC (41)
?,(Sat) 16 Oct 1976 (41),Southampton FC (31),1-0,?,Hereford United FC (1924-2014) (41)
?,(Sat) 5 Feb 1977 (5),Southampton FC (32),2-2,?,Hull City AFC (41)
?,(Sat) 6 Nov 1976 (44),Southampton FC (33),2-2,?,Leyton Orient FC (41)
?,(Sat) 2 Apr 1977 (13),Southampton FC (34),1-0,?,Luton Town FC (41)
?,(Sat) 15 Jan 1977 (2),Southampton FC (35),0-2,?,Millwall FC (41)
?,(Sat) 18 Sep 1976 (37),Southampton FC (36),1-1,?,Nottingham Forest FC (41)
?,(Sat) 4 Dec 1976 (48),Southampton FC (37),2-1,?,Notts County FC (41)
?,(Sat) 23 Apr 1977 (16),Southampton FC (38),4-0,?,Oldham Athletic AFC (41)
?,(Fri) 8 Apr 1977 (14),Southampton FC (39),4-1,?,Plymouth Argyle FC (41)
?,(Sat) 4 Sep 1976 (35),Southampton FC (40),1-1,?,Sheffield United FC (41)
?,(Tue) 3 May 1977 (18),Southampton FC (41),1-0,?,Wolverhampton Wanderers FC (21)
?,(Sat) 20 Nov 1976 (46),Wolverhampton Wanderers FC (22),1-2,?,Blackburn Rovers FC (42)
?,(Tue) 1 Mar 1977 (9),Wolverhampton Wanderers FC (23),2-1,?,Blackpool FC (42)
?,(Sat) 18 Dec 1976 (50),Wolverhampton Wanderers FC (24),1-0,?,Bolton Wanderers FC (42)
?,(Tue) 5 Apr 1977 (14),Wolverhampton Wanderers FC (25),1-0,?,Bristol Rovers FC (42)
?,(Sat) 21 Aug 1976 (33),Wolverhampton Wanderers FC (26),0-0,?,Burnley FC (42)
?,(Tue) 26 Apr 1977 (17),Wolverhampton Wanderers FC (27),4-1,?,Cardiff City FC (42)
?,(Sat) 23 Oct 1976 (42),Wolverhampton Wanderers FC (28),4-0,?,Carlisle United FC (42)
?,(Sat) 4 Sep 1976 (35),Wolverhampton Wanderers FC (29),3-0,?,Charlton Athletic FC (42)
?,(Sat) 7 May 1977 (18),Wolverhampton Wanderers FC (30),1-1,?,Chelsea FC (42)
?,(Sat) 19 Feb 1977 (7),Wolverhampton Wanderers FC (31),5-1,?,Fulham FC (42)
?,(Sat) 12 Mar 1977 (10),Wolverhampton Wanderers FC (32),2-1,?,Hereford United FC (1924-2014) (42)
?,(Sat) 26 Mar 1977 (12),Wolverhampton Wanderers FC (33),2-1,?,Hull City AFC (42)
?,(Sat) 23 Apr 1977 (16),Wolverhampton Wanderers FC (34),1-0,?,Leyton Orient FC (42)
?,(Sat) 25 Sep 1976 (38),Wolverhampton Wanderers FC (35),1-2,?,Luton Town FC (42)
?,(Sat) 6 Nov 1976 (44),Wolverhampton Wanderers FC (36),3-1,?,Millwall FC (42)
?,(Sat) 5 Feb 1977 (5),Wolverhampton Wanderers FC (37),2-1,?,Nottingham Forest FC (42)
?,(Mon) 11 Apr 1977 (15),Wolverhampton Wanderers FC (38),2-2,?,Notts County FC (42)
?,(Sat) 18 Sep 1976 (37),Wolverhampton Wanderers FC (39),5-0,?,Oldham Athletic AFC (42)
?,(Sat) 4 Dec 1976 (48),Wolverhampton Wanderers FC (40),4-0,?,Plymouth Argyle FC (42)
?,(Wed) 9 Feb 1977 (6),Wolverhampton Wanderers FC (41),2-1,?,Sheffield United FC (42)
?,(Tue) 5 Oct 1976 (40),Wolverhampton Wanderers FC (42),2-6,?,Southampton FC (42)
