Round,Date,Team 1,FT,HT,Team 2
?,(Sat) 21 Aug 1976 (33),Bury FC (1),2-0,?,Grimsby Town FC (1)
?,(Sat) 21 Aug 1976 (33),Tranmere Rovers FC (1),0-1,?,Chester FC (1)
?,(Sat) 21 Aug 1976 (33),Sheffield Wednesday FC (1),0-0,?,Walsall FC (1)
?,(Sat) 21 Aug 1976 (33),Mansfield Town FC (1),3-1,?,Preston North End FC (1)
?,(Sat) 21 Aug 1976 (33),Gillingham FC (1),2-2,?,Reading FC (1)
?,(Sat) 21 Aug 1976 (33),Lincoln City FC (1),1-1,?,Shrewsbury Town FC (1)
?,(Sat) 21 Aug 1976 (33),Swindon Town FC (1),1-0,?,Port Vale FC (1)
?,(Sat) 21 Aug 1976 (33),Wrexham AFC (1),2-0,?,Portsmouth FC (1)
?,(Sat) 21 Aug 1976 (33),Crystal Palace FC (1),1-0,?,York City FC (1)
?,(Sat) 21 Aug 1976 (33),Brighton & Hove Albion FC (1),3-2,?,Oxford United FC (1)
?,(Sat) 21 Aug 1976 (33),Peterborough United FC (1),0-2,?,Rotherham United FC (1)
?,(Sat) 21 Aug 1976 (33),Chesterfield FC (1),0-0,?,Northampton Town FC (1)
?,(Mon) 23 Aug 1976 (34),Port Vale FC (2),1-1,?,Chesterfield FC (2)
?,(Tue) 24 Aug 1976 (34),Rotherham United FC (2),3-0,?,Bury FC (2)
?,(Tue) 24 Aug 1976 (34),Shrewsbury Town FC (2),4-2,?,Gillingham FC (2)
?,(Tue) 24 Aug 1976 (34),Grimsby Town FC (2),0-1,?,Crystal Palace FC (2)
?,(Tue) 24 Aug 1976 (34),Portsmouth FC (2),2-1,?,Swindon Town FC (2)
?,(Tue) 24 Aug 1976 (34),Chester FC (2),0-1,?,Brighton & Hove Albion FC (2)
?,(Wed) 25 Aug 1976 (34),Sheffield Wednesday FC (2),2-1,?,Northampton Town FC (2)
?,(Fri) 27 Aug 1976 (34),Tranmere Rovers FC (2),1-0,?,Crystal Palace FC (3)
?,(Sat) 28 Aug 1976 (34),Walsall FC (2),1-2,?,Gillingham FC (3)
?,(Sat) 28 Aug 1976 (34),Northampton Town FC (3),1-0,?,Lincoln City FC (2)
?,(Sat) 28 Aug 1976 (34),Grimsby Town FC (3),2-2,?,Peterborough United FC (2)
?,(Sat) 28 Aug 1976 (34),Shrewsbury Town FC (3),2-0,?,Reading FC (2)
?,(Sat) 28 Aug 1976 (34),Rotherham United FC (3),3-0,?,Mansfield Town FC (2)
?,(Sat) 28 Aug 1976 (34),Portsmouth FC (3),0-1,?,Chesterfield FC (3)
?,(Sat) 28 Aug 1976 (34),Preston North End FC (2),1-1,?,Brighton & Hove Albion FC (3)
?,(Sat) 28 Aug 1976 (34),Swindon Town FC (3),3-2,?,Wrexham AFC (2)
?,(Sat) 28 Aug 1976 (34),York City FC (2),2-2,?,Bury FC (3)
?,(Sat) 28 Aug 1976 (34),Chester FC (3),1-3,?,Oxford United FC (2)
?,(Sat) 28 Aug 1976 (34),Port Vale FC (3),2-0,?,Sheffield Wednesday FC (3)
?,(Sat) 4 Sep 1976 (35),Reading FC (3),2-1,?,Walsall FC (3)
?,(Sat) 4 Sep 1976 (35),Crystal Palace FC (4),1-2,?,Chester FC (4)
?,(Sat) 4 Sep 1976 (35),Chesterfield FC (4),0-1,?,Swindon Town FC (4)
?,(Sat) 4 Sep 1976 (35),Wrexham AFC (3),1-0,?,Shrewsbury Town FC (4)
?,(Sat) 4 Sep 1976 (35),Peterborough United FC (3),3-0,?,York City FC (3)
?,(Sat) 4 Sep 1976 (35),Brighton & Hove Albion FC (4),3-1,?,Rotherham United FC (4)
?,(Sat) 4 Sep 1976 (35),Mansfield Town FC (3),3-0,?,Grimsby Town FC (4)
?,(Sat) 4 Sep 1976 (35),Sheffield Wednesday FC (4),1-1,?,Portsmouth FC (4)
?,(Sat) 4 Sep 1976 (35),Lincoln City FC (3),2-0,?,Port Vale FC (4)
?,(Sat) 4 Sep 1976 (35),Gillingham FC (4),1-1,?,Northampton Town FC (4)
?,(Sat) 4 Sep 1976 (35),Oxford United FC (3),2-2,?,Preston North End FC (3)
?,(Sat) 4 Sep 1976 (35),Bury FC (4),2-1,?,Tranmere Rovers FC (3)
?,(Tue) 7 Sep 1976 (36),Oxford United FC (4),0-3,?,Mansfield Town FC (4)
?,(Tue) 7 Sep 1976 (36),York City FC (4),1-0,?,Tranmere Rovers FC (4)
?,(Wed) 8 Sep 1976 (36),Reading FC (4),2-0,?,Wrexham AFC (4)
?,(Sat) 11 Sep 1976 (36),Port Vale FC (5),1-2,?,Gillingham FC (5)
?,(Sat) 11 Sep 1976 (36),Chesterfield FC (5),0-6,?,Wrexham AFC (5)
?,(Sat) 11 Sep 1976 (36),Tranmere Rovers FC (5),2-0,?,Peterborough United FC (4)
?,(Sat) 11 Sep 1976 (36),Crystal Palace FC (5),2-1,?,Bury FC (5)
?,(Sat) 11 Sep 1976 (36),Northampton Town FC (5),1-2,?,Reading FC (5)
?,(Sat) 11 Sep 1976 (36),York City FC (5),0-1,?,Mansfield Town FC (5)
?,(Sat) 11 Sep 1976 (36),Portsmouth FC (5),1-1,?,Lincoln City FC (4)
?,(Sat) 11 Sep 1976 (36),Rotherham United FC (5),1-1,?,Oxford United FC (5)
?,(Sat) 11 Sep 1976 (36),Walsall FC (4),3-3,?,Shrewsbury Town FC (5)
?,(Sat) 11 Sep 1976 (36),Swindon Town FC (5),5-2,?,Sheffield Wednesday FC (5)
?,(Sat) 11 Sep 1976 (36),Chester FC (5),0-0,?,Preston North End FC (4)
?,(Sat) 11 Sep 1976 (36),Grimsby Town FC (5),2-0,?,Brighton & Hove Albion FC (5)
?,(Tue) 14 Sep 1976 (37),Peterborough United FC (5),2-1,?,Reading FC (6)
?,(Tue) 14 Sep 1976 (37),Walsall FC (5),1-3,?,Lincoln City FC (5)
?,(Tue) 14 Sep 1976 (37),Preston North End FC (5),4-0,?,Port Vale FC (6)
?,(Sat) 18 Sep 1976 (37),Sheffield Wednesday FC (6),4-1,?,Chesterfield FC (6)
?,(Sat) 18 Sep 1976 (37),Brighton & Hove Albion FC (6),7-2,?,York City FC (6)
?,(Sat) 18 Sep 1976 (37),Reading FC (7),1-1,?,Port Vale FC (7)
?,(Sat) 18 Sep 1976 (37),Gillingham FC (6),2-1,?,Portsmouth FC (6)
?,(Sat) 18 Sep 1976 (37),Lincoln City FC (6),0-0,?,Swindon Town FC (6)
?,(Sat) 18 Sep 1976 (37),Peterborough United FC (6),0-0,?,Crystal Palace FC (6)
?,(Sat) 18 Sep 1976 (37),Oxford United FC (6),5-2,?,Grimsby Town FC (6)
?,(Sat) 18 Sep 1976 (37),Preston North End FC (6),0-0,?,Rotherham United FC (6)
?,(Sat) 18 Sep 1976 (37),Wrexham AFC (6),1-0,?,Walsall FC (6)
?,(Sat) 18 Sep 1976 (37),Shrewsbury Town FC (6),3-0,?,Northampton Town FC (6)
?,(Sat) 18 Sep 1976 (37),Bury FC (6),2-0,?,Chester FC (6)
?,(Sat) 18 Sep 1976 (37),Mansfield Town FC (6),1-1,?,Tranmere Rovers FC (6)
?,(Sat) 25 Sep 1976 (38),Grimsby Town FC (7),1-0,?,Preston North End FC (7)
?,(Sat) 25 Sep 1976 (38),Crystal Palace FC (7),2-0,?,Mansfield Town FC (7)
?,(Sat) 25 Sep 1976 (38),Chesterfield FC (7),1-4,?,Lincoln City FC (7)
?,(Sat) 25 Sep 1976 (38),Swindon Town FC (7),2-2,?,Gillingham FC (7)
?,(Sat) 25 Sep 1976 (38),Northampton Town FC (7),0-1,?,Walsall FC (7)
?,(Sat) 25 Sep 1976 (38),Tranmere Rovers FC (7),1-3,?,Brighton & Hove Albion FC (7)
?,(Sat) 25 Sep 1976 (38),Rotherham United FC (7),1-1,?,Chester FC (7)
?,(Sat) 25 Sep 1976 (38),Port Vale FC (8),1-2,?,Shrewsbury Town FC (7)
?,(Sat) 25 Sep 1976 (38),Portsmouth FC (7),0-2,?,Reading FC (8)
?,(Sat) 25 Sep 1976 (38),York City FC (7),2-1,?,Oxford United FC (7)
?,(Sat) 25 Sep 1976 (38),Bury FC (7),4-1,?,Peterborough United FC (7)
?,(Sat) 25 Sep 1976 (38),Wrexham AFC (7),2-2,?,Sheffield Wednesday FC (7)
?,(Wed) 29 Sep 1976 (39),Peterborough United FC (8),1-0,?,Swindon Town FC (8)
?,(Fri) 1 Oct 1976 (39),Northampton Town FC (8),0-2,?,Wrexham AFC (8)
?,(Sat) 2 Oct 1976 (39),Lincoln City FC (8),1-1,?,Sheffield Wednesday FC (8)
?,(Sat) 2 Oct 1976 (39),Walsall FC (8),3-1,?,Port Vale FC (9)
?,(Sat) 2 Oct 1976 (39),Oxford United FC (8),1-1,?,Tranmere Rovers FC (8)
?,(Sat) 2 Oct 1976 (39),Preston North End FC (8),4-2,?,York City FC (8)
?,(Sat) 2 Oct 1976 (39),Gillingham FC (8),2-1,?,Chesterfield FC (8)
?,(Sat) 2 Oct 1976 (39),Reading FC (9),4-1,?,Swindon Town FC (9)
?,(Sat) 2 Oct 1976 (39),Rotherham United FC (8),3-2,?,Grimsby Town FC (8)
?,(Sat) 2 Oct 1976 (39),Brighton & Hove Albion FC (8),1-1,?,Crystal Palace FC (8)
?,(Sat) 2 Oct 1976 (39),Shrewsbury Town FC (8),4-1,?,Portsmouth FC (8)
?,(Sat) 2 Oct 1976 (39),Mansfield Town FC (8),5-0,?,Bury FC (8)
?,(Sat) 2 Oct 1976 (39),Chester FC (8),2-1,?,Peterborough United FC (9)
?,(Tue) 5 Oct 1976 (40),Sheffield Wednesday FC (9),3-0,?,Chester FC (9)
?,(Tue) 5 Oct 1976 (40),Brighton & Hove Albion FC (9),7-0,?,Walsall FC (9)
?,(Wed) 6 Oct 1976 (40),Peterborough United FC (10),0-3,?,Chesterfield FC (9)
?,(Fri) 8 Oct 1976 (40),Port Vale FC (10),2-1,?,Northampton Town FC (9)
?,(Fri) 8 Oct 1976 (40),Tranmere Rovers FC (9),0-0,?,Preston North End FC (9)
?,(Sat) 9 Oct 1976 (40),Portsmouth FC (9),1-1,?,Walsall FC (10)
?,(Sat) 9 Oct 1976 (40),Swindon Town FC (10),1-0,?,Shrewsbury Town FC (9)
?,(Sat) 9 Oct 1976 (40),Chesterfield FC (10),4-0,?,Reading FC (10)
?,(Sat) 9 Oct 1976 (40),Sheffield Wednesday FC (10),2-0,?,Gillingham FC (9)
?,(Sat) 9 Oct 1976 (40),Bury FC (9),3-0,?,Brighton & Hove Albion FC (10)
?,(Sat) 9 Oct 1976 (40),Wrexham AFC (9),3-0,?,Lincoln City FC (9)
?,(Sat) 9 Oct 1976 (40),Peterborough United FC (11),2-1,?,Mansfield Town FC (9)
?,(Sat) 9 Oct 1976 (40),Grimsby Town FC (9),0-0,?,Chester FC (10)
?,(Sat) 9 Oct 1976 (40),York City FC (9),1-1,?,Rotherham United FC (9)
?,(Sat) 9 Oct 1976 (40),Crystal Palace FC (9),2-2,?,Oxford United FC (9)
?,(Tue) 12 Oct 1976 (41),Preston North End FC (10),6-2,?,Peterborough United FC (12)
?,(Fri) 15 Oct 1976 (41),Northampton Town FC (10),3-1,?,Portsmouth FC (10)
?,(Sat) 16 Oct 1976 (41),Reading FC (11),0-1,?,Sheffield Wednesday FC (11)
?,(Sat) 16 Oct 1976 (41),Chester FC (11),1-0,?,Mansfield Town FC (10)
?,(Sat) 16 Oct 1976 (41),Oxford United FC (10),2-2,?,Bury FC (10)
?,(Sat) 16 Oct 1976 (41),Port Vale FC (11),2-3,?,Wrexham AFC (10)
?,(Sat) 16 Oct 1976 (41),Walsall FC (11),2-0,?,Swindon Town FC (11)
?,(Sat) 16 Oct 1976 (41),Shrewsbury Town FC (10),3-0,?,Chesterfield FC (11)
?,(Sat) 16 Oct 1976 (41),Gillingham FC (10),0-1,?,Lincoln City FC (10)
?,(Sat) 16 Oct 1976 (41),Preston North End FC (11),2-1,?,Crystal Palace FC (10)
?,(Sat) 16 Oct 1976 (41),Brighton & Hove Albion FC (11),1-0,?,Peterborough United FC (13)
?,(Sat) 16 Oct 1976 (41),Rotherham United FC (10),1-2,?,Tranmere Rovers FC (10)
?,(Sat) 16 Oct 1976 (41),Grimsby Town FC (10),1-0,?,York City FC (10)
?,(Fri) 22 Oct 1976 (42),Tranmere Rovers FC (11),2-0,?,Grimsby Town FC (11)
?,(Sat) 23 Oct 1976 (42),Lincoln City FC (11),3-1,?,Reading FC (12)
?,(Sat) 23 Oct 1976 (42),Wrexham AFC (11),2-1,?,Gillingham FC (11)
?,(Sat) 23 Oct 1976 (42),Crystal Palace FC (11),2-1,?,Rotherham United FC (11)
?,(Sat) 23 Oct 1976 (42),Chesterfield FC (12),1-0,?,Walsall FC (12)
?,(Sat) 23 Oct 1976 (42),Peterborough United FC (14),2-0,?,Oxford United FC (11)
?,(Sat) 23 Oct 1976 (42),Bury FC (11),3-2,?,Preston North End FC (12)
?,(Sat) 23 Oct 1976 (42),Swindon Town FC (12),5-1,?,Northampton Town FC (11)
?,(Sat) 23 Oct 1976 (42),Sheffield Wednesday FC (12),0-1,?,Shrewsbury Town FC (11)
?,(Sat) 23 Oct 1976 (42),Portsmouth FC (11),1-1,?,Port Vale FC (12)
?,(Sat) 23 Oct 1976 (42),York City FC (11),0-2,?,Chester FC (12)
?,(Sat) 23 Oct 1976 (42),Mansfield Town FC (11),1-1,?,Brighton & Hove Albion FC (12)
?,(Mon) 25 Oct 1976 (43),Tranmere Rovers FC (12),1-1,?,Port Vale FC (13)
?,(Tue) 26 Oct 1976 (43),York City FC (12),1-4,?,Northampton Town FC (12)
?,(Tue) 26 Oct 1976 (43),Bury FC (12),0-1,?,Swindon Town FC (13)
?,(Tue) 26 Oct 1976 (43),Oxford United FC (12),1-2,?,Lincoln City FC (12)
?,(Tue) 26 Oct 1976 (43),Crystal Palace FC (12),2-1,?,Shrewsbury Town FC (12)
?,(Tue) 26 Oct 1976 (43),Rotherham United FC (12),2-2,?,Portsmouth FC (12)
?,(Fri) 29 Oct 1976 (43),Lincoln City FC (13),2-2,?,Rotherham United FC (13)
?,(Sat) 30 Oct 1976 (43),Port Vale FC (14),2-0,?,Grimsby Town FC (12)
?,(Sat) 30 Oct 1976 (43),Swindon Town FC (14),1-1,?,Tranmere Rovers FC (13)
?,(Sat) 30 Oct 1976 (43),Wrexham AFC (12),0-0,?,Bury FC (13)
?,(Sat) 30 Oct 1976 (43),Walsall FC (13),0-0,?,Crystal Palace FC (13)
?,(Sat) 30 Oct 1976 (43),Reading FC (13),2-0,?,Chester FC (13)
?,(Sat) 30 Oct 1976 (43),Northampton Town FC (13),0-2,?,Brighton & Hove Albion FC (13)
?,(Sat) 30 Oct 1976 (43),Chesterfield FC (13),2-0,?,York City FC (13)
?,(Sat) 30 Oct 1976 (43),Sheffield Wednesday FC (13),0-2,?,Mansfield Town FC (12)
?,(Sat) 30 Oct 1976 (43),Gillingham FC (12),1-1,?,Preston North End FC (13)
?,(Sat) 30 Oct 1976 (43),Portsmouth FC (13),0-0,?,Peterborough United FC (15)
?,(Sat) 30 Oct 1976 (43),Shrewsbury Town FC (13),1-0,?,Oxford United FC (13)
?,(Mon) 1 Nov 1976 (44),Wrexham AFC (13),1-1,?,York City FC (14)
?,(Mon) 1 Nov 1976 (44),Port Vale FC (15),0-0,?,Preston North End FC (14)
?,(Tue) 2 Nov 1976 (44),Northampton Town FC (14),2-2,?,Peterborough United FC (16)
?,(Tue) 2 Nov 1976 (44),Portsmouth FC (14),2-1,?,Chester FC (14)
?,(Tue) 2 Nov 1976 (44),Gillingham FC (13),1-1,?,Grimsby Town FC (13)
?,(Tue) 2 Nov 1976 (44),Sheffield Wednesday FC (14),1-3,?,Rotherham United FC (14)
?,(Tue) 2 Nov 1976 (44),Shrewsbury Town FC (14),0-0,?,Mansfield Town FC (13)
?,(Tue) 2 Nov 1976 (44),Swindon Town FC (15),1-1,?,Crystal Palace FC (14)
?,(Tue) 2 Nov 1976 (44),Walsall FC (14),2-2,?,Oxford United FC (14)
?,(Wed) 3 Nov 1976 (44),Reading FC (14),2-3,?,Brighton & Hove Albion FC (14)
?,(Wed) 3 Nov 1976 (44),Chesterfield FC (14),0-0,?,Tranmere Rovers FC (14)
?,(Wed) 3 Nov 1976 (44),Lincoln City FC (14),2-3,?,Bury FC (14)
?,(Fri) 5 Nov 1976 (44),Tranmere Rovers FC (15),0-0,?,Wrexham AFC (14)
?,(Sat) 6 Nov 1976 (44),Rotherham United FC (15),1-0,?,Shrewsbury Town FC (15)
?,(Sat) 6 Nov 1976 (44),Brighton & Hove Albion FC (15),4-0,?,Swindon Town FC (16)
?,(Sat) 6 Nov 1976 (44),Preston North End FC (15),3-0,?,Northampton Town FC (15)
?,(Sat) 6 Nov 1976 (44),Bury FC (15),1-3,?,Sheffield Wednesday FC (15)
?,(Sat) 6 Nov 1976 (44),Crystal Palace FC (15),1-1,?,Reading FC (15)
?,(Sat) 6 Nov 1976 (44),Mansfield Town FC (14),3-1,?,Lincoln City FC (15)
?,(Sat) 6 Nov 1976 (44),Peterborough United FC (17),0-1,?,Gillingham FC (14)
?,(Sat) 6 Nov 1976 (44),Grimsby Town FC (14),1-2,?,Chesterfield FC (15)
?,(Sat) 6 Nov 1976 (44),Oxford United FC (15),2-1,?,Portsmouth FC (15)
?,(Sat) 6 Nov 1976 (44),York City FC (15),1-0,?,Port Vale FC (16)
?,(Sat) 6 Nov 1976 (44),Chester FC (15),1-0,?,Walsall FC (15)
?,(Mon) 8 Nov 1976 (45),Mansfield Town FC (15),4-0,?,Reading FC (16)
?,(Tue) 9 Nov 1976 (45),Sheffield Wednesday FC (16),1-0,?,Crystal Palace FC (16)
?,(Wed) 10 Nov 1976 (45),Chesterfield FC (16),1-0,?,Chester FC (16)
?,(Wed) 10 Nov 1976 (45),Wrexham AFC (15),2-0,?,Peterborough United FC (18)
?,(Sat) 13 Nov 1976 (45),Port Vale FC (17),2-2,?,Brighton & Hove Albion FC (16)
?,(Sat) 13 Nov 1976 (45),Gillingham FC (15),3-1,?,Mansfield Town FC (16)
?,(Sat) 13 Nov 1976 (45),Northampton Town FC (16),1-0,?,Oxford United FC (16)
?,(Sat) 13 Nov 1976 (45),Swindon Town FC (17),2-4,?,Rotherham United FC (16)
?,(Sat) 13 Nov 1976 (45),Reading FC (17),0-2,?,Preston North End FC (16)
?,(Sat) 13 Nov 1976 (45),Walsall FC (16),1-2,?,York City FC (16)
?,(Sat) 13 Nov 1976 (45),Portsmouth FC (16),1-1,?,Bury FC (16)
?,(Sat) 13 Nov 1976 (45),Shrewsbury Town FC (16),2-1,?,Grimsby Town FC (15)
?,(Sat) 13 Nov 1976 (45),Lincoln City FC (16),2-2,?,Tranmere Rovers FC (16)
?,(Fri) 26 Nov 1976 (47),Bury FC (17),3-1,?,Gillingham FC (16)
?,(Fri) 26 Nov 1976 (47),Tranmere Rovers FC (17),2-1,?,Reading FC (18)
?,(Sat) 27 Nov 1976 (47),Brighton & Hove Albion FC (17),0-2,?,Wrexham AFC (16)
?,(Sat) 27 Nov 1976 (47),Grimsby Town FC (16),1-0,?,Portsmouth FC (17)
?,(Sat) 27 Nov 1976 (47),Oxford United FC (17),0-0,?,Port Vale FC (18)
?,(Sat) 27 Nov 1976 (47),York City FC (17),0-3,?,Shrewsbury Town FC (17)
?,(Sat) 27 Nov 1976 (47),Crystal Palace FC (17),0-0,?,Chesterfield FC (17)
?,(Sat) 27 Nov 1976 (47),Peterborough United FC (19),1-2,?,Sheffield Wednesday FC (17)
?,(Sat) 27 Nov 1976 (47),Rotherham United FC (17),1-0,?,Walsall FC (17)
?,(Sat) 27 Nov 1976 (47),Mansfield Town FC (17),1-1,?,Swindon Town FC (18)
?,(Sat) 27 Nov 1976 (47),Preston North End FC (17),3-0,?,Lincoln City FC (17)
?,(Sat) 27 Nov 1976 (47),Chester FC (17),2-1,?,Northampton Town FC (17)
?,(Tue) 30 Nov 1976 (48),Grimsby Town FC (17),3-0,?,Wrexham AFC (17)
?,(Fri) 3 Dec 1976 (48),Walsall FC (18),1-1,?,Peterborough United FC (20)
?,(Sat) 4 Dec 1976 (48),Wrexham AFC (18),1-1,?,Oxford United FC (18)
?,(Sat) 4 Dec 1976 (48),Sheffield Wednesday FC (18),3-1,?,Tranmere Rovers FC (18)
?,(Sat) 4 Dec 1976 (48),Gillingham FC (17),1-2,?,Rotherham United FC (18)
?,(Sat) 4 Dec 1976 (48),Portsmouth FC (18),0-0,?,Preston North End FC (18)
?,(Sat) 4 Dec 1976 (48),Shrewsbury Town FC (18),1-0,?,Brighton & Hove Albion FC (18)
?,(Sat) 4 Dec 1976 (48),Chesterfield FC (18),7-0,?,Bury FC (18)
?,(Sat) 11 Dec 1976 (49),Oxford United FC (19),3-1,?,Gillingham FC (18)
?,(Fri) 17 Dec 1976 (50),Tranmere Rovers FC (19),2-0,?,Gillingham FC (19)
?,(Fri) 17 Dec 1976 (50),Preston North End FC (19),2-1,?,Shrewsbury Town FC (19)
?,(Sat) 18 Dec 1976 (50),Rotherham United FC (19),1-1,?,Port Vale FC (19)
?,(Sat) 18 Dec 1976 (50),Mansfield Town FC (18),2-0,?,Wrexham AFC (19)
?,(Sat) 18 Dec 1976 (50),Brighton & Hove Albion FC (19),2-1,?,Chesterfield FC (19)
?,(Sat) 18 Dec 1976 (50),Bury FC (19),0-2,?,Walsall FC (19)
?,(Sat) 18 Dec 1976 (50),Chester FC (18),2-1,?,Swindon Town FC (19)
?,(Sat) 18 Dec 1976 (50),Grimsby Town FC (18),2-1,?,Reading FC (19)
?,(Sat) 18 Dec 1976 (50),York City FC (18),1-4,?,Portsmouth FC (19)
?,(Sat) 18 Dec 1976 (50),Oxford United FC (20),1-1,?,Sheffield Wednesday FC (19)
?,(Sat) 18 Dec 1976 (50),Crystal Palace FC (18),1-1,?,Northampton Town FC (18)
?,(Mon) 27 Dec 1976 (52),Wrexham AFC (20),4-2,?,Chester FC (19)
?,(Mon) 27 Dec 1976 (52),Gillingham FC (20),0-3,?,Crystal Palace FC (19)
?,(Mon) 27 Dec 1976 (52),Port Vale FC (20),0-1,?,Bury FC (20)
?,(Mon) 27 Dec 1976 (52),Swindon Town FC (20),1-0,?,Oxford United FC (21)
?,(Mon) 27 Dec 1976 (52),Shrewsbury Town FC (20),2-2,?,Tranmere Rovers FC (20)
?,(Mon) 27 Dec 1976 (52),Portsmouth FC (20),1-0,?,Brighton & Hove Albion FC (20)
?,(Mon) 27 Dec 1976 (52),Chesterfield FC (20),0-1,?,Mansfield Town FC (19)
?,(Mon) 27 Dec 1976 (52),Northampton Town FC (19),1-4,?,Rotherham United FC (20)
?,(Mon) 27 Dec 1976 (52),Sheffield Wednesday FC (20),3-2,?,York City FC (19)
?,(Mon) 27 Dec 1976 (52),Walsall FC (20),0-1,?,Preston North End FC (20)
?,(Mon) 27 Dec 1976 (52),Reading FC (20),1-0,?,Peterborough United FC (21)
?,(Mon) 27 Dec 1976 (52),Lincoln City FC (18),2-0,?,Grimsby Town FC (19)
?,(Tue) 28 Dec 1976 (52),Chester FC (20),1-2,?,Shrewsbury Town FC (21)
?,(Tue) 28 Dec 1976 (52),Tranmere Rovers FC (21),0-0,?,Walsall FC (21)
?,(Tue) 28 Dec 1976 (52),Grimsby Town FC (20),1-1,?,Sheffield Wednesday FC (21)
?,(Tue) 28 Dec 1976 (52),Rotherham United FC (21),1-0,?,Chesterfield FC (21)
?,(Tue) 28 Dec 1976 (52),Mansfield Town FC (20),2-1,?,Port Vale FC (21)
?,(Wed) 29 Dec 1976 (52),Brighton & Hove Albion FC (21),2-0,?,Gillingham FC (21)
?,(Wed) 29 Dec 1976 (52),Oxford United FC (22),1-0,?,Reading FC (21)
?,(Sat) 1 Jan 1977 (0),Portsmouth FC (21),1-1,?,Oxford United FC (23)
?,(Sat) 1 Jan 1977 (0),Northampton Town FC (20),0-1,?,Preston North End FC (21)
?,(Sat) 1 Jan 1977 (0),Reading FC (22),0-0,?,Crystal Palace FC (20)
?,(Mon) 3 Jan 1977 (1),Peterborough United FC (22),4-2,?,Portsmouth FC (22)
?,(Mon) 3 Jan 1977 (1),Crystal Palace FC (21),3-0,?,Walsall FC (22)
?,(Mon) 3 Jan 1977 (1),Grimsby Town FC (21),2-4,?,Port Vale FC (22)
?,(Mon) 3 Jan 1977 (1),Brighton & Hove Albion FC (22),2-0,?,Northampton Town FC (21)
?,(Fri) 7 Jan 1977 (1),Northampton Town FC (22),3-4,?,Tranmere Rovers FC (22)
?,(Sat) 8 Jan 1977 (1),York City FC (20),2-2,?,Gillingham FC (22)
?,(Sat) 8 Jan 1977 (1),Sheffield Wednesday FC (22),0-0,?,Brighton & Hove Albion FC (23)
?,(Sat) 8 Jan 1977 (1),Oxford United FC (24),3-2,?,Chesterfield FC (22)
?,(Tue) 11 Jan 1977 (2),Shrewsbury Town FC (22),0-1,?,Bury FC (21)
?,(Tue) 11 Jan 1977 (2),Mansfield Town FC (21),1-0,?,Sheffield Wednesday FC (23)
?,(Sat) 15 Jan 1977 (2),Northampton Town FC (23),0-2,?,Sheffield Wednesday FC (24)
?,(Sat) 15 Jan 1977 (2),Peterborough United FC (23),0-0,?,Preston North End FC (22)
?,(Sat) 15 Jan 1977 (2),Wrexham AFC (21),3-1,?,Reading FC (23)
?,(Sat) 15 Jan 1977 (2),Crystal Palace FC (22),2-1,?,Grimsby Town FC (22)
?,(Sat) 15 Jan 1977 (2),Bury FC (22),1-1,?,Rotherham United FC (22)
?,(Sat) 15 Jan 1977 (2),Brighton & Hove Albion FC (24),3-0,?,Chester FC (21)
?,(Tue) 18 Jan 1977 (3),Lincoln City FC (19),4-1,?,Walsall FC (23)
?,(Tue) 18 Jan 1977 (3),Portsmouth FC (23),2-2,?,Mansfield Town FC (22)
?,(Sat) 22 Jan 1977 (3),Preston North End FC (23),1-2,?,Mansfield Town FC (23)
?,(Sat) 22 Jan 1977 (3),Walsall FC (24),5-1,?,Sheffield Wednesday FC (25)
?,(Sat) 22 Jan 1977 (3),Grimsby Town FC (23),2-0,?,Bury FC (23)
?,(Sat) 22 Jan 1977 (3),Port Vale FC (23),2-2,?,Swindon Town FC (21)
?,(Sat) 22 Jan 1977 (3),Oxford United FC (25),1-0,?,Brighton & Hove Albion FC (25)
?,(Sat) 22 Jan 1977 (3),Reading FC (24),1-2,?,Gillingham FC (23)
?,(Sat) 22 Jan 1977 (3),Portsmouth FC (24),0-1,?,Wrexham AFC (22)
?,(Sat) 22 Jan 1977 (3),Shrewsbury Town FC (23),2-1,?,Lincoln City FC (20)
?,(Sat) 22 Jan 1977 (3),York City FC (21),2-1,?,Crystal Palace FC (23)
?,(Sat) 22 Jan 1977 (3),Rotherham United FC (23),0-0,?,Peterborough United FC (24)
?,(Sat) 22 Jan 1977 (3),Chester FC (22),1-0,?,Tranmere Rovers FC (23)
?,(Sat) 22 Jan 1977 (3),Northampton Town FC (24),2-1,?,Chesterfield FC (23)
?,(Tue) 25 Jan 1977 (4),Sheffield Wednesday FC (26),1-0,?,Bury FC (24)
?,(Tue) 25 Jan 1977 (4),York City FC (22),2-1,?,Chesterfield FC (24)
?,(Fri) 28 Jan 1977 (4),Tranmere Rovers FC (24),1-3,?,Portsmouth FC (25)
?,(Sat) 29 Jan 1977 (4),Chesterfield FC (25),1-1,?,Preston North End FC (24)
?,(Sat) 29 Jan 1977 (4),Bury FC (25),1-0,?,Reading FC (25)
?,(Sat) 29 Jan 1977 (4),Gillingham FC (24),1-1,?,Oxford United FC (26)
?,(Sat) 29 Jan 1977 (4),Brighton & Hove Albion FC (26),4-0,?,Lincoln City FC (21)
?,(Sat) 29 Jan 1977 (4),Grimsby Town FC (24),0-1,?,Northampton Town FC (25)
?,(Sat) 29 Jan 1977 (4),Peterborough United FC (25),2-1,?,Shrewsbury Town FC (24)
?,(Mon) 31 Jan 1977 (5),Tranmere Rovers FC (25),4-4,?,York City FC (23)
?,(Tue) 1 Feb 1977 (5),Crystal Palace FC (24),2-0,?,Port Vale FC (24)
?,(Tue) 1 Feb 1977 (5),Walsall FC (25),1-0,?,Grimsby Town FC (25)
?,(Tue) 1 Feb 1977 (5),Shrewsbury Town FC (25),0-0,?,Rotherham United FC (24)
?,(Tue) 1 Feb 1977 (5),Chester FC (23),3-1,?,Reading FC (26)
?,(Sat) 5 Feb 1977 (5),Lincoln City FC (22),5-4,?,Northampton Town FC (26)
?,(Sat) 5 Feb 1977 (5),Reading FC (27),0-0,?,Shrewsbury Town FC (26)
?,(Sat) 5 Feb 1977 (5),Gillingham FC (25),1-0,?,Walsall FC (26)
?,(Sat) 5 Feb 1977 (5),Crystal Palace FC (25),1-0,?,Tranmere Rovers FC (26)
?,(Sat) 5 Feb 1977 (5),Mansfield Town FC (24),3-1,?,Rotherham United FC (25)
?,(Sat) 5 Feb 1977 (5),Brighton & Hove Albion FC (27),2-0,?,Preston North End FC (25)
?,(Sat) 5 Feb 1977 (5),Bury FC (26),4-2,?,York City FC (24)
?,(Sat) 5 Feb 1977 (5),Peterborough United FC (26),3-1,?,Grimsby Town FC (26)
?,(Sat) 5 Feb 1977 (5),Sheffield Wednesday FC (27),1-2,?,Port Vale FC (25)
?,(Sat) 5 Feb 1977 (5),Oxford United FC (27),2-0,?,Chester FC (24)
?,(Sat) 5 Feb 1977 (5),Wrexham AFC (23),2-2,?,Swindon Town FC (22)
?,(Sat) 5 Feb 1977 (5),Chesterfield FC (26),1-2,?,Portsmouth FC (26)
?,(Mon) 7 Feb 1977 (6),Mansfield Town FC (25),3-0,?,Oxford United FC (28)
?,(Mon) 7 Feb 1977 (6),Port Vale FC (26),0-2,?,York City FC (25)
?,(Tue) 8 Feb 1977 (6),Preston North End FC (26),2-0,?,Swindon Town FC (23)
?,(Sat) 12 Feb 1977 (6),Portsmouth FC (27),0-3,?,Sheffield Wednesday FC (28)
?,(Sat) 12 Feb 1977 (6),Chester FC (25),2-1,?,Crystal Palace FC (26)
?,(Sat) 12 Feb 1977 (6),Swindon Town FC (24),3-0,?,Chesterfield FC (27)
?,(Sat) 12 Feb 1977 (6),Preston North End FC (27),2-1,?,Oxford United FC (29)
?,(Sat) 12 Feb 1977 (6),Grimsby Town FC (27),0-1,?,Mansfield Town FC (26)
?,(Sat) 12 Feb 1977 (6),Northampton Town FC (27),1-2,?,Gillingham FC (26)
?,(Sat) 12 Feb 1977 (6),Walsall FC (27),6-1,?,Reading FC (28)
?,(Sat) 12 Feb 1977 (6),Rotherham United FC (26),0-0,?,Brighton & Hove Albion FC (28)
?,(Sat) 12 Feb 1977 (6),Shrewsbury Town FC (27),3-2,?,Wrexham AFC (24)
?,(Sat) 12 Feb 1977 (6),York City FC (26),2-1,?,Peterborough United FC (27)
?,(Tue) 15 Feb 1977 (7),Lincoln City FC (23),3-2,?,Mansfield Town FC (27)
?,(Tue) 15 Feb 1977 (7),Gillingham FC (27),2-1,?,Shrewsbury Town FC (28)
?,(Tue) 15 Feb 1977 (7),Rotherham United FC (27),2-0,?,Wrexham AFC (25)
?,(Tue) 15 Feb 1977 (7),Bury FC (27),1-1,?,Northampton Town FC (28)
?,(Tue) 15 Feb 1977 (7),Chester FC (26),1-0,?,Sheffield Wednesday FC (29)
?,(Wed) 16 Feb 1977 (7),Reading FC (29),1-1,?,York City FC (27)
?,(Wed) 16 Feb 1977 (7),Chesterfield FC (28),0-1,?,Grimsby Town FC (28)
?,(Sat) 19 Feb 1977 (7),Bury FC (28),0-1,?,Crystal Palace FC (27)
?,(Sat) 19 Feb 1977 (7),Preston North End FC (28),3-4,?,Chester FC (27)
?,(Sat) 19 Feb 1977 (7),Brighton & Hove Albion FC (29),3-0,?,Grimsby Town FC (29)
?,(Sat) 19 Feb 1977 (7),Gillingham FC (28),1-1,?,Port Vale FC (27)
?,(Sat) 19 Feb 1977 (7),Mansfield Town FC (28),4-1,?,York City FC (28)
?,(Sat) 19 Feb 1977 (7),Sheffield Wednesday FC (30),3-1,?,Swindon Town FC (25)
?,(Sat) 19 Feb 1977 (7),Oxford United FC (30),1-2,?,Rotherham United FC (28)
?,(Sat) 19 Feb 1977 (7),Peterborough United FC (28),0-0,?,Tranmere Rovers FC (27)
?,(Sat) 19 Feb 1977 (7),Wrexham AFC (26),3-1,?,Chesterfield FC (29)
?,(Sat) 19 Feb 1977 (7),Shrewsbury Town FC (29),1-2,?,Walsall FC (28)
?,(Sat) 19 Feb 1977 (7),Reading FC (30),2-4,?,Northampton Town FC (29)
?,(Mon) 21 Feb 1977 (8),Tranmere Rovers FC (28),0-1,?,Swindon Town FC (26)
?,(Tue) 22 Feb 1977 (8),York City FC (29),2-2,?,Lincoln City FC (24)
?,(Tue) 22 Feb 1977 (8),Crystal Palace FC (28),2-1,?,Portsmouth FC (28)
?,(Tue) 22 Feb 1977 (8),Chester FC (28),1-0,?,Gillingham FC (29)
?,(Sat) 26 Feb 1977 (8),Northampton Town FC (30),5-3,?,Shrewsbury Town FC (30)
?,(Sat) 26 Feb 1977 (8),Crystal Palace FC (29),0-0,?,Peterborough United FC (29)
?,(Sat) 26 Feb 1977 (8),Grimsby Town FC (30),1-2,?,Oxford United FC (31)
?,(Sat) 26 Feb 1977 (8),Portsmouth FC (29),3-2,?,Gillingham FC (30)
?,(Sat) 26 Feb 1977 (8),Walsall FC (29),2-3,?,Wrexham AFC (27)
?,(Sat) 26 Feb 1977 (8),Rotherham United FC (29),2-0,?,Preston North End FC (29)
?,(Sat) 26 Feb 1977 (8),Swindon Town FC (27),2-2,?,Lincoln City FC (25)
?,(Sat) 26 Feb 1977 (8),York City FC (30),0-1,?,Brighton & Hove Albion FC (30)
?,(Sat) 26 Feb 1977 (8),Reading FC (31),1-3,?,Bury FC (29)
?,(Sat) 26 Feb 1977 (8),Chesterfield FC (30),2-0,?,Sheffield Wednesday FC (31)
?,(Mon) 28 Feb 1977 (9),Port Vale FC (28),1-0,?,Reading FC (32)
?,(Mon) 28 Feb 1977 (9),Mansfield Town FC (29),3-0,?,Walsall FC (30)
?,(Tue) 1 Mar 1977 (9),Oxford United FC (32),4-2,?,Shrewsbury Town FC (31)
?,(Tue) 1 Mar 1977 (9),Bury FC (30),0-2,?,Wrexham AFC (28)
?,(Wed) 2 Mar 1977 (9),Lincoln City FC (26),3-2,?,Crystal Palace FC (30)
?,(Sat) 5 Mar 1977 (9),Shrewsbury Town FC (32),1-1,?,Port Vale FC (29)
?,(Sat) 5 Mar 1977 (9),Peterborough United FC (30),0-1,?,Bury FC (31)
?,(Sat) 5 Mar 1977 (9),Mansfield Town FC (30),1-0,?,Crystal Palace FC (31)
?,(Sat) 5 Mar 1977 (9),Sheffield Wednesday FC (32),3-1,?,Wrexham AFC (29)
?,(Sat) 5 Mar 1977 (9),Preston North End FC (30),2-1,?,Grimsby Town FC (31)
?,(Sat) 5 Mar 1977 (9),Reading FC (33),2-0,?,Portsmouth FC (30)
?,(Sat) 5 Mar 1977 (9),Lincoln City FC (27),3-2,?,Chesterfield FC (31)
?,(Sat) 5 Mar 1977 (9),Walsall FC (31),0-3,?,Northampton Town FC (31)
?,(Sat) 5 Mar 1977 (9),Chester FC (29),1-3,?,Rotherham United FC (30)
?,(Sat) 5 Mar 1977 (9),Gillingham FC (31),2-2,?,Swindon Town FC (28)
?,(Sat) 5 Mar 1977 (9),Brighton & Hove Albion FC (31),1-1,?,Tranmere Rovers FC (29)
?,(Sat) 5 Mar 1977 (9),Oxford United FC (33),0-2,?,York City FC (31)
?,(Mon) 7 Mar 1977 (10),Wrexham AFC (30),2-0,?,Tranmere Rovers FC (30)
?,(Mon) 7 Mar 1977 (10),Port Vale FC (30),1-1,?,Peterborough United FC (31)
?,(Tue) 8 Mar 1977 (10),Chester FC (30),1-0,?,Bury FC (32)
?,(Tue) 8 Mar 1977 (10),Rotherham United FC (31),1-0,?,Lincoln City FC (28)
?,(Tue) 8 Mar 1977 (10),Swindon Town FC (29),4-1,?,Grimsby Town FC (32)
?,(Tue) 8 Mar 1977 (10),Northampton Town FC (32),0-1,?,Mansfield Town FC (31)
?,(Fri) 11 Mar 1977 (10),Swindon Town FC (30),2-2,?,Reading FC (34)
?,(Fri) 11 Mar 1977 (10),Port Vale FC (31),0-0,?,Walsall FC (32)
?,(Fri) 11 Mar 1977 (10),Peterborough United FC (32),3-2,?,Chester FC (31)
?,(Fri) 11 Mar 1977 (10),Tranmere Rovers FC (31),1-1,?,Oxford United FC (34)
?,(Sat) 12 Mar 1977 (10),Portsmouth FC (31),2-0,?,Shrewsbury Town FC (33)
?,(Sat) 12 Mar 1977 (10),Wrexham AFC (31),3-1,?,Northampton Town FC (33)
?,(Sat) 12 Mar 1977 (10),Grimsby Town FC (33),1-1,?,Rotherham United FC (32)
?,(Sat) 12 Mar 1977 (10),Crystal Palace FC (32),3-1,?,Brighton & Hove Albion FC (32)
?,(Sat) 12 Mar 1977 (10),Sheffield Wednesday FC (33),1-1,?,Lincoln City FC (29)
?,(Sat) 12 Mar 1977 (10),Bury FC (33),2-0,?,Mansfield Town FC (32)
?,(Sat) 12 Mar 1977 (10),Chesterfield FC (32),1-0,?,Gillingham FC (32)
?,(Sat) 12 Mar 1977 (10),York City FC (32),0-2,?,Preston North End FC (31)
?,(Mon) 14 Mar 1977 (11),Port Vale FC (32),1-0,?,Chester FC (32)
?,(Tue) 15 Mar 1977 (11),Brighton & Hove Albion FC (33),4-0,?,Shrewsbury Town FC (34)
?,(Tue) 15 Mar 1977 (11),Lincoln City FC (30),2-1,?,Portsmouth FC (32)
?,(Tue) 15 Mar 1977 (11),Northampton Town FC (34),3-0,?,Crystal Palace FC (33)
?,(Tue) 15 Mar 1977 (11),Preston North End FC (32),2-1,?,Wrexham AFC (32)
?,(Fri) 18 Mar 1977 (11),Lincoln City FC (31),1-1,?,Wrexham AFC (33)
?,(Sat) 19 Mar 1977 (11),Brighton & Hove Albion FC (34),1-1,?,Bury FC (34)
?,(Sat) 19 Mar 1977 (11),Rotherham United FC (33),1-1,?,York City FC (33)
?,(Sat) 19 Mar 1977 (11),Preston North End FC (33),1-0,?,Tranmere Rovers FC (32)
?,(Sat) 19 Mar 1977 (11),Oxford United FC (35),0-1,?,Crystal Palace FC (34)
?,(Sat) 19 Mar 1977 (11),Reading FC (35),2-0,?,Chesterfield FC (33)
?,(Sat) 19 Mar 1977 (11),Shrewsbury Town FC (35),2-2,?,Swindon Town FC (31)
?,(Sat) 19 Mar 1977 (11),Walsall FC (33),1-1,?,Portsmouth FC (33)
?,(Sat) 19 Mar 1977 (11),Gillingham FC (33),1-0,?,Sheffield Wednesday FC (34)
?,(Sat) 19 Mar 1977 (11),Mansfield Town FC (33),1-1,?,Peterborough United FC (33)
?,(Sat) 19 Mar 1977 (11),Chester FC (33),2-0,?,Grimsby Town FC (34)
?,(Sat) 19 Mar 1977 (11),Northampton Town FC (35),3-0,?,Port Vale FC (33)
?,(Mon) 21 Mar 1977 (12),Tranmere Rovers FC (33),4-0,?,Mansfield Town FC (34)
?,(Mon) 21 Mar 1977 (12),Port Vale FC (34),1-0,?,Lincoln City FC (32)
?,(Tue) 22 Mar 1977 (12),Walsall FC (34),1-0,?,Chester FC (34)
?,(Tue) 22 Mar 1977 (12),Crystal Palace FC (35),1-0,?,Preston North End FC (34)
?,(Tue) 22 Mar 1977 (12),Gillingham FC (34),1-1,?,Peterborough United FC (34)
?,(Thu) 24 Mar 1977 (12),Wrexham AFC (34),6-2,?,Port Vale FC (35)
?,(Fri) 25 Mar 1977 (12),Tranmere Rovers FC (34),0-1,?,Rotherham United FC (34)
?,(Sat) 26 Mar 1977 (12),Swindon Town FC (32),2-2,?,Walsall FC (35)
?,(Sat) 26 Mar 1977 (12),Chesterfield FC (34),1-1,?,Shrewsbury Town FC (36)
?,(Sat) 26 Mar 1977 (12),Bury FC (35),2-1,?,Oxford United FC (36)
?,(Sat) 26 Mar 1977 (12),Lincoln City FC (33),4-0,?,Gillingham FC (35)
?,(Sat) 26 Mar 1977 (12),Portsmouth FC (34),2-1,?,Northampton Town FC (36)
?,(Sat) 26 Mar 1977 (12),Mansfield Town FC (35),1-1,?,Chester FC (35)
?,(Sat) 26 Mar 1977 (12),Sheffield Wednesday FC (35),2-1,?,Reading FC (36)
?,(Sat) 26 Mar 1977 (12),Peterborough United FC (35),2-0,?,Brighton & Hove Albion FC (35)
?,(Sat) 26 Mar 1977 (12),York City FC (34),1-1,?,Grimsby Town FC (35)
?,(Mon) 28 Mar 1977 (13),Tranmere Rovers FC (35),1-2,?,Bury FC (36)
?,(Tue) 29 Mar 1977 (13),Swindon Town FC (33),5-1,?,York City FC (35)
?,(Tue) 29 Mar 1977 (13),Lincoln City FC (34),3-3,?,Chester FC (36)
?,(Tue) 29 Mar 1977 (13),Preston North End FC (35),4-1,?,Sheffield Wednesday FC (36)
?,(Wed) 30 Mar 1977 (13),Chesterfield FC (35),4-0,?,Port Vale FC (36)
?,(Fri) 1 Apr 1977 (13),Northampton Town FC (37),1-1,?,Swindon Town FC (34)
?,(Sat) 2 Apr 1977 (13),Reading FC (37),1-2,?,Lincoln City FC (35)
?,(Sat) 2 Apr 1977 (13),Gillingham FC (36),2-0,?,Wrexham AFC (35)
?,(Sat) 2 Apr 1977 (13),Rotherham United FC (35),1-1,?,Crystal Palace FC (36)
?,(Sat) 2 Apr 1977 (13),Grimsby Town FC (36),1-0,?,Tranmere Rovers FC (36)
?,(Sat) 2 Apr 1977 (13),Chester FC (37),1-0,?,York City FC (36)
?,(Sat) 2 Apr 1977 (13),Port Vale FC (37),1-0,?,Portsmouth FC (35)
?,(Sat) 2 Apr 1977 (13),Preston North End FC (36),0-1,?,Bury FC (37)
?,(Sat) 2 Apr 1977 (13),Walsall FC (36),2-2,?,Chesterfield FC (36)
?,(Sat) 2 Apr 1977 (13),Brighton & Hove Albion FC (36),3-1,?,Mansfield Town FC (36)
?,(Sat) 2 Apr 1977 (13),Shrewsbury Town FC (37),1-1,?,Sheffield Wednesday FC (37)
?,(Sat) 2 Apr 1977 (13),Oxford United FC (37),2-3,?,Peterborough United FC (36)
?,(Tue) 5 Apr 1977 (14),Crystal Palace FC (37),3-1,?,Gillingham FC (37)
?,(Wed) 6 Apr 1977 (14),Brighton & Hove Albion FC (37),4-0,?,Portsmouth FC (36)
?,(Fri) 8 Apr 1977 (14),Tranmere Rovers FC (37),2-1,?,Shrewsbury Town FC (38)
?,(Fri) 8 Apr 1977 (14),Grimsby Town FC (37),1-2,?,Lincoln City FC (36)
?,(Fri) 8 Apr 1977 (14),Bury FC (38),3-0,?,Port Vale FC (38)
?,(Fri) 8 Apr 1977 (14),Chester FC (38),1-2,?,Wrexham AFC (36)
?,(Fri) 8 Apr 1977 (14),Oxford United FC (38),0-0,?,Swindon Town FC (35)
?,(Sat) 9 Apr 1977 (14),Wrexham AFC (37),2-0,?,Preston North End FC (37)
?,(Sat) 9 Apr 1977 (14),Northampton Town FC (38),3-0,?,Bury FC (39)
?,(Sat) 9 Apr 1977 (14),Gillingham FC (38),0-1,?,Brighton & Hove Albion FC (38)
?,(Sat) 9 Apr 1977 (14),Chesterfield FC (37),1-0,?,Rotherham United FC (36)
?,(Sat) 9 Apr 1977 (14),Shrewsbury Town FC (39),2-0,?,Chester FC (39)
?,(Sat) 9 Apr 1977 (14),Reading FC (38),2-0,?,Oxford United FC (39)
?,(Sat) 9 Apr 1977 (14),Sheffield Wednesday FC (38),1-0,?,Grimsby Town FC (38)
?,(Sat) 9 Apr 1977 (14),Walsall FC (37),2-0,?,Tranmere Rovers FC (38)
?,(Sat) 9 Apr 1977 (14),Swindon Town FC (36),0-4,?,Peterborough United FC (37)
?,(Sat) 9 Apr 1977 (14),Portsmouth FC (37),0-0,?,Crystal Palace FC (38)
?,(Sat) 9 Apr 1977 (14),Lincoln City FC (37),2-0,?,York City FC (37)
?,(Sat) 9 Apr 1977 (14),Port Vale FC (39),1-4,?,Mansfield Town FC (37)
?,(Mon) 11 Apr 1977 (15),Rotherham United FC (37),2-0,?,Northampton Town FC (39)
?,(Mon) 11 Apr 1977 (15),Bury FC (40),3-0,?,Lincoln City FC (38)
?,(Mon) 11 Apr 1977 (15),Grimsby Town FC (39),1-1,?,Gillingham FC (39)
?,(Mon) 11 Apr 1977 (15),York City FC (38),0-2,?,Sheffield Wednesday FC (39)
?,(Mon) 11 Apr 1977 (15),Mansfield Town FC (38),2-1,?,Chesterfield FC (38)
?,(Mon) 11 Apr 1977 (15),Chester FC (40),1-1,?,Portsmouth FC (38)
?,(Mon) 11 Apr 1977 (15),Preston North End FC (38),0-1,?,Walsall FC (38)
?,(Tue) 12 Apr 1977 (15),York City FC (39),0-0,?,Wrexham AFC (38)
?,(Tue) 12 Apr 1977 (15),Peterborough United FC (38),3-1,?,Northampton Town FC (40)
?,(Tue) 12 Apr 1977 (15),Rotherham United FC (38),0-1,?,Sheffield Wednesday FC (40)
?,(Tue) 12 Apr 1977 (15),Oxford United FC (40),0-0,?,Walsall FC (39)
?,(Tue) 12 Apr 1977 (15),Tranmere Rovers FC (39),2-1,?,Chesterfield FC (39)
?,(Tue) 12 Apr 1977 (15),Crystal Palace FC (39),5-0,?,Swindon Town FC (37)
?,(Tue) 12 Apr 1977 (15),Brighton & Hove Albion FC (39),2-0,?,Reading FC (39)
?,(Tue) 12 Apr 1977 (15),Mansfield Town FC (39),1-0,?,Shrewsbury Town FC (40)
?,(Sat) 16 Apr 1977 (15),Gillingham FC (40),1-0,?,Chester FC (41)
?,(Sat) 16 Apr 1977 (15),Shrewsbury Town FC (41),1-1,?,Crystal Palace FC (40)
?,(Sat) 16 Apr 1977 (15),Portsmouth FC (39),5-1,?,Rotherham United FC (39)
?,(Sat) 16 Apr 1977 (15),Lincoln City FC (39),0-1,?,Oxford United FC (41)
?,(Sat) 16 Apr 1977 (15),Wrexham AFC (39),3-2,?,Grimsby Town FC (40)
?,(Sat) 16 Apr 1977 (15),Port Vale FC (40),1-1,?,Tranmere Rovers FC (40)
?,(Sat) 16 Apr 1977 (15),Reading FC (40),1-0,?,Mansfield Town FC (40)
?,(Sat) 16 Apr 1977 (15),Northampton Town FC (41),3-0,?,York City FC (40)
?,(Sat) 16 Apr 1977 (15),Swindon Town FC (38),0-1,?,Bury FC (41)
?,(Sat) 16 Apr 1977 (15),Sheffield Wednesday FC (41),1-0,?,Preston North End FC (39)
?,(Sat) 16 Apr 1977 (15),Chesterfield FC (40),0-0,?,Peterborough United FC (39)
?,(Sat) 16 Apr 1977 (15),Walsall FC (40),1-0,?,Brighton & Hove Albion FC (40)
?,(Mon) 18 Apr 1977 (16),Wrexham AFC (40),2-1,?,Rotherham United FC (40)
?,(Tue) 19 Apr 1977 (16),Portsmouth FC (40),0-3,?,Tranmere Rovers FC (41)
?,(Tue) 19 Apr 1977 (16),Preston North End FC (40),2-2,?,Chesterfield FC (41)
?,(Tue) 19 Apr 1977 (16),Northampton Town FC (42),0-0,?,Grimsby Town FC (41)
?,(Tue) 19 Apr 1977 (16),York City FC (41),4-2,?,Swindon Town FC (39)
?,(Tue) 19 Apr 1977 (16),Shrewsbury Town FC (42),2-1,?,Peterborough United FC (40)
?,(Tue) 19 Apr 1977 (16),Walsall FC (41),1-2,?,Mansfield Town FC (41)
?,(Wed) 20 Apr 1977 (16),Lincoln City FC (40),2-2,?,Brighton & Hove Albion FC (41)
?,(Sat) 23 Apr 1977 (16),Preston North End FC (41),3-0,?,Reading FC (41)
?,(Sat) 23 Apr 1977 (16),Bury FC (42),1-0,?,Portsmouth FC (41)
?,(Sat) 23 Apr 1977 (16),Chester FC (42),1-2,?,Chesterfield FC (42)
?,(Sat) 23 Apr 1977 (16),Peterborough United FC (41),0-2,?,Wrexham AFC (41)
?,(Sat) 23 Apr 1977 (16),Tranmere Rovers FC (42),2-2,?,Lincoln City FC (41)
?,(Sat) 23 Apr 1977 (16),Mansfield Town FC (42),2-2,?,Gillingham FC (41)
?,(Sat) 23 Apr 1977 (16),Oxford United FC (42),1-0,?,Northampton Town FC (43)
?,(Sat) 23 Apr 1977 (16),York City FC (42),0-0,?,Walsall FC (42)
?,(Sat) 23 Apr 1977 (16),Crystal Palace FC (41),4-0,?,Sheffield Wednesday FC (42)
?,(Sat) 23 Apr 1977 (16),Rotherham United FC (41),1-1,?,Swindon Town FC (40)
?,(Sat) 23 Apr 1977 (16),Brighton & Hove Albion FC (42),1-0,?,Port Vale FC (41)
?,(Sat) 23 Apr 1977 (16),Grimsby Town FC (42),2-1,?,Shrewsbury Town FC (43)
?,(Tue) 26 Apr 1977 (17),Peterborough United FC (42),1-2,?,Lincoln City FC (42)
?,(Tue) 26 Apr 1977 (17),Port Vale FC (42),4-1,?,Crystal Palace FC (42)
?,(Tue) 26 Apr 1977 (17),Preston North End FC (42),1-0,?,Gillingham FC (42)
?,(Fri) 29 Apr 1977 (17),Northampton Town FC (44),0-0,?,Chester FC (43)
?,(Sat) 30 Apr 1977 (17),Reading FC (42),0-0,?,Tranmere Rovers FC (43)
?,(Sat) 30 Apr 1977 (17),Lincoln City FC (43),2-0,?,Preston North End FC (43)
?,(Sat) 30 Apr 1977 (17),Walsall FC (43),0-1,?,Rotherham United FC (42)
?,(Sat) 30 Apr 1977 (17),Wrexham AFC (42),0-0,?,Brighton & Hove Albion FC (43)
?,(Sat) 30 Apr 1977 (17),Gillingham FC (43),1-0,?,Bury FC (43)
?,(Sat) 30 Apr 1977 (17),Shrewsbury Town FC (44),2-1,?,York City FC (43)
?,(Sat) 30 Apr 1977 (17),Port Vale FC (43),2-1,?,Oxford United FC (43)
?,(Sat) 30 Apr 1977 (17),Sheffield Wednesday FC (43),4-0,?,Peterborough United FC (43)
?,(Sat) 30 Apr 1977 (17),Chesterfield FC (43),0-2,?,Crystal Palace FC (43)
?,(Sat) 30 Apr 1977 (17),Portsmouth FC (42),1-2,?,Grimsby Town FC (43)
?,(Sat) 30 Apr 1977 (17),Swindon Town FC (41),0-1,?,Mansfield Town FC (43)
?,(Mon) 2 May 1977 (18),Mansfield Town FC (44),2-0,?,Portsmouth FC (43)
?,(Mon) 2 May 1977 (18),Tranmere Rovers FC (44),2-1,?,Northampton Town FC (45)
?,(Tue) 3 May 1977 (18),Grimsby Town FC (44),2-2,?,Walsall FC (44)
?,(Tue) 3 May 1977 (18),Bury FC (44),0-1,?,Shrewsbury Town FC (45)
?,(Tue) 3 May 1977 (18),Chester FC (44),1-0,?,Lincoln City FC (44)
?,(Tue) 3 May 1977 (18),Crystal Palace FC (44),2-1,?,Wrexham AFC (43)
?,(Tue) 3 May 1977 (18),Gillingham FC (44),2-0,?,York City FC (44)
?,(Tue) 3 May 1977 (18),Brighton & Hove Albion FC (44),3-2,?,Sheffield Wednesday FC (44)
?,(Tue) 3 May 1977 (18),Rotherham United FC (43),1-2,?,Reading FC (43)
?,(Tue) 3 May 1977 (18),Swindon Town FC (42),0-1,?,Preston North End FC (44)
?,(Wed) 4 May 1977 (18),Peterborough United FC (44),1-1,?,Port Vale FC (44)
?,(Wed) 4 May 1977 (18),Chesterfield FC (44),2-0,?,Oxford United FC (44)
?,(Fri) 6 May 1977 (18),Tranmere Rovers FC (45),1-0,?,Sheffield Wednesday FC (45)
?,(Sat) 7 May 1977 (18),Peterborough United FC (45),3-5,?,Walsall FC (45)
?,(Sat) 7 May 1977 (18),Preston North End FC (45),0-0,?,Portsmouth FC (44)
?,(Sat) 7 May 1977 (18),Crystal Palace FC (45),4-1,?,Lincoln City FC (45)
?,(Sat) 7 May 1977 (18),Oxford United FC (45),2-2,?,Wrexham AFC (44)
?,(Sat) 7 May 1977 (18),Chester FC (45),1-1,?,Port Vale FC (45)
?,(Sat) 7 May 1977 (18),Mansfield Town FC (45),3-0,?,Northampton Town FC (46)
?,(Sat) 7 May 1977 (18),York City FC (45),1-1,?,Reading FC (44)
?,(Sat) 7 May 1977 (18),Bury FC (45),3-1,?,Chesterfield FC (45)
?,(Sat) 7 May 1977 (18),Grimsby Town FC (45),2-0,?,Swindon Town FC (43)
?,(Sat) 7 May 1977 (18),Rotherham United FC (44),1-0,?,Gillingham FC (45)
?,(Tue) 10 May 1977 (19),Swindon Town FC (44),2-1,?,Brighton & Hove Albion FC (45)
?,(Wed) 11 May 1977 (19),Reading FC (45),0-3,?,Rotherham United FC (45)
?,(Wed) 11 May 1977 (19),Wrexham AFC (45),2-4,?,Crystal Palace FC (46)
?,(Wed) 11 May 1977 (19),Lincoln City FC (46),1-1,?,Peterborough United FC (46)
?,(Sat) 14 May 1977 (19),Port Vale FC (46),1-4,?,Rotherham United FC (46)
?,(Sat) 14 May 1977 (19),Walsall FC (46),3-3,?,Bury FC (46)
?,(Sat) 14 May 1977 (19),Shrewsbury Town FC (46),1-2,?,Preston North End FC (46)
?,(Sat) 14 May 1977 (19),Portsmouth FC (45),3-1,?,York City FC (46)
?,(Sat) 14 May 1977 (19),Gillingham FC (46),3-0,?,Tranmere Rovers FC (46)
?,(Sat) 14 May 1977 (19),Swindon Town FC (45),2-1,?,Chester FC (46)
?,(Sat) 14 May 1977 (19),Reading FC (46),2-0,?,Grimsby Town FC (46)
?,(Sat) 14 May 1977 (19),Sheffield Wednesday FC (46),2-0,?,Oxford United FC (46)
?,(Sat) 14 May 1977 (19),Chesterfield FC (46),1-1,?,Brighton & Hove Albion FC (46)
?,(Sat) 14 May 1977 (19),Wrexham AFC (46),0-1,?,Mansfield Town FC (46)
?,(Tue) 17 May 1977 (20),Swindon Town FC (46),4-3,?,Portsmouth FC (46)
