Round,Date,Team 1,FT,HT,Team 2
?,(Wed) 12 Sep 1973 (37),AFC Bournemouth (1),3-0,?,Aldershot Town FC (1)
?,(Sat) 10 Nov 1973 (45),AFC Bournemouth (2),1-2,?,Blackburn Rovers FC (1)
?,(Tue) 1 Jan 1974 (0),AFC Bournemouth (3),0-0,?,Brighton & Hove Albion FC (1)
?,(Sat) 25 Aug 1973 (34),AFC Bournemouth (4),0-3,?,Bristol Rovers FC (1)
?,(Sat) 8 Dec 1973 (49),AFC Bournemouth (5),1-0,?,Cambridge United FC (1)
?,(Wed) 14 Nov 1973 (46),AFC Bournemouth (6),1-0,?,Charlton Athletic FC (1)
?,(Sat) 8 Sep 1973 (36),AFC Bournemouth (7),0-1,?,Chesterfield FC (1)
?,(Sat) 13 Apr 1974 (14),AFC Bournemouth (8),1-1,?,Grimsby Town FC (1)
?,(Wed) 24 Apr 1974 (16),AFC Bournemouth (9),1-1,?,FC Halifax Town (1)
?,(Sat) 2 Mar 1974 (8),AFC Bournemouth (10),3-2,?,Hereford United FC (1924-2014) (1)
?,(Sat) 22 Dec 1973 (51),AFC Bournemouth (11),1-0,?,Huddersfield Town AFC (1)
?,(Sat) 2 Feb 1974 (4),AFC Bournemouth (12),0-3,?,Oldham Athletic AFC (1)
?,(Fri) 12 Apr 1974 (14),AFC Bournemouth (13),0-0,?,Plymouth Argyle FC (1)
?,(Sat) 16 Mar 1974 (10),AFC Bournemouth (14),2-2,?,Port Vale FC (1)
?,(Wed) 3 Oct 1973 (40),AFC Bournemouth (15),2-0,?,Rochdale AFC (1)
?,(Sat) 16 Feb 1974 (6),AFC Bournemouth (16),1-0,?,Shrewsbury Town FC (1)
?,(Fri) 25 Jan 1974 (3),AFC Bournemouth (17),1-3,?,Southend United FC (1)
?,(Sat) 6 Oct 1973 (40),AFC Bournemouth (18),2-0,?,Southport FC (1)
?,(Sat) 22 Sep 1973 (38),AFC Bournemouth (19),2-1,?,Tranmere Rovers FC (1)
?,(Sat) 12 Jan 1974 (1),AFC Bournemouth (20),1-0,?,Walsall FC (1)
?,(Sat) 27 Oct 1973 (43),AFC Bournemouth (21),1-0,?,Watford FC (1)
?,(Sat) 27 Apr 1974 (16),AFC Bournemouth (22),0-1,?,Wrexham AFC (1)
?,(Wed) 27 Mar 1974 (12),AFC Bournemouth (23),1-3,?,York City FC (1)
?,(Wed) 24 Oct 1973 (43),Aldershot Town FC (2),1-3,?,AFC Bournemouth (24)
?,(Sat) 27 Apr 1974 (16),Aldershot Town FC (3),4-0,?,Blackburn Rovers FC (2)
?,(Sun) 3 Mar 1974 (8),Aldershot Town FC (4),0-1,?,Brighton & Hove Albion FC (2)
?,(Sun) 27 Jan 1974 (3),Aldershot Town FC (5),2-3,?,Bristol Rovers FC (2)
?,(Sat) 13 Apr 1974 (14),Aldershot Town FC (6),6-0,?,Cambridge United FC (2)
?,(Sat) 27 Oct 1973 (43),Aldershot Town FC (7),2-1,?,Charlton Athletic FC (2)
?,(Wed) 27 Mar 1974 (12),Aldershot Town FC (8),2-2,?,Chesterfield FC (2)
?,(Sat) 16 Mar 1974 (10),Aldershot Town FC (9),1-0,?,Grimsby Town FC (2)
?,(Sat) 8 Dec 1973 (49),Aldershot Town FC (10),2-1,?,FC Halifax Town (2)
?,(Sun) 3 Feb 1974 (4),Aldershot Town FC (11),1-0,?,Hereford United FC (1924-2014) (2)
?,(Sat) 12 Jan 1974 (1),Aldershot Town FC (12),1-0,?,Huddersfield Town AFC (2)
?,(Sat) 6 Oct 1973 (40),Aldershot Town FC (13),0-1,?,Oldham Athletic AFC (2)
?,(Wed) 19 Sep 1973 (38),Aldershot Town FC (14),3-2,?,Plymouth Argyle FC (2)
?,(Sat) 10 Nov 1973 (45),Aldershot Town FC (15),0-0,?,Port Vale FC (2)
?,(Wed) 13 Mar 1974 (10),Aldershot Town FC (16),4-0,?,Rochdale AFC (2)
?,(Sat) 22 Sep 1973 (38),Aldershot Town FC (17),2-2,?,Shrewsbury Town FC (2)
?,(Sun) 17 Feb 1974 (6),Aldershot Town FC (18),3-3,?,Southend United FC (2)
?,(Tue) 1 Jan 1974 (0),Aldershot Town FC (19),4-0,?,Southport FC (2)
?,(Sat) 25 Aug 1973 (34),Aldershot Town FC (20),0-0,?,Tranmere Rovers FC (2)
?,(Sat) 8 Sep 1973 (36),Aldershot Town FC (21),1-0,?,Walsall FC (2)
?,(Sat) 30 Mar 1974 (12),Aldershot Town FC (22),1-0,?,Watford FC (2)
?,(Wed) 14 Nov 1973 (46),Aldershot Town FC (23),5-1,?,Wrexham AFC (2)
?,(Sat) 22 Dec 1973 (51),Aldershot Town FC (24),2-2,?,York City FC (2)
?,(Sat) 23 Mar 1974 (11),Blackburn Rovers FC (3),4-3,?,AFC Bournemouth (25)
?,(Wed) 24 Apr 1974 (16),Blackburn Rovers FC (4),1-2,?,Aldershot Town FC (25)
?,(Sat) 6 Oct 1973 (40),Blackburn Rovers FC (5),3-1,?,Brighton & Hove Albion FC (3)
?,(Sat) 22 Sep 1973 (38),Blackburn Rovers FC (6),0-2,?,Bristol Rovers FC (3)
?,(Sat) 20 Oct 1973 (42),Blackburn Rovers FC (7),2-0,?,Cambridge United FC (3)
?,(Wed) 24 Oct 1973 (43),Blackburn Rovers FC (8),1-1,?,Charlton Athletic FC (3)
?,(Sat) 12 Jan 1974 (1),Blackburn Rovers FC (9),2-1,?,Chesterfield FC (3)
?,(Wed) 19 Sep 1973 (38),Blackburn Rovers FC (10),1-0,?,Grimsby Town FC (3)
?,(Mon) 15 Apr 1974 (15),Blackburn Rovers FC (11),1-1,?,FC Halifax Town (3)
?,(Tue) 1 Jan 1974 (0),Blackburn Rovers FC (12),1-2,?,Hereford United FC (1924-2014) (3)
?,(Wed) 27 Mar 1974 (12),Blackburn Rovers FC (13),1-0,?,Huddersfield Town AFC (3)
?,(Sat) 2 Mar 1974 (8),Blackburn Rovers FC (14),0-1,?,Oldham Athletic AFC (3)
?,(Sat) 3 Nov 1973 (44),Blackburn Rovers FC (15),2-0,?,Plymouth Argyle FC (3)
?,(Sat) 6 Apr 1974 (13),Blackburn Rovers FC (16),1-1,?,Port Vale FC (3)
?,(Sat) 20 Apr 1974 (15),Blackburn Rovers FC (17),3-1,?,Rochdale AFC (3)
?,(Sun) 27 Jan 1974 (3),Blackburn Rovers FC (18),2-0,?,Shrewsbury Town FC (3)
?,(Sat) 25 Aug 1973 (34),Blackburn Rovers FC (19),1-0,?,Southend United FC (3)
?,(Sun) 3 Feb 1974 (4),Blackburn Rovers FC (20),2-1,?,Southport FC (3)
?,(Sun) 17 Feb 1974 (6),Blackburn Rovers FC (21),0-0,?,Tranmere Rovers FC (3)
?,(Sat) 22 Dec 1973 (51),Blackburn Rovers FC (22),0-2,?,Walsall FC (3)
?,(Sat) 17 Nov 1973 (46),Blackburn Rovers FC (23),5-0,?,Watford FC (3)
?,(Wed) 1 May 1974 (17),Blackburn Rovers FC (24),1-2,?,Wrexham AFC (3)
?,(Sat) 8 Sep 1973 (36),Blackburn Rovers FC (25),4-0,?,York City FC (3)
?,(Sat) 1 Sep 1973 (35),Brighton & Hove Albion FC (4),0-2,?,AFC Bournemouth (26)
?,(Wed) 26 Dec 1973 (52),Brighton & Hove Albion FC (5),0-1,?,Aldershot Town FC (26)
?,(Sat) 23 Feb 1974 (7),Brighton & Hove Albion FC (6),3-0,?,Blackburn Rovers FC (26)
?,(Sat) 1 Dec 1973 (48),Brighton & Hove Albion FC (7),2-8,?,Bristol Rovers FC (4)
?,(Wed) 3 Apr 1974 (13),Brighton & Hove Albion FC (8),4-1,?,Cambridge United FC (4)
?,(Sat) 15 Sep 1973 (37),Brighton & Hove Albion FC (9),1-2,?,Charlton Athletic FC (4)
?,(Sat) 17 Nov 1973 (46),Brighton & Hove Albion FC (10),0-0,?,Chesterfield FC (4)
?,(Sat) 9 Feb 1974 (5),Brighton & Hove Albion FC (11),1-1,?,Grimsby Town FC (4)
?,(Sat) 13 Oct 1973 (41),Brighton & Hove Albion FC (12),0-1,?,FC Halifax Town (4)
?,(Sun) 10 Mar 1974 (9),Brighton & Hove Albion FC (13),2-1,?,Hereford United FC (1924-2014) (4)
?,(Sat) 23 Mar 1974 (11),Brighton & Hove Albion FC (14),1-2,?,Huddersfield Town AFC (4)
?,(Wed) 19 Sep 1973 (38),Brighton & Hove Albion FC (15),1-2,?,Oldham Athletic AFC (4)
?,(Sat) 29 Dec 1973 (52),Brighton & Hove Albion FC (16),1-0,?,Plymouth Argyle FC (4)
?,(Wed) 20 Mar 1974 (11),Brighton & Hove Albion FC (17),2-1,?,Port Vale FC (4)
?,(Sun) 20 Jan 1974 (2),Brighton & Hove Albion FC (18),2-1,?,Rochdale AFC (4)
?,(Sat) 20 Oct 1973 (42),Brighton & Hove Albion FC (19),2-0,?,Shrewsbury Town FC (4)
?,(Mon) 15 Apr 1974 (15),Brighton & Hove Albion FC (20),0-2,?,Southend United FC (4)
?,(Wed) 24 Oct 1973 (43),Brighton & Hove Albion FC (21),4-0,?,Southport FC (4)
?,(Sat) 20 Apr 1974 (15),Brighton & Hove Albion FC (22),1-3,?,Tranmere Rovers FC (4)
?,(Sat) 6 Apr 1974 (13),Brighton & Hove Albion FC (23),2-1,?,Walsall FC (4)
?,(Sat) 29 Sep 1973 (39),Brighton & Hove Albion FC (24),0-1,?,Watford FC (4)
?,(Wed) 27 Feb 1974 (8),Brighton & Hove Albion FC (25),2-1,?,Wrexham AFC (4)
?,(Sat) 3 Nov 1973 (44),Brighton & Hove Albion FC (26),0-0,?,York City FC (4)
?,(Sat) 19 Jan 1974 (2),Bristol Rovers FC (5),3-0,?,AFC Bournemouth (27)
?,(Tue) 2 Apr 1974 (13),Bristol Rovers FC (6),2-1,?,Aldershot Town FC (27)
?,(Tue) 12 Mar 1974 (10),Bristol Rovers FC (7),3-0,?,Blackburn Rovers FC (27)
?,(Sat) 27 Apr 1974 (16),Bristol Rovers FC (8),1-1,?,Brighton & Hove Albion FC (27)
?,(Sat) 29 Sep 1973 (39),Bristol Rovers FC (9),1-0,?,Cambridge United FC (5)
?,(Sat) 1 Sep 1973 (35),Bristol Rovers FC (10),2-1,?,Charlton Athletic FC (5)
?,(Sat) 3 Nov 1973 (44),Bristol Rovers FC (11),1-0,?,Chesterfield FC (5)
?,(Sat) 29 Dec 1973 (52),Bristol Rovers FC (12),1-1,?,Grimsby Town FC (5)
?,(Sat) 15 Sep 1973 (37),Bristol Rovers FC (13),2-0,?,FC Halifax Town (5)
?,(Tue) 11 Sep 1973 (37),Bristol Rovers FC (14),1-1,?,Hereford United FC (1924-2014) (5)
?,(Fri) 8 Mar 1974 (9),Bristol Rovers FC (15),2-1,?,Huddersfield Town AFC (5)
?,(Sat) 13 Apr 1974 (14),Bristol Rovers FC (16),1-2,?,Oldham Athletic AFC (5)
?,(Wed) 26 Dec 1973 (52),Bristol Rovers FC (17),4-2,?,Plymouth Argyle FC (5)
?,(Sat) 13 Oct 1973 (41),Bristol Rovers FC (18),1-1,?,Port Vale FC (5)
?,(Tue) 5 Mar 1974 (9),Bristol Rovers FC (19),1-1,?,Rochdale AFC (5)
?,(Tue) 2 Oct 1973 (40),Bristol Rovers FC (20),1-0,?,Shrewsbury Town FC (5)
?,(Sat) 8 Dec 1973 (49),Bristol Rovers FC (21),4-0,?,Southend United FC (5)
?,(Tue) 13 Nov 1973 (46),Bristol Rovers FC (22),3-1,?,Southport FC (5)
?,(Tue) 16 Apr 1974 (15),Bristol Rovers FC (23),1-0,?,Tranmere Rovers FC (5)
?,(Sat) 23 Mar 1974 (11),Bristol Rovers FC (24),0-2,?,Walsall FC (5)
?,(Sat) 23 Feb 1974 (7),Bristol Rovers FC (25),1-0,?,Watford FC (5)
?,(Tue) 19 Mar 1974 (11),Bristol Rovers FC (26),1-0,?,Wrexham AFC (5)
?,(Sat) 20 Oct 1973 (42),Bristol Rovers FC (27),0-0,?,York City FC (5)
?,(Sat) 20 Apr 1974 (15),Cambridge United FC (6),2-1,?,AFC Bournemouth (28)
?,(Sat) 17 Nov 1973 (46),Cambridge United FC (7),1-2,?,Aldershot Town FC (28)
?,(Sat) 16 Mar 1974 (10),Cambridge United FC (8),0-2,?,Blackburn Rovers FC (28)
?,(Sun) 27 Jan 1974 (3),Cambridge United FC (9),1-1,?,Brighton & Hove Albion FC (28)
?,(Sat) 22 Dec 1973 (51),Cambridge United FC (10),2-2,?,Bristol Rovers FC (28)
?,(Sat) 10 Nov 1973 (45),Cambridge United FC (11),1-0,?,Charlton Athletic FC (6)
?,(Sat) 2 Feb 1974 (4),Cambridge United FC (12),1-2,?,Chesterfield FC (6)
?,(Sat) 30 Mar 1974 (12),Cambridge United FC (13),0-1,?,Grimsby Town FC (6)
?,(Sat) 27 Oct 1973 (43),Cambridge United FC (14),0-1,?,FC Halifax Town (6)
?,(Sun) 17 Feb 1974 (6),Cambridge United FC (15),2-0,?,Hereford United FC (1924-2014) (6)
?,(Tue) 1 Jan 1974 (0),Cambridge United FC (16),2-2,?,Huddersfield Town AFC (6)
?,(Sat) 22 Sep 1973 (38),Cambridge United FC (17),1-1,?,Oldham Athletic AFC (6)
?,(Wed) 1 May 1974 (17),Cambridge United FC (18),3-1,?,Plymouth Argyle FC (6)
?,(Wed) 24 Oct 1973 (43),Cambridge United FC (19),4-2,?,Port Vale FC (6)
?,(Sat) 6 Apr 1974 (13),Cambridge United FC (20),3-3,?,Rochdale AFC (6)
?,(Sat) 8 Sep 1973 (36),Cambridge United FC (21),2-1,?,Shrewsbury Town FC (6)
?,(Sat) 12 Jan 1974 (1),Cambridge United FC (22),3-2,?,Southend United FC (6)
?,(Sat) 25 Aug 1973 (34),Cambridge United FC (23),2-0,?,Southport FC (6)
?,(Wed) 27 Mar 1974 (12),Cambridge United FC (24),1-0,?,Tranmere Rovers FC (6)
?,(Sun) 3 Mar 1974 (8),Cambridge United FC (25),0-0,?,Walsall FC (6)
?,(Wed) 19 Sep 1973 (38),Cambridge United FC (26),3-2,?,Watford FC (6)
?,(Tue) 16 Apr 1974 (15),Cambridge United FC (27),2-1,?,Wrexham AFC (6)
?,(Sat) 6 Oct 1973 (40),Cambridge United FC (28),0-0,?,York City FC (6)
?,(Sat) 6 Apr 1974 (13),Charlton Athletic FC (7),0-0,?,AFC Bournemouth (29)
?,(Fri) 3 May 1974 (17),Charlton Athletic FC (8),2-0,?,Aldershot Town FC (29)
?,(Tue) 11 Sep 1973 (37),Charlton Athletic FC (9),4-3,?,Blackburn Rovers FC (29)
?,(Sat) 12 Jan 1974 (1),Charlton Athletic FC (10),0-4,?,Brighton & Hove Albion FC (29)
?,(Tue) 1 Jan 1974 (0),Charlton Athletic FC (11),1-1,?,Bristol Rovers FC (29)
?,(Sat) 23 Mar 1974 (11),Charlton Athletic FC (12),2-0,?,Cambridge United FC (29)
?,(Sat) 22 Sep 1973 (38),Charlton Athletic FC (13),3-3,?,Chesterfield FC (7)
?,(Mon) 15 Apr 1974 (15),Charlton Athletic FC (14),2-1,?,Grimsby Town FC (7)
?,(Tue) 2 Oct 1973 (40),Charlton Athletic FC (15),5-2,?,FC Halifax Town (7)
?,(Sat) 8 Sep 1973 (36),Charlton Athletic FC (16),2-0,?,Hereford United FC (1924-2014) (7)
?,(Sat) 26 Jan 1974 (3),Charlton Athletic FC (17),2-1,?,Huddersfield Town AFC (7)
?,(Tue) 26 Mar 1974 (12),Charlton Athletic FC (18),4-1,?,Oldham Athletic AFC (7)
?,(Sat) 17 Nov 1973 (46),Charlton Athletic FC (19),2-0,?,Plymouth Argyle FC (7)
?,(Sat) 1 Dec 1973 (48),Charlton Athletic FC (20),2-0,?,Port Vale FC (7)
?,(Sat) 20 Oct 1973 (42),Charlton Athletic FC (21),3-0,?,Rochdale AFC (7)
?,(Sun) 3 Feb 1974 (4),Charlton Athletic FC (22),3-3,?,Shrewsbury Town FC (7)
?,(Sun) 3 Mar 1974 (8),Charlton Athletic FC (23),2-1,?,Southend United FC (7)
?,(Sat) 22 Dec 1973 (51),Charlton Athletic FC (24),0-1,?,Southport FC (7)
?,(Sat) 6 Oct 1973 (40),Charlton Athletic FC (25),1-0,?,Tranmere Rovers FC (7)
?,(Sun) 17 Feb 1974 (6),Charlton Athletic FC (26),0-1,?,Walsall FC (7)
?,(Sat) 20 Apr 1974 (15),Charlton Athletic FC (27),1-3,?,Watford FC (7)
?,(Sat) 3 Nov 1973 (44),Charlton Athletic FC (28),0-0,?,Wrexham AFC (7)
?,(Sat) 25 Aug 1973 (34),Charlton Athletic FC (29),2-4,?,York City FC (7)
?,(Sat) 29 Dec 1973 (52),Chesterfield FC (8),2-1,?,AFC Bournemouth (30)
?,(Sat) 5 Jan 1974 (0),Chesterfield FC (9),0-0,?,Aldershot Town FC (30)
?,(Sat) 15 Sep 1973 (37),Chesterfield FC (10),3-0,?,Blackburn Rovers FC (30)
?,(Sat) 13 Apr 1974 (14),Chesterfield FC (11),1-0,?,Brighton & Hove Albion FC (30)
?,(Sat) 30 Mar 1974 (12),Chesterfield FC (12),0-0,?,Bristol Rovers FC (30)
?,(Wed) 13 Mar 1974 (10),Chesterfield FC (13),3-0,?,Cambridge United FC (30)
?,(Sat) 9 Feb 1974 (5),Chesterfield FC (14),3-1,?,Charlton Athletic FC (30)
?,(Sat) 1 Sep 1973 (35),Chesterfield FC (15),1-0,?,Grimsby Town FC (8)
?,(Sat) 23 Feb 1974 (7),Chesterfield FC (16),1-1,?,FC Halifax Town (8)
?,(Sat) 8 Dec 1973 (49),Chesterfield FC (17),1-1,?,Hereford United FC (1924-2014) (8)
?,(Wed) 24 Oct 1973 (43),Chesterfield FC (18),0-2,?,Huddersfield Town AFC (8)
?,(Sat) 16 Mar 1974 (10),Chesterfield FC (19),1-0,?,Oldham Athletic AFC (8)
?,(Sat) 19 Jan 1974 (2),Chesterfield FC (20),1-0,?,Plymouth Argyle FC (8)
?,(Sat) 29 Sep 1973 (39),Chesterfield FC (21),2-1,?,Port Vale FC (8)
?,(Wed) 26 Dec 1973 (52),Chesterfield FC (22),1-0,?,Rochdale AFC (8)
?,(Sat) 27 Apr 1974 (16),Chesterfield FC (23),0-2,?,Shrewsbury Town FC (8)
?,(Wed) 14 Nov 1973 (46),Chesterfield FC (24),0-0,?,Southend United FC (8)
?,(Sat) 27 Oct 1973 (43),Chesterfield FC (25),4-2,?,Southport FC (8)
?,(Sat) 10 Nov 1973 (45),Chesterfield FC (26),1-0,?,Tranmere Rovers FC (8)
?,(Wed) 17 Apr 1974 (15),Chesterfield FC (27),1-0,?,Walsall FC (8)
?,(Sat) 13 Oct 1973 (41),Chesterfield FC (28),3-1,?,Watford FC (8)
?,(Wed) 3 Apr 1974 (13),Chesterfield FC (29),2-2,?,Wrexham AFC (8)
?,(Wed) 19 Sep 1973 (38),Chesterfield FC (30),0-2,?,York City FC (8)
?,(Sat) 17 Nov 1973 (46),Grimsby Town FC (9),1-1,?,AFC Bournemouth (31)
?,(Sat) 20 Oct 1973 (42),Grimsby Town FC (10),1-0,?,Aldershot Town FC (31)
?,(Tue) 2 Oct 1973 (40),Grimsby Town FC (11),4-2,?,Blackburn Rovers FC (31)
?,(Sat) 22 Sep 1973 (38),Grimsby Town FC (12),0-0,?,Brighton & Hove Albion FC (31)
?,(Sat) 8 Sep 1973 (36),Grimsby Town FC (13),1-1,?,Bristol Rovers FC (31)
?,(Sat) 3 Nov 1973 (44),Grimsby Town FC (14),1-0,?,Cambridge United FC (31)
?,(Fri) 12 Apr 1974 (14),Grimsby Town FC (15),5-0,?,Charlton Athletic FC (31)
?,(Tue) 1 Jan 1974 (0),Grimsby Town FC (16),1-1,?,Chesterfield FC (31)
?,(Tue) 11 Sep 1973 (37),Grimsby Town FC (17),4-1,?,FC Halifax Town (9)
?,(Sat) 25 Aug 1973 (34),Grimsby Town FC (18),1-3,?,Hereford United FC (1924-2014) (9)
?,(Sat) 2 Feb 1974 (4),Grimsby Town FC (19),2-1,?,Huddersfield Town AFC (9)
?,(Wed) 24 Apr 1974 (16),Grimsby Town FC (20),2-1,?,Oldham Athletic AFC (9)
?,(Sat) 6 Apr 1974 (13),Grimsby Town FC (21),3-0,?,Plymouth Argyle FC (9)
?,(Sat) 20 Apr 1974 (15),Grimsby Town FC (22),2-0,?,Port Vale FC (9)
?,(Sat) 26 Jan 1974 (3),Grimsby Town FC (23),5-1,?,Rochdale AFC (9)
?,(Sat) 22 Dec 1973 (51),Grimsby Town FC (24),1-2,?,Shrewsbury Town FC (9)
?,(Tue) 26 Mar 1974 (12),Grimsby Town FC (25),2-1,?,Southend United FC (9)
?,(Sat) 16 Feb 1974 (6),Grimsby Town FC (26),2-1,?,Southport FC (9)
?,(Sat) 12 Jan 1974 (1),Grimsby Town FC (27),5-0,?,Tranmere Rovers FC (9)
?,(Tue) 6 Nov 1973 (45),Grimsby Town FC (28),1-0,?,Walsall FC (9)
?,(Mon) 29 Apr 1974 (17),Grimsby Town FC (29),2-2,?,Watford FC (9)
?,(Sat) 23 Mar 1974 (11),Grimsby Town FC (30),1-1,?,Wrexham AFC (9)
?,(Sat) 2 Mar 1974 (8),Grimsby Town FC (31),1-2,?,York City FC (9)
?,(Sat) 3 Nov 1973 (44),FC Halifax Town (10),1-1,?,AFC Bournemouth (32)
?,(Sat) 20 Apr 1974 (15),FC Halifax Town (11),0-0,?,Aldershot Town FC (32)
?,(Tue) 16 Apr 1974 (15),FC Halifax Town (12),1-1,?,Blackburn Rovers FC (32)
?,(Sat) 16 Feb 1974 (6),FC Halifax Town (13),2-2,?,Brighton & Hove Albion FC (32)
?,(Sat) 12 Jan 1974 (1),FC Halifax Town (14),0-0,?,Bristol Rovers FC (32)
?,(Sun) 10 Mar 1974 (9),FC Halifax Town (15),0-1,?,Cambridge United FC (32)
?,(Tue) 18 Sep 1973 (38),FC Halifax Town (16),2-1,?,Charlton Athletic FC (32)
?,(Sat) 6 Oct 1973 (40),FC Halifax Town (17),2-0,?,Chesterfield FC (32)
?,(Tue) 9 Apr 1974 (14),FC Halifax Town (18),1-2,?,Grimsby Town FC (32)
?,(Sat) 22 Sep 1973 (38),FC Halifax Town (19),1-1,?,Hereford United FC (1924-2014) (10)
?,(Sat) 2 Mar 1974 (8),FC Halifax Town (20),0-0,?,Huddersfield Town AFC (10)
?,(Sat) 25 Aug 1973 (34),FC Halifax Town (21),0-0,?,Oldham Athletic AFC (10)
?,(Sat) 23 Mar 1974 (11),FC Halifax Town (22),1-0,?,Plymouth Argyle FC (10)
?,(Sat) 17 Nov 1973 (46),FC Halifax Town (23),1-0,?,Port Vale FC (10)
?,(Mon) 22 Apr 1974 (16),FC Halifax Town (24),1-0,?,Rochdale AFC (10)
?,(Tue) 26 Mar 1974 (12),FC Halifax Town (25),1-0,?,Shrewsbury Town FC (10)
?,(Sat) 8 Sep 1973 (36),FC Halifax Town (26),0-0,?,Southend United FC (10)
?,(Sun) 27 Jan 1974 (3),FC Halifax Town (27),1-1,?,Southport FC (10)
?,(Sat) 22 Dec 1973 (51),FC Halifax Town (28),2-1,?,Tranmere Rovers FC (10)
?,(Sun) 3 Feb 1974 (4),FC Halifax Town (29),3-1,?,Walsall FC (10)
?,(Sat) 6 Apr 1974 (13),FC Halifax Town (30),0-0,?,Watford FC (10)
?,(Sat) 20 Oct 1973 (42),FC Halifax Town (31),1-2,?,Wrexham AFC (10)
?,(Tue) 30 Apr 1974 (17),FC Halifax Town (32),2-1,?,York City FC (10)
?,(Wed) 26 Dec 1973 (52),Hereford United FC (1924-2014) (11),0-2,?,AFC Bournemouth (33)
?,(Wed) 20 Mar 1974 (11),Hereford United FC (1924-2014) (12),0-2,?,Aldershot Town FC (33)
?,(Sat) 1 Sep 1973 (35),Hereford United FC (1924-2014) (13),1-0,?,Blackburn Rovers FC (33)
?,(Sat) 27 Oct 1973 (43),Hereford United FC (1924-2014) (14),3-0,?,Brighton & Hove Albion FC (33)
?,(Wed) 24 Oct 1973 (43),Hereford United FC (1924-2014) (15),0-0,?,Bristol Rovers FC (33)
?,(Sat) 13 Oct 1973 (41),Hereford United FC (1924-2014) (16),0-0,?,Cambridge United FC (33)
?,(Sat) 29 Dec 1973 (52),Hereford United FC (1924-2014) (17),2-3,?,Charlton Athletic FC (33)
?,(Sat) 20 Apr 1974 (15),Hereford United FC (1924-2014) (18),2-1,?,Chesterfield FC (33)
?,(Sat) 19 Jan 1974 (2),Hereford United FC (1924-2014) (19),2-1,?,Grimsby Town FC (33)
?,(Wed) 13 Mar 1974 (10),Hereford United FC (1924-2014) (20),3-1,?,FC Halifax Town (33)
?,(Sat) 17 Nov 1973 (46),Hereford United FC (1924-2014) (21),0-1,?,Huddersfield Town AFC (11)
?,(Sat) 10 Nov 1973 (45),Hereford United FC (1924-2014) (22),3-4,?,Oldham Athletic AFC (11)
?,(Wed) 20 Feb 1974 (7),Hereford United FC (1924-2014) (23),0-1,?,Plymouth Argyle FC (11)
?,(Sat) 23 Feb 1974 (7),Hereford United FC (1924-2014) (24),2-1,?,Port Vale FC (11)
?,(Wed) 3 Apr 1974 (13),Hereford United FC (1924-2014) (25),2-1,?,Rochdale AFC (11)
?,(Mon) 15 Apr 1974 (15),Hereford United FC (1924-2014) (26),1-1,?,Shrewsbury Town FC (11)
?,(Sat) 16 Mar 1974 (10),Hereford United FC (1924-2014) (27),1-2,?,Southend United FC (11)
?,(Sat) 30 Mar 1974 (12),Hereford United FC (1924-2014) (28),3-0,?,Southport FC (11)
?,(Wed) 19 Sep 1973 (38),Hereford United FC (1924-2014) (29),0-2,?,Tranmere Rovers FC (11)
?,(Sat) 1 Dec 1973 (48),Hereford United FC (1924-2014) (30),3-1,?,Walsall FC (11)
?,(Sat) 15 Sep 1973 (37),Hereford United FC (1924-2014) (31),1-1,?,Watford FC (11)
?,(Sat) 29 Sep 1973 (39),Hereford United FC (1924-2014) (32),2-0,?,Wrexham AFC (11)
?,(Sat) 6 Apr 1974 (13),Hereford United FC (1924-2014) (33),0-0,?,York City FC (11)
?,(Sat) 29 Sep 1973 (39),Huddersfield Town AFC (12),1-1,?,AFC Bournemouth (34)
?,(Sat) 15 Sep 1973 (37),Huddersfield Town AFC (13),1-0,?,Aldershot Town FC (34)
?,(Tue) 29 Jan 1974 (4),Huddersfield Town AFC (14),1-0,?,Blackburn Rovers FC (34)
?,(Sat) 10 Nov 1973 (45),Huddersfield Town AFC (15),2-2,?,Brighton & Hove Albion FC (34)
?,(Sat) 27 Oct 1973 (43),Huddersfield Town AFC (16),1-2,?,Bristol Rovers FC (34)
?,(Sat) 1 Sep 1973 (35),Huddersfield Town AFC (17),2-1,?,Cambridge United FC (34)
?,(Tue) 2 Apr 1974 (13),Huddersfield Town AFC (18),2-0,?,Charlton Athletic FC (34)
?,(Tue) 11 Sep 1973 (37),Huddersfield Town AFC (19),1-0,?,Chesterfield FC (34)
?,(Wed) 20 Mar 1974 (11),Huddersfield Town AFC (20),1-0,?,Grimsby Town FC (34)
?,(Wed) 26 Dec 1973 (52),Huddersfield Town AFC (21),4-0,?,FC Halifax Town (34)
?,(Sat) 13 Apr 1974 (14),Huddersfield Town AFC (22),0-0,?,Hereford United FC (1924-2014) (34)
?,(Sat) 8 Dec 1973 (49),Huddersfield Town AFC (23),2-1,?,Oldham Athletic AFC (12)
?,(Sat) 13 Oct 1973 (41),Huddersfield Town AFC (24),2-1,?,Plymouth Argyle FC (12)
?,(Sat) 29 Dec 1973 (52),Huddersfield Town AFC (25),3-0,?,Port Vale FC (12)
?,(Sat) 23 Feb 1974 (7),Huddersfield Town AFC (26),5-0,?,Rochdale AFC (12)
?,(Tue) 13 Nov 1973 (46),Huddersfield Town AFC (27),1-0,?,Shrewsbury Town FC (12)
?,(Sat) 30 Mar 1974 (12),Huddersfield Town AFC (28),0-1,?,Southend United FC (12)
?,(Sat) 27 Apr 1974 (16),Huddersfield Town AFC (29),3-1,?,Southport FC (12)
?,(Sat) 16 Mar 1974 (10),Huddersfield Town AFC (30),0-0,?,Tranmere Rovers FC (12)
?,(Tue) 9 Oct 1973 (41),Huddersfield Town AFC (31),2-2,?,Walsall FC (12)
?,(Sat) 19 Jan 1974 (2),Huddersfield Town AFC (32),1-2,?,Watford FC (12)
?,(Wed) 24 Apr 1974 (16),Huddersfield Town AFC (33),2-1,?,Wrexham AFC (12)
?,(Tue) 16 Apr 1974 (15),Huddersfield Town AFC (34),0-1,?,York City FC (12)
?,(Tue) 19 Mar 1974 (11),Oldham Athletic AFC (13),4-2,?,AFC Bournemouth (35)
?,(Sat) 23 Feb 1974 (7),Oldham Athletic AFC (14),2-0,?,Aldershot Town FC (35)
?,(Wed) 26 Dec 1973 (52),Oldham Athletic AFC (15),2-3,?,Blackburn Rovers FC (35)
?,(Tue) 2 Oct 1973 (40),Oldham Athletic AFC (16),0-1,?,Brighton & Hove Albion FC (35)
?,(Sat) 17 Nov 1973 (46),Oldham Athletic AFC (17),1-1,?,Bristol Rovers FC (35)
?,(Tue) 5 Mar 1974 (9),Oldham Athletic AFC (18),6-1,?,Cambridge United FC (35)
?,(Tue) 30 Apr 1974 (17),Oldham Athletic AFC (19),0-2,?,Charlton Athletic FC (35)
?,(Sat) 20 Oct 1973 (42),Oldham Athletic AFC (20),0-0,?,Chesterfield FC (35)
?,(Tue) 2 Apr 1974 (13),Oldham Athletic AFC (21),3-1,?,Grimsby Town FC (35)
?,(Sat) 19 Jan 1974 (2),Oldham Athletic AFC (22),3-2,?,FC Halifax Town (35)
?,(Sat) 23 Mar 1974 (11),Oldham Athletic AFC (23),1-1,?,Hereford United FC (1924-2014) (35)
?,(Sat) 20 Apr 1974 (15),Oldham Athletic AFC (24),6-0,?,Huddersfield Town AFC (35)
?,(Sat) 29 Sep 1973 (39),Oldham Athletic AFC (25),1-0,?,Plymouth Argyle FC (13)
?,(Sat) 1 Sep 1973 (35),Oldham Athletic AFC (26),1-1,?,Port Vale FC (13)
?,(Sat) 13 Oct 1973 (41),Oldham Athletic AFC (27),3-1,?,Rochdale AFC (13)
?,(Sat) 3 Nov 1973 (44),Oldham Athletic AFC (28),3-0,?,Shrewsbury Town FC (13)
?,(Tue) 11 Sep 1973 (37),Oldham Athletic AFC (29),2-0,?,Southend United FC (13)
?,(Fri) 12 Apr 1974 (14),Oldham Athletic AFC (30),6-0,?,Southport FC (13)
?,(Sat) 6 Apr 1974 (13),Oldham Athletic AFC (31),2-2,?,Tranmere Rovers FC (13)
?,(Sat) 9 Mar 1974 (9),Oldham Athletic AFC (32),2-1,?,Walsall FC (13)
?,(Sat) 29 Dec 1973 (52),Oldham Athletic AFC (33),0-3,?,Watford FC (13)
?,(Sat) 15 Sep 1973 (37),Oldham Athletic AFC (34),0-0,?,Wrexham AFC (13)
?,(Tue) 12 Mar 1974 (10),Oldham Athletic AFC (35),2-1,?,York City FC (13)
?,(Mon) 15 Apr 1974 (15),Plymouth Argyle FC (14),2-0,?,AFC Bournemouth (36)
?,(Tue) 2 Oct 1973 (40),Plymouth Argyle FC (15),2-1,?,Aldershot Town FC (36)
?,(Sat) 30 Mar 1974 (12),Plymouth Argyle FC (16),2-1,?,Blackburn Rovers FC (36)
?,(Sat) 8 Sep 1973 (36),Plymouth Argyle FC (17),0-1,?,Brighton & Hove Albion FC (36)
?,(Sat) 2 Mar 1974 (8),Plymouth Argyle FC (18),1-0,?,Bristol Rovers FC (36)
?,(Sat) 27 Apr 1974 (16),Plymouth Argyle FC (19),4-1,?,Cambridge United FC (36)
?,(Tue) 16 Apr 1974 (15),Plymouth Argyle FC (20),1-0,?,Charlton Athletic FC (36)
?,(Sat) 25 Aug 1973 (34),Plymouth Argyle FC (21),1-1,?,Chesterfield FC (36)
?,(Tue) 13 Nov 1973 (46),Plymouth Argyle FC (22),1-0,?,Grimsby Town FC (36)
?,(Sat) 10 Nov 1973 (45),Plymouth Argyle FC (23),1-1,?,FC Halifax Town (36)
?,(Tue) 26 Mar 1974 (12),Plymouth Argyle FC (24),0-1,?,Hereford United FC (1924-2014) (36)
?,(Sat) 16 Feb 1974 (6),Plymouth Argyle FC (25),1-1,?,Huddersfield Town AFC (36)
?,(Fri) 3 May 1974 (17),Plymouth Argyle FC (26),0-0,?,Oldham Athletic AFC (36)
?,(Sat) 27 Oct 1973 (43),Plymouth Argyle FC (27),2-0,?,Port Vale FC (14)
?,(Tue) 11 Sep 1973 (37),Plymouth Argyle FC (28),5-0,?,Rochdale AFC (14)
?,(Sat) 6 Oct 1973 (40),Plymouth Argyle FC (29),2-2,?,Shrewsbury Town FC (14)
?,(Sat) 2 Feb 1974 (4),Plymouth Argyle FC (30),1-1,?,Southend United FC (14)
?,(Sat) 12 Jan 1974 (1),Plymouth Argyle FC (31),4-1,?,Southport FC (14)
?,(Tue) 1 Jan 1974 (0),Plymouth Argyle FC (32),2-0,?,Tranmere Rovers FC (14)
?,(Sat) 22 Sep 1973 (38),Plymouth Argyle FC (33),2-1,?,Walsall FC (14)
?,(Sat) 16 Mar 1974 (10),Plymouth Argyle FC (34),2-0,?,Watford FC (14)
?,(Sat) 8 Dec 1973 (49),Plymouth Argyle FC (35),1-2,?,Wrexham AFC (14)
?,(Mon) 6 May 1974 (18),Plymouth Argyle FC (36),0-2,?,York City FC (14)
?,(Sat) 20 Oct 1973 (42),Port Vale FC (15),0-0,?,AFC Bournemouth (37)
?,(Sat) 23 Mar 1974 (11),Port Vale FC (16),0-1,?,Aldershot Town FC (37)
?,(Mon) 12 Nov 1973 (46),Port Vale FC (17),1-2,?,Blackburn Rovers FC (37)
?,(Sat) 2 Feb 1974 (4),Port Vale FC (18),2-1,?,Brighton & Hove Albion FC (37)
?,(Sun) 17 Feb 1974 (6),Port Vale FC (19),3-1,?,Bristol Rovers FC (37)
?,(Mon) 10 Sep 1973 (37),Port Vale FC (20),2-1,?,Cambridge United FC (37)
?,(Sat) 27 Apr 1974 (16),Port Vale FC (21),3-1,?,Charlton Athletic FC (37)
?,(Sat) 22 Dec 1973 (51),Port Vale FC (22),0-1,?,Chesterfield FC (37)
?,(Sat) 8 Dec 1973 (49),Port Vale FC (23),1-1,?,Grimsby Town FC (37)
?,(Sat) 13 Apr 1974 (14),Port Vale FC (24),1-1,?,FC Halifax Town (37)
?,(Sat) 6 Oct 1973 (40),Port Vale FC (25),1-3,?,Hereford United FC (1924-2014) (37)
?,(Sat) 8 Sep 1973 (36),Port Vale FC (26),4-2,?,Huddersfield Town AFC (37)
?,(Tue) 1 Jan 1974 (0),Port Vale FC (27),3-0,?,Oldham Athletic AFC (37)
?,(Sun) 10 Mar 1974 (9),Port Vale FC (28),2-1,?,Plymouth Argyle FC (37)
?,(Sat) 3 Nov 1973 (44),Port Vale FC (29),3-1,?,Rochdale AFC (15)
?,(Sat) 25 Aug 1973 (34),Port Vale FC (30),3-0,?,Shrewsbury Town FC (15)
?,(Sat) 22 Sep 1973 (38),Port Vale FC (31),0-0,?,Southend United FC (15)
?,(Sat) 2 Mar 1974 (8),Port Vale FC (32),2-1,?,Southport FC (15)
?,(Sat) 26 Jan 1974 (3),Port Vale FC (33),1-0,?,Tranmere Rovers FC (15)
?,(Mon) 25 Mar 1974 (12),Port Vale FC (34),1-1,?,Walsall FC (15)
?,(Tue) 16 Apr 1974 (15),Port Vale FC (35),1-2,?,Watford FC (15)
?,(Mon) 1 Oct 1973 (40),Port Vale FC (36),1-0,?,Wrexham AFC (15)
?,(Sat) 12 Jan 1974 (1),Port Vale FC (37),2-2,?,York City FC (15)
?,(Mon) 17 Sep 1973 (38),Rochdale AFC (16),3-3,?,AFC Bournemouth (38)
?,(Mon) 15 Apr 1974 (15),Rochdale AFC (17),2-2,?,Aldershot Town FC (38)
?,(Sat) 8 Dec 1973 (49),Rochdale AFC (18),1-2,?,Blackburn Rovers FC (38)
?,(Sat) 25 Aug 1973 (34),Rochdale AFC (19),1-1,?,Brighton & Hove Albion FC (38)
?,(Mon) 25 Mar 1974 (12),Rochdale AFC (20),0-1,?,Bristol Rovers FC (38)
?,(Tue) 5 Feb 1974 (5),Rochdale AFC (21),0-2,?,Cambridge United FC (38)
?,(Sat) 16 Mar 1974 (10),Rochdale AFC (22),1-1,?,Charlton Athletic FC (38)
?,(Sat) 2 Mar 1974 (8),Rochdale AFC (23),1-2,?,Chesterfield FC (38)
?,(Sat) 27 Oct 1973 (43),Rochdale AFC (24),1-1,?,Grimsby Town FC (38)
?,(Sat) 27 Apr 1974 (16),Rochdale AFC (25),1-1,?,FC Halifax Town (38)
?,(Tue) 26 Feb 1974 (8),Rochdale AFC (26),1-1,?,Hereford United FC (1924-2014) (38)
?,(Sat) 6 Oct 1973 (40),Rochdale AFC (27),1-1,?,Huddersfield Town AFC (38)
?,(Sat) 16 Feb 1974 (6),Rochdale AFC (28),1-3,?,Oldham Athletic AFC (38)
?,(Mon) 22 Oct 1973 (43),Rochdale AFC (29),1-3,?,Plymouth Argyle FC (38)
?,(Sat) 30 Mar 1974 (12),Rochdale AFC (30),1-1,?,Port Vale FC (38)
?,(Sat) 12 Jan 1974 (1),Rochdale AFC (31),3-2,?,Shrewsbury Town FC (16)
?,(Sat) 22 Dec 1973 (51),Rochdale AFC (32),1-1,?,Southend United FC (16)
?,(Sat) 22 Sep 1973 (38),Rochdale AFC (33),2-2,?,Southport FC (16)
?,(Sat) 8 Sep 1973 (36),Rochdale AFC (34),0-1,?,Tranmere Rovers FC (16)
?,(Tue) 1 Jan 1974 (0),Rochdale AFC (35),0-1,?,Walsall FC (16)
?,(Sat) 10 Nov 1973 (45),Rochdale AFC (36),1-3,?,Watford FC (16)
?,(Sat) 13 Apr 1974 (14),Rochdale AFC (37),0-0,?,Wrexham AFC (16)
?,(Sun) 3 Feb 1974 (4),Rochdale AFC (38),1-3,?,York City FC (16)
?,(Sat) 13 Oct 1973 (41),Shrewsbury Town FC (17),1-1,?,AFC Bournemouth (39)
?,(Sun) 10 Feb 1974 (5),Shrewsbury Town FC (18),0-0,?,Aldershot Town FC (39)
?,(Tue) 2 Apr 1974 (13),Shrewsbury Town FC (19),3-0,?,Blackburn Rovers FC (39)
?,(Sat) 16 Mar 1974 (10),Shrewsbury Town FC (20),1-0,?,Brighton & Hove Albion FC (39)
?,(Tue) 18 Sep 1973 (38),Shrewsbury Town FC (21),0-2,?,Bristol Rovers FC (39)
?,(Sat) 29 Dec 1973 (52),Shrewsbury Town FC (22),2-0,?,Cambridge United FC (39)
?,(Tue) 19 Mar 1974 (11),Shrewsbury Town FC (23),3-3,?,Charlton Athletic FC (39)
?,(Sat) 1 Dec 1973 (48),Shrewsbury Town FC (24),0-1,?,Chesterfield FC (39)
?,(Sat) 29 Sep 1973 (39),Shrewsbury Town FC (25),1-1,?,Grimsby Town FC (39)
?,(Sat) 5 Jan 1974 (0),Shrewsbury Town FC (26),0-2,?,FC Halifax Town (39)
?,(Tue) 16 Apr 1974 (15),Shrewsbury Town FC (27),1-1,?,Hereford United FC (1924-2014) (39)
?,(Sat) 6 Apr 1974 (13),Shrewsbury Town FC (28),3-0,?,Huddersfield Town AFC (39)
?,(Sat) 30 Mar 1974 (12),Shrewsbury Town FC (29),0-2,?,Oldham Athletic AFC (39)
?,(Sat) 23 Feb 1974 (7),Shrewsbury Town FC (30),0-0,?,Plymouth Argyle FC (39)
?,(Sat) 19 Jan 1974 (2),Shrewsbury Town FC (31),0-1,?,Port Vale FC (39)
?,(Sat) 15 Sep 1973 (37),Shrewsbury Town FC (32),2-0,?,Rochdale AFC (39)
?,(Sat) 27 Oct 1973 (43),Shrewsbury Town FC (33),1-2,?,Southend United FC (17)
?,(Sat) 10 Nov 1973 (45),Shrewsbury Town FC (34),2-0,?,Southport FC (17)
?,(Tue) 23 Oct 1973 (43),Shrewsbury Town FC (35),1-3,?,Tranmere Rovers FC (17)
?,(Sat) 20 Apr 1974 (15),Shrewsbury Town FC (36),0-0,?,Walsall FC (17)
?,(Wed) 26 Dec 1973 (52),Shrewsbury Town FC (37),3-2,?,Watford FC (17)
?,(Sat) 1 Sep 1973 (35),Shrewsbury Town FC (38),0-1,?,Wrexham AFC (17)
?,(Sat) 17 Nov 1973 (46),Shrewsbury Town FC (39),0-2,?,York City FC (17)
?,(Mon) 1 Apr 1974 (13),Southend United FC (18),2-2,?,AFC Bournemouth (40)
?,(Sat) 13 Oct 1973 (41),Southend United FC (19),2-1,?,Aldershot Town FC (40)
?,(Sat) 19 Jan 1974 (2),Southend United FC (20),1-1,?,Blackburn Rovers FC (40)
?,(Fri) 12 Apr 1974 (14),Southend United FC (21),0-2,?,Brighton & Hove Albion FC (40)
?,(Fri) 19 Apr 1974 (15),Southend United FC (22),0-0,?,Bristol Rovers FC (40)
?,(Fri) 14 Sep 1973 (37),Southend United FC (23),3-1,?,Cambridge United FC (40)
?,(Wed) 26 Dec 1973 (52),Southend United FC (24),2-0,?,Charlton Athletic FC (40)
?,(Fri) 5 Apr 1974 (13),Southend United FC (25),1-3,?,Chesterfield FC (40)
?,(Mon) 22 Apr 1974 (16),Southend United FC (26),4-1,?,Grimsby Town FC (40)
?,(Sat) 29 Dec 1973 (52),Southend United FC (27),1-2,?,FC Halifax Town (40)
?,(Fri) 19 Oct 1973 (42),Southend United FC (28),2-1,?,Hereford United FC (1924-2014) (40)
?,(Sat) 3 Nov 1973 (44),Southend United FC (29),5-2,?,Huddersfield Town AFC (40)
?,(Mon) 22 Oct 1973 (43),Southend United FC (30),2-2,?,Oldham Athletic AFC (40)
?,(Mon) 18 Mar 1974 (11),Southend United FC (31),2-0,?,Plymouth Argyle FC (40)
?,(Sat) 9 Feb 1974 (5),Southend United FC (32),1-0,?,Port Vale FC (40)
?,(Sat) 29 Sep 1973 (39),Southend United FC (33),1-2,?,Rochdale AFC (40)
?,(Sun) 10 Mar 1974 (9),Southend United FC (34),2-0,?,Shrewsbury Town FC (40)
?,(Mon) 17 Sep 1973 (38),Southend United FC (35),0-1,?,Southport FC (18)
?,(Sat) 1 Dec 1973 (48),Southend United FC (36),1-1,?,Tranmere Rovers FC (18)
?,(Sat) 17 Nov 1973 (46),Southend United FC (37),2-1,?,Walsall FC (18)
?,(Fri) 31 Aug 1973 (35),Southend United FC (38),2-3,?,Watford FC (18)
?,(Sun) 24 Feb 1974 (7),Southend United FC (39),1-1,?,Wrexham AFC (18)
?,(Sun) 24 Mar 1974 (11),Southend United FC (40),3-3,?,York City FC (18)
?,(Sun) 24 Feb 1974 (7),Southport FC (19),1-0,?,AFC Bournemouth (41)
?,(Sat) 1 Sep 1973 (35),Southport FC (20),3-0,?,Aldershot Town FC (41)
?,(Mon) 8 Apr 1974 (14),Southport FC (21),2-2,?,Blackburn Rovers FC (41)
?,(Mon) 10 Sep 1973 (37),Southport FC (22),1-1,?,Brighton & Hove Albion FC (41)
?,(Fri) 5 Apr 1974 (13),Southport FC (23),1-0,?,Bristol Rovers FC (41)
?,(Sat) 19 Jan 1974 (2),Southport FC (24),0-0,?,Cambridge United FC (41)
?,(Sat) 29 Sep 1973 (39),Southport FC (25),1-2,?,Charlton Athletic FC (41)
?,(Sat) 9 Mar 1974 (9),Southport FC (26),1-1,?,Chesterfield FC (41)
?,(Fri) 12 Oct 1973 (41),Southport FC (27),0-1,?,Grimsby Town FC (41)
?,(Mon) 1 Apr 1974 (13),Southport FC (28),1-1,?,FC Halifax Town (41)
?,(Fri) 2 Nov 1973 (44),Southport FC (29),1-1,?,Hereford United FC (1924-2014) (41)
?,(Sat) 1 Dec 1973 (48),Southport FC (30),0-0,?,Huddersfield Town AFC (41)
?,(Mon) 15 Apr 1974 (15),Southport FC (31),0-2,?,Oldham Athletic AFC (41)
?,(Sat) 15 Sep 1973 (37),Southport FC (32),1-1,?,Plymouth Argyle FC (41)
?,(Wed) 26 Dec 1973 (52),Southport FC (33),0-1,?,Port Vale FC (41)
?,(Sun) 10 Mar 1974 (9),Southport FC (34),0-0,?,Rochdale AFC (41)
?,(Sat) 23 Mar 1974 (11),Southport FC (35),1-0,?,Shrewsbury Town FC (41)
?,(Mon) 1 Oct 1973 (40),Southport FC (36),0-0,?,Southend United FC (41)
?,(Sat) 17 Nov 1973 (46),Southport FC (37),2-2,?,Tranmere Rovers FC (19)
?,(Fri) 19 Oct 1973 (42),Southport FC (38),1-1,?,Walsall FC (19)
?,(Sat) 5 Jan 1974 (0),Southport FC (39),1-1,?,Watford FC (19)
?,(Sat) 29 Dec 1973 (52),Southport FC (40),0-2,?,Wrexham AFC (19)
?,(Fri) 19 Apr 1974 (15),Southport FC (41),1-1,?,York City FC (19)
?,(Sun) 10 Feb 1974 (5),Tranmere Rovers FC (20),1-1,?,AFC Bournemouth (42)
?,(Sun) 20 Jan 1974 (2),Tranmere Rovers FC (21),0-1,?,Aldershot Town FC (42)
?,(Fri) 12 Oct 1973 (41),Tranmere Rovers FC (22),1-1,?,Blackburn Rovers FC (42)
?,(Sat) 8 Dec 1973 (49),Tranmere Rovers FC (23),4-1,?,Brighton & Hove Albion FC (42)
?,(Fri) 12 Apr 1974 (14),Tranmere Rovers FC (24),0-0,?,Bristol Rovers FC (42)
?,(Mon) 22 Apr 1974 (16),Tranmere Rovers FC (25),5-2,?,Cambridge United FC (42)
?,(Sun) 24 Feb 1974 (7),Tranmere Rovers FC (26),2-0,?,Charlton Athletic FC (42)
?,(Sat) 23 Mar 1974 (11),Tranmere Rovers FC (27),1-2,?,Chesterfield FC (42)
?,(Fri) 14 Sep 1973 (37),Tranmere Rovers FC (28),0-0,?,Grimsby Town FC (42)
?,(Fri) 28 Sep 1973 (39),Tranmere Rovers FC (29),0-1,?,FC Halifax Town (42)
?,(Mon) 8 Oct 1973 (41),Tranmere Rovers FC (30),0-0,?,Hereford United FC (1924-2014) (42)
?,(Fri) 19 Oct 1973 (42),Tranmere Rovers FC (31),1-1,?,Huddersfield Town AFC (42)
?,(Mon) 4 Feb 1974 (5),Tranmere Rovers FC (32),0-2,?,Oldham Athletic AFC (42)
?,(Sat) 1 Sep 1973 (35),Tranmere Rovers FC (33),2-0,?,Plymouth Argyle FC (42)
?,(Mon) 1 Apr 1974 (13),Tranmere Rovers FC (34),3-0,?,Port Vale FC (42)
?,(Sat) 29 Dec 1973 (52),Tranmere Rovers FC (35),1-1,?,Rochdale AFC (42)
?,(Mon) 10 Sep 1973 (37),Tranmere Rovers FC (36),1-0,?,Shrewsbury Town FC (42)
?,(Fri) 26 Apr 1974 (16),Tranmere Rovers FC (37),2-0,?,Southend United FC (42)
?,(Sat) 13 Apr 1974 (14),Tranmere Rovers FC (38),3-1,?,Southport FC (42)
?,(Fri) 2 Nov 1973 (44),Tranmere Rovers FC (39),3-0,?,Walsall FC (20)
?,(Mon) 8 Apr 1974 (14),Tranmere Rovers FC (40),1-0,?,Watford FC (20)
?,(Wed) 26 Dec 1973 (52),Tranmere Rovers FC (41),0-1,?,Wrexham AFC (20)
?,(Sat) 9 Mar 1974 (9),Tranmere Rovers FC (42),0-0,?,York City FC (20)
?,(Sat) 15 Sep 1973 (37),Walsall FC (21),1-2,?,AFC Bournemouth (43)
?,(Sat) 29 Dec 1973 (52),Walsall FC (22),3-2,?,Aldershot Town FC (43)
?,(Sat) 29 Sep 1973 (39),Walsall FC (23),2-0,?,Blackburn Rovers FC (43)
?,(Tue) 13 Nov 1973 (46),Walsall FC (24),0-1,?,Brighton & Hove Albion FC (43)
?,(Sat) 10 Nov 1973 (45),Walsall FC (25),0-0,?,Bristol Rovers FC (43)
?,(Wed) 26 Dec 1973 (52),Walsall FC (26),3-0,?,Cambridge United FC (43)
?,(Sat) 13 Oct 1973 (41),Walsall FC (27),4-0,?,Charlton Athletic FC (43)
?,(Mon) 15 Apr 1974 (15),Walsall FC (28),2-0,?,Chesterfield FC (43)
?,(Sat) 23 Feb 1974 (7),Walsall FC (29),3-1,?,Grimsby Town FC (43)
?,(Tue) 19 Mar 1974 (11),Walsall FC (30),2-2,?,FC Halifax Town (43)
?,(Sat) 27 Apr 1974 (16),Walsall FC (31),3-1,?,Hereford United FC (1924-2014) (43)
?,(Mon) 17 Sep 1973 (38),Walsall FC (32),3-0,?,Huddersfield Town AFC (43)
?,(Sat) 27 Oct 1973 (43),Walsall FC (33),1-1,?,Oldham Athletic AFC (43)
?,(Sun) 10 Feb 1974 (5),Walsall FC (34),0-4,?,Plymouth Argyle FC (43)
?,(Tue) 30 Apr 1974 (17),Walsall FC (35),0-0,?,Port Vale FC (43)
?,(Sat) 1 Sep 1973 (35),Walsall FC (36),0-0,?,Rochdale AFC (43)
?,(Sat) 8 Dec 1973 (49),Walsall FC (37),2-0,?,Shrewsbury Town FC (43)
?,(Sat) 13 Apr 1974 (14),Walsall FC (38),1-2,?,Southend United FC (43)
?,(Sun) 17 Mar 1974 (10),Walsall FC (39),2-0,?,Southport FC (43)
?,(Sat) 30 Mar 1974 (12),Walsall FC (40),0-1,?,Tranmere Rovers FC (43)
?,(Tue) 2 Apr 1974 (13),Walsall FC (41),2-2,?,Watford FC (21)
?,(Sun) 20 Jan 1974 (2),Walsall FC (42),3-0,?,Wrexham AFC (21)
?,(Tue) 16 Oct 1973 (42),Walsall FC (43),0-0,?,York City FC (21)
?,(Sat) 9 Mar 1974 (9),Watford FC (22),1-1,?,AFC Bournemouth (44)
?,(Sat) 3 Nov 1973 (44),Watford FC (23),2-1,?,Aldershot Town FC (44)
?,(Sat) 13 Apr 1974 (14),Watford FC (24),0-0,?,Blackburn Rovers FC (44)
?,(Sat) 22 Dec 1973 (51),Watford FC (25),1-0,?,Brighton & Hove Albion FC (44)
?,(Sat) 6 Oct 1973 (40),Watford FC (26),0-0,?,Bristol Rovers FC (44)
?,(Wed) 3 Oct 1973 (40),Watford FC (27),3-0,?,Cambridge United FC (44)
?,(Sat) 8 Dec 1973 (49),Watford FC (28),1-3,?,Charlton Athletic FC (44)
?,(Sat) 16 Feb 1974 (6),Watford FC (29),2-1,?,Chesterfield FC (44)
?,(Sat) 27 Apr 1974 (16),Watford FC (30),1-2,?,Grimsby Town FC (44)
?,(Mon) 12 Nov 1973 (46),Watford FC (31),0-0,?,FC Halifax Town (44)
?,(Sat) 12 Jan 1974 (1),Watford FC (32),2-1,?,Hereford United FC (1924-2014) (44)
?,(Sat) 25 Aug 1973 (34),Watford FC (33),1-1,?,Huddersfield Town AFC (44)
?,(Sat) 8 Sep 1973 (36),Watford FC (34),0-1,?,Oldham Athletic AFC (44)
?,(Sat) 20 Oct 1973 (42),Watford FC (35),0-3,?,Plymouth Argyle FC (44)
?,(Wed) 24 Apr 1974 (16),Watford FC (36),2-1,?,Port Vale FC (44)
?,(Sat) 23 Mar 1974 (11),Watford FC (37),4-0,?,Rochdale AFC (44)
?,(Sat) 2 Mar 1974 (8),Watford FC (38),1-0,?,Shrewsbury Town FC (44)
?,(Tue) 1 Jan 1974 (0),Watford FC (39),1-0,?,Southend United FC (44)
?,(Wed) 27 Mar 1974 (12),Watford FC (40),4-0,?,Southport FC (44)
?,(Sat) 2 Feb 1974 (4),Watford FC (41),4-2,?,Tranmere Rovers FC (44)
?,(Sat) 26 Jan 1974 (3),Watford FC (42),1-3,?,Walsall FC (44)
?,(Wed) 12 Sep 1973 (37),Watford FC (43),2-0,?,Wrexham AFC (22)
?,(Sat) 22 Sep 1973 (38),Watford FC (44),1-1,?,York City FC (22)
?,(Sat) 1 Dec 1973 (48),Wrexham AFC (23),0-1,?,AFC Bournemouth (45)
?,(Sat) 6 Apr 1974 (13),Wrexham AFC (24),0-0,?,Aldershot Town FC (45)
?,(Sat) 27 Oct 1973 (43),Wrexham AFC (25),2-2,?,Blackburn Rovers FC (45)
?,(Mon) 25 Mar 1974 (12),Wrexham AFC (26),1-0,?,Brighton & Hove Albion FC (45)
?,(Sat) 2 Feb 1974 (4),Wrexham AFC (27),1-0,?,Bristol Rovers FC (45)
?,(Fri) 12 Apr 1974 (14),Wrexham AFC (28),2-1,?,Cambridge United FC (45)
?,(Sat) 30 Mar 1974 (12),Wrexham AFC (29),4-0,?,Charlton Athletic FC (45)
?,(Mon) 4 Mar 1974 (9),Wrexham AFC (30),2-1,?,Chesterfield FC (45)
?,(Sat) 10 Nov 1973 (45),Wrexham AFC (31),1-1,?,Grimsby Town FC (45)
?,(Sat) 16 Mar 1974 (10),Wrexham AFC (32),2-1,?,FC Halifax Town (45)
?,(Sat) 22 Dec 1973 (51),Wrexham AFC (33),5-0,?,Hereford United FC (1924-2014) (45)
?,(Sat) 22 Sep 1973 (38),Wrexham AFC (34),0-0,?,Huddersfield Town AFC (45)
?,(Sat) 12 Jan 1974 (1),Wrexham AFC (35),1-2,?,Oldham Athletic AFC (45)
?,(Sat) 20 Apr 1974 (15),Wrexham AFC (36),5-2,?,Plymouth Argyle FC (45)
?,(Mon) 17 Sep 1973 (38),Wrexham AFC (37),0-0,?,Port Vale FC (45)
?,(Sat) 17 Nov 1973 (46),Wrexham AFC (38),3-0,?,Rochdale AFC (45)
?,(Tue) 1 Jan 1974 (0),Wrexham AFC (39),3-1,?,Shrewsbury Town FC (45)
?,(Sat) 6 Oct 1973 (40),Wrexham AFC (40),5-1,?,Southend United FC (45)
?,(Sat) 8 Sep 1973 (36),Wrexham AFC (41),3-2,?,Southport FC (45)
?,(Sat) 2 Mar 1974 (8),Wrexham AFC (42),0-0,?,Tranmere Rovers FC (45)
?,(Sat) 25 Aug 1973 (34),Wrexham AFC (43),2-0,?,Walsall FC (45)
?,(Mon) 22 Oct 1973 (43),Wrexham AFC (44),1-0,?,Watford FC (45)
?,(Wed) 20 Feb 1974 (7),Wrexham AFC (45),1-0,?,York City FC (23)
?,(Wed) 6 Mar 1974 (9),York City FC (24),4-1,?,AFC Bournemouth (46)
?,(Sat) 29 Sep 1973 (39),York City FC (25),3-1,?,Aldershot Town FC (46)
?,(Sat) 29 Dec 1973 (52),York City FC (26),1-0,?,Blackburn Rovers FC (46)
?,(Sat) 30 Mar 1974 (12),York City FC (27),3-0,?,Brighton & Hove Albion FC (46)
?,(Sat) 16 Mar 1974 (10),York City FC (28),2-1,?,Bristol Rovers FC (46)
?,(Sun) 24 Feb 1974 (7),York City FC (29),2-0,?,Cambridge United FC (46)
?,(Sat) 19 Jan 1974 (2),York City FC (30),0-1,?,Charlton Athletic FC (46)
?,(Mon) 1 Oct 1973 (40),York City FC (31),0-0,?,Chesterfield FC (46)
?,(Wed) 26 Dec 1973 (52),York City FC (32),1-1,?,Grimsby Town FC (46)
?,(Sat) 1 Sep 1973 (35),York City FC (33),1-1,?,FC Halifax Town (46)
?,(Mon) 12 Nov 1973 (46),York City FC (34),0-0,?,Hereford United FC (1924-2014) (46)
?,(Fri) 12 Apr 1974 (14),York City FC (35),2-1,?,Huddersfield Town AFC (46)
?,(Sat) 27 Apr 1974 (16),York City FC (36),1-1,?,Oldham Athletic AFC (46)
?,(Wed) 3 Apr 1974 (13),York City FC (37),1-1,?,Plymouth Argyle FC (46)
?,(Sat) 15 Sep 1973 (37),York City FC (38),3-1,?,Port Vale FC (46)
?,(Sat) 5 Jan 1974 (0),York City FC (39),2-1,?,Rochdale AFC (46)
?,(Sat) 13 Apr 1974 (14),York City FC (40),0-1,?,Shrewsbury Town FC (46)
?,(Sat) 10 Nov 1973 (45),York City FC (41),1-0,?,Southend United FC (46)
?,(Sat) 8 Dec 1973 (49),York City FC (42),4-0,?,Southport FC (46)
?,(Sat) 27 Oct 1973 (43),York City FC (43),2-0,?,Tranmere Rovers FC (46)
?,(Mon) 10 Sep 1973 (37),York City FC (44),1-1,?,Walsall FC (46)
?,(Sun) 10 Feb 1974 (5),York City FC (45),2-2,?,Watford FC (46)
?,(Fri) 12 Oct 1973 (41),York City FC (46),1-0,?,Wrexham AFC (46)
