Round,Date,Team 1,FT,HT,Team 2
?,(Sat) 25 Aug 1973 (34),Bury FC (1),4-0,?,Torquay United FC (1)
?,(Sat) 25 Aug 1973 (34),Swansea City AFC (1),2-0,?,Chester FC (1)
?,(Sat) 25 Aug 1973 (34),Crewe Alexandra FC (1),1-0,?,Gillingham FC (1)
?,(Sat) 25 Aug 1973 (34),Exeter City FC (1),0-0,?,Bradford City AFC (1)
?,(Sat) 25 Aug 1973 (34),Barnsley FC (1),0-1,?,Colchester United FC (1)
?,(Sat) 25 Aug 1973 (34),Peterborough United FC (1),2-1,?,Mansfield Town FC (1)
?,(Sat) 25 Aug 1973 (34),Doncaster Rovers FC (1),1-1,?,Stockport County FC (1)
?,(Sat) 25 Aug 1973 (34),Northampton Town FC (1),3-1,?,Rotherham United FC (1)
?,(Sat) 25 Aug 1973 (34),Darlington FC (1),0-0,?,Workington AFC (1)
?,(Sat) 25 Aug 1973 (34),Lincoln City FC (1),1-0,?,Scunthorpe United FC (1)
?,(Sat) 25 Aug 1973 (34),Newport County AFC (1),0-0,?,Reading FC (1)
?,(Sat) 25 Aug 1973 (34),Hartlepool United FC (1),1-0,?,Brentford FC (1)
?,(Fri) 31 Aug 1973 (35),Chester FC (2),3-1,?,Hartlepool United FC (2)
?,(Sat) 1 Sep 1973 (35),Gillingham FC (2),1-1,?,Newport County AFC (2)
?,(Sat) 1 Sep 1973 (35),Stockport County FC (2),1-1,?,Peterborough United FC (2)
?,(Sat) 1 Sep 1973 (35),Brentford FC (2),0-1,?,Exeter City FC (2)
?,(Sat) 1 Sep 1973 (35),Workington AFC (2),0-0,?,Bury FC (2)
?,(Sat) 1 Sep 1973 (35),Torquay United FC (2),2-1,?,Lincoln City FC (2)
?,(Sat) 1 Sep 1973 (35),Colchester United FC (2),3-2,?,Crewe Alexandra FC (2)
?,(Sat) 1 Sep 1973 (35),Scunthorpe United FC (2),3-0,?,Barnsley FC (2)
?,(Sat) 1 Sep 1973 (35),Mansfield Town FC (2),2-0,?,Northampton Town FC (2)
?,(Sat) 1 Sep 1973 (35),Bradford City AFC (2),1-1,?,Doncaster Rovers FC (2)
?,(Sat) 1 Sep 1973 (35),Reading FC (2),2-0,?,Darlington FC (2)
?,(Sat) 1 Sep 1973 (35),Rotherham United FC (2),1-0,?,Swansea City AFC (2)
?,(Fri) 7 Sep 1973 (36),Northampton Town FC (3),0-0,?,Colchester United FC (3)
?,(Fri) 7 Sep 1973 (36),Doncaster Rovers FC (3),0-1,?,Torquay United FC (3)
?,(Sat) 8 Sep 1973 (36),Lincoln City FC (3),1-1,?,Stockport County FC (3)
?,(Sat) 8 Sep 1973 (36),Exeter City FC (3),1-1,?,Workington AFC (3)
?,(Sat) 8 Sep 1973 (36),Hartlepool United FC (3),1-2,?,Reading FC (3)
?,(Sat) 8 Sep 1973 (36),Bury FC (3),3-0,?,Bradford City AFC (3)
?,(Sat) 8 Sep 1973 (36),Darlington FC (3),1-2,?,Brentford FC (3)
?,(Sat) 8 Sep 1973 (36),Swansea City AFC (3),0-3,?,Gillingham FC (3)
?,(Sat) 8 Sep 1973 (36),Peterborough United FC (3),1-0,?,Scunthorpe United FC (3)
?,(Sat) 8 Sep 1973 (36),Newport County AFC (3),0-2,?,Chester FC (3)
?,(Sat) 8 Sep 1973 (36),Barnsley FC (3),1-1,?,Mansfield Town FC (3)
?,(Sat) 8 Sep 1973 (36),Crewe Alexandra FC (3),1-8,?,Rotherham United FC (3)
?,(Mon) 10 Sep 1973 (37),Stockport County FC (4),1-1,?,Mansfield Town FC (4)
?,(Mon) 10 Sep 1973 (37),Brentford FC (4),0-0,?,Torquay United FC (4)
?,(Tue) 11 Sep 1973 (37),Northampton Town FC (4),1-0,?,Newport County AFC (4)
?,(Tue) 11 Sep 1973 (37),Bury FC (4),1-0,?,Hartlepool United FC (4)
?,(Tue) 11 Sep 1973 (37),Colchester United FC (4),0-0,?,Reading FC (4)
?,(Tue) 11 Sep 1973 (37),Doncaster Rovers FC (4),1-0,?,Barnsley FC (4)
?,(Wed) 12 Sep 1973 (37),Crewe Alexandra FC (4),0-0,?,Swansea City AFC (4)
?,(Wed) 12 Sep 1973 (37),Exeter City FC (4),3-0,?,Darlington FC (4)
?,(Wed) 12 Sep 1973 (37),Chester FC (4),1-0,?,Workington AFC (4)
?,(Wed) 12 Sep 1973 (37),Gillingham FC (4),7-2,?,Scunthorpe United FC (4)
?,(Wed) 12 Sep 1973 (37),Lincoln City FC (4),1-1,?,Peterborough United FC (4)
?,(Wed) 12 Sep 1973 (37),Bradford City AFC (4),2-1,?,Rotherham United FC (4)
?,(Fri) 14 Sep 1973 (37),Stockport County FC (5),2-2,?,Northampton Town FC (5)
?,(Fri) 14 Sep 1973 (37),Scunthorpe United FC (5),0-0,?,Crewe Alexandra FC (5)
?,(Sat) 15 Sep 1973 (37),Brentford FC (5),2-0,?,Doncaster Rovers FC (5)
?,(Sat) 15 Sep 1973 (37),Torquay United FC (5),1-1,?,Barnsley FC (5)
?,(Sat) 15 Sep 1973 (37),Reading FC (5),2-2,?,Bury FC (5)
?,(Sat) 15 Sep 1973 (37),Chester FC (5),0-1,?,Exeter City FC (5)
?,(Sat) 15 Sep 1973 (37),Rotherham United FC (5),2-2,?,Hartlepool United FC (5)
?,(Sat) 15 Sep 1973 (37),Bradford City AFC (5),1-1,?,Peterborough United FC (5)
?,(Sat) 15 Sep 1973 (37),Workington AFC (5),1-1,?,Lincoln City FC (5)
?,(Sat) 15 Sep 1973 (37),Mansfield Town FC (5),2-1,?,Swansea City AFC (5)
?,(Sat) 15 Sep 1973 (37),Colchester United FC (5),4-1,?,Newport County AFC (5)
?,(Sat) 15 Sep 1973 (37),Gillingham FC (5),0-1,?,Darlington FC (5)
?,(Mon) 17 Sep 1973 (38),Hartlepool United FC (6),1-3,?,Exeter City FC (6)
?,(Mon) 17 Sep 1973 (38),Darlington FC (6),0-0,?,Bury FC (6)
?,(Mon) 17 Sep 1973 (38),Brentford FC (6),0-1,?,Reading FC (6)
?,(Mon) 17 Sep 1973 (38),Peterborough United FC (6),5-1,?,Doncaster Rovers FC (6)
?,(Mon) 17 Sep 1973 (38),Mansfield Town FC (6),3-0,?,Chester FC (6)
?,(Tue) 18 Sep 1973 (38),Barnsley FC (6),0-1,?,Lincoln City FC (6)
?,(Tue) 18 Sep 1973 (38),Scunthorpe United FC (6),2-1,?,Bradford City AFC (6)
?,(Tue) 18 Sep 1973 (38),Swansea City AFC (6),1-1,?,Northampton Town FC (6)
?,(Tue) 18 Sep 1973 (38),Newport County AFC (6),4-2,?,Crewe Alexandra FC (6)
?,(Tue) 18 Sep 1973 (38),Rotherham United FC (6),1-1,?,Gillingham FC (6)
?,(Wed) 19 Sep 1973 (38),Workington AFC (6),1-1,?,Stockport County FC (6)
?,(Wed) 19 Sep 1973 (38),Torquay United FC (6),0-4,?,Colchester United FC (6)
?,(Fri) 21 Sep 1973 (38),Northampton Town FC (7),2-0,?,Scunthorpe United FC (7)
?,(Sat) 22 Sep 1973 (38),Crewe Alexandra FC (7),1-1,?,Mansfield Town FC (7)
?,(Sat) 22 Sep 1973 (38),Barnsley FC (7),4-0,?,Stockport County FC (7)
?,(Sat) 22 Sep 1973 (38),Exeter City FC (7),0-1,?,Reading FC (7)
?,(Sat) 22 Sep 1973 (38),Lincoln City FC (7),0-1,?,Bradford City AFC (7)
?,(Sat) 22 Sep 1973 (38),Swansea City AFC (7),2-0,?,Colchester United FC (7)
?,(Sat) 22 Sep 1973 (38),Darlington FC (7),1-2,?,Chester FC (7)
?,(Sat) 22 Sep 1973 (38),Newport County AFC (7),1-0,?,Rotherham United FC (7)
?,(Sat) 22 Sep 1973 (38),Peterborough United FC (7),1-1,?,Torquay United FC (7)
?,(Sat) 22 Sep 1973 (38),Bury FC (7),3-0,?,Brentford FC (7)
?,(Sat) 22 Sep 1973 (38),Doncaster Rovers FC (7),5-2,?,Workington AFC (7)
?,(Sat) 22 Sep 1973 (38),Hartlepool United FC (7),2-1,?,Gillingham FC (7)
?,(Fri) 28 Sep 1973 (39),Stockport County FC (8),1-1,?,Newport County AFC (8)
?,(Fri) 28 Sep 1973 (39),Colchester United FC (8),1-0,?,Exeter City FC (8)
?,(Sat) 29 Sep 1973 (39),Reading FC (8),1-1,?,Peterborough United FC (8)
?,(Sat) 29 Sep 1973 (39),Rotherham United FC (8),1-0,?,Bury FC (8)
?,(Sat) 29 Sep 1973 (39),Workington AFC (8),1-0,?,Northampton Town FC (8)
?,(Sat) 29 Sep 1973 (39),Brentford FC (8),5-1,?,Barnsley FC (8)
?,(Sat) 29 Sep 1973 (39),Gillingham FC (8),5-1,?,Doncaster Rovers FC (8)
?,(Sat) 29 Sep 1973 (39),Chester FC (8),2-3,?,Lincoln City FC (8)
?,(Sat) 29 Sep 1973 (39),Bradford City AFC (8),0-1,?,Crewe Alexandra FC (8)
?,(Sat) 29 Sep 1973 (39),Mansfield Town FC (8),1-0,?,Darlington FC (8)
?,(Sat) 29 Sep 1973 (39),Scunthorpe United FC (8),1-1,?,Hartlepool United FC (8)
?,(Sat) 29 Sep 1973 (39),Torquay United FC (8),3-1,?,Swansea City AFC (8)
?,(Mon) 1 Oct 1973 (40),Stockport County FC (9),1-1,?,Workington AFC (9)
?,(Tue) 2 Oct 1973 (40),Doncaster Rovers FC (9),3-1,?,Peterborough United FC (9)
?,(Tue) 2 Oct 1973 (40),Bury FC (9),5-1,?,Darlington FC (9)
?,(Tue) 2 Oct 1973 (40),Colchester United FC (9),2-2,?,Torquay United FC (9)
?,(Tue) 2 Oct 1973 (40),Northampton Town FC (9),2-0,?,Swansea City AFC (9)
?,(Wed) 3 Oct 1973 (40),Gillingham FC (9),1-1,?,Rotherham United FC (9)
?,(Wed) 3 Oct 1973 (40),Lincoln City FC (9),1-1,?,Barnsley FC (9)
?,(Wed) 3 Oct 1973 (40),Exeter City FC (9),2-0,?,Hartlepool United FC (9)
?,(Wed) 3 Oct 1973 (40),Chester FC (9),1-1,?,Mansfield Town FC (9)
?,(Wed) 3 Oct 1973 (40),Reading FC (9),1-0,?,Brentford FC (9)
?,(Wed) 3 Oct 1973 (40),Crewe Alexandra FC (9),4-1,?,Newport County AFC (9)
?,(Wed) 3 Oct 1973 (40),Bradford City AFC (9),2-1,?,Scunthorpe United FC (9)
?,(Fri) 5 Oct 1973 (40),Northampton Town FC (10),0-0,?,Torquay United FC (10)
?,(Sat) 6 Oct 1973 (40),Crewe Alexandra FC (10),1-3,?,Stockport County FC (10)
?,(Sat) 6 Oct 1973 (40),Darlington FC (10),1-1,?,Rotherham United FC (10)
?,(Sat) 6 Oct 1973 (40),Lincoln City FC (10),3-2,?,Brentford FC (10)
?,(Sat) 6 Oct 1973 (40),Exeter City FC (10),2-1,?,Gillingham FC (10)
?,(Sat) 6 Oct 1973 (40),Doncaster Rovers FC (10),0-0,?,Reading FC (10)
?,(Sat) 6 Oct 1973 (40),Peterborough United FC (10),2-0,?,Workington AFC (10)
?,(Sat) 6 Oct 1973 (40),Hartlepool United FC (10),0-0,?,Colchester United FC (10)
?,(Sat) 6 Oct 1973 (40),Bury FC (10),3-1,?,Chester FC (10)
?,(Sat) 6 Oct 1973 (40),Swansea City AFC (10),1-2,?,Scunthorpe United FC (10)
?,(Sat) 6 Oct 1973 (40),Barnsley FC (10),2-2,?,Bradford City AFC (10)
?,(Tue) 9 Oct 1973 (41),Newport County AFC (10),2-0,?,Mansfield Town FC (10)
?,(Fri) 12 Oct 1973 (41),Colchester United FC (11),3-0,?,Darlington FC (11)
?,(Sat) 13 Oct 1973 (41),Stockport County FC (11),0-1,?,Swansea City AFC (11)
?,(Sat) 13 Oct 1973 (41),Rotherham United FC (11),4-0,?,Exeter City FC (11)
?,(Sat) 13 Oct 1973 (41),Workington AFC (11),1-0,?,Barnsley FC (11)
?,(Sat) 13 Oct 1973 (41),Chester FC (11),3-0,?,Doncaster Rovers FC (11)
?,(Sat) 13 Oct 1973 (41),Torquay United FC (11),2-1,?,Crewe Alexandra FC (11)
?,(Sat) 13 Oct 1973 (41),Bradford City AFC (11),1-1,?,Northampton Town FC (11)
?,(Sat) 13 Oct 1973 (41),Reading FC (11),0-0,?,Lincoln City FC (11)
?,(Sat) 13 Oct 1973 (41),Brentford FC (11),0-1,?,Peterborough United FC (11)
?,(Sat) 13 Oct 1973 (41),Gillingham FC (11),3-0,?,Bury FC (11)
?,(Sat) 13 Oct 1973 (41),Scunthorpe United FC (11),0-0,?,Newport County AFC (11)
?,(Sat) 13 Oct 1973 (41),Mansfield Town FC (11),2-0,?,Hartlepool United FC (11)
?,(Fri) 19 Oct 1973 (42),Colchester United FC (12),2-0,?,Scunthorpe United FC (12)
?,(Sat) 20 Oct 1973 (42),Chester FC (12),2-4,?,Gillingham FC (12)
?,(Sat) 20 Oct 1973 (42),Barnsley FC (12),1-1,?,Newport County AFC (12)
?,(Sat) 20 Oct 1973 (42),Peterborough United FC (12),3-0,?,Swansea City AFC (12)
?,(Sat) 20 Oct 1973 (42),Stockport County FC (12),0-1,?,Bradford City AFC (12)
?,(Sat) 20 Oct 1973 (42),Brentford FC (12),1-1,?,Rotherham United FC (12)
?,(Sat) 20 Oct 1973 (42),Reading FC (12),3-0,?,Mansfield Town FC (12)
?,(Sat) 20 Oct 1973 (42),Torquay United FC (12),3-0,?,Workington AFC (12)
?,(Sat) 20 Oct 1973 (42),Northampton Town FC (12),1-2,?,Exeter City FC (12)
?,(Sat) 20 Oct 1973 (42),Crewe Alexandra FC (12),1-0,?,Bury FC (12)
?,(Sat) 20 Oct 1973 (42),Lincoln City FC (12),2-1,?,Darlington FC (12)
?,(Sat) 20 Oct 1973 (42),Doncaster Rovers FC (12),2-2,?,Hartlepool United FC (12)
?,(Mon) 22 Oct 1973 (43),Darlington FC (13),1-0,?,Exeter City FC (13)
?,(Mon) 22 Oct 1973 (43),Mansfield Town FC (13),5-0,?,Stockport County FC (13)
?,(Mon) 22 Oct 1973 (43),Hartlepool United FC (13),1-1,?,Bury FC (13)
?,(Mon) 22 Oct 1973 (43),Peterborough United FC (13),1-0,?,Lincoln City FC (13)
?,(Tue) 23 Oct 1973 (43),Swansea City AFC (13),2-0,?,Crewe Alexandra FC (13)
?,(Tue) 23 Oct 1973 (43),Newport County AFC (13),3-1,?,Northampton Town FC (13)
?,(Tue) 23 Oct 1973 (43),Barnsley FC (13),2-0,?,Doncaster Rovers FC (13)
?,(Tue) 23 Oct 1973 (43),Scunthorpe United FC (13),1-1,?,Gillingham FC (13)
?,(Tue) 23 Oct 1973 (43),Rotherham United FC (13),2-1,?,Bradford City AFC (13)
?,(Wed) 24 Oct 1973 (43),Workington AFC (13),1-1,?,Chester FC (13)
?,(Wed) 24 Oct 1973 (43),Torquay United FC (13),3-0,?,Brentford FC (13)
?,(Wed) 24 Oct 1973 (43),Reading FC (13),1-1,?,Colchester United FC (13)
?,(Sat) 27 Oct 1973 (43),Bradford City AFC (14),1-1,?,Chester FC (14)
?,(Sat) 27 Oct 1973 (43),Hartlepool United FC (14),0-2,?,Lincoln City FC (14)
?,(Sat) 27 Oct 1973 (43),Gillingham FC (14),2-1,?,Stockport County FC (14)
?,(Sat) 27 Oct 1973 (43),Workington AFC (14),0-0,?,Reading FC (14)
?,(Sat) 27 Oct 1973 (43),Scunthorpe United FC (14),4-1,?,Brentford FC (14)
?,(Sat) 27 Oct 1973 (43),Rotherham United FC (14),0-0,?,Colchester United FC (14)
?,(Sat) 27 Oct 1973 (43),Exeter City FC (14),2-0,?,Crewe Alexandra FC (14)
?,(Sat) 27 Oct 1973 (43),Mansfield Town FC (14),2-1,?,Torquay United FC (14)
?,(Sat) 27 Oct 1973 (43),Darlington FC (14),1-0,?,Doncaster Rovers FC (14)
?,(Sat) 27 Oct 1973 (43),Bury FC (14),3-1,?,Northampton Town FC (14)
?,(Sat) 27 Oct 1973 (43),Swansea City AFC (14),2-0,?,Barnsley FC (14)
?,(Sat) 27 Oct 1973 (43),Newport County AFC (14),0-1,?,Peterborough United FC (14)
?,(Wed) 31 Oct 1973 (44),Bradford City AFC (15),0-0,?,Gillingham FC (15)
?,(Fri) 2 Nov 1973 (44),Colchester United FC (15),3-0,?,Workington AFC (15)
?,(Fri) 2 Nov 1973 (44),Stockport County FC (15),3-1,?,Scunthorpe United FC (15)
?,(Sat) 3 Nov 1973 (44),Northampton Town FC (15),1-0,?,Hartlepool United FC (15)
?,(Sat) 3 Nov 1973 (44),Lincoln City FC (15),3-0,?,Newport County AFC (15)
?,(Sat) 3 Nov 1973 (44),Brentford FC (15),4-1,?,Mansfield Town FC (15)
?,(Sat) 3 Nov 1973 (44),Crewe Alexandra FC (15),1-1,?,Darlington FC (15)
?,(Sat) 3 Nov 1973 (44),Barnsley FC (15),3-2,?,Bury FC (15)
?,(Sat) 3 Nov 1973 (44),Torquay United FC (15),1-0,?,Bradford City AFC (16)
?,(Sat) 3 Nov 1973 (44),Chester FC (15),1-0,?,Rotherham United FC (15)
?,(Sat) 3 Nov 1973 (44),Peterborough United FC (15),2-0,?,Exeter City FC (15)
?,(Sat) 3 Nov 1973 (44),Reading FC (15),0-1,?,Gillingham FC (16)
?,(Sat) 3 Nov 1973 (44),Doncaster Rovers FC (15),3-1,?,Swansea City AFC (15)
?,(Fri) 9 Nov 1973 (45),Newport County AFC (16),3-1,?,Doncaster Rovers FC (16)
?,(Sat) 10 Nov 1973 (45),Bury FC (16),0-2,?,Peterborough United FC (16)
?,(Sat) 10 Nov 1973 (45),Scunthorpe United FC (16),2-1,?,Chester FC (16)
?,(Sat) 10 Nov 1973 (45),Swansea City AFC (16),3-0,?,Lincoln City FC (16)
?,(Sat) 10 Nov 1973 (45),Exeter City FC (16),6-1,?,Barnsley FC (16)
?,(Sat) 10 Nov 1973 (45),Darlington FC (16),2-3,?,Northampton Town FC (16)
?,(Sat) 10 Nov 1973 (45),Gillingham FC (17),2-1,?,Torquay United FC (16)
?,(Sat) 10 Nov 1973 (45),Hartlepool United FC (16),1-0,?,Crewe Alexandra FC (16)
?,(Sat) 10 Nov 1973 (45),Workington AFC (16),0-2,?,Brentford FC (16)
?,(Sat) 10 Nov 1973 (45),Mansfield Town FC (16),2-2,?,Colchester United FC (16)
?,(Sat) 10 Nov 1973 (45),Bradford City AFC (17),4-3,?,Reading FC (16)
?,(Sat) 10 Nov 1973 (45),Rotherham United FC (16),1-2,?,Stockport County FC (16)
?,(Mon) 12 Nov 1973 (46),Darlington FC (17),1-1,?,Swansea City AFC (17)
?,(Mon) 12 Nov 1973 (46),Stockport County FC (17),1-1,?,Brentford FC (17)
?,(Mon) 12 Nov 1973 (46),Hartlepool United FC (17),0-1,?,Newport County AFC (17)
?,(Tue) 13 Nov 1973 (46),Bury FC (17),2-1,?,Lincoln City FC (17)
?,(Tue) 13 Nov 1973 (46),Northampton Town FC (17),2-1,?,Barnsley FC (17)
?,(Tue) 13 Nov 1973 (46),Rotherham United FC (17),1-0,?,Torquay United FC (17)
?,(Tue) 13 Nov 1973 (46),Scunthorpe United FC (17),1-0,?,Reading FC (17)
?,(Wed) 14 Nov 1973 (46),Crewe Alexandra FC (17),2-1,?,Peterborough United FC (17)
?,(Wed) 14 Nov 1973 (46),Chester FC (17),0-4,?,Colchester United FC (17)
?,(Wed) 14 Nov 1973 (46),Bradford City AFC (18),3-1,?,Mansfield Town FC (17)
?,(Wed) 14 Nov 1973 (46),Gillingham FC (18),4-0,?,Workington AFC (17)
?,(Wed) 14 Nov 1973 (46),Exeter City FC (17),1-2,?,Doncaster Rovers FC (17)
?,(Sat) 17 Nov 1973 (46),Brentford FC (18),3-0,?,Chester FC (18)
?,(Sat) 17 Nov 1973 (46),Newport County AFC (18),2-0,?,Darlington FC (18)
?,(Sat) 17 Nov 1973 (46),Colchester United FC (18),3-1,?,Stockport County FC (18)
?,(Sat) 17 Nov 1973 (46),Peterborough United FC (18),3-0,?,Northampton Town FC (18)
?,(Sat) 17 Nov 1973 (46),Torquay United FC (18),1-1,?,Scunthorpe United FC (18)
?,(Sat) 17 Nov 1973 (46),Barnsley FC (18),2-1,?,Crewe Alexandra FC (18)
?,(Sat) 17 Nov 1973 (46),Reading FC (18),1-0,?,Rotherham United FC (18)
?,(Sat) 17 Nov 1973 (46),Swansea City AFC (18),0-0,?,Hartlepool United FC (18)
?,(Sat) 17 Nov 1973 (46),Doncaster Rovers FC (18),1-1,?,Bury FC (18)
?,(Sat) 17 Nov 1973 (46),Workington AFC (18),1-0,?,Bradford City AFC (19)
?,(Sat) 17 Nov 1973 (46),Mansfield Town FC (18),2-2,?,Gillingham FC (19)
?,(Sat) 17 Nov 1973 (46),Lincoln City FC (18),2-1,?,Exeter City FC (18)
?,(Sat) 1 Dec 1973 (48),Peterborough United FC (19),2-0,?,Hartlepool United FC (19)
?,(Sat) 1 Dec 1973 (48),Torquay United FC (19),2-2,?,Stockport County FC (19)
?,(Sat) 1 Dec 1973 (48),Brentford FC (19),0-3,?,Gillingham FC (20)
?,(Sat) 1 Dec 1973 (48),Colchester United FC (19),4-0,?,Bradford City AFC (20)
?,(Sat) 1 Dec 1973 (48),Newport County AFC (19),1-0,?,Bury FC (19)
?,(Sat) 1 Dec 1973 (48),Mansfield Town FC (19),3-0,?,Rotherham United FC (19)
?,(Sat) 1 Dec 1973 (48),Swansea City AFC (19),2-0,?,Exeter City FC (19)
?,(Sat) 1 Dec 1973 (48),Lincoln City FC (19),4-2,?,Crewe Alexandra FC (19)
?,(Sat) 8 Dec 1973 (49),Crewe Alexandra FC (20),4-0,?,Doncaster Rovers FC (19)
?,(Sat) 8 Dec 1973 (49),Stockport County FC (20),0-0,?,Reading FC (19)
?,(Sat) 8 Dec 1973 (49),Chester FC (19),1-1,?,Torquay United FC (20)
?,(Sat) 8 Dec 1973 (49),Darlington FC (19),2-2,?,Peterborough United FC (20)
?,(Sat) 8 Dec 1973 (49),Scunthorpe United FC (19),5-3,?,Mansfield Town FC (20)
?,(Sat) 8 Dec 1973 (49),Exeter City FC (20),0-1,?,Newport County AFC (20)
?,(Sat) 8 Dec 1973 (49),Northampton Town FC (19),1-0,?,Lincoln City FC (20)
?,(Sat) 8 Dec 1973 (49),Bradford City AFC (21),1-1,?,Brentford FC (20)
?,(Sat) 8 Dec 1973 (49),Rotherham United FC (20),1-1,?,Workington AFC (19)
?,(Sat) 8 Dec 1973 (49),Hartlepool United FC (20),1-2,?,Barnsley FC (19)
?,(Sat) 8 Dec 1973 (49),Gillingham FC (21),4-1,?,Colchester United FC (20)
?,(Sat) 8 Dec 1973 (49),Bury FC (20),0-2,?,Swansea City AFC (20)
?,(Sat) 15 Dec 1973 (50),Brentford FC (21),0-0,?,Darlington FC (20)
?,(Sat) 15 Dec 1973 (50),Torquay United FC (21),3-2,?,Newport County AFC (21)
?,(Sat) 15 Dec 1973 (50),Workington AFC (20),3-1,?,Exeter City FC (21)
?,(Sat) 15 Dec 1973 (50),Stockport County FC (21),0-3,?,Colchester United FC (21)
?,(Sat) 22 Dec 1973 (51),Lincoln City FC (21),2-2,?,Chester FC (20)
?,(Sat) 22 Dec 1973 (51),Doncaster Rovers FC (20),1-2,?,Gillingham FC (22)
?,(Sat) 22 Dec 1973 (51),Peterborough United FC (21),2-0,?,Reading FC (20)
?,(Sat) 22 Dec 1973 (51),Barnsley FC (20),2-1,?,Brentford FC (22)
?,(Sat) 22 Dec 1973 (51),Newport County AFC (22),3-1,?,Stockport County FC (22)
?,(Sat) 22 Dec 1973 (51),Crewe Alexandra FC (21),1-0,?,Bradford City AFC (22)
?,(Sat) 22 Dec 1973 (51),Swansea City AFC (21),0-1,?,Torquay United FC (22)
?,(Sat) 22 Dec 1973 (51),Darlington FC (21),1-0,?,Mansfield Town FC (21)
?,(Sat) 22 Dec 1973 (51),Bury FC (21),3-1,?,Rotherham United FC (21)
?,(Sat) 22 Dec 1973 (51),Hartlepool United FC (21),3-0,?,Scunthorpe United FC (20)
?,(Sat) 22 Dec 1973 (51),Exeter City FC (22),1-0,?,Colchester United FC (22)
?,(Sat) 22 Dec 1973 (51),Northampton Town FC (20),1-0,?,Workington AFC (21)
?,(Wed) 26 Dec 1973 (52),Stockport County FC (23),3-2,?,Bury FC (22)
?,(Wed) 26 Dec 1973 (52),Torquay United FC (23),0-0,?,Exeter City FC (23)
?,(Wed) 26 Dec 1973 (52),Rotherham United FC (22),2-1,?,Barnsley FC (21)
?,(Wed) 26 Dec 1973 (52),Colchester United FC (23),1-1,?,Peterborough United FC (22)
?,(Wed) 26 Dec 1973 (52),Workington AFC (22),0-2,?,Hartlepool United FC (22)
?,(Wed) 26 Dec 1973 (52),Bradford City AFC (23),3-0,?,Darlington FC (22)
?,(Wed) 26 Dec 1973 (52),Mansfield Town FC (22),4-3,?,Lincoln City FC (22)
?,(Wed) 26 Dec 1973 (52),Brentford FC (23),1-1,?,Newport County AFC (23)
?,(Wed) 26 Dec 1973 (52),Scunthorpe United FC (21),2-1,?,Doncaster Rovers FC (21)
?,(Wed) 26 Dec 1973 (52),Gillingham FC (23),3-1,?,Northampton Town FC (21)
?,(Wed) 26 Dec 1973 (52),Chester FC (21),1-0,?,Crewe Alexandra FC (22)
?,(Wed) 26 Dec 1973 (52),Reading FC (21),1-2,?,Swansea City AFC (22)
?,(Sat) 29 Dec 1973 (52),Bradford City AFC (24),4-2,?,Bury FC (23)
?,(Sat) 29 Dec 1973 (52),Rotherham United FC (23),1-1,?,Crewe Alexandra FC (23)
?,(Sat) 29 Dec 1973 (52),Stockport County FC (24),2-2,?,Lincoln City FC (23)
?,(Sat) 29 Dec 1973 (52),Chester FC (22),3-0,?,Newport County AFC (24)
?,(Sat) 29 Dec 1973 (52),Reading FC (22),1-1,?,Hartlepool United FC (23)
?,(Sat) 29 Dec 1973 (52),Mansfield Town FC (23),2-2,?,Barnsley FC (22)
?,(Sat) 29 Dec 1973 (52),Scunthorpe United FC (22),2-1,?,Peterborough United FC (23)
?,(Sat) 29 Dec 1973 (52),Gillingham FC (24),1-1,?,Swansea City AFC (23)
?,(Sat) 29 Dec 1973 (52),Torquay United FC (24),3-0,?,Doncaster Rovers FC (22)
?,(Sat) 29 Dec 1973 (52),Colchester United FC (24),1-0,?,Northampton Town FC (22)
?,(Tue) 1 Jan 1974 (0),Newport County AFC (25),3-3,?,Gillingham FC (25)
?,(Tue) 1 Jan 1974 (0),Exeter City FC (24),2-1,?,Brentford FC (24)
?,(Tue) 1 Jan 1974 (0),Lincoln City FC (24),3-0,?,Torquay United FC (25)
?,(Tue) 1 Jan 1974 (0),Bury FC (24),3-1,?,Workington AFC (23)
?,(Tue) 1 Jan 1974 (0),Darlington FC (23),2-1,?,Reading FC (23)
?,(Tue) 1 Jan 1974 (0),Hartlepool United FC (24),0-0,?,Chester FC (23)
?,(Tue) 1 Jan 1974 (0),Barnsley FC (23),5-0,?,Scunthorpe United FC (23)
?,(Tue) 1 Jan 1974 (0),Crewe Alexandra FC (24),1-2,?,Colchester United FC (25)
?,(Tue) 1 Jan 1974 (0),Peterborough United FC (24),3-2,?,Stockport County FC (25)
?,(Tue) 1 Jan 1974 (0),Swansea City AFC (24),4-2,?,Rotherham United FC (24)
?,(Tue) 1 Jan 1974 (0),Northampton Town FC (23),2-0,?,Mansfield Town FC (24)
?,(Tue) 1 Jan 1974 (0),Doncaster Rovers FC (23),2-2,?,Bradford City AFC (25)
?,(Sat) 5 Jan 1974 (0),Workington AFC (24),3-2,?,Newport County AFC (26)
?,(Sat) 5 Jan 1974 (0),Gillingham FC (26),1-1,?,Barnsley FC (24)
?,(Sat) 5 Jan 1974 (0),Brentford FC (25),0-2,?,Swansea City AFC (25)
?,(Sat) 5 Jan 1974 (0),Colchester United FC (26),4-1,?,Lincoln City FC (25)
?,(Sat) 5 Jan 1974 (0),Hartlepool United FC (25),1-0,?,Northampton Town FC (24)
?,(Sat) 5 Jan 1974 (0),Stockport County FC (26),0-1,?,Exeter City FC (25)
?,(Sat) 5 Jan 1974 (0),Reading FC (24),2-0,?,Crewe Alexandra FC (25)
?,(Sat) 5 Jan 1974 (0),Torquay United FC (26),0-0,?,Darlington FC (24)
?,(Sat) 12 Jan 1974 (1),Doncaster Rovers FC (24),1-2,?,Brentford FC (26)
?,(Sat) 12 Jan 1974 (1),Exeter City FC (26),2-1,?,Chester FC (24)
?,(Sat) 12 Jan 1974 (1),Darlington FC (25),1-3,?,Gillingham FC (27)
?,(Sat) 12 Jan 1974 (1),Lincoln City FC (26),2-0,?,Workington AFC (25)
?,(Sat) 12 Jan 1974 (1),Hartlepool United FC (26),2-0,?,Rotherham United FC (25)
?,(Sat) 12 Jan 1974 (1),Newport County AFC (27),1-3,?,Colchester United FC (27)
?,(Sat) 12 Jan 1974 (1),Peterborough United FC (25),1-1,?,Bradford City AFC (26)
?,(Sat) 12 Jan 1974 (1),Bury FC (25),1-0,?,Reading FC (25)
?,(Sat) 12 Jan 1974 (1),Northampton Town FC (25),2-0,?,Stockport County FC (27)
?,(Sat) 12 Jan 1974 (1),Barnsley FC (25),1-0,?,Torquay United FC (27)
?,(Sat) 12 Jan 1974 (1),Swansea City AFC (26),2-0,?,Mansfield Town FC (25)
?,(Sat) 12 Jan 1974 (1),Crewe Alexandra FC (26),1-0,?,Scunthorpe United FC (24)
?,(Sat) 19 Jan 1974 (2),Scunthorpe United FC (25),1-1,?,Lincoln City FC (27)
?,(Sat) 19 Jan 1974 (2),Reading FC (26),1-1,?,Newport County AFC (28)
?,(Sat) 19 Jan 1974 (2),Torquay United FC (28),1-2,?,Bury FC (26)
?,(Sat) 19 Jan 1974 (2),Brentford FC (27),1-2,?,Hartlepool United FC (27)
?,(Sat) 19 Jan 1974 (2),Colchester United FC (28),2-0,?,Barnsley FC (26)
?,(Sat) 19 Jan 1974 (2),Chester FC (25),1-0,?,Swansea City AFC (27)
?,(Sun) 20 Jan 1974 (2),Bradford City AFC (27),1-0,?,Exeter City FC (27)
?,(Sun) 20 Jan 1974 (2),Mansfield Town FC (26),2-1,?,Peterborough United FC (26)
?,(Sun) 20 Jan 1974 (2),Gillingham FC (28),3-0,?,Crewe Alexandra FC (27)
?,(Sun) 20 Jan 1974 (2),Workington AFC (26),5-2,?,Darlington FC (26)
?,(Sun) 20 Jan 1974 (2),Rotherham United FC (26),1-2,?,Northampton Town FC (26)
?,(Sun) 20 Jan 1974 (2),Stockport County FC (28),0-0,?,Doncaster Rovers FC (25)
?,(Sat) 26 Jan 1974 (3),Darlington FC (27),1-1,?,Stockport County FC (29)
?,(Sat) 26 Jan 1974 (3),Hartlepool United FC (28),0-0,?,Torquay United FC (29)
?,(Sat) 26 Jan 1974 (3),Crewe Alexandra FC (28),0-0,?,Brentford FC (28)
?,(Sun) 27 Jan 1974 (3),Barnsley FC (27),1-1,?,Chester FC (26)
?,(Sun) 27 Jan 1974 (3),Swansea City AFC (28),1-0,?,Workington AFC (27)
?,(Sun) 27 Jan 1974 (3),Northampton Town FC (27),3-3,?,Reading FC (27)
?,(Sun) 27 Jan 1974 (3),Doncaster Rovers FC (26),2-0,?,Colchester United FC (29)
?,(Sun) 27 Jan 1974 (3),Darlington FC (28),0-0,?,Torquay United FC (30)
?,(Sun) 27 Jan 1974 (3),Bury FC (27),2-0,?,Mansfield Town FC (27)
?,(Sun) 27 Jan 1974 (3),Lincoln City FC (28),2-1,?,Rotherham United FC (27)
?,(Sun) 27 Jan 1974 (3),Newport County AFC (29),2-1,?,Exeter City FC (28)
?,(Sat) 2 Feb 1974 (4),Northampton Town FC (28),0-0,?,Brentford FC (29)
?,(Sat) 2 Feb 1974 (4),Peterborough United FC (27),0-0,?,Chester FC (27)
?,(Sun) 3 Feb 1974 (4),Doncaster Rovers FC (27),1-2,?,Rotherham United FC (28)
?,(Sun) 3 Feb 1974 (4),Lincoln City FC (29),2-3,?,Gillingham FC (29)
?,(Sun) 3 Feb 1974 (4),Crewe Alexandra FC (29),1-0,?,Workington AFC (28)
?,(Sun) 3 Feb 1974 (4),Swansea City AFC (29),0-1,?,Bradford City AFC (28)
?,(Sun) 3 Feb 1974 (4),Hartlepool United FC (29),3-0,?,Stockport County FC (30)
?,(Sun) 3 Feb 1974 (4),Barnsley FC (28),3-2,?,Reading FC (28)
?,(Sun) 3 Feb 1974 (4),Darlington FC (29),3-0,?,Scunthorpe United FC (26)
?,(Sun) 3 Feb 1974 (4),Bury FC (28),2-0,?,Colchester United FC (30)
?,(Sun) 3 Feb 1974 (4),Newport County AFC (30),2-2,?,Torquay United FC (31)
?,(Fri) 8 Feb 1974 (5),Colchester United FC (31),2-0,?,Swansea City AFC (30)
?,(Sat) 9 Feb 1974 (5),Brentford FC (30),1-2,?,Bury FC (29)
?,(Sun) 10 Feb 1974 (5),Gillingham FC (30),3-0,?,Hartlepool United FC (30)
?,(Sun) 10 Feb 1974 (5),Chester FC (28),1-0,?,Darlington FC (30)
?,(Sun) 10 Feb 1974 (5),Stockport County FC (31),1-1,?,Barnsley FC (29)
?,(Sun) 10 Feb 1974 (5),Bradford City AFC (29),4-0,?,Lincoln City FC (30)
?,(Sun) 10 Feb 1974 (5),Rotherham United FC (29),1-1,?,Newport County AFC (31)
?,(Sun) 10 Feb 1974 (5),Reading FC (29),4-1,?,Exeter City FC (29)
?,(Sun) 10 Feb 1974 (5),Mansfield Town FC (28),1-2,?,Crewe Alexandra FC (30)
?,(Sun) 10 Feb 1974 (5),Scunthorpe United FC (27),1-2,?,Northampton Town FC (29)
?,(Sun) 10 Feb 1974 (5),Workington AFC (29),3-1,?,Doncaster Rovers FC (28)
?,(Sat) 16 Feb 1974 (6),Darlington FC (31),1-0,?,Colchester United FC (32)
?,(Sat) 16 Feb 1974 (6),Peterborough United FC (28),1-0,?,Brentford FC (31)
?,(Sun) 17 Feb 1974 (6),Swansea City AFC (31),3-0,?,Stockport County FC (32)
?,(Sun) 17 Feb 1974 (6),Hartlepool United FC (31),4-0,?,Mansfield Town FC (29)
?,(Sun) 17 Feb 1974 (6),Crewe Alexandra FC (31),0-0,?,Torquay United FC (32)
?,(Sun) 17 Feb 1974 (6),Northampton Town FC (30),3-0,?,Bradford City AFC (30)
?,(Sun) 17 Feb 1974 (6),Bury FC (30),3-2,?,Gillingham FC (31)
?,(Sun) 17 Feb 1974 (6),Newport County AFC (32),2-1,?,Scunthorpe United FC (28)
?,(Sun) 17 Feb 1974 (6),Barnsley FC (30),4-0,?,Workington AFC (30)
?,(Sun) 17 Feb 1974 (6),Lincoln City FC (31),0-2,?,Reading FC (30)
?,(Sun) 17 Feb 1974 (6),Doncaster Rovers FC (29),1-2,?,Chester FC (29)
?,(Fri) 22 Feb 1974 (7),Colchester United FC (33),3-0,?,Hartlepool United FC (32)
?,(Sat) 23 Feb 1974 (7),Gillingham FC (32),2-1,?,Exeter City FC (30)
?,(Sat) 23 Feb 1974 (7),Brentford FC (32),2-1,?,Lincoln City FC (32)
?,(Sat) 23 Feb 1974 (7),Bradford City AFC (31),3-0,?,Barnsley FC (31)
?,(Sat) 23 Feb 1974 (7),Scunthorpe United FC (29),0-0,?,Swansea City AFC (32)
?,(Sat) 23 Feb 1974 (7),Rotherham United FC (30),0-1,?,Darlington FC (32)
?,(Sun) 24 Feb 1974 (7),Barnsley FC (32),1-0,?,Darlington FC (33)
?,(Sun) 24 Feb 1974 (7),Chester FC (30),1-1,?,Bury FC (31)
?,(Sun) 24 Feb 1974 (7),Mansfield Town FC (30),2-1,?,Newport County AFC (33)
?,(Sun) 24 Feb 1974 (7),Reading FC (31),5-0,?,Doncaster Rovers FC (30)
?,(Sun) 24 Feb 1974 (7),Torquay United FC (33),1-0,?,Northampton Town FC (31)
?,(Sun) 24 Feb 1974 (7),Stockport County FC (33),0-0,?,Crewe Alexandra FC (32)
?,(Sun) 24 Feb 1974 (7),Workington AFC (31),4-1,?,Peterborough United FC (29)
?,(Sat) 2 Mar 1974 (8),Peterborough United FC (30),2-0,?,Colchester United FC (34)
?,(Sat) 2 Mar 1974 (8),Exeter City FC (31),4-2,?,Torquay United FC (34)
?,(Sat) 2 Mar 1974 (8),Doncaster Rovers FC (31),1-0,?,Scunthorpe United FC (30)
?,(Sat) 2 Mar 1974 (8),Newport County AFC (34),1-1,?,Brentford FC (33)
?,(Sun) 3 Mar 1974 (8),Crewe Alexandra FC (33),1-0,?,Chester FC (31)
?,(Sun) 3 Mar 1974 (8),Darlington FC (34),2-1,?,Bradford City AFC (32)
?,(Sun) 3 Mar 1974 (8),Northampton Town FC (32),0-0,?,Gillingham FC (33)
?,(Sun) 3 Mar 1974 (8),Lincoln City FC (33),1-1,?,Mansfield Town FC (31)
?,(Sun) 3 Mar 1974 (8),Barnsley FC (33),1-0,?,Rotherham United FC (31)
?,(Sun) 3 Mar 1974 (8),Hartlepool United FC (33),3-0,?,Workington AFC (32)
?,(Sun) 3 Mar 1974 (8),Bury FC (32),1-1,?,Stockport County FC (34)
?,(Sun) 3 Mar 1974 (8),Swansea City AFC (33),2-1,?,Reading FC (32)
?,(Wed) 6 Mar 1974 (9),Bradford City AFC (33),2-0,?,Hartlepool United FC (34)
?,(Fri) 8 Mar 1974 (9),Colchester United FC (35),0-1,?,Rotherham United FC (32)
?,(Sat) 9 Mar 1974 (9),Brentford FC (34),2-1,?,Scunthorpe United FC (31)
?,(Sat) 9 Mar 1974 (9),Exeter City FC (32),1-1,?,Mansfield Town FC (32)
?,(Sat) 9 Mar 1974 (9),Northampton Town FC (33),3-1,?,Bury FC (33)
?,(Sat) 9 Mar 1974 (9),Peterborough United FC (31),2-0,?,Newport County AFC (35)
?,(Sat) 9 Mar 1974 (9),Lincoln City FC (34),0-1,?,Hartlepool United FC (35)
?,(Sun) 10 Mar 1974 (9),Reading FC (33),2-0,?,Workington AFC (33)
?,(Sun) 10 Mar 1974 (9),Crewe Alexandra FC (34),2-5,?,Exeter City FC (33)
?,(Sun) 10 Mar 1974 (9),Chester FC (32),1-0,?,Bradford City AFC (34)
?,(Sun) 10 Mar 1974 (9),Doncaster Rovers FC (32),0-0,?,Darlington FC (35)
?,(Sun) 10 Mar 1974 (9),Torquay United FC (35),4-0,?,Mansfield Town FC (33)
?,(Sun) 10 Mar 1974 (9),Barnsley FC (34),1-0,?,Swansea City AFC (34)
?,(Sun) 10 Mar 1974 (9),Stockport County FC (35),2-0,?,Gillingham FC (34)
?,(Sat) 16 Mar 1974 (10),Rotherham United FC (33),1-1,?,Brentford FC (35)
?,(Sat) 16 Mar 1974 (10),Mansfield Town FC (34),1-1,?,Reading FC (34)
?,(Sat) 16 Mar 1974 (10),Swansea City AFC (35),0-2,?,Peterborough United FC (32)
?,(Sat) 16 Mar 1974 (10),Exeter City FC (34),1-1,?,Northampton Town FC (34)
?,(Sat) 16 Mar 1974 (10),Scunthorpe United FC (32),1-0,?,Colchester United FC (36)
?,(Sun) 17 Mar 1974 (10),Bury FC (34),2-0,?,Crewe Alexandra FC (35)
?,(Sun) 17 Mar 1974 (10),Workington AFC (34),3-1,?,Torquay United FC (36)
?,(Sun) 17 Mar 1974 (10),Gillingham FC (35),1-0,?,Chester FC (33)
?,(Sun) 17 Mar 1974 (10),Darlington FC (36),0-3,?,Lincoln City FC (35)
?,(Sun) 17 Mar 1974 (10),Bradford City AFC (35),0-1,?,Stockport County FC (36)
?,(Sun) 17 Mar 1974 (10),Newport County AFC (36),1-0,?,Barnsley FC (35)
?,(Sun) 17 Mar 1974 (10),Hartlepool United FC (36),3-0,?,Doncaster Rovers FC (33)
?,(Mon) 18 Mar 1974 (11),Brentford FC (36),3-1,?,Northampton Town FC (35)
?,(Mon) 18 Mar 1974 (11),Mansfield Town FC (35),3-3,?,Exeter City FC (35)
?,(Tue) 19 Mar 1974 (11),Colchester United FC (37),1-1,?,Bury FC (35)
?,(Tue) 19 Mar 1974 (11),Scunthorpe United FC (33),1-0,?,Darlington FC (37)
?,(Tue) 19 Mar 1974 (11),Rotherham United FC (34),1-2,?,Doncaster Rovers FC (34)
?,(Wed) 20 Mar 1974 (11),Chester FC (34),2-1,?,Peterborough United FC (33)
?,(Wed) 20 Mar 1974 (11),Reading FC (35),1-0,?,Barnsley FC (36)
?,(Wed) 20 Mar 1974 (11),Bradford City AFC (36),3-1,?,Swansea City AFC (36)
?,(Fri) 22 Mar 1974 (11),Colchester United FC (38),1-0,?,Mansfield Town FC (36)
?,(Fri) 22 Mar 1974 (11),Doncaster Rovers FC (35),2-0,?,Newport County AFC (37)
?,(Sat) 23 Mar 1974 (11),Stockport County FC (37),0-1,?,Rotherham United FC (35)
?,(Sat) 23 Mar 1974 (11),Crewe Alexandra FC (36),1-3,?,Hartlepool United FC (37)
?,(Sat) 23 Mar 1974 (11),Peterborough United FC (34),2-2,?,Bury FC (36)
?,(Sat) 23 Mar 1974 (11),Brentford FC (37),1-1,?,Workington AFC (35)
?,(Sat) 23 Mar 1974 (11),Lincoln City FC (36),2-2,?,Swansea City AFC (37)
?,(Sat) 23 Mar 1974 (11),Torquay United FC (37),0-1,?,Gillingham FC (36)
?,(Sat) 23 Mar 1974 (11),Barnsley FC (37),3-0,?,Exeter City FC (36)
?,(Sat) 23 Mar 1974 (11),Chester FC (35),2-0,?,Scunthorpe United FC (34)
?,(Sun) 24 Mar 1974 (11),Northampton Town FC (36),5-0,?,Darlington FC (38)
?,(Sun) 24 Mar 1974 (11),Reading FC (36),0-0,?,Bradford City AFC (37)
?,(Mon) 25 Mar 1974 (12),Peterborough United FC (35),2-0,?,Rotherham United FC (36)
?,(Mon) 25 Mar 1974 (12),Newport County AFC (38),4-0,?,Workington AFC (36)
?,(Tue) 26 Mar 1974 (12),Bury FC (37),0-0,?,Scunthorpe United FC (35)
?,(Tue) 26 Mar 1974 (12),Swansea City AFC (38),0-0,?,Brentford FC (38)
?,(Tue) 26 Mar 1974 (12),Northampton Town FC (37),3-3,?,Chester FC (36)
?,(Tue) 26 Mar 1974 (12),Doncaster Rovers FC (36),0-0,?,Mansfield Town FC (37)
?,(Tue) 26 Mar 1974 (12),Barnsley FC (38),3-1,?,Gillingham FC (37)
?,(Wed) 27 Mar 1974 (12),Hartlepool United FC (38),1-0,?,Bradford City AFC (38)
?,(Wed) 27 Mar 1974 (12),Lincoln City FC (37),0-1,?,Colchester United FC (39)
?,(Wed) 27 Mar 1974 (12),Exeter City FC (37),2-1,?,Stockport County FC (38)
?,(Wed) 27 Mar 1974 (12),Crewe Alexandra FC (37),2-1,?,Reading FC (37)
?,(Sat) 30 Mar 1974 (12),Bury FC (38),2-0,?,Barnsley FC (39)
?,(Sat) 30 Mar 1974 (12),Workington AFC (37),1-4,?,Colchester United FC (40)
?,(Sat) 30 Mar 1974 (12),Gillingham FC (38),0-1,?,Reading FC (38)
?,(Sat) 30 Mar 1974 (12),Exeter City FC (38),1-2,?,Peterborough United FC (36)
?,(Sat) 30 Mar 1974 (12),Swansea City AFC (39),0-0,?,Doncaster Rovers FC (37)
?,(Sat) 30 Mar 1974 (12),Darlington FC (39),3-0,?,Crewe Alexandra FC (38)
?,(Sat) 30 Mar 1974 (12),Scunthorpe United FC (36),2-1,?,Stockport County FC (39)
?,(Sat) 30 Mar 1974 (12),Newport County AFC (39),0-1,?,Lincoln City FC (38)
?,(Sat) 30 Mar 1974 (12),Bradford City AFC (39),2-1,?,Torquay United FC (38)
?,(Sat) 30 Mar 1974 (12),Rotherham United FC (37),3-2,?,Chester FC (37)
?,(Sat) 30 Mar 1974 (12),Mansfield Town FC (38),1-1,?,Brentford FC (39)
?,(Mon) 1 Apr 1974 (13),Brentford FC (40),3-0,?,Crewe Alexandra FC (39)
?,(Mon) 1 Apr 1974 (13),Stockport County FC (40),1-2,?,Darlington FC (40)
?,(Mon) 1 Apr 1974 (13),Mansfield Town FC (39),1-2,?,Bury FC (39)
?,(Tue) 2 Apr 1974 (13),Rotherham United FC (38),2-0,?,Lincoln City FC (39)
?,(Tue) 2 Apr 1974 (13),Colchester United FC (41),3-0,?,Doncaster Rovers FC (38)
?,(Wed) 3 Apr 1974 (13),Chester FC (38),3-1,?,Barnsley FC (40)
?,(Wed) 3 Apr 1974 (13),Workington AFC (38),1-0,?,Swansea City AFC (40)
?,(Wed) 3 Apr 1974 (13),Gillingham FC (39),1-0,?,Peterborough United FC (37)
?,(Wed) 3 Apr 1974 (13),Bradford City AFC (40),3-0,?,Newport County AFC (40)
?,(Wed) 3 Apr 1974 (13),Reading FC (39),1-2,?,Northampton Town FC (38)
?,(Wed) 3 Apr 1974 (13),Torquay United FC (39),0-2,?,Hartlepool United FC (39)
?,(Fri) 5 Apr 1974 (13),Colchester United FC (42),1-1,?,Chester FC (39)
?,(Sat) 6 Apr 1974 (13),Peterborough United FC (38),4-0,?,Crewe Alexandra FC (40)
?,(Sat) 6 Apr 1974 (13),Reading FC (40),0-0,?,Scunthorpe United FC (37)
?,(Sat) 6 Apr 1974 (13),Mansfield Town FC (40),0-0,?,Bradford City AFC (41)
?,(Sat) 6 Apr 1974 (13),Swansea City AFC (41),0-0,?,Darlington FC (41)
?,(Sat) 6 Apr 1974 (13),Brentford FC (41),0-0,?,Stockport County FC (41)
?,(Sat) 6 Apr 1974 (13),Torquay United FC (40),3-0,?,Rotherham United FC (39)
?,(Sat) 6 Apr 1974 (13),Barnsley FC (41),0-2,?,Northampton Town FC (39)
?,(Sat) 6 Apr 1974 (13),Newport County AFC (41),0-0,?,Hartlepool United FC (40)
?,(Sat) 6 Apr 1974 (13),Lincoln City FC (40),4-3,?,Bury FC (40)
?,(Sat) 6 Apr 1974 (13),Workington AFC (39),3-3,?,Gillingham FC (40)
?,(Sat) 6 Apr 1974 (13),Doncaster Rovers FC (39),1-0,?,Exeter City FC (39)
?,(Wed) 10 Apr 1974 (14),Workington AFC (40),1-2,?,Scunthorpe United FC (38)
?,(Fri) 12 Apr 1974 (14),Hartlepool United FC (41),1-2,?,Darlington FC (42)
?,(Fri) 12 Apr 1974 (14),Reading FC (41),4-0,?,Torquay United FC (41)
?,(Fri) 12 Apr 1974 (14),Colchester United FC (43),2-1,?,Brentford FC (42)
?,(Fri) 12 Apr 1974 (14),Bury FC (41),0-0,?,Exeter City FC (40)
?,(Sat) 13 Apr 1974 (14),Exeter City FC (41),0-1,?,Lincoln City FC (41)
?,(Sat) 13 Apr 1974 (14),Chester FC (40),0-0,?,Brentford FC (43)
?,(Sat) 13 Apr 1974 (14),Bury FC (42),3-1,?,Doncaster Rovers FC (40)
?,(Sat) 13 Apr 1974 (14),Northampton Town FC (40),0-1,?,Peterborough United FC (39)
?,(Sat) 13 Apr 1974 (14),Rotherham United FC (40),1-1,?,Reading FC (42)
?,(Sat) 13 Apr 1974 (14),Gillingham FC (41),2-2,?,Mansfield Town FC (41)
?,(Sat) 13 Apr 1974 (14),Darlington FC (43),0-1,?,Newport County AFC (42)
?,(Sat) 13 Apr 1974 (14),Hartlepool United FC (42),0-1,?,Swansea City AFC (42)
?,(Sat) 13 Apr 1974 (14),Crewe Alexandra FC (41),0-1,?,Barnsley FC (42)
?,(Sat) 13 Apr 1974 (14),Scunthorpe United FC (39),0-0,?,Torquay United FC (42)
?,(Sat) 13 Apr 1974 (14),Bradford City AFC (42),3-2,?,Workington AFC (41)
?,(Mon) 15 Apr 1974 (15),Gillingham FC (42),2-0,?,Bradford City AFC (43)
?,(Mon) 15 Apr 1974 (15),Swansea City AFC (43),1-1,?,Newport County AFC (43)
?,(Mon) 15 Apr 1974 (15),Stockport County FC (42),0-1,?,Chester FC (41)
?,(Mon) 15 Apr 1974 (15),Torquay United FC (43),1-1,?,Reading FC (43)
?,(Mon) 15 Apr 1974 (15),Workington AFC (42),0-0,?,Mansfield Town FC (42)
?,(Mon) 15 Apr 1974 (15),Exeter City FC (42),0-3,?,Bury FC (43)
?,(Mon) 15 Apr 1974 (15),Rotherham United FC (41),1-1,?,Scunthorpe United FC (40)
?,(Mon) 15 Apr 1974 (15),Lincoln City FC (42),3-3,?,Doncaster Rovers FC (41)
?,(Mon) 15 Apr 1974 (15),Northampton Town FC (41),1-1,?,Crewe Alexandra FC (42)
?,(Mon) 15 Apr 1974 (15),Peterborough United FC (40),3-0,?,Barnsley FC (43)
?,(Tue) 16 Apr 1974 (15),Darlington FC (44),1-1,?,Hartlepool United FC (43)
?,(Tue) 16 Apr 1974 (15),Newport County AFC (44),2-1,?,Swansea City AFC (44)
?,(Tue) 16 Apr 1974 (15),Barnsley FC (44),0-0,?,Peterborough United FC (41)
?,(Tue) 16 Apr 1974 (15),Brentford FC (44),0-0,?,Colchester United FC (44)
?,(Tue) 16 Apr 1974 (15),Doncaster Rovers FC (42),2-0,?,Lincoln City FC (43)
?,(Tue) 16 Apr 1974 (15),Chester FC (42),2-1,?,Stockport County FC (43)
?,(Tue) 16 Apr 1974 (15),Scunthorpe United FC (41),3-0,?,Rotherham United FC (42)
?,(Tue) 16 Apr 1974 (15),Crewe Alexandra FC (43),0-2,?,Northampton Town FC (42)
?,(Wed) 17 Apr 1974 (15),Mansfield Town FC (43),2-0,?,Workington AFC (43)
?,(Sat) 20 Apr 1974 (15),Colchester United FC (45),0-2,?,Gillingham FC (43)
?,(Sat) 20 Apr 1974 (15),Peterborough United FC (42),1-0,?,Darlington FC (45)
?,(Sat) 20 Apr 1974 (15),Brentford FC (45),2-0,?,Bradford City AFC (44)
?,(Sat) 20 Apr 1974 (15),Reading FC (44),1-1,?,Stockport County FC (44)
?,(Sat) 20 Apr 1974 (15),Workington AFC (44),0-2,?,Rotherham United FC (43)
?,(Sat) 20 Apr 1974 (15),Barnsley FC (45),2-0,?,Hartlepool United FC (44)
?,(Sat) 20 Apr 1974 (15),Lincoln City FC (44),1-1,?,Northampton Town FC (43)
?,(Sat) 20 Apr 1974 (15),Mansfield Town FC (44),2-2,?,Scunthorpe United FC (42)
?,(Sat) 20 Apr 1974 (15),Torquay United FC (44),2-2,?,Chester FC (43)
?,(Sat) 20 Apr 1974 (15),Swansea City AFC (45),0-1,?,Bury FC (44)
?,(Sat) 20 Apr 1974 (15),Doncaster Rovers FC (43),0-2,?,Crewe Alexandra FC (44)
?,(Mon) 22 Apr 1974 (16),Stockport County FC (45),1-1,?,Hartlepool United FC (45)
?,(Mon) 22 Apr 1974 (16),Exeter City FC (43),4-0,?,Scunthorpe United FC (43)
?,(Mon) 22 Apr 1974 (16),Reading FC (45),3-0,?,Chester FC (44)
?,(Mon) 22 Apr 1974 (16),Newport County AFC (45),2-2,?,Bradford City AFC (45)
?,(Tue) 23 Apr 1974 (16),Doncaster Rovers FC (44),2-1,?,Northampton Town FC (44)
?,(Wed) 24 Apr 1974 (16),Gillingham FC (44),2-0,?,Lincoln City FC (45)
?,(Wed) 24 Apr 1974 (16),Workington AFC (45),0-0,?,Crewe Alexandra FC (45)
?,(Fri) 26 Apr 1974 (16),Stockport County FC (46),2-1,?,Torquay United FC (45)
?,(Sat) 27 Apr 1974 (16),Rotherham United FC (44),2-1,?,Mansfield Town FC (45)
?,(Sat) 27 Apr 1974 (16),Crewe Alexandra FC (46),2-1,?,Lincoln City FC (46)
?,(Sat) 27 Apr 1974 (16),Darlington FC (46),4-2,?,Barnsley FC (46)
?,(Sat) 27 Apr 1974 (16),Chester FC (45),0-0,?,Reading FC (46)
?,(Sat) 27 Apr 1974 (16),Gillingham FC (45),1-0,?,Brentford FC (46)
?,(Sat) 27 Apr 1974 (16),Scunthorpe United FC (44),0-1,?,Workington AFC (46)
?,(Sat) 27 Apr 1974 (16),Bradford City AFC (46),1-1,?,Colchester United FC (46)
?,(Sat) 27 Apr 1974 (16),Northampton Town FC (45),3-1,?,Doncaster Rovers FC (45)
?,(Sat) 27 Apr 1974 (16),Bury FC (45),5-0,?,Newport County AFC (46)
?,(Sat) 27 Apr 1974 (16),Hartlepool United FC (46),0-1,?,Peterborough United FC (43)
?,(Sat) 27 Apr 1974 (16),Exeter City FC (44),2-0,?,Swansea City AFC (46)
?,(Mon) 29 Apr 1974 (17),Mansfield Town FC (46),2-0,?,Doncaster Rovers FC (46)
?,(Tue) 30 Apr 1974 (17),Scunthorpe United FC (45),1-2,?,Bury FC (46)
?,(Tue) 30 Apr 1974 (17),Exeter City FC (45),0-0,?,Rotherham United FC (45)
?,(Wed) 1 May 1974 (17),Peterborough United FC (44),4-2,?,Gillingham FC (46)
?,(Wed) 1 May 1974 (17),Chester FC (46),0-0,?,Northampton Town FC (46)
?,(Tue) 7 May 1974 (18),Torquay United FC (46),1-2,?,Peterborough United FC (45)
?,(Sat) 11 May 1974 (18),Rotherham United FC (46),3-1,?,Peterborough United FC (46)
