Round,Date,Team 1,FT,HT,Team 2
?,(Sat) 31 Aug 1985 (34),Aldershot Town FC (1),0-2,?,Burnley FC (1)
?,(Sat) 1 Feb 1986 (4),Aldershot Town FC (2),2-1,?,Cambridge United FC (1)
?,(Sat) 7 Dec 1985 (48),Aldershot Town FC (3),1-1,?,Chester FC (1)
?,(Sat) 28 Dec 1985 (51),Aldershot Town FC (4),1-1,?,Colchester United FC (1)
?,(Sat) 26 Oct 1985 (42),Aldershot Town FC (5),3-2,?,Crewe Alexandra FC (1)
?,(Sat) 24 Aug 1985 (33),Aldershot Town FC (6),4-0,?,Exeter City FC (1)
?,(Sat) 8 Mar 1986 (9),Aldershot Town FC (7),1-2,?,FC Halifax Town (1)
?,(Sat) 5 Apr 1986 (13),Aldershot Town FC (8),0-1,?,Hartlepool United FC (1)
?,(Tue) 29 Apr 1986 (17),Aldershot Town FC (9),2-0,?,Hereford United FC (1924-2014) (1)
?,(Tue) 4 Feb 1986 (5),Aldershot Town FC (10),1-1,?,Leyton Orient FC (1)
?,(Sat) 14 Sep 1985 (36),Aldershot Town FC (11),1-2,?,Mansfield Town FC (1)
?,(Sat) 9 Nov 1985 (44),Aldershot Town FC (12),1-0,?,Northampton Town FC (1)
?,(Sat) 30 Nov 1985 (47),Aldershot Town FC (13),1-0,?,Peterborough United FC (1)
?,(Tue) 17 Sep 1985 (37),Aldershot Town FC (14),0-0,?,Port Vale FC (1)
?,(Sat) 3 May 1986 (17),Aldershot Town FC (15),4-0,?,Preston North End FC (1)
?,(Sat) 18 Jan 1986 (2),Aldershot Town FC (16),2-1,?,Rochdale AFC (1)
?,(Sat) 28 Sep 1985 (38),Aldershot Town FC (17),2-1,?,Scunthorpe United FC (1)
?,(Sat) 12 Oct 1985 (40),Aldershot Town FC (18),1-3,?,Southend United FC (1)
?,(Sat) 19 Apr 1986 (15),Aldershot Town FC (19),6-1,?,Stockport County FC (1)
?,(Tue) 22 Apr 1986 (16),Aldershot Town FC (20),2-4,?,Swindon Town FC (1)
?,(Sat) 29 Mar 1986 (12),Aldershot Town FC (21),1-1,?,Torquay United FC (1)
?,(Tue) 15 Apr 1986 (15),Aldershot Town FC (22),3-1,?,Tranmere Rovers FC (1)
?,(Sat) 19 Oct 1985 (41),Aldershot Town FC (23),6-0,?,Wrexham AFC (1)
?,(Tue) 11 Mar 1986 (10),Burnley FC (2),1-2,?,Aldershot Town FC (24)
?,(Sat) 12 Apr 1986 (14),Burnley FC (3),1-1,?,Cambridge United FC (2)
?,(Sat) 8 Mar 1986 (9),Burnley FC (4),1-0,?,Chester FC (2)
?,(Tue) 1 Oct 1985 (39),Burnley FC (5),0-2,?,Colchester United FC (2)
?,(Tue) 15 Apr 1986 (15),Burnley FC (6),0-1,?,Crewe Alexandra FC (2)
?,(Sat) 23 Nov 1985 (46),Burnley FC (7),3-1,?,Exeter City FC (2)
?,(Sat) 22 Mar 1986 (11),Burnley FC (8),1-3,?,FC Halifax Town (2)
?,(Sat) 7 Sep 1985 (35),Burnley FC (9),2-0,?,Hartlepool United FC (2)
?,(Sat) 25 Jan 1986 (3),Burnley FC (10),3-2,?,Hereford United FC (1924-2014) (2)
?,(Sat) 14 Dec 1985 (49),Burnley FC (11),1-0,?,Leyton Orient FC (2)
?,(Tue) 5 Nov 1985 (44),Burnley FC (12),2-1,?,Mansfield Town FC (2)
?,(Sat) 17 Aug 1985 (32),Burnley FC (13),3-2,?,Northampton Town FC (2)
?,(Sat) 1 Mar 1986 (8),Burnley FC (14),1-1,?,Peterborough United FC (2)
?,(Mon) 26 Aug 1985 (34),Burnley FC (15),1-2,?,Port Vale FC (2)
?,(Tue) 22 Apr 1986 (16),Burnley FC (16),1-1,?,Preston North End FC (2)
?,(Sat) 21 Sep 1985 (37),Burnley FC (17),1-0,?,Rochdale AFC (2)
?,(Sat) 26 Apr 1986 (16),Burnley FC (18),1-2,?,Scunthorpe United FC (2)
?,(Sat) 2 Nov 1985 (43),Burnley FC (19),1-3,?,Southend United FC (2)
?,(Fri) 23 Aug 1985 (33),Burnley FC (20),0-1,?,Stockport County FC (2)
?,(Sat) 12 Oct 1985 (40),Burnley FC (21),0-2,?,Swindon Town FC (2)
?,(Tue) 22 Oct 1985 (42),Burnley FC (22),3-0,?,Torquay United FC (2)
?,(Mon) 31 Mar 1986 (13),Burnley FC (23),3-1,?,Tranmere Rovers FC (2)
?,(Wed) 1 Jan 1986 (0),Burnley FC (24),5-2,?,Wrexham AFC (2)
?,(Sat) 7 Sep 1985 (35),Cambridge United FC (3),0-2,?,Aldershot Town FC (25)
?,(Sat) 9 Nov 1985 (44),Cambridge United FC (4),0-4,?,Burnley FC (25)
?,(Thu) 26 Dec 1985 (51),Cambridge United FC (5),3-2,?,Chester FC (3)
?,(Tue) 29 Apr 1986 (17),Cambridge United FC (6),1-3,?,Colchester United FC (3)
?,(Sat) 19 Apr 1986 (15),Cambridge United FC (7),1-0,?,Crewe Alexandra FC (3)
?,(Fri) 20 Sep 1985 (37),Cambridge United FC (8),1-1,?,Exeter City FC (3)
?,(Tue) 8 Apr 1986 (14),Cambridge United FC (9),4-0,?,FC Halifax Town (3)
?,(Sat) 17 Aug 1985 (32),Cambridge United FC (10),4-2,?,Hartlepool United FC (3)
?,(Sat) 11 Jan 1986 (1),Cambridge United FC (11),4-0,?,Hereford United FC (1924-2014) (3)
?,(Sat) 19 Oct 1985 (41),Cambridge United FC (12),1-2,?,Leyton Orient FC (3)
?,(Sat) 5 Oct 1985 (39),Cambridge United FC (13),4-2,?,Mansfield Town FC (3)
?,(Sat) 30 Nov 1985 (47),Cambridge United FC (14),2-5,?,Northampton Town FC (3)
?,(Sat) 26 Oct 1985 (42),Cambridge United FC (15),3-1,?,Peterborough United FC (3)
?,(Sat) 25 Jan 1986 (3),Cambridge United FC (16),1-3,?,Port Vale FC (3)
?,(Wed) 2 Oct 1985 (39),Cambridge United FC (17),2-0,?,Preston North End FC (3)
?,(Fri) 28 Mar 1986 (12),Cambridge United FC (18),1-0,?,Rochdale AFC (3)
?,(Sat) 15 Mar 1986 (10),Cambridge United FC (19),0-1,?,Scunthorpe United FC (3)
?,(Tue) 27 Aug 1985 (34),Cambridge United FC (20),1-2,?,Southend United FC (3)
?,(Fri) 6 Dec 1985 (48),Cambridge United FC (21),1-2,?,Stockport County FC (3)
?,(Sat) 5 Apr 1986 (13),Cambridge United FC (22),1-1,?,Swindon Town FC (3)
?,(Sat) 3 May 1986 (17),Cambridge United FC (23),3-0,?,Torquay United FC (3)
?,(Fri) 20 Dec 1985 (50),Cambridge United FC (24),3-2,?,Tranmere Rovers FC (3)
?,(Tue) 4 Feb 1986 (5),Cambridge United FC (25),4-3,?,Wrexham AFC (3)
?,(Sat) 2 Nov 1985 (43),Chester FC (4),1-0,?,Aldershot Town FC (26)
?,(Sat) 5 Oct 1985 (39),Chester FC (5),4-0,?,Burnley FC (26)
?,(Mon) 31 Mar 1986 (13),Chester FC (6),1-1,?,Cambridge United FC (26)
?,(Wed) 6 Nov 1985 (44),Chester FC (7),4-0,?,Colchester United FC (4)
?,(Sat) 21 Sep 1985 (37),Chester FC (8),4-0,?,Crewe Alexandra FC (4)
?,(Sat) 12 Apr 1986 (14),Chester FC (9),2-1,?,Exeter City FC (4)
?,(Sat) 17 Aug 1985 (32),Chester FC (10),1-1,?,FC Halifax Town (4)
?,(Mon) 26 Aug 1985 (34),Chester FC (11),1-1,?,Hartlepool United FC (4)
?,(Sat) 7 Sep 1985 (35),Chester FC (12),1-0,?,Hereford United FC (1924-2014) (4)
?,(Sat) 23 Nov 1985 (46),Chester FC (13),3-0,?,Leyton Orient FC (4)
?,(Wed) 2 Oct 1985 (39),Chester FC (14),1-0,?,Mansfield Town FC (4)
?,(Wed) 5 Feb 1986 (5),Chester FC (15),2-3,?,Northampton Town FC (4)
?,(Sat) 21 Dec 1985 (50),Chester FC (16),2-1,?,Peterborough United FC (4)
?,(Wed) 1 Jan 1986 (0),Chester FC (17),4-1,?,Port Vale FC (4)
?,(Sat) 15 Mar 1986 (10),Chester FC (18),2-0,?,Preston North End FC (4)
?,(Sat) 15 Feb 1986 (6),Chester FC (19),1-1,?,Rochdale AFC (4)
?,(Sat) 14 Dec 1985 (49),Chester FC (20),1-1,?,Scunthorpe United FC (4)
?,(Sat) 26 Apr 1986 (16),Chester FC (21),2-0,?,Southend United FC (4)
?,(Sat) 1 Mar 1986 (8),Chester FC (22),1-2,?,Stockport County FC (4)
?,(Sat) 19 Oct 1985 (41),Chester FC (23),0-1,?,Swindon Town FC (4)
?,(Sat) 25 Jan 1986 (3),Chester FC (24),3-1,?,Torquay United FC (4)
?,(Sat) 11 Jan 1986 (1),Chester FC (25),1-0,?,Tranmere Rovers FC (4)
?,(Sat) 22 Mar 1986 (11),Chester FC (26),2-1,?,Wrexham AFC (4)
?,(Tue) 27 Aug 1985 (34),Colchester United FC (5),4-0,?,Aldershot Town FC (27)
?,(Tue) 6 May 1986 (18),Colchester United FC (6),2-2,?,Burnley FC (27)
?,(Tue) 17 Sep 1985 (37),Colchester United FC (7),4-1,?,Cambridge United FC (27)
?,(Fri) 4 Apr 1986 (13),Colchester United FC (8),2-3,?,Chester FC (27)
?,(Tue) 25 Mar 1986 (12),Colchester United FC (9),1-2,?,Crewe Alexandra FC (5)
?,(Fri) 4 Oct 1985 (39),Colchester United FC (10),1-1,?,Exeter City FC (5)
?,(Fri) 6 Sep 1985 (35),Colchester United FC (11),3-1,?,FC Halifax Town (5)
?,(Fri) 2 May 1986 (17),Colchester United FC (12),3-1,?,Hartlepool United FC (5)
?,(Fri) 3 Jan 1986 (0),Colchester United FC (13),4-1,?,Hereford United FC (1924-2014) (5)
?,(Tue) 8 Apr 1986 (14),Colchester United FC (14),4-0,?,Leyton Orient FC (5)
?,(Fri) 14 Mar 1986 (10),Colchester United FC (15),0-0,?,Mansfield Town FC (5)
?,(Sat) 26 Oct 1985 (42),Colchester United FC (16),0-2,?,Northampton Town FC (5)
?,(Tue) 22 Apr 1986 (16),Colchester United FC (17),5-0,?,Peterborough United FC (5)
?,(Fri) 27 Sep 1985 (38),Colchester United FC (18),1-0,?,Port Vale FC (5)
?,(Fri) 18 Apr 1986 (15),Colchester United FC (19),4-0,?,Preston North End FC (5)
?,(Fri) 8 Nov 1985 (44),Colchester United FC (20),0-1,?,Rochdale AFC (5)
?,(Fri) 18 Oct 1985 (41),Colchester United FC (21),1-1,?,Scunthorpe United FC (5)
?,(Tue) 4 Feb 1986 (5),Colchester United FC (22),2-0,?,Southend United FC (5)
?,(Sat) 17 Aug 1985 (32),Colchester United FC (23),3-1,?,Stockport County FC (5)
?,(Fri) 28 Mar 1986 (12),Colchester United FC (24),1-1,?,Swindon Town FC (5)
?,(Sat) 11 Jan 1986 (1),Colchester United FC (25),0-0,?,Torquay United FC (5)
?,(Fri) 24 Jan 1986 (3),Colchester United FC (26),1-2,?,Tranmere Rovers FC (5)
?,(Fri) 20 Dec 1985 (50),Colchester United FC (27),5-2,?,Wrexham AFC (5)
?,(Sat) 22 Mar 1986 (11),Crewe Alexandra FC (6),2-0,?,Aldershot Town FC (28)
?,(Sat) 19 Oct 1985 (41),Crewe Alexandra FC (7),3-1,?,Burnley FC (28)
?,(Sat) 23 Nov 1985 (46),Crewe Alexandra FC (8),0-1,?,Cambridge United FC (28)
?,(Sat) 22 Feb 1986 (7),Crewe Alexandra FC (9),2-2,?,Chester FC (28)
?,(Sat) 26 Apr 1986 (16),Crewe Alexandra FC (10),0-2,?,Colchester United FC (28)
?,(Fri) 13 Dec 1985 (49),Crewe Alexandra FC (11),0-1,?,Exeter City FC (6)
?,(Sat) 2 Nov 1985 (43),Crewe Alexandra FC (12),2-2,?,FC Halifax Town (6)
?,(Fri) 20 Dec 1985 (50),Crewe Alexandra FC (13),0-0,?,Hartlepool United FC (6)
?,(Tue) 27 Aug 1985 (34),Crewe Alexandra FC (14),2-0,?,Hereford United FC (1924-2014) (6)
?,(Tue) 5 Nov 1985 (44),Crewe Alexandra FC (15),1-3,?,Leyton Orient FC (6)
?,(Fri) 11 Apr 1986 (14),Crewe Alexandra FC (16),2-1,?,Mansfield Town FC (6)
?,(Sat) 25 Jan 1986 (3),Crewe Alexandra FC (17),0-1,?,Northampton Town FC (6)
?,(Tue) 4 Feb 1986 (5),Crewe Alexandra FC (18),1-1,?,Peterborough United FC (6)
?,(Mon) 31 Mar 1986 (13),Crewe Alexandra FC (19),0-1,?,Port Vale FC (6)
?,(Sat) 5 Oct 1985 (39),Crewe Alexandra FC (20),3-3,?,Preston North End FC (6)
?,(Sat) 15 Mar 1986 (10),Crewe Alexandra FC (21),4-2,?,Rochdale AFC (6)
?,(Tue) 4 Mar 1986 (9),Crewe Alexandra FC (22),4-0,?,Scunthorpe United FC (6)
?,(Sat) 17 Aug 1985 (32),Crewe Alexandra FC (23),1-1,?,Southend United FC (6)
?,(Fri) 6 Sep 1985 (35),Crewe Alexandra FC (24),0-1,?,Stockport County FC (6)
?,(Tue) 17 Sep 1985 (37),Crewe Alexandra FC (25),2-0,?,Swindon Town FC (6)
?,(Sat) 28 Sep 1985 (38),Crewe Alexandra FC (26),1-0,?,Torquay United FC (6)
?,(Tue) 18 Mar 1986 (11),Crewe Alexandra FC (27),2-1,?,Tranmere Rovers FC (6)
?,(Sat) 11 Jan 1986 (1),Crewe Alexandra FC (28),3-2,?,Wrexham AFC (6)
?,(Sat) 21 Dec 1985 (50),Exeter City FC (7),2-0,?,Aldershot Town FC (29)
?,(Sat) 19 Apr 1986 (15),Exeter City FC (8),0-2,?,Burnley FC (29)
?,(Fri) 21 Feb 1986 (7),Exeter City FC (9),0-0,?,Cambridge United FC (29)
?,(Sat) 9 Nov 1985 (44),Exeter City FC (10),1-3,?,Chester FC (29)
?,(Sat) 8 Mar 1986 (9),Exeter City FC (11),2-2,?,Colchester United FC (29)
?,(Sat) 3 May 1986 (17),Exeter City FC (12),1-2,?,Crewe Alexandra FC (29)
?,(Wed) 23 Oct 1985 (42),Exeter City FC (13),1-0,?,FC Halifax Town (7)
?,(Sat) 26 Oct 1985 (42),Exeter City FC (14),1-2,?,Hartlepool United FC (7)
?,(Sat) 29 Mar 1986 (12),Exeter City FC (15),3-2,?,Hereford United FC (1924-2014) (7)
?,(Sat) 12 Oct 1985 (40),Exeter City FC (16),1-1,?,Leyton Orient FC (7)
?,(Sat) 8 Feb 1986 (5),Exeter City FC (17),0-1,?,Mansfield Town FC (7)
?,(Mon) 26 Aug 1985 (34),Exeter City FC (18),1-2,?,Northampton Town FC (7)
?,(Wed) 19 Mar 1986 (11),Exeter City FC (19),1-0,?,Peterborough United FC (7)
?,(Sat) 17 Aug 1985 (32),Exeter City FC (20),1-0,?,Port Vale FC (7)
?,(Sat) 30 Nov 1985 (47),Exeter City FC (21),3-0,?,Preston North End FC (7)
?,(Fri) 4 Apr 1986 (13),Exeter City FC (22),2-0,?,Rochdale AFC (7)
?,(Wed) 18 Sep 1985 (37),Exeter City FC (23),2-0,?,Scunthorpe United FC (7)
?,(Sat) 7 Sep 1985 (35),Exeter City FC (24),0-2,?,Southend United FC (7)
?,(Sat) 11 Jan 1986 (1),Exeter City FC (25),1-0,?,Stockport County FC (7)
?,(Tue) 4 Mar 1986 (9),Exeter City FC (26),0-3,?,Swindon Town FC (7)
?,(Wed) 26 Mar 1986 (12),Exeter City FC (27),2-2,?,Torquay United FC (7)
?,(Sat) 28 Sep 1985 (38),Exeter City FC (28),1-0,?,Tranmere Rovers FC (7)
?,(Sat) 25 Jan 1986 (3),Exeter City FC (29),0-1,?,Wrexham AFC (7)
?,(Sat) 5 Oct 1985 (39),FC Halifax Town (8),1-1,?,Aldershot Town FC (30)
?,(Sat) 26 Oct 1985 (42),FC Halifax Town (9),2-2,?,Burnley FC (30)
?,(Fri) 27 Sep 1985 (38),FC Halifax Town (10),1-1,?,Cambridge United FC (30)
?,(Fri) 17 Jan 1986 (2),FC Halifax Town (11),1-2,?,Chester FC (30)
?,(Fri) 31 Jan 1986 (4),FC Halifax Town (12),2-2,?,Colchester United FC (30)
?,(Sat) 4 Jan 1986 (0),FC Halifax Town (13),1-0,?,Crewe Alexandra FC (30)
?,(Tue) 4 Feb 1986 (5),FC Halifax Town (14),1-0,?,Exeter City FC (30)
?,(Fri) 28 Mar 1986 (12),FC Halifax Town (15),3-2,?,Hartlepool United FC (8)
?,(Tue) 3 Dec 1985 (48),FC Halifax Town (16),1-0,?,Hereford United FC (1924-2014) (8)
?,(Fri) 13 Sep 1985 (36),FC Halifax Town (17),2-1,?,Leyton Orient FC (8)
?,(Mon) 5 May 1986 (18),FC Halifax Town (18),1-2,?,Mansfield Town FC (8)
?,(Fri) 18 Apr 1986 (15),FC Halifax Town (19),2-0,?,Northampton Town FC (8)
?,(Sat) 9 Nov 1985 (44),FC Halifax Town (20),1-1,?,Peterborough United FC (8)
?,(Tue) 29 Apr 1986 (17),FC Halifax Town (21),2-0,?,Port Vale FC (8)
?,(Fri) 30 Aug 1985 (34),FC Halifax Town (22),2-1,?,Preston North End FC (8)
?,(Thu) 26 Dec 1985 (51),FC Halifax Town (23),1-1,?,Rochdale AFC (8)
?,(Fri) 23 Aug 1985 (33),FC Halifax Town (24),2-1,?,Scunthorpe United FC (8)
?,(Tue) 17 Sep 1985 (37),FC Halifax Town (25),2-3,?,Southend United FC (8)
?,(Fri) 4 Apr 1986 (13),FC Halifax Town (26),0-0,?,Stockport County FC (8)
?,(Fri) 2 May 1986 (17),FC Halifax Town (27),1-3,?,Swindon Town FC (8)
?,(Mon) 14 Apr 1986 (15),FC Halifax Town (28),0-0,?,Torquay United FC (8)
?,(Fri) 18 Oct 1985 (41),FC Halifax Town (29),1-2,?,Tranmere Rovers FC (8)
?,(Fri) 14 Mar 1986 (10),FC Halifax Town (30),5-2,?,Wrexham AFC (8)
?,(Wed) 6 Nov 1985 (44),Hartlepool United FC (9),2-1,?,Aldershot Town FC (31)
?,(Sat) 1 Feb 1986 (4),Hartlepool United FC (10),3-1,?,Burnley FC (31)
?,(Sat) 18 Jan 1986 (2),Hartlepool United FC (11),2-1,?,Cambridge United FC (31)
?,(Wed) 8 Jan 1986 (1),Hartlepool United FC (12),1-1,?,Chester FC (31)
?,(Sat) 14 Dec 1985 (49),Hartlepool United FC (13),4-1,?,Colchester United FC (31)
?,(Sat) 24 Aug 1985 (33),Hartlepool United FC (14),4-1,?,Crewe Alexandra FC (31)
?,(Sat) 22 Mar 1986 (11),Hartlepool United FC (15),0-0,?,Exeter City FC (31)
?,(Wed) 1 Jan 1986 (0),Hartlepool United FC (16),3-0,?,FC Halifax Town (31)
?,(Sat) 19 Oct 1985 (41),Hartlepool United FC (17),2-1,?,Hereford United FC (1924-2014) (9)
?,(Sat) 31 Aug 1985 (34),Hartlepool United FC (18),1-2,?,Leyton Orient FC (9)
?,(Sat) 2 Nov 1985 (43),Hartlepool United FC (19),1-1,?,Mansfield Town FC (9)
?,(Wed) 18 Sep 1985 (37),Hartlepool United FC (20),2-1,?,Northampton Town FC (9)
?,(Sat) 5 Oct 1985 (39),Hartlepool United FC (21),2-1,?,Peterborough United FC (9)
?,(Wed) 5 Mar 1986 (9),Hartlepool United FC (22),1-1,?,Port Vale FC (9)
?,(Wed) 5 Feb 1986 (5),Hartlepool United FC (23),1-0,?,Preston North End FC (9)
?,(Fri) 13 Sep 1985 (36),Hartlepool United FC (24),2-0,?,Rochdale AFC (9)
?,(Tue) 1 Apr 1986 (13),Hartlepool United FC (25),0-1,?,Scunthorpe United FC (9)
?,(Sat) 12 Apr 1986 (14),Hartlepool United FC (26),3-2,?,Southend United FC (9)
?,(Fri) 14 Mar 1986 (10),Hartlepool United FC (27),1-1,?,Stockport County FC (9)
?,(Sat) 28 Sep 1985 (38),Hartlepool United FC (28),1-0,?,Swindon Town FC (9)
?,(Tue) 15 Apr 1986 (15),Hartlepool United FC (29),1-0,?,Torquay United FC (9)
?,(Sat) 23 Nov 1985 (46),Hartlepool United FC (30),1-0,?,Tranmere Rovers FC (9)
?,(Sat) 26 Apr 1986 (16),Hartlepool United FC (31),3-3,?,Wrexham AFC (9)
?,(Wed) 2 Oct 1985 (39),Hereford United FC (1924-2014) (10),4-1,?,Aldershot Town FC (32)
?,(Sat) 14 Sep 1985 (36),Hereford United FC (1924-2014) (11),2-2,?,Burnley FC (32)
?,(Sat) 31 Aug 1985 (34),Hereford United FC (1924-2014) (12),1-0,?,Cambridge United FC (32)
?,(Sat) 1 Feb 1986 (4),Hereford United FC (1924-2014) (13),0-2,?,Chester FC (32)
?,(Sat) 2 Nov 1985 (43),Hereford United FC (1924-2014) (14),2-0,?,Colchester United FC (32)
?,(Sat) 28 Dec 1985 (51),Hereford United FC (1924-2014) (15),4-1,?,Crewe Alexandra FC (32)
?,(Wed) 1 Jan 1986 (0),Hereford United FC (1924-2014) (16),4-1,?,Exeter City FC (32)
?,(Sat) 26 Apr 1986 (16),Hereford United FC (1924-2014) (17),2-1,?,FC Halifax Town (32)
?,(Wed) 9 Apr 1986 (14),Hereford United FC (1924-2014) (18),2-2,?,Hartlepool United FC (32)
?,(Mon) 31 Mar 1986 (13),Hereford United FC (1924-2014) (19),3-2,?,Leyton Orient FC (10)
?,(Sat) 18 Jan 1986 (2),Hereford United FC (1924-2014) (20),4-2,?,Mansfield Town FC (10)
?,(Sat) 8 Mar 1986 (9),Hereford United FC (1924-2014) (21),3-0,?,Northampton Town FC (10)
?,(Sat) 21 Sep 1985 (37),Hereford United FC (1924-2014) (22),2-1,?,Peterborough United FC (10)
?,(Wed) 6 Nov 1985 (44),Hereford United FC (1924-2014) (23),1-1,?,Port Vale FC (10)
?,(Sat) 1 Mar 1986 (8),Hereford United FC (1924-2014) (24),1-1,?,Preston North End FC (10)
?,(Wed) 23 Oct 1985 (42),Hereford United FC (1924-2014) (25),2-2,?,Rochdale AFC (10)
?,(Sat) 22 Mar 1986 (11),Hereford United FC (1924-2014) (26),1-1,?,Scunthorpe United FC (10)
?,(Wed) 19 Mar 1986 (11),Hereford United FC (1924-2014) (27),2-1,?,Southend United FC (10)
?,(Wed) 16 Apr 1986 (15),Hereford United FC (1924-2014) (28),3-2,?,Stockport County FC (10)
?,(Sat) 24 Aug 1985 (33),Hereford United FC (1924-2014) (29),4-1,?,Swindon Town FC (10)
?,(Sat) 12 Oct 1985 (40),Hereford United FC (1924-2014) (30),4-1,?,Torquay United FC (10)
?,(Sat) 14 Dec 1985 (49),Hereford United FC (1924-2014) (31),1-4,?,Tranmere Rovers FC (10)
?,(Sat) 12 Apr 1986 (14),Hereford United FC (1924-2014) (32),3-1,?,Wrexham AFC (10)
?,(Tue) 22 Oct 1985 (42),Leyton Orient FC (11),1-1,?,Aldershot Town FC (33)
?,(Sat) 3 May 1986 (17),Leyton Orient FC (12),3-0,?,Burnley FC (33)
?,(Sat) 8 Feb 1986 (5),Leyton Orient FC (13),3-1,?,Cambridge United FC (33)
?,(Sat) 19 Apr 1986 (15),Leyton Orient FC (14),0-0,?,Chester FC (33)
?,(Sat) 21 Sep 1985 (37),Leyton Orient FC (15),1-2,?,Colchester United FC (33)
?,(Sat) 5 Apr 1986 (13),Leyton Orient FC (16),0-1,?,Crewe Alexandra FC (33)
?,(Sat) 15 Mar 1986 (10),Leyton Orient FC (17),2-2,?,Exeter City FC (33)
?,(Tue) 22 Apr 1986 (16),Leyton Orient FC (18),1-0,?,FC Halifax Town (33)
?,(Sat) 11 Jan 1986 (1),Leyton Orient FC (19),1-1,?,Hartlepool United FC (33)
?,(Thu) 26 Dec 1985 (51),Leyton Orient FC (20),2-2,?,Hereford United FC (1924-2014) (33)
?,(Sat) 15 Feb 1986 (6),Leyton Orient FC (21),0-1,?,Mansfield Town FC (11)
?,(Sat) 29 Mar 1986 (12),Leyton Orient FC (22),0-1,?,Northampton Town FC (11)
?,(Tue) 27 Aug 1985 (34),Leyton Orient FC (23),2-2,?,Peterborough United FC (11)
?,(Sat) 7 Sep 1985 (35),Leyton Orient FC (24),1-0,?,Port Vale FC (11)
?,(Sat) 9 Nov 1985 (44),Leyton Orient FC (25),2-0,?,Preston North End FC (11)
?,(Tue) 1 Oct 1985 (39),Leyton Orient FC (26),5-0,?,Rochdale AFC (11)
?,(Sat) 5 Oct 1985 (39),Leyton Orient FC (27),3-0,?,Scunthorpe United FC (11)
?,(Sat) 21 Dec 1985 (50),Leyton Orient FC (28),3-0,?,Southend United FC (11)
?,(Sat) 26 Oct 1985 (42),Leyton Orient FC (29),0-1,?,Stockport County FC (11)
?,(Sat) 30 Nov 1985 (47),Leyton Orient FC (30),1-0,?,Swindon Town FC (11)
?,(Tue) 18 Mar 1986 (11),Leyton Orient FC (31),4-2,?,Torquay United FC (11)
?,(Sat) 17 Aug 1985 (32),Leyton Orient FC (32),3-1,?,Tranmere Rovers FC (11)
?,(Sat) 1 Mar 1986 (8),Leyton Orient FC (33),1-3,?,Wrexham AFC (11)
?,(Sat) 25 Jan 1986 (3),Mansfield Town FC (12),2-0,?,Aldershot Town FC (34)
?,(Sat) 5 Apr 1986 (13),Mansfield Town FC (13),0-0,?,Burnley FC (34)
?,(Sat) 8 Mar 1986 (9),Mansfield Town FC (14),2-0,?,Cambridge United FC (34)
?,(Tue) 4 Mar 1986 (9),Mansfield Town FC (15),0-0,?,Chester FC (34)
?,(Sat) 12 Oct 1985 (40),Mansfield Town FC (16),2-1,?,Colchester United FC (34)
?,(Sat) 9 Nov 1985 (44),Mansfield Town FC (17),2-2,?,Crewe Alexandra FC (34)
?,(Sat) 19 Oct 1985 (41),Mansfield Town FC (18),2-1,?,Exeter City FC (34)
?,(Tue) 27 Aug 1985 (34),Mansfield Town FC (19),2-0,?,FC Halifax Town (34)
?,(Tue) 22 Apr 1986 (16),Mansfield Town FC (20),4-0,?,Hartlepool United FC (34)
?,(Sat) 17 Aug 1985 (32),Mansfield Town FC (21),4-0,?,Hereford United FC (1924-2014) (34)
?,(Wed) 18 Sep 1985 (37),Mansfield Town FC (22),1-1,?,Leyton Orient FC (34)
?,(Sat) 11 Jan 1986 (1),Mansfield Town FC (23),1-0,?,Northampton Town FC (12)
?,(Sat) 3 May 1986 (17),Mansfield Town FC (24),0-1,?,Peterborough United FC (12)
?,(Sun) 22 Dec 1985 (50),Mansfield Town FC (25),2-1,?,Port Vale FC (12)
?,(Sat) 29 Mar 1986 (12),Mansfield Town FC (26),2-3,?,Preston North End FC (12)
?,(Sat) 30 Nov 1985 (47),Mansfield Town FC (27),3-2,?,Rochdale AFC (12)
?,(Tue) 25 Mar 1986 (12),Mansfield Town FC (28),1-1,?,Scunthorpe United FC (12)
?,(Sat) 28 Sep 1985 (38),Mansfield Town FC (29),3-0,?,Southend United FC (12)
?,(Thu) 26 Dec 1985 (51),Mansfield Town FC (30),4-2,?,Stockport County FC (12)
?,(Sat) 19 Apr 1986 (15),Mansfield Town FC (31),1-1,?,Swindon Town FC (12)
?,(Sat) 26 Oct 1985 (42),Mansfield Town FC (32),4-0,?,Torquay United FC (12)
?,(Tue) 29 Apr 1986 (17),Mansfield Town FC (33),0-0,?,Tranmere Rovers FC (12)
?,(Sat) 7 Sep 1985 (35),Mansfield Town FC (34),1-1,?,Wrexham AFC (12)
?,(Sat) 12 Apr 1986 (14),Northampton Town FC (13),2-3,?,Aldershot Town FC (35)
?,(Sat) 18 Jan 1986 (2),Northampton Town FC (14),2-0,?,Burnley FC (35)
?,(Sat) 26 Apr 1986 (16),Northampton Town FC (15),0-2,?,Cambridge United FC (35)
?,(Tue) 22 Oct 1985 (42),Northampton Town FC (16),2-2,?,Chester FC (35)
?,(Sat) 22 Mar 1986 (11),Northampton Town FC (17),1-0,?,Colchester United FC (35)
?,(Sat) 14 Sep 1985 (36),Northampton Town FC (18),0-1,?,Crewe Alexandra FC (35)
?,(Tue) 8 Apr 1986 (14),Northampton Town FC (19),2-2,?,Exeter City FC (35)
?,(Sat) 23 Nov 1985 (46),Northampton Town FC (20),4-0,?,FC Halifax Town (35)
?,(Tue) 11 Mar 1986 (10),Northampton Town FC (21),3-0,?,Hartlepool United FC (35)
?,(Sat) 5 Oct 1985 (39),Northampton Town FC (22),1-3,?,Hereford United FC (1924-2014) (35)
?,(Tue) 15 Apr 1986 (15),Northampton Town FC (23),2-3,?,Leyton Orient FC (35)
?,(Sat) 31 Aug 1985 (34),Northampton Town FC (24),1-0,?,Mansfield Town FC (35)
?,(Sat) 15 Mar 1986 (10),Northampton Town FC (25),2-2,?,Peterborough United FC (13)
?,(Sat) 14 Dec 1985 (49),Northampton Town FC (26),2-2,?,Port Vale FC (13)
?,(Tue) 10 Sep 1985 (36),Northampton Town FC (27),6-0,?,Preston North End FC (13)
?,(Sat) 1 Mar 1986 (8),Northampton Town FC (28),1-0,?,Rochdale AFC (13)
?,(Sat) 2 Nov 1985 (43),Northampton Town FC (29),2-2,?,Scunthorpe United FC (13)
?,(Mon) 31 Mar 1986 (13),Northampton Town FC (30),0-0,?,Southend United FC (13)
?,(Sat) 21 Sep 1985 (37),Northampton Town FC (31),3-1,?,Stockport County FC (13)
?,(Sat) 1 Feb 1986 (4),Northampton Town FC (32),0-1,?,Swindon Town FC (13)
?,(Tue) 29 Apr 1986 (17),Northampton Town FC (33),5-1,?,Torquay United FC (13)
?,(Tue) 5 Nov 1985 (44),Northampton Town FC (34),2-2,?,Tranmere Rovers FC (13)
?,(Tue) 1 Oct 1985 (39),Northampton Town FC (35),1-2,?,Wrexham AFC (13)
?,(Sat) 26 Apr 1986 (16),Peterborough United FC (14),3-0,?,Aldershot Town FC (36)
?,(Sat) 28 Sep 1985 (38),Peterborough United FC (15),0-0,?,Burnley FC (36)
?,(Sat) 22 Mar 1986 (11),Peterborough United FC (16),0-0,?,Cambridge United FC (36)
?,(Sat) 24 Aug 1985 (33),Peterborough United FC (17),3-0,?,Chester FC (36)
?,(Mon) 31 Mar 1986 (13),Peterborough United FC (18),1-2,?,Colchester United FC (36)
?,(Wed) 23 Oct 1985 (42),Peterborough United FC (19),0-0,?,Crewe Alexandra FC (36)
?,(Sat) 2 Nov 1985 (43),Peterborough United FC (20),1-1,?,Exeter City FC (36)
?,(Sat) 12 Apr 1986 (14),Peterborough United FC (21),1-1,?,FC Halifax Town (36)
?,(Sat) 8 Mar 1986 (9),Peterborough United FC (22),3-1,?,Hartlepool United FC (36)
?,(Wed) 26 Mar 1986 (12),Peterborough United FC (23),0-0,?,Hereford United FC (1924-2014) (36)
?,(Sat) 28 Dec 1985 (51),Peterborough United FC (24),2-2,?,Leyton Orient FC (36)
?,(Sat) 14 Dec 1985 (49),Peterborough United FC (25),4-2,?,Mansfield Town FC (36)
?,(Sat) 12 Oct 1985 (40),Peterborough United FC (26),0-5,?,Northampton Town FC (36)
?,(Sat) 23 Nov 1985 (46),Peterborough United FC (27),1-0,?,Port Vale FC (14)
?,(Sat) 18 Jan 1986 (2),Peterborough United FC (28),1-1,?,Preston North End FC (14)
?,(Wed) 7 May 1986 (18),Peterborough United FC (29),1-1,?,Rochdale AFC (14)
?,(Sat) 31 Aug 1985 (34),Peterborough United FC (30),1-0,?,Scunthorpe United FC (14)
?,(Wed) 1 Jan 1986 (0),Peterborough United FC (31),1-1,?,Southend United FC (14)
?,(Tue) 8 Apr 1986 (14),Peterborough United FC (32),2-0,?,Stockport County FC (14)
?,(Sat) 14 Sep 1985 (36),Peterborough United FC (33),3-0,?,Swindon Town FC (14)
?,(Wed) 18 Sep 1985 (37),Peterborough United FC (34),2-0,?,Torquay United FC (14)
?,(Wed) 5 Mar 1986 (9),Peterborough United FC (35),0-1,?,Tranmere Rovers FC (14)
?,(Wed) 6 Nov 1985 (44),Peterborough United FC (36),1-1,?,Wrexham AFC (14)
?,(Tue) 18 Mar 1986 (11),Port Vale FC (15),3-1,?,Aldershot Town FC (37)
?,(Mon) 24 Feb 1986 (8),Port Vale FC (16),1-1,?,Burnley FC (37)
?,(Sat) 14 Sep 1985 (36),Port Vale FC (17),4-1,?,Cambridge United FC (37)
?,(Sat) 29 Mar 1986 (12),Port Vale FC (18),1-1,?,Chester FC (37)
?,(Sat) 1 Mar 1986 (8),Port Vale FC (19),1-1,?,Colchester United FC (37)
?,(Thu) 26 Dec 1985 (51),Port Vale FC (20),3-0,?,Crewe Alexandra FC (37)
?,(Fri) 17 Jan 1986 (2),Port Vale FC (21),0-0,?,Exeter City FC (37)
?,(Sat) 21 Sep 1985 (37),Port Vale FC (22),3-2,?,FC Halifax Town (37)
?,(Mon) 30 Sep 1985 (39),Port Vale FC (23),4-0,?,Hartlepool United FC (37)
?,(Sat) 5 Apr 1986 (13),Port Vale FC (24),1-0,?,Hereford United FC (1924-2014) (37)
?,(Sat) 1 Feb 1986 (4),Port Vale FC (25),2-0,?,Leyton Orient FC (37)
?,(Sat) 24 Aug 1985 (33),Port Vale FC (26),0-0,?,Mansfield Town FC (37)
?,(Sat) 3 May 1986 (17),Port Vale FC (27),0-0,?,Northampton Town FC (37)
?,(Sat) 19 Apr 1986 (15),Port Vale FC (28),2-0,?,Peterborough United FC (37)
?,(Sat) 4 Jan 1986 (0),Port Vale FC (29),0-1,?,Preston North End FC (15)
?,(Sat) 31 Aug 1985 (34),Port Vale FC (30),1-1,?,Rochdale AFC (15)
?,(Mon) 3 Feb 1986 (5),Port Vale FC (31),3-1,?,Scunthorpe United FC (15)
?,(Sat) 19 Oct 1985 (41),Port Vale FC (32),4-0,?,Southend United FC (15)
?,(Sat) 9 Nov 1985 (44),Port Vale FC (33),1-1,?,Stockport County FC (15)
?,(Sat) 26 Oct 1985 (42),Port Vale FC (34),3-0,?,Swindon Town FC (15)
?,(Tue) 17 Dec 1985 (50),Port Vale FC (35),1-0,?,Torquay United FC (15)
?,(Sat) 15 Mar 1986 (10),Port Vale FC (36),0-0,?,Tranmere Rovers FC (15)
?,(Sat) 5 Oct 1985 (39),Port Vale FC (37),4-0,?,Wrexham AFC (15)
?,(Sat) 14 Dec 1985 (49),Preston North End FC (16),1-3,?,Aldershot Town FC (38)
?,(Tue) 17 Sep 1985 (37),Preston North End FC (17),1-0,?,Burnley FC (38)
?,(Tue) 18 Mar 1986 (11),Preston North End FC (18),1-2,?,Cambridge United FC (38)
?,(Sat) 12 Oct 1985 (40),Preston North End FC (19),3-6,?,Chester FC (38)
?,(Sat) 23 Nov 1985 (46),Preston North End FC (20),3-2,?,Colchester United FC (38)
?,(Sat) 8 Mar 1986 (9),Preston North End FC (21),1-2,?,Crewe Alexandra FC (38)
?,(Sat) 26 Apr 1986 (16),Preston North End FC (22),2-2,?,Exeter City FC (38)
?,(Sat) 11 Jan 1986 (1),Preston North End FC (23),0-1,?,FC Halifax Town (38)
?,(Tue) 22 Oct 1985 (42),Preston North End FC (24),2-1,?,Hartlepool United FC (38)
?,(Sat) 28 Sep 1985 (38),Preston North End FC (25),2-0,?,Hereford United FC (1924-2014) (38)
?,(Sat) 12 Apr 1986 (14),Preston North End FC (26),1-3,?,Leyton Orient FC (38)
?,(Wed) 1 Jan 1986 (0),Preston North End FC (27),0-2,?,Mansfield Town FC (38)
?,(Sat) 21 Dec 1985 (50),Preston North End FC (28),1-1,?,Northampton Town FC (38)
?,(Sat) 17 Aug 1985 (32),Preston North End FC (29),2-4,?,Peterborough United FC (38)
?,(Sat) 2 Nov 1985 (43),Preston North End FC (30),0-1,?,Port Vale FC (38)
?,(Sat) 8 Feb 1986 (5),Preston North End FC (31),1-1,?,Rochdale AFC (16)
?,(Tue) 5 Nov 1985 (44),Preston North End FC (32),0-1,?,Scunthorpe United FC (16)
?,(Sat) 22 Mar 1986 (11),Preston North End FC (33),3-2,?,Southend United FC (16)
?,(Fri) 13 Sep 1985 (36),Preston North End FC (34),1-2,?,Stockport County FC (16)
?,(Sat) 22 Feb 1986 (7),Preston North End FC (35),0-3,?,Swindon Town FC (16)
?,(Sat) 7 Sep 1985 (35),Preston North End FC (36),4-0,?,Torquay United FC (16)
?,(Mon) 26 Aug 1985 (34),Preston North End FC (37),2-2,?,Tranmere Rovers FC (16)
?,(Mon) 31 Mar 1986 (13),Preston North End FC (38),1-0,?,Wrexham AFC (16)
?,(Sat) 17 Aug 1985 (32),Rochdale AFC (17),2-0,?,Aldershot Town FC (39)
?,(Tue) 18 Mar 1986 (11),Rochdale AFC (18),1-0,?,Burnley FC (39)
?,(Wed) 1 Jan 1986 (0),Rochdale AFC (19),2-1,?,Cambridge United FC (39)
?,(Tue) 29 Apr 1986 (17),Rochdale AFC (20),1-2,?,Chester FC (39)
?,(Sat) 12 Apr 1986 (14),Rochdale AFC (21),3-3,?,Colchester United FC (39)
?,(Sat) 12 Oct 1985 (40),Rochdale AFC (22),1-0,?,Crewe Alexandra FC (39)
?,(Tue) 5 Nov 1985 (44),Rochdale AFC (23),1-1,?,Exeter City FC (39)
?,(Mon) 31 Mar 1986 (13),Rochdale AFC (24),1-0,?,FC Halifax Town (39)
?,(Sat) 25 Jan 1986 (3),Rochdale AFC (25),0-2,?,Hartlepool United FC (39)
?,(Tue) 4 Feb 1986 (5),Rochdale AFC (26),1-1,?,Hereford United FC (1924-2014) (39)
?,(Mon) 5 May 1986 (18),Rochdale AFC (27),1-4,?,Leyton Orient FC (39)
?,(Sat) 26 Apr 1986 (16),Rochdale AFC (28),1-1,?,Mansfield Town FC (39)
?,(Sat) 28 Sep 1985 (38),Rochdale AFC (29),3-2,?,Northampton Town FC (39)
?,(Sat) 7 Sep 1985 (35),Rochdale AFC (30),2-1,?,Peterborough United FC (39)
?,(Sat) 11 Jan 1986 (1),Rochdale AFC (31),3-3,?,Port Vale FC (39)
?,(Sat) 19 Oct 1985 (41),Rochdale AFC (32),1-1,?,Preston North End FC (39)
?,(Sat) 23 Nov 1985 (46),Rochdale AFC (33),1-0,?,Scunthorpe United FC (17)
?,(Mon) 21 Apr 1986 (16),Rochdale AFC (34),2-1,?,Southend United FC (17)
?,(Mon) 26 Aug 1985 (34),Rochdale AFC (35),4-1,?,Stockport County FC (17)
?,(Sat) 8 Mar 1986 (9),Rochdale AFC (36),1-2,?,Swindon Town FC (17)
?,(Sat) 21 Dec 1985 (50),Rochdale AFC (37),5-0,?,Torquay United FC (17)
?,(Sat) 22 Mar 1986 (11),Rochdale AFC (38),1-1,?,Tranmere Rovers FC (17)
?,(Sat) 2 Nov 1985 (43),Rochdale AFC (39),3-2,?,Wrexham AFC (17)
?,(Sat) 1 Mar 1986 (8),Scunthorpe United FC (18),1-0,?,Aldershot Town FC (40)
?,(Sat) 30 Nov 1985 (47),Scunthorpe United FC (19),1-1,?,Burnley FC (40)
?,(Fri) 11 Oct 1985 (40),Scunthorpe United FC (20),0-0,?,Cambridge United FC (40)
?,(Sat) 3 May 1986 (17),Scunthorpe United FC (21),2-0,?,Chester FC (40)
?,(Tue) 15 Apr 1986 (15),Scunthorpe United FC (22),1-1,?,Colchester United FC (40)
?,(Tue) 1 Oct 1985 (39),Scunthorpe United FC (23),3-1,?,Crewe Alexandra FC (40)
?,(Tue) 22 Apr 1986 (16),Scunthorpe United FC (24),1-0,?,Exeter City FC (40)
?,(Sun) 22 Dec 1985 (50),Scunthorpe United FC (25),3-3,?,FC Halifax Town (40)
?,(Thu) 26 Dec 1985 (51),Scunthorpe United FC (26),1-0,?,Hartlepool United FC (40)
?,(Fri) 25 Oct 1985 (42),Scunthorpe United FC (27),2-1,?,Hereford United FC (1924-2014) (40)
?,(Sat) 8 Mar 1986 (9),Scunthorpe United FC (28),2-2,?,Leyton Orient FC (40)
?,(Sat) 21 Sep 1985 (37),Scunthorpe United FC (29),0-3,?,Mansfield Town FC (40)
?,(Tue) 18 Mar 1986 (11),Scunthorpe United FC (30),1-0,?,Northampton Town FC (40)
?,(Sat) 11 Jan 1986 (1),Scunthorpe United FC (31),2-0,?,Peterborough United FC (40)
?,(Tue) 22 Oct 1985 (42),Scunthorpe United FC (32),0-0,?,Port Vale FC (40)
?,(Fri) 4 Apr 1986 (13),Scunthorpe United FC (33),1-3,?,Preston North End FC (40)
?,(Fri) 18 Apr 1986 (15),Scunthorpe United FC (34),3-1,?,Rochdale AFC (40)
?,(Fri) 24 Jan 1986 (3),Scunthorpe United FC (35),2-0,?,Southend United FC (18)
?,(Fri) 28 Mar 1986 (12),Scunthorpe United FC (36),2-3,?,Stockport County FC (18)
?,(Sat) 9 Nov 1985 (44),Scunthorpe United FC (37),0-2,?,Swindon Town FC (18)
?,(Sat) 17 Aug 1985 (32),Scunthorpe United FC (38),4-0,?,Torquay United FC (18)
?,(Fri) 6 Sep 1985 (35),Scunthorpe United FC (39),0-1,?,Tranmere Rovers FC (18)
?,(Mon) 26 Aug 1985 (34),Scunthorpe United FC (40),1-1,?,Wrexham AFC (18)
?,(Sat) 15 Mar 1986 (10),Southend United FC (19),2-0,?,Aldershot Town FC (41)
?,(Fri) 3 Jan 1986 (0),Southend United FC (20),2-3,?,Burnley FC (41)
?,(Sat) 28 Dec 1985 (51),Southend United FC (21),1-0,?,Cambridge United FC (41)
?,(Fri) 29 Nov 1985 (47),Southend United FC (22),1-1,?,Chester FC (41)
?,(Tue) 22 Oct 1985 (42),Southend United FC (23),2-4,?,Colchester United FC (41)
?,(Sat) 18 Jan 1986 (2),Southend United FC (24),0-1,?,Crewe Alexandra FC (41)
?,(Fri) 31 Jan 1986 (4),Southend United FC (25),2-0,?,Exeter City FC (41)
?,(Wed) 5 Mar 1986 (9),Southend United FC (26),2-1,?,FC Halifax Town (41)
?,(Sat) 9 Nov 1985 (44),Southend United FC (27),3-2,?,Hartlepool United FC (41)
?,(Fri) 18 Apr 1986 (15),Southend United FC (28),3-1,?,Hereford United FC (1924-2014) (41)
?,(Fri) 23 Aug 1985 (33),Southend United FC (29),5-1,?,Leyton Orient FC (41)
?,(Tue) 15 Apr 1986 (15),Southend United FC (30),3-1,?,Mansfield Town FC (41)
?,(Fri) 6 Dec 1985 (48),Southend United FC (31),0-4,?,Northampton Town FC (41)
?,(Sat) 29 Mar 1986 (12),Southend United FC (32),0-1,?,Peterborough United FC (41)
?,(Mon) 5 May 1986 (18),Southend United FC (33),2-1,?,Port Vale FC (41)
?,(Fri) 25 Oct 1985 (42),Southend United FC (34),2-1,?,Preston North End FC (41)
?,(Fri) 2 May 1986 (17),Southend United FC (35),5-0,?,Rochdale AFC (41)
?,(Sat) 14 Sep 1985 (36),Southend United FC (36),2-1,?,Scunthorpe United FC (41)
?,(Tue) 1 Oct 1985 (39),Southend United FC (37),0-0,?,Stockport County FC (19)
?,(Fri) 30 Aug 1985 (34),Southend United FC (38),0-0,?,Swindon Town FC (19)
?,(Fri) 4 Apr 1986 (13),Southend United FC (39),1-2,?,Torquay United FC (19)
?,(Fri) 4 Oct 1985 (39),Southend United FC (40),2-2,?,Tranmere Rovers FC (19)
?,(Fri) 20 Sep 1985 (37),Southend United FC (41),3-0,?,Wrexham AFC (19)
?,(Sat) 23 Nov 1985 (46),Stockport County FC (20),3-2,?,Aldershot Town FC (42)
?,(Fri) 20 Dec 1985 (50),Stockport County FC (21),1-1,?,Burnley FC (42)
?,(Fri) 1 Nov 1985 (43),Stockport County FC (22),3-1,?,Cambridge United FC (42)
?,(Sat) 28 Sep 1985 (38),Stockport County FC (23),2-2,?,Chester FC (42)
?,(Fri) 17 Jan 1986 (2),Stockport County FC (24),1-1,?,Colchester United FC (42)
?,(Fri) 31 Jan 1986 (4),Stockport County FC (25),3-0,?,Crewe Alexandra FC (42)
?,(Mon) 24 Feb 1986 (8),Stockport County FC (26),1-1,?,Exeter City FC (42)
?,(Mon) 4 Nov 1985 (44),Stockport County FC (27),2-1,?,FC Halifax Town (42)
?,(Fri) 11 Oct 1985 (40),Stockport County FC (28),1-3,?,Hartlepool United FC (42)
?,(Mon) 16 Sep 1985 (37),Stockport County FC (29),1-1,?,Hereford United FC (1924-2014) (42)
?,(Fri) 21 Mar 1986 (11),Stockport County FC (30),2-3,?,Leyton Orient FC (42)
?,(Mon) 31 Mar 1986 (13),Stockport County FC (31),0-2,?,Mansfield Town FC (42)
?,(Fri) 21 Feb 1986 (7),Stockport County FC (32),1-0,?,Northampton Town FC (42)
?,(Fri) 18 Oct 1985 (41),Stockport County FC (33),2-2,?,Peterborough United FC (42)
?,(Fri) 11 Apr 1986 (14),Stockport County FC (34),1-2,?,Port Vale FC (42)
?,(Fri) 24 Jan 1986 (3),Stockport County FC (35),2-1,?,Preston North End FC (42)
?,(Sat) 28 Dec 1985 (51),Stockport County FC (36),3-0,?,Rochdale AFC (42)
?,(Wed) 1 Jan 1986 (0),Stockport County FC (37),0-0,?,Scunthorpe United FC (42)
?,(Mon) 3 Mar 1986 (9),Stockport County FC (38),2-1,?,Southend United FC (42)
?,(Mon) 3 Feb 1986 (5),Stockport County FC (39),0-2,?,Swindon Town FC (20)
?,(Fri) 7 Mar 1986 (9),Stockport County FC (40),1-1,?,Torquay United FC (20)
?,(Fri) 25 Apr 1986 (16),Stockport County FC (41),1-1,?,Tranmere Rovers FC (20)
?,(Fri) 13 Dec 1985 (49),Stockport County FC (42),2-0,?,Wrexham AFC (20)
?,(Mon) 31 Mar 1986 (13),Swindon Town FC (21),4-1,?,Aldershot Town FC (43)
?,(Sat) 15 Mar 1986 (10),Swindon Town FC (22),3-1,?,Burnley FC (43)
?,(Wed) 6 Nov 1985 (44),Swindon Town FC (23),1-0,?,Cambridge United FC (43)
?,(Tue) 8 Apr 1986 (14),Swindon Town FC (24),4-2,?,Chester FC (43)
?,(Wed) 1 Jan 1986 (0),Swindon Town FC (25),2-1,?,Colchester United FC (43)
?,(Mon) 5 May 1986 (18),Swindon Town FC (26),1-0,?,Crewe Alexandra FC (43)
?,(Tue) 1 Oct 1985 (39),Swindon Town FC (27),2-1,?,Exeter City FC (43)
?,(Sat) 14 Dec 1985 (49),Swindon Town FC (28),3-2,?,FC Halifax Town (43)
?,(Tue) 25 Mar 1986 (12),Swindon Town FC (29),3-1,?,Hartlepool United FC (43)
?,(Sun) 22 Dec 1985 (50),Swindon Town FC (30),1-0,?,Hereford United FC (1924-2014) (43)
?,(Sun) 27 Apr 1986 (16),Swindon Town FC (31),4-1,?,Leyton Orient FC (43)
?,(Sat) 23 Nov 1985 (46),Swindon Town FC (32),2-1,?,Mansfield Town FC (43)
?,(Fri) 6 Sep 1985 (35),Swindon Town FC (33),3-2,?,Northampton Town FC (43)
?,(Tue) 15 Apr 1986 (15),Swindon Town FC (34),3-0,?,Peterborough United FC (43)
?,(Sun) 23 Mar 1986 (11),Swindon Town FC (35),0-0,?,Port Vale FC (43)
?,(Sat) 7 Dec 1985 (48),Swindon Town FC (36),4-1,?,Preston North End FC (43)
?,(Sat) 5 Oct 1985 (39),Swindon Town FC (37),4-0,?,Rochdale AFC (43)
?,(Sat) 12 Apr 1986 (14),Swindon Town FC (38),1-1,?,Scunthorpe United FC (43)
?,(Sun) 12 Jan 1986 (1),Swindon Town FC (39),2-1,?,Southend United FC (43)
?,(Tue) 22 Oct 1985 (42),Swindon Town FC (40),1-0,?,Stockport County FC (43)
?,(Mon) 26 Aug 1985 (34),Swindon Town FC (41),2-1,?,Torquay United FC (21)
?,(Sat) 2 Nov 1985 (43),Swindon Town FC (42),2-1,?,Tranmere Rovers FC (21)
?,(Sat) 17 Aug 1985 (32),Swindon Town FC (43),0-1,?,Wrexham AFC (21)
?,(Tue) 8 Apr 1986 (14),Torquay United FC (22),1-2,?,Aldershot Town FC (44)
?,(Tue) 4 Feb 1986 (5),Torquay United FC (23),2-0,?,Burnley FC (44)
?,(Sat) 14 Dec 1985 (49),Torquay United FC (24),1-1,?,Cambridge United FC (44)
?,(Sat) 14 Sep 1985 (36),Torquay United FC (25),0-3,?,Chester FC (44)
?,(Sat) 31 Aug 1985 (34),Torquay United FC (26),2-1,?,Colchester United FC (44)
?,(Sat) 1 Mar 1986 (8),Torquay United FC (27),0-0,?,Crewe Alexandra FC (44)
?,(Tue) 1 Apr 1986 (13),Torquay United FC (28),1-2,?,Exeter City FC (44)
?,(Tue) 1 Oct 1985 (39),Torquay United FC (29),2-0,?,FC Halifax Town (44)
?,(Sat) 21 Sep 1985 (37),Torquay United FC (30),1-3,?,Hartlepool United FC (44)
?,(Sat) 15 Mar 1986 (10),Torquay United FC (31),2-1,?,Hereford United FC (1924-2014) (44)
?,(Sat) 2 Nov 1985 (43),Torquay United FC (32),2-2,?,Leyton Orient FC (44)
?,(Sat) 22 Mar 1986 (11),Torquay United FC (33),1-2,?,Mansfield Town FC (44)
?,(Sat) 19 Oct 1985 (41),Torquay United FC (34),1-1,?,Northampton Town FC (44)
?,(Tue) 11 Mar 1986 (10),Torquay United FC (35),2-0,?,Peterborough United FC (44)
?,(Sat) 26 Apr 1986 (16),Torquay United FC (36),0-1,?,Port Vale FC (44)
?,(Sat) 1 Feb 1986 (4),Torquay United FC (37),1-0,?,Preston North End FC (44)
?,(Sat) 24 Aug 1985 (33),Torquay United FC (38),1-2,?,Rochdale AFC (44)
?,(Sat) 18 Jan 1986 (2),Torquay United FC (39),1-0,?,Scunthorpe United FC (44)
?,(Wed) 6 Nov 1985 (44),Torquay United FC (40),2-2,?,Southend United FC (44)
?,(Sat) 5 Oct 1985 (39),Torquay United FC (41),4-3,?,Stockport County FC (44)
?,(Sat) 28 Dec 1985 (51),Torquay United FC (42),0-1,?,Swindon Town FC (44)
?,(Sat) 12 Apr 1986 (14),Torquay United FC (43),1-2,?,Tranmere Rovers FC (22)
?,(Sat) 23 Nov 1985 (46),Torquay United FC (44),1-3,?,Wrexham AFC (22)
?,(Sat) 21 Sep 1985 (37),Tranmere Rovers FC (23),3-0,?,Aldershot Town FC (45)
?,(Thu) 26 Dec 1985 (51),Tranmere Rovers FC (24),2-1,?,Burnley FC (45)
?,(Fri) 23 Aug 1985 (33),Tranmere Rovers FC (25),6-2,?,Cambridge United FC (45)
?,(Sat) 31 Aug 1985 (34),Tranmere Rovers FC (26),2-3,?,Chester FC (45)
?,(Sat) 14 Sep 1985 (36),Tranmere Rovers FC (27),3-4,?,Colchester United FC (45)
?,(Sat) 29 Mar 1986 (12),Tranmere Rovers FC (28),0-1,?,Crewe Alexandra FC (45)
?,(Fri) 28 Feb 1986 (8),Tranmere Rovers FC (29),0-1,?,Exeter City FC (45)
?,(Fri) 7 Feb 1986 (5),Tranmere Rovers FC (30),0-3,?,FC Halifax Town (45)
?,(Fri) 18 Apr 1986 (15),Tranmere Rovers FC (31),4-2,?,Hartlepool United FC (45)
?,(Fri) 2 May 1986 (17),Tranmere Rovers FC (32),1-2,?,Hereford United FC (1924-2014) (45)
?,(Fri) 17 Jan 1986 (2),Tranmere Rovers FC (33),0-3,?,Leyton Orient FC (45)
?,(Tue) 22 Oct 1985 (42),Tranmere Rovers FC (34),1-2,?,Mansfield Town FC (45)
?,(Fri) 4 Apr 1986 (13),Tranmere Rovers FC (35),1-3,?,Northampton Town FC (45)
?,(Tue) 29 Oct 1985 (43),Tranmere Rovers FC (36),7-0,?,Peterborough United FC (45)
?,(Sat) 12 Oct 1985 (40),Tranmere Rovers FC (37),1-2,?,Port Vale FC (45)
?,(Tue) 25 Mar 1986 (12),Tranmere Rovers FC (38),2-3,?,Preston North End FC (45)
?,(Sat) 26 Oct 1985 (42),Tranmere Rovers FC (39),2-0,?,Rochdale AFC (45)
?,(Fri) 31 Jan 1986 (4),Tranmere Rovers FC (40),2-1,?,Scunthorpe United FC (45)
?,(Fri) 7 Mar 1986 (9),Tranmere Rovers FC (41),1-1,?,Southend United FC (45)
?,(Fri) 29 Nov 1985 (47),Tranmere Rovers FC (42),2-3,?,Stockport County FC (45)
?,(Sat) 4 Jan 1986 (0),Tranmere Rovers FC (43),3-1,?,Swindon Town FC (45)
?,(Sat) 9 Nov 1985 (44),Tranmere Rovers FC (44),2-0,?,Torquay United FC (45)
?,(Sat) 15 Feb 1986 (6),Tranmere Rovers FC (45),1-3,?,Wrexham AFC (23)
?,(Tue) 25 Mar 1986 (12),Wrexham AFC (24),4-1,?,Aldershot Town FC (46)
?,(Sat) 29 Mar 1986 (12),Wrexham AFC (25),0-1,?,Burnley FC (46)
?,(Tue) 15 Oct 1985 (41),Wrexham AFC (26),6-2,?,Cambridge United FC (46)
?,(Sat) 26 Oct 1985 (42),Wrexham AFC (27),1-1,?,Chester FC (46)
?,(Sat) 24 Aug 1985 (33),Wrexham AFC (28),2-1,?,Colchester United FC (46)
?,(Sat) 31 Aug 1985 (34),Wrexham AFC (29),2-1,?,Crewe Alexandra FC (46)
?,(Sat) 14 Sep 1985 (36),Wrexham AFC (30),1-1,?,Exeter City FC (46)
?,(Sat) 12 Oct 1985 (40),Wrexham AFC (31),2-1,?,FC Halifax Town (46)
?,(Tue) 25 Feb 1986 (8),Wrexham AFC (32),1-0,?,Hartlepool United FC (46)
?,(Sat) 9 Nov 1985 (44),Wrexham AFC (33),0-1,?,Hereford United FC (1924-2014) (46)
?,(Sat) 28 Sep 1985 (38),Wrexham AFC (34),1-3,?,Leyton Orient FC (46)
?,(Sat) 1 Feb 1986 (4),Wrexham AFC (35),1-2,?,Mansfield Town FC (46)
?,(Tue) 4 Mar 1986 (9),Wrexham AFC (36),1-0,?,Northampton Town FC (46)
?,(Sat) 5 Apr 1986 (13),Wrexham AFC (37),0-1,?,Peterborough United FC (46)
?,(Sat) 8 Mar 1986 (9),Wrexham AFC (38),1-3,?,Port Vale FC (46)
?,(Thu) 26 Dec 1985 (51),Wrexham AFC (39),1-1,?,Preston North End FC (46)
?,(Tue) 11 Mar 1986 (10),Wrexham AFC (40),2-0,?,Rochdale AFC (46)
?,(Tue) 29 Apr 1986 (17),Wrexham AFC (41),1-0,?,Scunthorpe United FC (46)
?,(Tue) 8 Apr 1986 (14),Wrexham AFC (42),0-0,?,Southend United FC (46)
?,(Sat) 3 May 1986 (17),Wrexham AFC (43),3-0,?,Stockport County FC (46)
?,(Sat) 18 Jan 1986 (2),Wrexham AFC (44),0-1,?,Swindon Town FC (46)
?,(Sat) 19 Apr 1986 (15),Wrexham AFC (45),3-2,?,Torquay United FC (46)
?,(Tue) 17 Sep 1985 (37),Wrexham AFC (46),1-1,?,Tranmere Rovers FC (46)
