Round,Date,Team 1,FT,HT,Team 2
?,(Sat) 28 Aug 1982 (34),Brentford FC (1),5-1,?,Bristol Rovers FC (1)
?,(Sat) 28 Aug 1982 (34),AFC Bournemouth (1),3-0,?,Walsall FC (1)
?,(Sat) 28 Aug 1982 (34),Doncaster Rovers FC (1),0-0,?,Newport County AFC (1)
?,(Sat) 28 Aug 1982 (34),Chesterfield FC (1),1-2,?,Leyton Orient FC (1)
?,(Sat) 28 Aug 1982 (34),Lincoln City FC (1),2-1,?,Wigan Athletic FC (1)
?,(Sat) 28 Aug 1982 (34),Portsmouth FC (1),4-1,?,Sheffield United FC (1)
?,(Sat) 28 Aug 1982 (34),Plymouth Argyle FC (1),1-0,?,Southend United FC (1)
?,(Sat) 28 Aug 1982 (34),Huddersfield Town AFC (1),1-1,?,Exeter City FC (1)
?,(Sat) 28 Aug 1982 (34),Gillingham FC (1),0-1,?,Oxford United FC (1)
?,(Sat) 28 Aug 1982 (34),Preston North End FC (1),3-2,?,Millwall FC (1)
?,(Sat) 28 Aug 1982 (34),Bradford City AFC (1),3-2,?,Reading FC (1)
?,(Sat) 28 Aug 1982 (34),Cardiff City FC (1),1-2,?,Wrexham AFC (1)
?,(Sat) 4 Sep 1982 (35),Wrexham AFC (2),1-1,?,Huddersfield Town AFC (2)
?,(Sat) 4 Sep 1982 (35),Exeter City FC (2),2-2,?,Gillingham FC (2)
?,(Sat) 4 Sep 1982 (35),Walsall FC (2),0-3,?,Portsmouth FC (2)
?,(Sat) 4 Sep 1982 (35),Oxford United FC (2),2-0,?,AFC Bournemouth (2)
?,(Sat) 4 Sep 1982 (35),Leyton Orient FC (2),0-1,?,Bradford City AFC (2)
?,(Sat) 4 Sep 1982 (35),Southend United FC (2),2-0,?,Lincoln City FC (2)
?,(Sat) 4 Sep 1982 (35),Reading FC (2),3-2,?,Plymouth Argyle FC (2)
?,(Sat) 4 Sep 1982 (35),Bristol Rovers FC (2),2-0,?,Doncaster Rovers FC (2)
?,(Sat) 4 Sep 1982 (35),Newport County AFC (2),1-0,?,Chesterfield FC (2)
?,(Sat) 4 Sep 1982 (35),Wigan Athletic FC (2),3-2,?,Brentford FC (2)
?,(Sat) 4 Sep 1982 (35),Sheffield United FC (2),2-1,?,Preston North End FC (2)
?,(Sun) 5 Sep 1982 (35),Millwall FC (2),0-4,?,Cardiff City FC (2)
?,(Mon) 6 Sep 1982 (36),Southend United FC (3),2-0,?,Chesterfield FC (3)
?,(Tue) 7 Sep 1982 (36),Wrexham AFC (3),0-1,?,Lincoln City FC (3)
?,(Tue) 7 Sep 1982 (36),Sheffield United FC (3),2-0,?,Huddersfield Town AFC (3)
?,(Tue) 7 Sep 1982 (36),Wigan Athletic FC (3),3-2,?,Bradford City AFC (3)
?,(Tue) 7 Sep 1982 (36),Newport County AFC (3),2-2,?,Plymouth Argyle FC (3)
?,(Tue) 7 Sep 1982 (36),Walsall FC (3),2-1,?,Preston North End FC (3)
?,(Tue) 7 Sep 1982 (36),Bristol Rovers FC (3),2-1,?,Gillingham FC (3)
?,(Wed) 8 Sep 1982 (36),Leyton Orient FC (3),4-0,?,Cardiff City FC (3)
?,(Wed) 8 Sep 1982 (36),Exeter City FC (3),1-1,?,Portsmouth FC (3)
?,(Wed) 8 Sep 1982 (36),Millwall FC (3),2-0,?,AFC Bournemouth (3)
?,(Wed) 8 Sep 1982 (36),Reading FC (3),1-1,?,Brentford FC (3)
?,(Wed) 8 Sep 1982 (36),Oxford United FC (3),3-0,?,Doncaster Rovers FC (3)
?,(Fri) 10 Sep 1982 (36),Doncaster Rovers FC (4),6-1,?,Exeter City FC (4)
?,(Sat) 11 Sep 1982 (36),Preston North End FC (4),1-2,?,Oxford United FC (4)
?,(Sat) 11 Sep 1982 (36),AFC Bournemouth (4),0-0,?,Sheffield United FC (4)
?,(Sat) 11 Sep 1982 (36),Huddersfield Town AFC (4),2-2,?,Walsall FC (4)
?,(Sat) 11 Sep 1982 (36),Gillingham FC (4),1-0,?,Millwall FC (4)
?,(Sat) 11 Sep 1982 (36),Bradford City AFC (4),4-2,?,Newport County AFC (4)
?,(Sat) 11 Sep 1982 (36),Plymouth Argyle FC (4),2-0,?,Leyton Orient FC (4)
?,(Sat) 11 Sep 1982 (36),Portsmouth FC (4),3-0,?,Wrexham AFC (4)
?,(Sat) 11 Sep 1982 (36),Chesterfield FC (4),0-0,?,Bristol Rovers FC (4)
?,(Sat) 11 Sep 1982 (36),Brentford FC (4),4-2,?,Southend United FC (4)
?,(Sat) 11 Sep 1982 (36),Cardiff City FC (4),3-2,?,Wigan Athletic FC (4)
?,(Sat) 11 Sep 1982 (36),Lincoln City FC (4),4-0,?,Reading FC (4)
?,(Sat) 18 Sep 1982 (37),Walsall FC (5),1-2,?,Cardiff City FC (5)
?,(Sat) 18 Sep 1982 (37),Newport County AFC (5),2-1,?,Huddersfield Town AFC (5)
?,(Sat) 18 Sep 1982 (37),Bristol Rovers FC (5),1-2,?,Lincoln City FC (5)
?,(Sat) 18 Sep 1982 (37),Wigan Athletic FC (5),1-2,?,AFC Bournemouth (5)
?,(Sat) 18 Sep 1982 (37),Oxford United FC (5),1-1,?,Portsmouth FC (5)
?,(Sat) 18 Sep 1982 (37),Millwall FC (5),1-1,?,Bradford City AFC (5)
?,(Sat) 18 Sep 1982 (37),Sheffield United FC (5),3-1,?,Plymouth Argyle FC (5)
?,(Sat) 18 Sep 1982 (37),Leyton Orient FC (5),3-3,?,Brentford FC (5)
?,(Sat) 18 Sep 1982 (37),Reading FC (5),0-0,?,Chesterfield FC (5)
?,(Sat) 18 Sep 1982 (37),Southend United FC (5),3-2,?,Doncaster Rovers FC (5)
?,(Sat) 18 Sep 1982 (37),Exeter City FC (5),5-1,?,Preston North End FC (5)
?,(Sat) 18 Sep 1982 (37),Wrexham AFC (5),1-0,?,Gillingham FC (5)
?,(Sat) 25 Sep 1982 (38),Brentford FC (6),1-1,?,Millwall FC (6)
?,(Sat) 25 Sep 1982 (38),AFC Bournemouth (6),2-0,?,Exeter City FC (6)
?,(Sat) 25 Sep 1982 (38),Huddersfield Town AFC (6),2-0,?,Oxford United FC (6)
?,(Sat) 25 Sep 1982 (38),Cardiff City FC (6),2-0,?,Sheffield United FC (6)
?,(Sat) 25 Sep 1982 (38),Lincoln City FC (6),2-0,?,Leyton Orient FC (6)
?,(Sat) 25 Sep 1982 (38),Preston North End FC (6),2-2,?,Bristol Rovers FC (6)
?,(Sat) 25 Sep 1982 (38),Bradford City AFC (6),1-0,?,Southend United FC (6)
?,(Sat) 25 Sep 1982 (38),Doncaster Rovers FC (6),7-5,?,Reading FC (6)
?,(Sat) 25 Sep 1982 (38),Portsmouth FC (6),1-2,?,Newport County AFC (6)
?,(Sat) 25 Sep 1982 (38),Chesterfield FC (6),2-0,?,Wigan Athletic FC (6)
?,(Sat) 25 Sep 1982 (38),Plymouth Argyle FC (6),2-0,?,Wrexham AFC (6)
?,(Sat) 25 Sep 1982 (38),Gillingham FC (6),3-0,?,Walsall FC (6)
?,(Tue) 28 Sep 1982 (39),Brentford FC (7),2-0,?,Newport County AFC (7)
?,(Tue) 28 Sep 1982 (39),Doncaster Rovers FC (7),3-6,?,Wigan Athletic FC (7)
?,(Tue) 28 Sep 1982 (39),Cardiff City FC (7),2-0,?,Exeter City FC (7)
?,(Tue) 28 Sep 1982 (39),Gillingham FC (7),1-0,?,Reading FC (7)
?,(Tue) 28 Sep 1982 (39),Chesterfield FC (7),1-2,?,Oxford United FC (7)
?,(Tue) 28 Sep 1982 (39),Preston North End FC (7),3-0,?,Wrexham AFC (7)
?,(Tue) 28 Sep 1982 (39),AFC Bournemouth (7),0-2,?,Southend United FC (7)
?,(Tue) 28 Sep 1982 (39),Portsmouth FC (7),2-0,?,Millwall FC (7)
?,(Tue) 28 Sep 1982 (39),Plymouth Argyle FC (7),0-4,?,Bristol Rovers FC (7)
?,(Tue) 28 Sep 1982 (39),Huddersfield Town AFC (7),6-0,?,Leyton Orient FC (7)
?,(Wed) 29 Sep 1982 (39),Lincoln City FC (7),3-0,?,Sheffield United FC (7)
?,(Wed) 29 Sep 1982 (39),Bradford City AFC (7),1-1,?,Walsall FC (7)
?,(Fri) 1 Oct 1982 (39),Southend United FC (8),4-0,?,Portsmouth FC (8)
?,(Sat) 2 Oct 1982 (39),Oxford United FC (8),2-2,?,Cardiff City FC (8)
?,(Sat) 2 Oct 1982 (39),Wrexham AFC (8),1-0,?,AFC Bournemouth (8)
?,(Sat) 2 Oct 1982 (39),Wigan Athletic FC (8),3-0,?,Plymouth Argyle FC (8)
?,(Sat) 2 Oct 1982 (39),Reading FC (8),2-3,?,Preston North End FC (8)
?,(Sat) 2 Oct 1982 (39),Exeter City FC (8),2-3,?,Chesterfield FC (8)
?,(Sat) 2 Oct 1982 (39),Leyton Orient FC (8),1-0,?,Doncaster Rovers FC (8)
?,(Sat) 2 Oct 1982 (39),Sheffield United FC (8),0-2,?,Gillingham FC (8)
?,(Sat) 2 Oct 1982 (39),Millwall FC (8),3-0,?,Huddersfield Town AFC (8)
?,(Sat) 2 Oct 1982 (39),Newport County AFC (8),1-0,?,Lincoln City FC (8)
?,(Sat) 2 Oct 1982 (39),Bristol Rovers FC (8),4-1,?,Bradford City AFC (8)
?,(Sat) 2 Oct 1982 (39),Walsall FC (8),2-1,?,Brentford FC (8)
?,(Sat) 9 Oct 1982 (40),Reading FC (9),3-0,?,Leyton Orient FC (9)
?,(Sat) 9 Oct 1982 (40),Brentford FC (9),4-2,?,Chesterfield FC (9)
?,(Sat) 9 Oct 1982 (40),Millwall FC (9),2-1,?,Oxford United FC (9)
?,(Sat) 9 Oct 1982 (40),Huddersfield Town AFC (9),1-1,?,Portsmouth FC (9)
?,(Sat) 9 Oct 1982 (40),Walsall FC (9),0-0,?,Sheffield United FC (9)
?,(Sat) 9 Oct 1982 (40),Wrexham AFC (9),1-2,?,Exeter City FC (9)
?,(Sat) 9 Oct 1982 (40),AFC Bournemouth (9),3-1,?,Cardiff City FC (9)
?,(Sat) 9 Oct 1982 (40),Lincoln City FC (9),5-1,?,Doncaster Rovers FC (9)
?,(Sat) 9 Oct 1982 (40),Bradford City AFC (9),4-0,?,Plymouth Argyle FC (9)
?,(Sat) 9 Oct 1982 (40),Newport County AFC (9),2-0,?,Bristol Rovers FC (9)
?,(Sat) 9 Oct 1982 (40),Gillingham FC (9),2-1,?,Preston North End FC (9)
?,(Sat) 9 Oct 1982 (40),Wigan Athletic FC (9),4-0,?,Southend United FC (9)
?,(Fri) 15 Oct 1982 (41),Southend United FC (10),4-2,?,Reading FC (10)
?,(Sat) 16 Oct 1982 (41),Exeter City FC (10),2-1,?,Millwall FC (10)
?,(Sat) 16 Oct 1982 (41),Oxford United FC (10),4-2,?,Walsall FC (10)
?,(Sat) 16 Oct 1982 (41),Preston North End FC (10),0-0,?,Huddersfield Town AFC (10)
?,(Sat) 16 Oct 1982 (41),Bristol Rovers FC (10),4-0,?,Wigan Athletic FC (10)
?,(Sat) 16 Oct 1982 (41),Cardiff City FC (10),1-0,?,Gillingham FC (10)
?,(Sat) 16 Oct 1982 (41),Portsmouth FC (10),0-2,?,AFC Bournemouth (10)
?,(Sat) 16 Oct 1982 (41),Doncaster Rovers FC (10),4-4,?,Brentford FC (10)
?,(Sat) 16 Oct 1982 (41),Chesterfield FC (10),3-0,?,Bradford City AFC (10)
?,(Sat) 16 Oct 1982 (41),Plymouth Argyle FC (10),0-2,?,Lincoln City FC (10)
?,(Sat) 16 Oct 1982 (41),Sheffield United FC (10),2-0,?,Wrexham AFC (10)
?,(Sat) 16 Oct 1982 (41),Leyton Orient FC (10),1-5,?,Newport County AFC (10)
?,(Tue) 19 Oct 1982 (42),Huddersfield Town AFC (11),2-1,?,Southend United FC (11)
?,(Tue) 19 Oct 1982 (42),Walsall FC (11),0-1,?,Chesterfield FC (11)
?,(Tue) 19 Oct 1982 (42),Gillingham FC (11),4-0,?,Leyton Orient FC (11)
?,(Tue) 19 Oct 1982 (42),Sheffield United FC (11),1-1,?,Reading FC (11)
?,(Tue) 19 Oct 1982 (42),Bristol Rovers FC (11),4-0,?,Millwall FC (11)
?,(Tue) 19 Oct 1982 (42),Preston North End FC (11),0-0,?,Newport County AFC (11)
?,(Tue) 19 Oct 1982 (42),Plymouth Argyle FC (11),2-0,?,AFC Bournemouth (11)
?,(Tue) 19 Oct 1982 (42),Wigan Athletic FC (11),0-1,?,Portsmouth FC (11)
?,(Tue) 19 Oct 1982 (42),Doncaster Rovers FC (11),1-1,?,Wrexham AFC (11)
?,(Tue) 19 Oct 1982 (42),Cardiff City FC (11),1-0,?,Bradford City AFC (11)
?,(Wed) 20 Oct 1982 (42),Oxford United FC (11),2-2,?,Brentford FC (11)
?,(Wed) 20 Oct 1982 (42),Lincoln City FC (11),4-1,?,Exeter City FC (11)
?,(Sat) 23 Oct 1982 (42),Portsmouth FC (12),3-1,?,Preston North End FC (12)
?,(Sat) 23 Oct 1982 (42),Reading FC (12),2-1,?,Wigan Athletic FC (12)
?,(Sat) 23 Oct 1982 (42),Brentford FC (12),2-0,?,Lincoln City FC (12)
?,(Sat) 23 Oct 1982 (42),Chesterfield FC (12),1-2,?,Plymouth Argyle FC (12)
?,(Sat) 23 Oct 1982 (42),Bradford City AFC (12),1-0,?,Doncaster Rovers FC (12)
?,(Sat) 23 Oct 1982 (42),Newport County AFC (12),1-1,?,Southend United FC (12)
?,(Sat) 23 Oct 1982 (42),AFC Bournemouth (12),0-1,?,Gillingham FC (12)
?,(Sat) 23 Oct 1982 (42),Wrexham AFC (12),1-1,?,Oxford United FC (12)
?,(Sat) 23 Oct 1982 (42),Huddersfield Town AFC (12),4-0,?,Cardiff City FC (12)
?,(Sat) 23 Oct 1982 (42),Exeter City FC (12),0-3,?,Sheffield United FC (12)
?,(Sat) 23 Oct 1982 (42),Leyton Orient FC (12),1-5,?,Bristol Rovers FC (12)
?,(Sat) 23 Oct 1982 (42),Millwall FC (12),2-2,?,Walsall FC (12)
?,(Fri) 29 Oct 1982 (43),Southend United FC (13),1-1,?,Leyton Orient FC (13)
?,(Sat) 30 Oct 1982 (43),Gillingham FC (13),1-3,?,Huddersfield Town AFC (13)
?,(Sat) 30 Oct 1982 (43),Doncaster Rovers FC (13),0-0,?,Chesterfield FC (13)
?,(Sat) 30 Oct 1982 (43),Wigan Athletic FC (13),0-1,?,Newport County AFC (13)
?,(Sat) 30 Oct 1982 (43),Preston North End FC (13),0-1,?,AFC Bournemouth (13)
?,(Sat) 30 Oct 1982 (43),Cardiff City FC (13),1-0,?,Portsmouth FC (13)
?,(Sat) 30 Oct 1982 (43),Walsall FC (13),1-1,?,Wrexham AFC (13)
?,(Sat) 30 Oct 1982 (43),Bristol Rovers FC (13),3-0,?,Reading FC (13)
?,(Sat) 30 Oct 1982 (43),Oxford United FC (13),1-1,?,Exeter City FC (13)
?,(Sat) 30 Oct 1982 (43),Sheffield United FC (13),1-1,?,Millwall FC (13)
?,(Sat) 30 Oct 1982 (43),Plymouth Argyle FC (13),2-0,?,Brentford FC (13)
?,(Sat) 30 Oct 1982 (43),Lincoln City FC (13),1-0,?,Bradford City AFC (13)
?,(Tue) 2 Nov 1982 (44),Leyton Orient FC (14),2-1,?,Walsall FC (14)
?,(Tue) 2 Nov 1982 (44),Chesterfield FC (14),1-2,?,Gillingham FC (14)
?,(Tue) 2 Nov 1982 (44),Huddersfield Town AFC (14),3-0,?,Doncaster Rovers FC (14)
?,(Tue) 2 Nov 1982 (44),Millwall FC (14),2-2,?,Plymouth Argyle FC (14)
?,(Tue) 2 Nov 1982 (44),Portsmouth FC (14),4-1,?,Lincoln City FC (14)
?,(Tue) 2 Nov 1982 (44),Brentford FC (14),3-1,?,Preston North End FC (14)
?,(Tue) 2 Nov 1982 (44),Wrexham AFC (14),3-2,?,Southend United FC (14)
?,(Tue) 2 Nov 1982 (44),Newport County AFC (14),3-1,?,Sheffield United FC (14)
?,(Tue) 2 Nov 1982 (44),AFC Bournemouth (14),0-0,?,Bristol Rovers FC (14)
?,(Wed) 3 Nov 1982 (44),Bradford City AFC (14),3-2,?,Oxford United FC (14)
?,(Wed) 3 Nov 1982 (44),Exeter City FC (14),2-1,?,Wigan Athletic FC (14)
?,(Wed) 3 Nov 1982 (44),Reading FC (14),1-2,?,Cardiff City FC (14)
?,(Fri) 5 Nov 1982 (44),Southend United FC (15),1-0,?,Bristol Rovers FC (15)
?,(Sat) 6 Nov 1982 (44),Oxford United FC (15),0-0,?,Sheffield United FC (15)
?,(Sat) 6 Nov 1982 (44),AFC Bournemouth (15),0-1,?,Huddersfield Town AFC (15)
?,(Sat) 6 Nov 1982 (44),Reading FC (15),4-2,?,Newport County AFC (15)
?,(Sat) 6 Nov 1982 (44),Brentford FC (15),0-2,?,Bradford City AFC (15)
?,(Sat) 6 Nov 1982 (44),Chesterfield FC (15),1-3,?,Lincoln City FC (15)
?,(Sat) 6 Nov 1982 (44),Portsmouth FC (15),1-0,?,Gillingham FC (15)
?,(Sat) 6 Nov 1982 (44),Millwall FC (15),1-1,?,Wrexham AFC (15)
?,(Sat) 6 Nov 1982 (44),Exeter City FC (15),4-3,?,Walsall FC (15)
?,(Sat) 6 Nov 1982 (44),Leyton Orient FC (15),1-1,?,Wigan Athletic FC (15)
?,(Sat) 6 Nov 1982 (44),Cardiff City FC (15),3-1,?,Preston North End FC (15)
?,(Mon) 8 Nov 1982 (45),Doncaster Rovers FC (15),2-2,?,Plymouth Argyle FC (15)
?,(Sat) 13 Nov 1982 (45),Lincoln City FC (16),2-1,?,Cardiff City FC (16)
?,(Sat) 13 Nov 1982 (45),Huddersfield Town AFC (16),2-0,?,Brentford FC (16)
?,(Sat) 13 Nov 1982 (45),Wrexham AFC (16),1-0,?,Leyton Orient FC (16)
?,(Sat) 13 Nov 1982 (45),Walsall FC (16),2-1,?,Reading FC (16)
?,(Sat) 13 Nov 1982 (45),Bristol Rovers FC (16),5-1,?,Portsmouth FC (16)
?,(Sat) 13 Nov 1982 (45),Sheffield United FC (16),0-1,?,Southend United FC (16)
?,(Sat) 13 Nov 1982 (45),Preston North End FC (16),1-1,?,Chesterfield FC (16)
?,(Sat) 13 Nov 1982 (45),Bradford City AFC (16),3-3,?,Exeter City FC (16)
?,(Sat) 13 Nov 1982 (45),Newport County AFC (16),5-1,?,AFC Bournemouth (16)
?,(Sat) 13 Nov 1982 (45),Wigan Athletic FC (16),3-1,?,Millwall FC (16)
?,(Sat) 13 Nov 1982 (45),Gillingham FC (16),1-1,?,Doncaster Rovers FC (16)
?,(Sat) 13 Nov 1982 (45),Plymouth Argyle FC (16),2-1,?,Oxford United FC (16)
?,(Sat) 27 Nov 1982 (47),AFC Bournemouth (17),2-2,?,Bradford City AFC (17)
?,(Sat) 27 Nov 1982 (47),Preston North End FC (17),2-2,?,Plymouth Argyle FC (17)
?,(Sat) 27 Nov 1982 (47),Gillingham FC (17),0-2,?,Wigan Athletic FC (17)
?,(Sat) 27 Nov 1982 (47),Wrexham AFC (17),1-0,?,Newport County AFC (17)
?,(Sat) 27 Nov 1982 (47),Huddersfield Town AFC (17),3-1,?,Bristol Rovers FC (17)
?,(Sat) 27 Nov 1982 (47),Exeter City FC (17),2-0,?,Leyton Orient FC (17)
?,(Sat) 27 Nov 1982 (47),Portsmouth FC (17),2-1,?,Doncaster Rovers FC (17)
?,(Sat) 27 Nov 1982 (47),Sheffield United FC (17),1-2,?,Brentford FC (17)
?,(Sat) 27 Nov 1982 (47),Walsall FC (17),1-3,?,Southend United FC (17)
?,(Sun) 28 Nov 1982 (47),Millwall FC (17),1-1,?,Reading FC (17)
?,(Tue) 30 Nov 1982 (48),Bristol Rovers FC (18),1-1,?,AFC Bournemouth (18)
?,(Fri) 3 Dec 1982 (48),Southend United FC (18),2-3,?,Preston North End FC (18)
?,(Sat) 4 Dec 1982 (48),Brentford FC (18),4-1,?,Wrexham AFC (18)
?,(Sat) 4 Dec 1982 (48),Doncaster Rovers FC (18),2-2,?,Cardiff City FC (17)
?,(Sat) 4 Dec 1982 (48),Plymouth Argyle FC (18),2-1,?,Huddersfield Town AFC (18)
?,(Sat) 4 Dec 1982 (48),Newport County AFC (18),2-1,?,Gillingham FC (18)
?,(Sat) 4 Dec 1982 (48),Bradford City AFC (18),2-2,?,Portsmouth FC (18)
?,(Sat) 4 Dec 1982 (48),Bristol Rovers FC (19),2-0,?,Walsall FC (18)
?,(Sat) 4 Dec 1982 (48),Wigan Athletic FC (18),3-2,?,Sheffield United FC (18)
?,(Sat) 4 Dec 1982 (48),Chesterfield FC (17),0-0,?,AFC Bournemouth (19)
?,(Sat) 4 Dec 1982 (48),Lincoln City FC (17),3-1,?,Millwall FC (18)
?,(Sat) 4 Dec 1982 (48),Leyton Orient FC (18),1-5,?,Oxford United FC (17)
?,(Sat) 4 Dec 1982 (48),Reading FC (18),3-1,?,Exeter City FC (18)
?,(Tue) 7 Dec 1982 (49),Cardiff City FC (18),1-1,?,Chesterfield FC (18)
?,(Sat) 11 Dec 1982 (49),Exeter City FC (19),2-2,?,Reading FC (19)
?,(Fri) 17 Dec 1982 (50),Leyton Orient FC (19),2-1,?,Preston North End FC (19)
?,(Fri) 17 Dec 1982 (50),Southend United FC (19),1-2,?,Cardiff City FC (19)
?,(Sat) 18 Dec 1982 (50),Newport County AFC (19),1-1,?,Walsall FC (19)
?,(Sat) 18 Dec 1982 (50),Reading FC (20),1-1,?,Huddersfield Town AFC (19)
?,(Sat) 18 Dec 1982 (50),Chesterfield FC (19),0-1,?,Portsmouth FC (19)
?,(Sat) 18 Dec 1982 (50),Plymouth Argyle FC (19),2-0,?,Gillingham FC (19)
?,(Sat) 18 Dec 1982 (50),Wigan Athletic FC (19),0-1,?,Oxford United FC (18)
?,(Sat) 18 Dec 1982 (50),Lincoln City FC (18),9-0,?,AFC Bournemouth (20)
?,(Sat) 18 Dec 1982 (50),Bristol Rovers FC (20),4-0,?,Wrexham AFC (19)
?,(Sat) 18 Dec 1982 (50),Doncaster Rovers FC (19),2-1,?,Millwall FC (19)
?,(Sat) 18 Dec 1982 (50),Brentford FC (19),4-0,?,Exeter City FC (20)
?,(Sun) 26 Dec 1982 (51),Millwall FC (20),0-1,?,Leyton Orient FC (20)
?,(Mon) 27 Dec 1982 (52),Portsmouth FC (20),2-1,?,Brentford FC (20)
?,(Mon) 27 Dec 1982 (52),Walsall FC (20),1-1,?,Lincoln City FC (19)
?,(Mon) 27 Dec 1982 (52),Cardiff City FC (20),3-2,?,Newport County AFC (20)
?,(Mon) 27 Dec 1982 (52),Oxford United FC (19),4-2,?,Bristol Rovers FC (21)
?,(Mon) 27 Dec 1982 (52),Gillingham FC (20),1-0,?,Southend United FC (20)
?,(Mon) 27 Dec 1982 (52),AFC Bournemouth (21),1-1,?,Reading FC (21)
?,(Mon) 27 Dec 1982 (52),Sheffield United FC (19),3-1,?,Doncaster Rovers FC (20)
?,(Mon) 27 Dec 1982 (52),Exeter City FC (21),1-0,?,Plymouth Argyle FC (20)
?,(Mon) 27 Dec 1982 (52),Preston North End FC (20),0-0,?,Bradford City AFC (19)
?,(Mon) 27 Dec 1982 (52),Huddersfield Town AFC (20),3-1,?,Chesterfield FC (20)
?,(Mon) 27 Dec 1982 (52),Wrexham AFC (20),1-1,?,Wigan Athletic FC (20)
?,(Tue) 28 Dec 1982 (52),Brentford FC (21),1-1,?,Gillingham FC (21)
?,(Tue) 28 Dec 1982 (52),Lincoln City FC (20),1-2,?,Huddersfield Town AFC (21)
?,(Tue) 28 Dec 1982 (52),Southend United FC (21),1-1,?,Millwall FC (21)
?,(Tue) 28 Dec 1982 (52),Chesterfield FC (21),3-1,?,Sheffield United FC (20)
?,(Tue) 28 Dec 1982 (52),Newport County AFC (21),1-2,?,Oxford United FC (20)
?,(Tue) 28 Dec 1982 (52),Doncaster Rovers FC (21),2-0,?,Preston North End FC (21)
?,(Tue) 28 Dec 1982 (52),Bradford City AFC (20),0-0,?,Wrexham AFC (21)
?,(Tue) 28 Dec 1982 (52),Plymouth Argyle FC (21),3-2,?,Cardiff City FC (21)
?,(Tue) 28 Dec 1982 (52),Reading FC (22),1-2,?,Portsmouth FC (21)
?,(Tue) 28 Dec 1982 (52),Leyton Orient FC (21),5-0,?,AFC Bournemouth (22)
?,(Wed) 29 Dec 1982 (52),Wigan Athletic FC (21),1-3,?,Walsall FC (21)
?,(Wed) 29 Dec 1982 (52),Bristol Rovers FC (22),4-4,?,Exeter City FC (22)
?,(Sat) 1 Jan 1983 (0),Portsmouth FC (22),2-1,?,Plymouth Argyle FC (22)
?,(Sat) 1 Jan 1983 (0),Exeter City FC (23),0-1,?,Newport County AFC (22)
?,(Sat) 1 Jan 1983 (0),Walsall FC (22),1-0,?,Doncaster Rovers FC (22)
?,(Sat) 1 Jan 1983 (0),Cardiff City FC (22),3-1,?,Bristol Rovers FC (23)
?,(Sat) 1 Jan 1983 (0),Millwall FC (22),1-1,?,Chesterfield FC (22)
?,(Sat) 1 Jan 1983 (0),Oxford United FC (21),1-0,?,Southend United FC (22)
?,(Sat) 1 Jan 1983 (0),Preston North End FC (22),4-1,?,Wigan Athletic FC (22)
?,(Sat) 1 Jan 1983 (0),Gillingham FC (22),0-2,?,Lincoln City FC (21)
?,(Sat) 1 Jan 1983 (0),Wrexham AFC (22),4-0,?,Reading FC (23)
?,(Sat) 1 Jan 1983 (0),Huddersfield Town AFC (22),6-3,?,Bradford City AFC (21)
?,(Sat) 1 Jan 1983 (0),AFC Bournemouth (23),4-3,?,Brentford FC (22)
?,(Sat) 1 Jan 1983 (0),Sheffield United FC (21),3-0,?,Leyton Orient FC (22)
?,(Mon) 3 Jan 1983 (1),Bradford City AFC (22),1-1,?,Gillingham FC (23)
?,(Mon) 3 Jan 1983 (1),Newport County AFC (23),2-2,?,Millwall FC (23)
?,(Mon) 3 Jan 1983 (1),Wigan Athletic FC (23),2-0,?,Huddersfield Town AFC (23)
?,(Mon) 3 Jan 1983 (1),Reading FC (24),0-3,?,Oxford United FC (22)
?,(Mon) 3 Jan 1983 (1),Brentford FC (23),1-3,?,Cardiff City FC (23)
?,(Mon) 3 Jan 1983 (1),Lincoln City FC (22),3-0,?,Preston North End FC (23)
?,(Mon) 3 Jan 1983 (1),Southend United FC (23),1-1,?,Exeter City FC (24)
?,(Mon) 3 Jan 1983 (1),Chesterfield FC (23),5-1,?,Wrexham AFC (23)
?,(Mon) 3 Jan 1983 (1),Doncaster Rovers FC (23),2-1,?,AFC Bournemouth (24)
?,(Sat) 8 Jan 1983 (1),Gillingham FC (24),4-4,?,Exeter City FC (25)
?,(Sat) 8 Jan 1983 (1),Doncaster Rovers FC (24),1-2,?,Bristol Rovers FC (24)
?,(Sat) 8 Jan 1983 (1),Brentford FC (24),1-3,?,Wigan Athletic FC (24)
?,(Wed) 12 Jan 1983 (2),Bradford City AFC (23),2-3,?,Leyton Orient FC (23)
?,(Fri) 14 Jan 1983 (2),Southend United FC (24),3-1,?,Plymouth Argyle FC (23)
?,(Sat) 15 Jan 1983 (2),Wigan Athletic FC (25),2-1,?,Lincoln City FC (23)
?,(Sat) 15 Jan 1983 (2),Walsall FC (23),3-1,?,AFC Bournemouth (25)
?,(Sat) 15 Jan 1983 (2),Oxford United FC (23),1-1,?,Gillingham FC (25)
?,(Sat) 15 Jan 1983 (2),Leyton Orient FC (24),2-0,?,Chesterfield FC (24)
?,(Sat) 15 Jan 1983 (2),Bristol Rovers FC (25),2-0,?,Brentford FC (25)
?,(Sat) 15 Jan 1983 (2),Wrexham AFC (24),0-0,?,Cardiff City FC (24)
?,(Sat) 15 Jan 1983 (2),Reading FC (25),2-1,?,Bradford City AFC (24)
?,(Sat) 15 Jan 1983 (2),Millwall FC (24),1-0,?,Preston North End FC (24)
?,(Sat) 15 Jan 1983 (2),Exeter City FC (26),3-4,?,Huddersfield Town AFC (24)
?,(Sat) 15 Jan 1983 (2),Newport County AFC (24),1-2,?,Doncaster Rovers FC (25)
?,(Sat) 15 Jan 1983 (2),Sheffield United FC (22),2-1,?,Portsmouth FC (23)
?,(Tue) 18 Jan 1983 (3),Leyton Orient FC (25),2-1,?,Portsmouth FC (24)
?,(Sat) 22 Jan 1983 (3),Portsmouth FC (25),1-0,?,Oxford United FC (24)
?,(Sat) 22 Jan 1983 (3),Huddersfield Town AFC (25),0-0,?,Sheffield United FC (23)
?,(Sat) 22 Jan 1983 (3),Chesterfield FC (25),0-0,?,Reading FC (26)
?,(Sat) 22 Jan 1983 (3),AFC Bournemouth (26),3-0,?,Millwall FC (25)
?,(Sat) 22 Jan 1983 (3),Gillingham FC (26),1-1,?,Wrexham AFC (25)
?,(Sat) 22 Jan 1983 (3),Lincoln City FC (24),2-1,?,Bristol Rovers FC (26)
?,(Sat) 22 Jan 1983 (3),Bradford City AFC (25),0-1,?,Wigan Athletic FC (26)
?,(Sat) 22 Jan 1983 (3),Cardiff City FC (25),3-1,?,Walsall FC (24)
?,(Sat) 22 Jan 1983 (3),Doncaster Rovers FC (26),0-0,?,Southend United FC (25)
?,(Sat) 22 Jan 1983 (3),Brentford FC (26),5-2,?,Leyton Orient FC (26)
?,(Sat) 22 Jan 1983 (3),Plymouth Argyle FC (24),2-4,?,Newport County AFC (25)
?,(Sat) 22 Jan 1983 (3),Preston North End FC (25),2-2,?,Exeter City FC (27)
?,(Sat) 29 Jan 1983 (4),Sheffield United FC (24),2-2,?,AFC Bournemouth (27)
?,(Sat) 29 Jan 1983 (4),Newport County AFC (26),1-1,?,Bradford City AFC (26)
?,(Sat) 29 Jan 1983 (4),Southend United FC (26),4-2,?,Brentford FC (27)
?,(Sat) 29 Jan 1983 (4),Walsall FC (25),2-0,?,Huddersfield Town AFC (26)
?,(Sat) 29 Jan 1983 (4),Leyton Orient FC (27),0-2,?,Plymouth Argyle FC (25)
?,(Sat) 29 Jan 1983 (4),Reading FC (27),1-1,?,Lincoln City FC (25)
?,(Sat) 29 Jan 1983 (4),Exeter City FC (28),0-2,?,Cardiff City FC (26)
?,(Sat) 29 Jan 1983 (4),Oxford United FC (25),3-2,?,Preston North End FC (26)
?,(Sat) 29 Jan 1983 (4),Wrexham AFC (26),0-2,?,Portsmouth FC (26)
?,(Sat) 29 Jan 1983 (4),Wigan Athletic FC (27),0-3,?,Doncaster Rovers FC (27)
?,(Sat) 29 Jan 1983 (4),Bristol Rovers FC (27),3-0,?,Chesterfield FC (26)
?,(Sun) 30 Jan 1983 (4),Millwall FC (26),4-1,?,Gillingham FC (27)
?,(Tue) 1 Feb 1983 (5),Plymouth Argyle FC (26),3-0,?,Reading FC (28)
?,(Tue) 1 Feb 1983 (5),AFC Bournemouth (28),2-0,?,Oxford United FC (26)
?,(Tue) 1 Feb 1983 (5),Cardiff City FC (27),3-0,?,Millwall FC (27)
?,(Tue) 1 Feb 1983 (5),Chesterfield FC (27),3-1,?,Newport County AFC (27)
?,(Sat) 5 Feb 1983 (5),Wigan Athletic FC (28),2-2,?,Chesterfield FC (28)
?,(Sat) 5 Feb 1983 (5),Walsall FC (26),0-0,?,Gillingham FC (28)
?,(Sat) 5 Feb 1983 (5),Reading FC (29),2-0,?,Doncaster Rovers FC (28)
?,(Sat) 5 Feb 1983 (5),Southend United FC (27),1-1,?,Bradford City AFC (27)
?,(Sat) 5 Feb 1983 (5),Wrexham AFC (27),3-1,?,Preston North End FC (27)
?,(Sat) 5 Feb 1983 (5),Sheffield United FC (25),2-0,?,Cardiff City FC (28)
?,(Sat) 5 Feb 1983 (5),Exeter City FC (29),4-2,?,AFC Bournemouth (29)
?,(Sat) 5 Feb 1983 (5),Bristol Rovers FC (28),2-0,?,Plymouth Argyle FC (27)
?,(Sat) 5 Feb 1983 (5),Oxford United FC (27),1-1,?,Huddersfield Town AFC (27)
?,(Sat) 5 Feb 1983 (5),Leyton Orient FC (28),1-1,?,Lincoln City FC (26)
?,(Sun) 6 Feb 1983 (5),Newport County AFC (28),0-0,?,Brentford FC (28)
?,(Sun) 6 Feb 1983 (5),Millwall FC (28),0-2,?,Portsmouth FC (27)
?,(Tue) 8 Feb 1983 (6),Plymouth Argyle FC (28),0-0,?,Walsall FC (27)
?,(Sat) 12 Feb 1983 (6),Bradford City AFC (28),2-0,?,Bristol Rovers FC (29)
?,(Sat) 12 Feb 1983 (6),Portsmouth FC (28),3-2,?,Exeter City FC (30)
?,(Sat) 12 Feb 1983 (6),Huddersfield Town AFC (28),5-1,?,Millwall FC (29)
?,(Sat) 12 Feb 1983 (6),Brentford FC (29),1-2,?,Reading FC (30)
?,(Sat) 12 Feb 1983 (6),Cardiff City FC (29),3-0,?,Oxford United FC (28)
?,(Sat) 12 Feb 1983 (6),AFC Bournemouth (30),1-1,?,Wrexham AFC (28)
?,(Mon) 14 Feb 1983 (7),Southend United FC (28),0-1,?,Huddersfield Town AFC (29)
?,(Tue) 15 Feb 1983 (7),Wrexham AFC (29),5-0,?,Doncaster Rovers FC (29)
?,(Tue) 15 Feb 1983 (7),Gillingham FC (29),3-1,?,Chesterfield FC (29)
?,(Tue) 15 Feb 1983 (7),Newport County AFC (29),3-0,?,Preston North End FC (28)
?,(Tue) 15 Feb 1983 (7),Walsall FC (28),2-0,?,Leyton Orient FC (29)
?,(Tue) 15 Feb 1983 (7),Wigan Athletic FC (29),1-0,?,Exeter City FC (31)
?,(Wed) 16 Feb 1983 (7),Lincoln City FC (27),0-3,?,Portsmouth FC (29)
?,(Wed) 16 Feb 1983 (7),Bradford City AFC (29),4-2,?,Cardiff City FC (30)
?,(Fri) 18 Feb 1983 (7),Southend United FC (29),2-0,?,Wigan Athletic FC (30)
?,(Sat) 19 Feb 1983 (7),Preston North End FC (29),0-0,?,Gillingham FC (30)
?,(Sat) 19 Feb 1983 (7),Doncaster Rovers FC (30),2-2,?,Lincoln City FC (28)
?,(Sat) 19 Feb 1983 (7),Bristol Rovers FC (30),1-3,?,Newport County AFC (30)
?,(Sat) 19 Feb 1983 (7),Plymouth Argyle FC (29),3-1,?,Bradford City AFC (30)
?,(Sat) 19 Feb 1983 (7),Sheffield United FC (26),3-1,?,Walsall FC (29)
?,(Sat) 19 Feb 1983 (7),Cardiff City FC (31),1-1,?,AFC Bournemouth (31)
?,(Sat) 19 Feb 1983 (7),Chesterfield FC (30),2-1,?,Brentford FC (30)
?,(Sat) 19 Feb 1983 (7),Exeter City FC (32),3-3,?,Wrexham AFC (30)
?,(Sun) 20 Feb 1983 (7),Leyton Orient FC (30),3-3,?,Reading FC (31)
?,(Tue) 22 Feb 1983 (8),Portsmouth FC (30),3-2,?,Huddersfield Town AFC (30)
?,(Wed) 23 Feb 1983 (8),Reading FC (32),2-0,?,Sheffield United FC (27)
?,(Wed) 23 Feb 1983 (8),Lincoln City FC (29),0-1,?,Southend United FC (30)
?,(Sat) 26 Feb 1983 (8),AFC Bournemouth (32),0-2,?,Portsmouth FC (31)
?,(Sat) 26 Feb 1983 (8),Huddersfield Town AFC (31),1-1,?,Preston North End FC (30)
?,(Sat) 26 Feb 1983 (8),Newport County AFC (31),4-1,?,Leyton Orient FC (31)
?,(Sat) 26 Feb 1983 (8),Millwall FC (30),5-2,?,Exeter City FC (33)
?,(Sat) 26 Feb 1983 (8),Wrexham AFC (31),4-1,?,Sheffield United FC (28)
?,(Sat) 26 Feb 1983 (8),Bradford City AFC (31),1-0,?,Chesterfield FC (31)
?,(Sat) 26 Feb 1983 (8),Wigan Athletic FC (31),0-5,?,Bristol Rovers FC (31)
?,(Sat) 26 Feb 1983 (8),Lincoln City FC (30),1-2,?,Plymouth Argyle FC (30)
?,(Sat) 26 Feb 1983 (8),Gillingham FC (31),2-3,?,Cardiff City FC (32)
?,(Sat) 26 Feb 1983 (8),Reading FC (33),1-1,?,Southend United FC (31)
?,(Sat) 26 Feb 1983 (8),Brentford FC (31),1-0,?,Doncaster Rovers FC (31)
?,(Sat) 26 Feb 1983 (8),Walsall FC (30),1-0,?,Oxford United FC (29)
?,(Mon) 28 Feb 1983 (9),Southend United FC (32),2-2,?,Wrexham AFC (32)
?,(Tue) 1 Mar 1983 (9),Preston North End FC (31),3-0,?,Brentford FC (32)
?,(Tue) 1 Mar 1983 (9),Sheffield United FC (29),2-0,?,Newport County AFC (32)
?,(Tue) 1 Mar 1983 (9),Leyton Orient FC (32),2-0,?,Gillingham FC (32)
?,(Tue) 1 Mar 1983 (9),Portsmouth FC (32),0-0,?,Wigan Athletic FC (32)
?,(Tue) 1 Mar 1983 (9),Plymouth Argyle FC (31),3-1,?,Millwall FC (31)
?,(Tue) 1 Mar 1983 (9),Chesterfield FC (32),0-0,?,Walsall FC (31)
?,(Tue) 1 Mar 1983 (9),Cardiff City FC (33),0-0,?,Reading FC (34)
?,(Tue) 1 Mar 1983 (9),Doncaster Rovers FC (32),0-4,?,Huddersfield Town AFC (32)
?,(Wed) 2 Mar 1983 (9),Exeter City FC (34),3-1,?,Lincoln City FC (31)
?,(Wed) 2 Mar 1983 (9),Oxford United FC (30),5-1,?,Bradford City AFC (32)
?,(Fri) 4 Mar 1983 (9),Southend United FC (33),1-4,?,Newport County AFC (33)
?,(Sat) 5 Mar 1983 (9),Walsall FC (32),4-0,?,Millwall FC (32)
?,(Sat) 5 Mar 1983 (9),Plymouth Argyle FC (32),2-0,?,Chesterfield FC (33)
?,(Sat) 5 Mar 1983 (9),Lincoln City FC (32),2-1,?,Brentford FC (33)
?,(Sat) 5 Mar 1983 (9),Preston North End FC (32),0-0,?,Portsmouth FC (33)
?,(Sat) 5 Mar 1983 (9),Doncaster Rovers FC (33),1-2,?,Bradford City AFC (33)
?,(Sat) 5 Mar 1983 (9),Wigan Athletic FC (33),2-2,?,Reading FC (35)
?,(Sat) 5 Mar 1983 (9),Gillingham FC (33),2-5,?,AFC Bournemouth (33)
?,(Sat) 5 Mar 1983 (9),Bristol Rovers FC (32),2-1,?,Leyton Orient FC (33)
?,(Sat) 5 Mar 1983 (9),Oxford United FC (31),2-0,?,Wrexham AFC (33)
?,(Sat) 5 Mar 1983 (9),Sheffield United FC (30),3-0,?,Exeter City FC (35)
?,(Fri) 11 Mar 1983 (10),Brentford FC (34),2-0,?,Plymouth Argyle FC (33)
?,(Sat) 12 Mar 1983 (10),Chesterfield FC (34),3-3,?,Doncaster Rovers FC (34)
?,(Sat) 12 Mar 1983 (10),Reading FC (36),1-2,?,Bristol Rovers FC (33)
?,(Sat) 12 Mar 1983 (10),Newport County AFC (34),1-0,?,Wigan Athletic FC (34)
?,(Sat) 12 Mar 1983 (10),Millwall FC (33),1-2,?,Sheffield United FC (31)
?,(Sat) 12 Mar 1983 (10),Portsmouth FC (34),0-0,?,Cardiff City FC (34)
?,(Sat) 12 Mar 1983 (10),Bradford City AFC (34),1-1,?,Lincoln City FC (33)
?,(Sat) 12 Mar 1983 (10),Exeter City FC (36),3-1,?,Oxford United FC (32)
?,(Sat) 12 Mar 1983 (10),Wrexham AFC (34),4-0,?,Walsall FC (33)
?,(Sat) 12 Mar 1983 (10),AFC Bournemouth (34),4-0,?,Preston North End FC (33)
?,(Sat) 12 Mar 1983 (10),Huddersfield Town AFC (33),3-2,?,Gillingham FC (34)
?,(Sun) 13 Mar 1983 (10),Leyton Orient FC (34),1-1,?,Southend United FC (34)
?,(Tue) 15 Mar 1983 (11),AFC Bournemouth (35),1-0,?,Plymouth Argyle FC (34)
?,(Tue) 15 Mar 1983 (11),Chesterfield FC (35),0-2,?,Southend United FC (35)
?,(Tue) 15 Mar 1983 (11),Gillingham FC (35),0-2,?,Sheffield United FC (32)
?,(Tue) 15 Mar 1983 (11),Cardiff City FC (35),1-1,?,Huddersfield Town AFC (34)
?,(Wed) 16 Mar 1983 (11),Oxford United FC (33),1-0,?,Lincoln City FC (34)
?,(Sat) 19 Mar 1983 (11),Preston North End FC (34),2-1,?,Cardiff City FC (36)
?,(Sat) 19 Mar 1983 (11),Lincoln City FC (35),2-0,?,Chesterfield FC (36)
?,(Sat) 19 Mar 1983 (11),Plymouth Argyle FC (35),1-2,?,Doncaster Rovers FC (35)
?,(Sat) 19 Mar 1983 (11),Wrexham AFC (35),4-3,?,Millwall FC (34)
?,(Sat) 19 Mar 1983 (11),Bristol Rovers FC (34),2-2,?,Southend United FC (36)
?,(Sat) 19 Mar 1983 (11),Newport County AFC (35),1-0,?,Reading FC (37)
?,(Sat) 19 Mar 1983 (11),Wigan Athletic FC (35),0-1,?,Leyton Orient FC (35)
?,(Sat) 19 Mar 1983 (11),Gillingham FC (36),1-0,?,Portsmouth FC (35)
?,(Sat) 19 Mar 1983 (11),Huddersfield Town AFC (35),0-0,?,AFC Bournemouth (36)
?,(Sat) 19 Mar 1983 (11),Sheffield United FC (33),3-2,?,Oxford United FC (34)
?,(Sat) 19 Mar 1983 (11),Bradford City AFC (35),0-1,?,Brentford FC (35)
?,(Sat) 19 Mar 1983 (11),Walsall FC (34),3-2,?,Exeter City FC (37)
?,(Tue) 22 Mar 1983 (12),Brentford FC (36),1-1,?,Oxford United FC (35)
?,(Wed) 23 Mar 1983 (12),Lincoln City FC (36),1-4,?,Newport County AFC (36)
?,(Fri) 25 Mar 1983 (12),Leyton Orient FC (36),0-0,?,Wrexham AFC (36)
?,(Fri) 25 Mar 1983 (12),Doncaster Rovers FC (36),0-2,?,Gillingham FC (37)
?,(Fri) 25 Mar 1983 (12),Reading FC (38),1-1,?,Walsall FC (35)
?,(Sat) 26 Mar 1983 (12),AFC Bournemouth (37),0-1,?,Newport County AFC (37)
?,(Sat) 26 Mar 1983 (12),Cardiff City FC (37),1-0,?,Lincoln City FC (37)
?,(Sat) 26 Mar 1983 (12),Brentford FC (37),1-0,?,Huddersfield Town AFC (36)
?,(Sat) 26 Mar 1983 (12),Oxford United FC (36),1-1,?,Plymouth Argyle FC (36)
?,(Sat) 26 Mar 1983 (12),Portsmouth FC (36),1-0,?,Bristol Rovers FC (35)
?,(Sat) 26 Mar 1983 (12),Southend United FC (37),3-1,?,Sheffield United FC (34)
?,(Sat) 26 Mar 1983 (12),Exeter City FC (38),2-1,?,Bradford City AFC (36)
?,(Sat) 26 Mar 1983 (12),Chesterfield FC (37),1-1,?,Preston North End FC (35)
?,(Sun) 27 Mar 1983 (12),Millwall FC (35),2-0,?,Wigan Athletic FC (36)
?,(Tue) 29 Mar 1983 (13),Bristol Rovers FC (36),2-1,?,Sheffield United FC (35)
?,(Tue) 29 Mar 1983 (13),Preston North End FC (36),1-0,?,Walsall FC (36)
?,(Tue) 29 Mar 1983 (13),Huddersfield Town AFC (37),4-1,?,Wrexham AFC (37)
?,(Fri) 1 Apr 1983 (13),Brentford FC (38),1-1,?,Portsmouth FC (37)
?,(Fri) 1 Apr 1983 (13),Plymouth Argyle FC (37),1-0,?,Exeter City FC (39)
?,(Fri) 1 Apr 1983 (13),Southend United FC (38),1-1,?,Gillingham FC (38)
?,(Sat) 2 Apr 1983 (13),Sheffield United FC (36),3-1,?,Chesterfield FC (38)
?,(Sat) 2 Apr 1983 (13),Oxford United FC (37),0-3,?,Newport County AFC (38)
?,(Sat) 2 Apr 1983 (13),Cardiff City FC (38),0-0,?,Plymouth Argyle FC (38)
?,(Sat) 2 Apr 1983 (13),Preston North End FC (37),4-1,?,Doncaster Rovers FC (37)
?,(Sat) 2 Apr 1983 (13),Walsall FC (37),2-0,?,Wigan Athletic FC (37)
?,(Sat) 2 Apr 1983 (13),Exeter City FC (40),0-1,?,Bristol Rovers FC (37)
?,(Sat) 2 Apr 1983 (13),Millwall FC (36),3-1,?,Southend United FC (39)
?,(Sat) 2 Apr 1983 (13),Wrexham AFC (38),0-4,?,Bradford City AFC (37)
?,(Sat) 2 Apr 1983 (13),Huddersfield Town AFC (38),1-1,?,Lincoln City FC (38)
?,(Sat) 2 Apr 1983 (13),Portsmouth FC (38),2-2,?,Reading FC (39)
?,(Sat) 2 Apr 1983 (13),AFC Bournemouth (38),2-0,?,Leyton Orient FC (37)
?,(Sat) 2 Apr 1983 (13),Gillingham FC (39),2-2,?,Brentford FC (39)
?,(Mon) 4 Apr 1983 (14),Reading FC (40),2-1,?,AFC Bournemouth (39)
?,(Mon) 4 Apr 1983 (14),Wigan Athletic FC (38),3-1,?,Wrexham AFC (39)
?,(Mon) 4 Apr 1983 (14),Leyton Orient FC (38),2-3,?,Millwall FC (37)
?,(Mon) 4 Apr 1983 (14),Bradford City AFC (38),1-2,?,Preston North End FC (38)
?,(Mon) 4 Apr 1983 (14),Lincoln City FC (39),2-1,?,Walsall FC (38)
?,(Mon) 4 Apr 1983 (14),Newport County AFC (39),1-0,?,Cardiff City FC (39)
?,(Mon) 4 Apr 1983 (14),Chesterfield FC (39),0-1,?,Huddersfield Town AFC (39)
?,(Tue) 5 Apr 1983 (14),Bristol Rovers FC (38),0-1,?,Oxford United FC (38)
?,(Tue) 5 Apr 1983 (14),Doncaster Rovers FC (38),2-0,?,Sheffield United FC (37)
?,(Fri) 8 Apr 1983 (14),Preston North End FC (39),1-1,?,Southend United FC (40)
?,(Fri) 8 Apr 1983 (14),Wrexham AFC (40),3-4,?,Brentford FC (40)
?,(Sat) 9 Apr 1983 (14),Sheffield United FC (38),2-0,?,Wigan Athletic FC (39)
?,(Sat) 9 Apr 1983 (14),Cardiff City FC (40),3-0,?,Doncaster Rovers FC (39)
?,(Sat) 9 Apr 1983 (14),Huddersfield Town AFC (40),2-0,?,Plymouth Argyle FC (39)
?,(Sat) 9 Apr 1983 (14),Portsmouth FC (39),0-1,?,Bradford City AFC (39)
?,(Sat) 9 Apr 1983 (14),AFC Bournemouth (40),2-1,?,Chesterfield FC (40)
?,(Sat) 9 Apr 1983 (14),Gillingham FC (40),2-0,?,Newport County AFC (40)
?,(Sat) 9 Apr 1983 (14),Millwall FC (38),2-1,?,Lincoln City FC (40)
?,(Sat) 9 Apr 1983 (14),Walsall FC (39),5-0,?,Bristol Rovers FC (39)
?,(Sat) 9 Apr 1983 (14),Oxford United FC (39),2-2,?,Leyton Orient FC (39)
?,(Tue) 12 Apr 1983 (15),Doncaster Rovers FC (40),0-3,?,Leyton Orient FC (40)
?,(Tue) 12 Apr 1983 (15),Millwall FC (39),1-1,?,Bristol Rovers FC (40)
?,(Tue) 12 Apr 1983 (15),Preston North End FC (40),1-0,?,Sheffield United FC (39)
?,(Sat) 16 Apr 1983 (15),Newport County AFC (41),0-3,?,Portsmouth FC (40)
?,(Sat) 16 Apr 1983 (15),Lincoln City FC (41),2-0,?,Wrexham AFC (41)
?,(Sat) 16 Apr 1983 (15),Wigan Athletic FC (40),0-0,?,Cardiff City FC (41)
?,(Sat) 16 Apr 1983 (15),Chesterfield FC (41),1-3,?,Exeter City FC (41)
?,(Sat) 16 Apr 1983 (15),Doncaster Rovers FC (41),0-1,?,Oxford United FC (40)
?,(Sat) 16 Apr 1983 (15),Southend United FC (41),0-0,?,AFC Bournemouth (41)
?,(Sat) 16 Apr 1983 (15),Brentford FC (41),2-3,?,Walsall FC (40)
?,(Sat) 16 Apr 1983 (15),Bristol Rovers FC (41),3-2,?,Preston North End FC (41)
?,(Sat) 16 Apr 1983 (15),Leyton Orient FC (41),1-3,?,Huddersfield Town AFC (41)
?,(Sat) 16 Apr 1983 (15),Plymouth Argyle FC (40),3-1,?,Sheffield United FC (40)
?,(Sat) 16 Apr 1983 (15),Reading FC (41),0-0,?,Gillingham FC (41)
?,(Sat) 16 Apr 1983 (15),Bradford City AFC (40),0-0,?,Millwall FC (40)
?,(Tue) 19 Apr 1983 (16),Plymouth Argyle FC (41),0-2,?,Wigan Athletic FC (41)
?,(Fri) 22 Apr 1983 (16),Wrexham AFC (42),0-0,?,Bristol Rovers FC (42)
?,(Sat) 23 Apr 1983 (16),AFC Bournemouth (42),1-0,?,Lincoln City FC (42)
?,(Sat) 23 Apr 1983 (16),Preston North End FC (42),2-1,?,Leyton Orient FC (42)
?,(Sat) 23 Apr 1983 (16),Oxford United FC (41),2-0,?,Wigan Athletic FC (42)
?,(Sat) 23 Apr 1983 (16),Cardiff City FC (42),4-1,?,Southend United FC (42)
?,(Sat) 23 Apr 1983 (16),Huddersfield Town AFC (42),3-1,?,Reading FC (42)
?,(Sat) 23 Apr 1983 (16),Millwall FC (41),3-0,?,Doncaster Rovers FC (42)
?,(Sat) 23 Apr 1983 (16),Gillingham FC (42),2-1,?,Plymouth Argyle FC (42)
?,(Sat) 23 Apr 1983 (16),Portsmouth FC (41),4-0,?,Chesterfield FC (42)
?,(Sat) 23 Apr 1983 (16),Sheffield United FC (41),2-1,?,Bradford City AFC (41)
?,(Sat) 23 Apr 1983 (16),Exeter City FC (42),1-7,?,Brentford FC (42)
?,(Sat) 23 Apr 1983 (16),Walsall FC (41),2-1,?,Newport County AFC (42)
?,(Wed) 27 Apr 1983 (17),Oxford United FC (42),1-0,?,Millwall FC (42)
?,(Fri) 29 Apr 1983 (17),Southend United FC (43),1-1,?,Walsall FC (42)
?,(Sat) 30 Apr 1983 (17),Newport County AFC (43),4-0,?,Wrexham AFC (43)
?,(Sat) 30 Apr 1983 (17),Bradford City AFC (42),2-3,?,AFC Bournemouth (43)
?,(Sat) 30 Apr 1983 (17),Leyton Orient FC (43),5-1,?,Exeter City FC (43)
?,(Sat) 30 Apr 1983 (17),Reading FC (43),3-3,?,Millwall FC (43)
?,(Sat) 30 Apr 1983 (17),Bristol Rovers FC (43),1-0,?,Huddersfield Town AFC (43)
?,(Sat) 30 Apr 1983 (17),Plymouth Argyle FC (43),1-1,?,Preston North End FC (43)
?,(Sat) 30 Apr 1983 (17),Doncaster Rovers FC (43),0-2,?,Portsmouth FC (42)
?,(Sat) 30 Apr 1983 (17),Chesterfield FC (43),0-1,?,Cardiff City FC (43)
?,(Sat) 30 Apr 1983 (17),Brentford FC (43),2-1,?,Sheffield United FC (42)
?,(Sat) 30 Apr 1983 (17),Wigan Athletic FC (43),2-2,?,Gillingham FC (43)
?,(Sat) 30 Apr 1983 (17),Lincoln City FC (43),1-1,?,Oxford United FC (43)
?,(Mon) 2 May 1983 (18),Exeter City FC (44),4-3,?,Southend United FC (44)
?,(Mon) 2 May 1983 (18),Wrexham AFC (44),0-0,?,Chesterfield FC (44)
?,(Mon) 2 May 1983 (18),Oxford United FC (44),1-2,?,Reading FC (44)
?,(Mon) 2 May 1983 (18),Cardiff City FC (44),3-1,?,Brentford FC (44)
?,(Mon) 2 May 1983 (18),AFC Bournemouth (44),2-2,?,Doncaster Rovers FC (44)
?,(Mon) 2 May 1983 (18),Portsmouth FC (43),2-2,?,Leyton Orient FC (44)
?,(Mon) 2 May 1983 (18),Walsall FC (43),2-0,?,Plymouth Argyle FC (44)
?,(Mon) 2 May 1983 (18),Sheffield United FC (43),2-1,?,Bristol Rovers FC (44)
?,(Mon) 2 May 1983 (18),Millwall FC (44),3-0,?,Newport County AFC (44)
?,(Mon) 2 May 1983 (18),Preston North End FC (44),1-0,?,Lincoln City FC (44)
?,(Tue) 3 May 1983 (18),Gillingham FC (44),3-0,?,Bradford City AFC (43)
?,(Sat) 7 May 1983 (18),Preston North End FC (45),2-0,?,Reading FC (45)
?,(Sat) 7 May 1983 (18),Walsall FC (44),1-1,?,Bradford City AFC (44)
?,(Sat) 7 May 1983 (18),Oxford United FC (45),1-0,?,Chesterfield FC (45)
?,(Sat) 7 May 1983 (18),Gillingham FC (45),1-0,?,Bristol Rovers FC (45)
?,(Sat) 7 May 1983 (18),Sheffield United FC (44),0-1,?,Lincoln City FC (45)
?,(Sat) 7 May 1983 (18),AFC Bournemouth (45),2-2,?,Wigan Athletic FC (44)
?,(Sat) 7 May 1983 (18),Exeter City FC (45),3-0,?,Doncaster Rovers FC (45)
?,(Sat) 7 May 1983 (18),Wrexham AFC (45),2-3,?,Plymouth Argyle FC (45)
?,(Sat) 7 May 1983 (18),Portsmouth FC (44),2-0,?,Southend United FC (45)
?,(Sat) 7 May 1983 (18),Huddersfield Town AFC (44),1-0,?,Newport County AFC (45)
?,(Sat) 7 May 1983 (18),Cardiff City FC (45),2-0,?,Leyton Orient FC (45)
?,(Sun) 8 May 1983 (18),Millwall FC (45),1-0,?,Brentford FC (45)
?,(Sun) 8 May 1983 (18),Bradford City AFC (45),2-0,?,Sheffield United FC (45)
?,(Tue) 10 May 1983 (19),Portsmouth FC (45),1-0,?,Walsall FC (45)
?,(Tue) 10 May 1983 (19),Huddersfield Town AFC (45),1-1,?,Wigan Athletic FC (45)
?,(Fri) 13 May 1983 (19),Southend United FC (46),1-2,?,Oxford United FC (46)
?,(Sat) 14 May 1983 (19),Bradford City AFC (46),3-1,?,Huddersfield Town AFC (46)
?,(Sat) 14 May 1983 (19),Chesterfield FC (46),0-1,?,Millwall FC (46)
?,(Sat) 14 May 1983 (19),Doncaster Rovers FC (46),1-3,?,Walsall FC (46)
?,(Sat) 14 May 1983 (19),Brentford FC (46),2-1,?,AFC Bournemouth (46)
?,(Sat) 14 May 1983 (19),Bristol Rovers FC (46),1-1,?,Cardiff City FC (46)
?,(Sat) 14 May 1983 (19),Reading FC (46),1-0,?,Wrexham AFC (46)
?,(Sat) 14 May 1983 (19),Plymouth Argyle FC (46),0-1,?,Portsmouth FC (46)
?,(Sat) 14 May 1983 (19),Lincoln City FC (46),3-1,?,Gillingham FC (46)
?,(Sat) 14 May 1983 (19),Newport County AFC (46),1-1,?,Exeter City FC (46)
?,(Sat) 14 May 1983 (19),Leyton Orient FC (46),4-1,?,Sheffield United FC (46)
?,(Sat) 14 May 1983 (19),Wigan Athletic FC (46),0-1,?,Preston North End FC (46)
