Round,Date,Team 1,FT,HT,Team 2
?,(Sat) 8 Aug 2009 (W32),Brighton & Hove Albion FC (1),0-1,0-1,Walsall FC (1)
?,(Sat) 8 Aug 2009 (W32),Bristol Rovers FC (1),1-2,1-1,Leyton Orient FC (1)
?,(Sat) 8 Aug 2009 (W32),Carlisle United FC (1),1-3,1-1,Brentford FC (1)
?,(Sat) 8 Aug 2009 (W32),Charlton Athletic FC (1),3-2,2-1,Wycombe Wanderers FC (1)
?,(Sat) 8 Aug 2009 (W32),Gillingham FC (1),5-0,1-0,Swindon Town FC (1)
?,(Sat) 8 Aug 2009 (W32),Leeds United FC (1),2-1,1-0,Exeter City FC (1)
?,(Sat) 8 Aug 2009 (W32),Milton Keynes Dons FC (1),0-0,0-0,Hartlepool United FC (1)
?,(Sat) 8 Aug 2009 (W32),Norwich City FC (1),1-7,0-5,Colchester United FC (1)
?,(Sat) 8 Aug 2009 (W32),Oldham Athletic AFC (1),0-0,0-0,Stockport County FC (1)
?,(Sat) 8 Aug 2009 (W32),Southampton FC (1),1-1,0-0,Millwall FC (1)
?,(Sat) 8 Aug 2009 (W32),Southend United FC (1),2-2,1-0,Huddersfield Town AFC (1)
?,(Sat) 8 Aug 2009 (W32),Yeovil Town FC (1),2-0,1-0,Tranmere Rovers FC (1)
?,(Sat) 15 Aug 2009 (W33),Brentford FC (2),0-0,0-0,Brighton & Hove Albion FC (2)
?,(Sat) 15 Aug 2009 (W33),Colchester United FC (2),2-1,2-0,Yeovil Town FC (2)
?,(Sat) 15 Aug 2009 (W33),Exeter City FC (2),1-1,0-0,Norwich City FC (2)
?,(Sat) 15 Aug 2009 (W33),Hartlepool United FC (2),0-2,0-2,Charlton Athletic FC (2)
?,(Sat) 15 Aug 2009 (W33),Huddersfield Town AFC (2),3-1,0-0,Southampton FC (2)
?,(Sat) 15 Aug 2009 (W33),Leyton Orient FC (2),1-2,1-1,Oldham Athletic AFC (2)
?,(Sat) 15 Aug 2009 (W33),Millwall FC (2),0-0,0-0,Carlisle United FC (2)
?,(Sat) 15 Aug 2009 (W33),Stockport County FC (2),0-2,0-2,Bristol Rovers FC (2)
?,(Sat) 15 Aug 2009 (W33),Swindon Town FC (2),0-0,0-0,Milton Keynes Dons FC (2)
?,(Sat) 15 Aug 2009 (W33),Tranmere Rovers FC (2),4-2,1-1,Gillingham FC (2)
?,(Sat) 15 Aug 2009 (W33),Walsall FC (2),2-2,1-0,Southend United FC (2)
?,(Sat) 15 Aug 2009 (W33),Wycombe Wanderers FC (2),0-1,0-0,Leeds United FC (2)
?,(Tue) 18 Aug 2009 (W34),Brentford FC (3),2-1,0-0,Norwich City FC (3)
?,(Tue) 18 Aug 2009 (W34),Colchester United FC (3),2-1,1-1,Gillingham FC (3)
?,(Tue) 18 Aug 2009 (W34),Exeter City FC (3),1-1,1-0,Yeovil Town FC (3)
?,(Tue) 18 Aug 2009 (W34),Hartlepool United FC (3),1-2,1-2,Bristol Rovers FC (3)
?,(Tue) 18 Aug 2009 (W34),Huddersfield Town AFC (3),7-1,3-1,Brighton & Hove Albion FC (3)
?,(Tue) 18 Aug 2009 (W34),Leyton Orient FC (3),1-2,1-0,Charlton Athletic FC (3)
?,(Tue) 18 Aug 2009 (W34),Millwall FC (3),2-0,1-0,Oldham Athletic AFC (3)
?,(Tue) 18 Aug 2009 (W34),Stockport County FC (3),1-2,1-1,Carlisle United FC (3)
?,(Tue) 18 Aug 2009 (W34),Swindon Town FC (3),1-0,1-0,Southampton FC (3)
?,(Tue) 18 Aug 2009 (W34),Tranmere Rovers FC (3),0-1,0-0,Milton Keynes Dons FC (3)
?,(Tue) 18 Aug 2009 (W34),Walsall FC (3),1-2,0-0,Leeds United FC (3)
?,(Tue) 18 Aug 2009 (W34),Wycombe Wanderers FC (3),1-1,1-1,Southend United FC (3)
?,(Fri) 21 Aug 2009 (W34),Southend United FC (4),0-0,0-0,Millwall FC (4)
?,(Sat) 22 Aug 2009 (W34),Brighton & Hove Albion FC (4),2-4,1-1,Stockport County FC (4)
?,(Sat) 22 Aug 2009 (W34),Bristol Rovers FC (4),1-0,0-0,Huddersfield Town AFC (4)
?,(Sat) 22 Aug 2009 (W34),Carlisle United FC (4),0-1,0-0,Exeter City FC (4)
?,(Sat) 22 Aug 2009 (W34),Charlton Athletic FC (4),2-0,1-0,Walsall FC (4)
?,(Sat) 22 Aug 2009 (W34),Gillingham FC (4),0-1,0-0,Hartlepool United FC (4)
?,(Sat) 22 Aug 2009 (W34),Leeds United FC (4),3-0,2-0,Tranmere Rovers FC (4)
?,(Sat) 22 Aug 2009 (W34),Milton Keynes Dons FC (4),2-1,1-0,Colchester United FC (4)
?,(Sat) 22 Aug 2009 (W34),Norwich City FC (4),5-2,3-1,Wycombe Wanderers FC (4)
?,(Sat) 22 Aug 2009 (W34),Oldham Athletic AFC (4),2-2,1-0,Swindon Town FC (4)
?,(Sat) 22 Aug 2009 (W34),Southampton FC (4),1-1,0-0,Brentford FC (4)
?,(Sat) 22 Aug 2009 (W34),Yeovil Town FC (4),3-3,2-2,Leyton Orient FC (4)
?,(Fri) 28 Aug 2009 (W35),Millwall FC (5),1-1,1-0,Brighton & Hove Albion FC (5)
?,(Sat) 29 Aug 2009 (W35),Brentford FC (5),1-1,1-0,Oldham Athletic AFC (5)
?,(Sat) 29 Aug 2009 (W35),Colchester United FC (5),1-2,0-0,Leeds United FC (5)
?,(Sat) 29 Aug 2009 (W35),Exeter City FC (5),1-2,0-2,Milton Keynes Dons FC (5)
?,(Sat) 29 Aug 2009 (W35),Hartlepool United FC (5),0-2,0-1,Norwich City FC (5)
?,(Sat) 29 Aug 2009 (W35),Huddersfield Town AFC (5),2-1,1-1,Yeovil Town FC (5)
?,(Sat) 29 Aug 2009 (W35),Leyton Orient FC (5),2-2,0-1,Carlisle United FC (5)
?,(Sat) 29 Aug 2009 (W35),Stockport County FC (5),1-1,0-1,Southampton FC (5)
?,(Sat) 29 Aug 2009 (W35),Swindon Town FC (5),2-1,1-0,Southend United FC (5)
?,(Sat) 29 Aug 2009 (W35),Tranmere Rovers FC (5),0-4,0-2,Charlton Athletic FC (5)
?,(Sat) 29 Aug 2009 (W35),Walsall FC (5),0-0,0-0,Gillingham FC (5)
?,(Sat) 29 Aug 2009 (W35),Wycombe Wanderers FC (5),2-1,1-1,Bristol Rovers FC (5)
?,(Fri) 4 Sep 2009 (W36),Oldham Athletic AFC (6),0-3,0-2,Hartlepool United FC (6)
?,(Fri) 4 Sep 2009 (W36),Southend United FC (6),3-0,0-0,Leyton Orient FC (6)
?,(Sat) 5 Sep 2009 (W36),Brighton & Hove Albion FC (6),1-0,0-0,Wycombe Wanderers FC (6)
?,(Sat) 5 Sep 2009 (W36),Bristol Rovers FC (6),2-0,1-0,Millwall FC (6)
?,(Sat) 5 Sep 2009 (W36),Carlisle United FC (6),3-0,0-0,Tranmere Rovers FC (6)
?,(Sat) 5 Sep 2009 (W36),Charlton Athletic FC (6),2-0,2-0,Brentford FC (6)
?,(Sat) 5 Sep 2009 (W36),Gillingham FC (6),3-0,1-0,Exeter City FC (6)
?,(Sat) 5 Sep 2009 (W36),Leeds United FC (6),2-0,2-0,Stockport County FC (6)
?,(Sat) 5 Sep 2009 (W36),Milton Keynes Dons FC (6),2-3,0-0,Huddersfield Town AFC (6)
?,(Sat) 5 Sep 2009 (W36),Norwich City FC (6),0-0,0-0,Walsall FC (6)
?,(Sat) 5 Sep 2009 (W36),Southampton FC (6),0-0,0-0,Colchester United FC (6)
?,(Sat) 5 Sep 2009 (W36),Yeovil Town FC (6),0-1,0-1,Swindon Town FC (6)
?,(Fri) 11 Sep 2009 (W37),Southend United FC (7),0-0,0-0,Leeds United FC (7)
?,(Sat) 12 Sep 2009 (W37),Bristol Rovers FC (7),1-0,0-0,Oldham Athletic AFC (7)
?,(Sat) 12 Sep 2009 (W37),Carlisle United FC (7),0-2,0-1,Brighton & Hove Albion FC (7)
?,(Sat) 12 Sep 2009 (W37),Charlton Athletic FC (7),1-1,0-1,Southampton FC (7)
?,(Sat) 12 Sep 2009 (W37),Gillingham FC (7),2-0,2-0,Millwall FC (7)
?,(Sat) 12 Sep 2009 (W37),Hartlepool United FC (7),1-1,0-0,Wycombe Wanderers FC (7)
?,(Sat) 12 Sep 2009 (W37),Huddersfield Town AFC (7),0-0,0-0,Brentford FC (7)
?,(Sat) 12 Sep 2009 (W37),Leyton Orient FC (7),1-1,1-0,Exeter City FC (7)
?,(Sat) 12 Sep 2009 (W37),Swindon Town FC (7),1-1,1-1,Colchester United FC (7)
?,(Sat) 12 Sep 2009 (W37),Tranmere Rovers FC (7),2-3,1-1,Walsall FC (7)
?,(Sat) 12 Sep 2009 (W37),Yeovil Town FC (7),2-2,1-2,Stockport County FC (7)
?,(Mon) 14 Sep 2009 (W38),Milton Keynes Dons FC (7),2-1,0-1,Norwich City FC (7)
?,(Sat) 19 Sep 2009 (W38),Brentford FC (8),1-3,0-3,Bristol Rovers FC (8)
?,(Sat) 19 Sep 2009 (W38),Brighton & Hove Albion FC (8),2-3,2-2,Southend United FC (8)
?,(Sat) 19 Sep 2009 (W38),Colchester United FC (8),2-0,1-0,Hartlepool United FC (8)
?,(Sat) 19 Sep 2009 (W38),Exeter City FC (8),2-1,1-0,Tranmere Rovers FC (8)
?,(Sat) 19 Sep 2009 (W38),Leeds United FC (8),4-1,2-0,Gillingham FC (8)
?,(Sat) 19 Sep 2009 (W38),Millwall FC (8),3-1,2-0,Huddersfield Town AFC (8)
?,(Sat) 19 Sep 2009 (W38),Norwich City FC (8),2-2,1-2,Charlton Athletic FC (8)
?,(Sat) 19 Sep 2009 (W38),Oldham Athletic AFC (8),2-0,1-0,Carlisle United FC (8)
?,(Sat) 19 Sep 2009 (W38),Southampton FC (8),2-0,1-0,Yeovil Town FC (8)
?,(Sat) 19 Sep 2009 (W38),Stockport County FC (8),2-1,0-0,Leyton Orient FC (8)
?,(Sat) 19 Sep 2009 (W38),Walsall FC (8),1-1,1-0,Swindon Town FC (8)
?,(Sat) 19 Sep 2009 (W38),Wycombe Wanderers FC (8),0-1,0-1,Milton Keynes Dons FC (8)
?,(Sat) 26 Sep 2009 (W39),Bristol Rovers FC (9),1-1,0-0,Brighton & Hove Albion FC (9)
?,(Sat) 26 Sep 2009 (W39),Carlisle United FC (9),1-1,0-0,Southampton FC (9)
?,(Sat) 26 Sep 2009 (W39),Charlton Athletic FC (9),2-1,1-0,Exeter City FC (9)
?,(Sat) 26 Sep 2009 (W39),Gillingham FC (9),1-1,1-0,Norwich City FC (9)
?,(Sat) 26 Sep 2009 (W39),Hartlepool United FC (9),3-0,1-0,Walsall FC (9)
?,(Sat) 26 Sep 2009 (W39),Huddersfield Town AFC (9),0-0,0-0,Stockport County FC (9)
?,(Sat) 26 Sep 2009 (W39),Leyton Orient FC (9),1-0,0-0,Millwall FC (9)
?,(Sat) 26 Sep 2009 (W39),Milton Keynes Dons FC (9),0-1,0-0,Leeds United FC (9)
?,(Sat) 26 Sep 2009 (W39),Southend United FC (9),0-1,0-0,Oldham Athletic AFC (9)
?,(Sat) 26 Sep 2009 (W39),Swindon Town FC (9),1-1,1-0,Wycombe Wanderers FC (9)
?,(Sat) 26 Sep 2009 (W39),Tranmere Rovers FC (9),1-1,1-1,Colchester United FC (9)
?,(Sat) 26 Sep 2009 (W39),Yeovil Town FC (9),2-0,1-0,Brentford FC (9)
?,(Tue) 29 Sep 2009 (W40),Brentford FC (10),2-1,0-1,Southend United FC (10)
?,(Tue) 29 Sep 2009 (W40),Colchester United FC (10),3-0,2-0,Charlton Athletic FC (10)
?,(Tue) 29 Sep 2009 (W40),Exeter City FC (10),1-1,0-0,Swindon Town FC (10)
?,(Tue) 29 Sep 2009 (W40),Leeds United FC (10),1-1,1-0,Carlisle United FC (10)
?,(Tue) 29 Sep 2009 (W40),Millwall FC (10),0-0,0-0,Yeovil Town FC (10)
?,(Tue) 29 Sep 2009 (W40),Norwich City FC (10),4-0,0-0,Leyton Orient FC (10)
?,(Tue) 29 Sep 2009 (W40),Oldham Athletic AFC (10),2-1,1-0,Milton Keynes Dons FC (10)
?,(Tue) 29 Sep 2009 (W40),Southampton FC (10),2-3,1-1,Bristol Rovers FC (10)
?,(Tue) 29 Sep 2009 (W40),Stockport County FC (10),2-2,2-0,Hartlepool United FC (10)
?,(Tue) 29 Sep 2009 (W40),Walsall FC (10),2-1,0-0,Huddersfield Town AFC (10)
?,(Tue) 29 Sep 2009 (W40),Wycombe Wanderers FC (10),0-1,0-1,Tranmere Rovers FC (10)
?,(Sat) 3 Oct 2009 (W40),Brentford FC (11),2-3,0-2,Swindon Town FC (11)
?,(Sat) 3 Oct 2009 (W40),Brighton & Hove Albion FC (10),0-1,0-0,Milton Keynes Dons FC (11)
?,(Sat) 3 Oct 2009 (W40),Colchester United FC (11),1-0,0-0,Huddersfield Town AFC (11)
?,(Sat) 3 Oct 2009 (W40),Exeter City FC (11),3-1,1-1,Hartlepool United FC (11)
?,(Sat) 3 Oct 2009 (W40),Leeds United FC (11),0-0,0-0,Charlton Athletic FC (11)
?,(Sat) 3 Oct 2009 (W40),Millwall FC (11),5-0,4-0,Tranmere Rovers FC (11)
?,(Sat) 3 Oct 2009 (W40),Norwich City FC (11),5-1,4-1,Bristol Rovers FC (11)
?,(Sat) 3 Oct 2009 (W40),Oldham Athletic AFC (11),0-0,0-0,Yeovil Town FC (11)
?,(Sat) 3 Oct 2009 (W40),Southampton FC (11),4-1,3-1,Gillingham FC (10)
?,(Sat) 3 Oct 2009 (W40),Stockport County FC (11),0-2,0-0,Southend United FC (11)
?,(Sat) 3 Oct 2009 (W40),Walsall FC (11),2-2,1-1,Carlisle United FC (11)
?,(Sat) 3 Oct 2009 (W40),Wycombe Wanderers FC (11),0-1,0-0,Leyton Orient FC (11)
?,(Fri) 9 Oct 2009 (W41),Hartlepool United FC (12),0-0,0-0,Brentford FC (12)
?,(Fri) 9 Oct 2009 (W41),Southend United FC (12),1-3,1-3,Southampton FC (12)
?,(Sat) 10 Oct 2009 (W41),Carlisle United FC (12),0-1,0-1,Norwich City FC (12)
?,(Sat) 10 Oct 2009 (W41),Charlton Athletic FC (12),0-0,0-0,Oldham Athletic AFC (12)
?,(Sat) 10 Oct 2009 (W41),Gillingham FC (11),3-2,2-1,Wycombe Wanderers FC (12)
?,(Sat) 10 Oct 2009 (W41),Huddersfield Town AFC (12),4-0,2-0,Exeter City FC (12)
?,(Sat) 10 Oct 2009 (W41),Leyton Orient FC (12),0-1,0-0,Colchester United FC (12)
?,(Sat) 10 Oct 2009 (W41),Milton Keynes Dons FC (12),1-0,1-0,Walsall FC (12)
?,(Sat) 10 Oct 2009 (W41),Swindon Town FC (12),1-1,1-0,Millwall FC (12)
?,(Sat) 10 Oct 2009 (W41),Yeovil Town FC (12),2-2,1-2,Brighton & Hove Albion FC (11)
?,(Mon) 12 Oct 2009 (W42),Tranmere Rovers FC (12),0-1,0-0,Stockport County FC (12)
?,(Tue) 13 Oct 2009 (W42),Brighton & Hove Albion FC (12),2-0,1-0,Gillingham FC (12)
?,(Sat) 17 Oct 2009 (W42),Charlton Athletic FC (13),2-1,1-1,Huddersfield Town AFC (13)
?,(Sat) 17 Oct 2009 (W42),Leyton Orient FC (13),2-1,1-1,Brentford FC (13)
?,(Sat) 17 Oct 2009 (W42),Milton Keynes Dons FC (13),2-0,0-0,Gillingham FC (13)
?,(Sat) 17 Oct 2009 (W42),Oldham Athletic AFC (13),1-3,0-2,Southampton FC (13)
?,(Sat) 17 Oct 2009 (W42),Southend United FC (13),2-1,1-0,Bristol Rovers FC (12)
?,(Sat) 17 Oct 2009 (W42),Stockport County FC (13),0-4,0-3,Millwall FC (13)
?,(Sat) 17 Oct 2009 (W42),Swindon Town FC (13),0-2,0-2,Hartlepool United FC (13)
?,(Sat) 17 Oct 2009 (W42),Tranmere Rovers FC (13),2-1,1-0,Brighton & Hove Albion FC (13)
?,(Sat) 17 Oct 2009 (W42),Walsall FC (13),3-0,2-0,Exeter City FC (13)
?,(Sat) 17 Oct 2009 (W42),Wycombe Wanderers FC (13),1-1,0-1,Colchester United FC (13)
?,(Sat) 17 Oct 2009 (W42),Yeovil Town FC (13),3-1,2-0,Carlisle United FC (13)
?,(Mon) 19 Oct 2009 (W43),Leeds United FC (12),2-1,1-1,Norwich City FC (13)
?,(Sat) 24 Oct 2009 (W43),Brentford FC (14),2-0,1-0,Stockport County FC (14)
?,(Sat) 24 Oct 2009 (W43),Brighton & Hove Albion FC (14),0-2,0-0,Oldham Athletic AFC (14)
?,(Sat) 24 Oct 2009 (W43),Bristol Rovers FC (13),1-2,0-0,Yeovil Town FC (14)
?,(Sat) 24 Oct 2009 (W43),Carlisle United FC (14),2-1,1-1,Southend United FC (14)
?,(Sat) 24 Oct 2009 (W43),Colchester United FC (14),2-1,1-1,Walsall FC (14)
?,(Sat) 24 Oct 2009 (W43),Exeter City FC (14),1-1,0-1,Wycombe Wanderers FC (14)
?,(Sat) 24 Oct 2009 (W43),Gillingham FC (14),1-1,0-0,Charlton Athletic FC (14)
?,(Sat) 24 Oct 2009 (W43),Hartlepool United FC (14),1-0,1-0,Tranmere Rovers FC (14)
?,(Sat) 24 Oct 2009 (W43),Huddersfield Town AFC (14),4-0,1-0,Leyton Orient FC (14)
?,(Sat) 24 Oct 2009 (W43),Millwall FC (14),2-1,1-1,Leeds United FC (13)
?,(Sat) 24 Oct 2009 (W43),Norwich City FC (14),1-0,1-0,Swindon Town FC (14)
?,(Sat) 24 Oct 2009 (W43),Southampton FC (14),3-1,0-1,Milton Keynes Dons FC (14)
?,(Tue) 27 Oct 2009 (W44),Bristol Rovers FC (14),0-4,0-1,Leeds United FC (14)
?,(Fri) 30 Oct 2009 (W44),Southend United FC (15),1-0,0-0,Gillingham FC (15)
?,(Sat) 31 Oct 2009 (W44),Brighton & Hove Albion FC (15),3-3,2-3,Hartlepool United FC (15)
?,(Sat) 31 Oct 2009 (W44),Carlisle United FC (15),3-1,1-1,Charlton Athletic FC (15)
?,(Sat) 31 Oct 2009 (W44),Exeter City FC (15),3-0,2-0,Brentford FC (15)
?,(Sat) 31 Oct 2009 (W44),Leeds United FC (15),4-0,1-0,Yeovil Town FC (15)
?,(Sat) 31 Oct 2009 (W44),Leyton Orient FC (15),2-2,1-0,Southampton FC (15)
?,(Sat) 31 Oct 2009 (W44),Millwall FC (15),2-1,0-1,Colchester United FC (15)
?,(Sat) 31 Oct 2009 (W44),Milton Keynes Dons FC (15),2-1,0-0,Bristol Rovers FC (15)
?,(Sat) 31 Oct 2009 (W44),Stockport County FC (15),1-3,0-1,Norwich City FC (15)
?,(Sat) 31 Oct 2009 (W44),Tranmere Rovers FC (15),1-4,0-2,Swindon Town FC (15)
?,(Sat) 31 Oct 2009 (W44),Wycombe Wanderers FC (15),2-3,2-0,Walsall FC (15)
?,(Sun) 1 Nov 2009 (W44),Oldham Athletic AFC (15),0-1,0-0,Huddersfield Town AFC (15)
?,(Sat) 14 Nov 2009 (W46),Brentford FC (16),2-2,2-1,Millwall FC (16)
?,(Sat) 14 Nov 2009 (W46),Bristol Rovers FC (16),3-2,1-1,Carlisle United FC (16)
?,(Sat) 14 Nov 2009 (W46),Charlton Athletic FC (16),5-1,2-1,Milton Keynes Dons FC (16)
?,(Sat) 14 Nov 2009 (W46),Colchester United FC (16),2-2,1-2,Exeter City FC (16)
?,(Sat) 14 Nov 2009 (W46),Gillingham FC (16),1-0,0-0,Oldham Athletic AFC (16)
?,(Sat) 14 Nov 2009 (W46),Hartlepool United FC (16),1-0,0-0,Leyton Orient FC (16)
?,(Sat) 14 Nov 2009 (W46),Huddersfield Town AFC (16),6-0,2-0,Wycombe Wanderers FC (16)
?,(Sat) 14 Nov 2009 (W46),Norwich City FC (16),2-0,0-0,Tranmere Rovers FC (16)
?,(Sat) 14 Nov 2009 (W46),Walsall FC (16),2-0,1-0,Stockport County FC (16)
?,(Sat) 14 Nov 2009 (W46),Yeovil Town FC (16),1-0,0-0,Southend United FC (16)
?,(Sun) 15 Nov 2009 (W46),Southampton FC (16),1-3,1-2,Brighton & Hove Albion FC (16)
?,(Fri) 20 Nov 2009 (W47),Southend United FC (17),2-1,1-1,Milton Keynes Dons FC (17)
?,(Sat) 21 Nov 2009 (W47),Brentford FC (17),1-1,1-0,Walsall FC (17)
?,(Sat) 21 Nov 2009 (W47),Brighton & Hove Albion FC (17),0-3,0-2,Leeds United FC (16)
?,(Sat) 21 Nov 2009 (W47),Bristol Rovers FC (17),2-1,1-1,Gillingham FC (17)
?,(Sat) 21 Nov 2009 (W47),Carlisle United FC (17),0-1,0-1,Swindon Town FC (16)
?,(Sat) 21 Nov 2009 (W47),Huddersfield Town AFC (17),2-1,0-1,Hartlepool United FC (17)
?,(Sat) 21 Nov 2009 (W47),Leyton Orient FC (17),2-1,1-1,Tranmere Rovers FC (17)
?,(Sat) 21 Nov 2009 (W47),Millwall FC (17),0-2,0-0,Wycombe Wanderers FC (17)
?,(Sat) 21 Nov 2009 (W47),Oldham Athletic AFC (17),2-2,0-1,Colchester United FC (17)
?,(Sat) 21 Nov 2009 (W47),Southampton FC (17),2-2,1-0,Norwich City FC (17)
?,(Sat) 21 Nov 2009 (W47),Stockport County FC (17),1-3,0-1,Exeter City FC (17)
?,(Sat) 21 Nov 2009 (W47),Yeovil Town FC (17),1-1,1-0,Charlton Athletic FC (17)
?,(Tue) 24 Nov 2009 (W48),Charlton Athletic FC (18),4-2,2-1,Bristol Rovers FC (18)
?,(Tue) 24 Nov 2009 (W48),Colchester United FC (18),2-0,2-0,Stockport County FC (18)
?,(Tue) 24 Nov 2009 (W48),Exeter City FC (18),1-1,0-1,Millwall FC (18)
?,(Tue) 24 Nov 2009 (W48),Gillingham FC (18),1-0,1-0,Yeovil Town FC (18)
?,(Tue) 24 Nov 2009 (W48),Hartlepool United FC (18),1-3,1-1,Southampton FC (18)
?,(Tue) 24 Nov 2009 (W48),Leeds United FC (17),1-0,0-0,Leyton Orient FC (18)
?,(Tue) 24 Nov 2009 (W48),Milton Keynes Dons FC (18),3-4,2-3,Carlisle United FC (18)
?,(Tue) 24 Nov 2009 (W48),Norwich City FC (18),4-1,2-0,Brighton & Hove Albion FC (18)
?,(Tue) 24 Nov 2009 (W48),Swindon Town FC (17),2-1,1-1,Huddersfield Town AFC (18)
?,(Tue) 24 Nov 2009 (W48),Tranmere Rovers FC (18),2-0,1-0,Southend United FC (18)
?,(Tue) 24 Nov 2009 (W48),Walsall FC (18),3-0,2-0,Oldham Athletic AFC (18)
?,(Tue) 24 Nov 2009 (W48),Wycombe Wanderers FC (18),1-0,0-0,Brentford FC (18)
?,(Tue) 1 Dec 2009 (W49),Brentford FC (19),1-0,1-0,Colchester United FC (19)
?,(Tue) 1 Dec 2009 (W49),Brighton & Hove Albion FC (19),0-2,0-2,Charlton Athletic FC (19)
?,(Tue) 1 Dec 2009 (W49),Bristol Rovers FC (19),1-0,1-0,Exeter City FC (19)
?,(Tue) 1 Dec 2009 (W49),Carlisle United FC (19),3-2,1-1,Hartlepool United FC (19)
?,(Tue) 1 Dec 2009 (W49),Huddersfield Town AFC (19),3-3,1-1,Tranmere Rovers FC (19)
?,(Tue) 1 Dec 2009 (W49),Leyton Orient FC (19),3-1,2-1,Gillingham FC (19)
?,(Tue) 1 Dec 2009 (W49),Millwall FC (19),3-2,2-0,Milton Keynes Dons FC (19)
?,(Tue) 1 Dec 2009 (W49),Oldham Athletic AFC (19),0-2,0-1,Leeds United FC (18)
?,(Tue) 1 Dec 2009 (W49),Southampton FC (19),1-0,1-0,Wycombe Wanderers FC (19)
?,(Tue) 1 Dec 2009 (W49),Southend United FC (19),0-3,0-0,Norwich City FC (19)
?,(Tue) 1 Dec 2009 (W49),Yeovil Town FC (19),1-3,1-2,Walsall FC (19)
?,(Sat) 5 Dec 2009 (W49),Charlton Athletic FC (20),1-0,1-0,Southend United FC (20)
?,(Sat) 5 Dec 2009 (W49),Colchester United FC (20),1-0,1-0,Bristol Rovers FC (20)
?,(Sat) 5 Dec 2009 (W49),Exeter City FC (20),0-1,0-0,Brighton & Hove Albion FC (20)
?,(Sat) 5 Dec 2009 (W49),Gillingham FC (20),0-0,0-0,Carlisle United FC (20)
?,(Sat) 5 Dec 2009 (W49),Hartlepool United FC (20),3-0,3-0,Millwall FC (20)
?,(Sat) 5 Dec 2009 (W49),Leeds United FC (19),2-2,1-0,Huddersfield Town AFC (20)
?,(Sat) 5 Dec 2009 (W49),Milton Keynes Dons FC (20),2-2,1-2,Yeovil Town FC (20)
?,(Sat) 5 Dec 2009 (W49),Norwich City FC (20),2-0,2-0,Oldham Athletic AFC (20)
?,(Sat) 5 Dec 2009 (W49),Swindon Town FC (18),3-2,0-0,Leyton Orient FC (20)
?,(Sat) 5 Dec 2009 (W49),Tranmere Rovers FC (20),1-0,0-0,Brentford FC (20)
?,(Sat) 5 Dec 2009 (W49),Walsall FC (20),1-3,0-2,Southampton FC (20)
?,(Sat) 5 Dec 2009 (W49),Wycombe Wanderers FC (20),2-1,0-0,Stockport County FC (19)
?,(Fri) 11 Dec 2009 (W50),Brighton & Hove Albion FC (21),1-2,1-2,Colchester United FC (21)
?,(Sat) 12 Dec 2009 (W50),Brentford FC (21),0-0,0-0,Leeds United FC (20)
?,(Sat) 12 Dec 2009 (W50),Bristol Rovers FC (21),3-0,3-0,Swindon Town FC (19)
?,(Sat) 12 Dec 2009 (W50),Carlisle United FC (21),1-0,1-0,Wycombe Wanderers FC (21)
?,(Sat) 12 Dec 2009 (W50),Huddersfield Town AFC (21),2-1,2-1,Gillingham FC (21)
?,(Sat) 12 Dec 2009 (W50),Leyton Orient FC (21),1-2,1-0,Milton Keynes Dons FC (21)
?,(Sat) 12 Dec 2009 (W50),Millwall FC (21),2-1,0-1,Walsall FC (21)
?,(Sat) 12 Dec 2009 (W50),Oldham Athletic AFC (21),2-0,0-0,Exeter City FC (21)
?,(Sat) 12 Dec 2009 (W50),Southampton FC (21),3-0,0-0,Tranmere Rovers FC (21)
?,(Sat) 12 Dec 2009 (W50),Southend United FC (21),3-2,0-2,Hartlepool United FC (21)
?,(Sat) 12 Dec 2009 (W50),Stockport County FC (20),1-2,0-1,Charlton Athletic FC (21)
?,(Sat) 12 Dec 2009 (W50),Yeovil Town FC (21),3-3,1-0,Norwich City FC (21)
?,(Sat) 19 Dec 2009 (W51),Charlton Athletic FC (22),4-4,2-2,Millwall FC (22)
?,(Sat) 19 Dec 2009 (W51),Exeter City FC (22),1-0,1-0,Southend United FC (22)
?,(Sat) 19 Dec 2009 (W51),Gillingham FC (22),3-1,3-0,Stockport County FC (21)
?,(Sat) 19 Dec 2009 (W51),Hartlepool United FC (22),1-1,0-1,Yeovil Town FC (22)
?,(Sat) 19 Dec 2009 (W51),Leeds United FC (21),1-0,0-0,Southampton FC (22)
?,(Sat) 19 Dec 2009 (W51),Milton Keynes Dons FC (22),0-1,0-0,Brentford FC (22)
?,(Sat) 19 Dec 2009 (W51),Norwich City FC (22),3-0,0-0,Huddersfield Town AFC (22)
?,(Sat) 19 Dec 2009 (W51),Swindon Town FC (20),2-1,1-1,Brighton & Hove Albion FC (22)
?,(Sat) 19 Dec 2009 (W51),Tranmere Rovers FC (22),2-0,1-0,Bristol Rovers FC (22)
?,(Sat) 19 Dec 2009 (W51),Walsall FC (22),2-2,0-2,Leyton Orient FC (22)
?,(Sat) 19 Dec 2009 (W51),Wycombe Wanderers FC (22),2-2,1-1,Oldham Athletic AFC (22)
?,(Sat) 26 Dec 2009 (W52),Brighton & Hove Albion FC (23),0-0,0-0,Leyton Orient FC (23)
?,(Sat) 26 Dec 2009 (W52),Charlton Athletic FC (23),2-2,1-0,Swindon Town FC (21)
?,(Sat) 26 Dec 2009 (W52),Gillingham FC (23),0-1,0-1,Brentford FC (23)
?,(Sat) 26 Dec 2009 (W52),Leeds United FC (22),3-1,2-1,Hartlepool United FC (23)
?,(Sat) 26 Dec 2009 (W52),Milton Keynes Dons FC (23),4-1,2-0,Stockport County FC (22)
?,(Sat) 26 Dec 2009 (W52),Norwich City FC (23),2-0,1-0,Millwall FC (23)
?,(Sat) 26 Dec 2009 (W52),Southampton FC (23),3-1,2-0,Exeter City FC (23)
?,(Sat) 26 Dec 2009 (W52),Southend United FC (23),1-2,0-0,Colchester United FC (22)
?,(Sat) 26 Dec 2009 (W52),Yeovil Town FC (23),4-0,1-0,Wycombe Wanderers FC (23)
?,(Mon) 28 Dec 2009 (W53),Brentford FC (24),1-1,0-0,Charlton Athletic FC (24)
?,(Mon) 28 Dec 2009 (W53),Colchester United FC (23),2-1,1-0,Southampton FC (24)
?,(Mon) 28 Dec 2009 (W53),Exeter City FC (24),1-1,0-0,Gillingham FC (24)
?,(Mon) 28 Dec 2009 (W53),Huddersfield Town AFC (23),1-0,1-0,Milton Keynes Dons FC (24)
?,(Mon) 28 Dec 2009 (W53),Leyton Orient FC (24),1-2,0-0,Southend United FC (24)
?,(Mon) 28 Dec 2009 (W53),Millwall FC (24),2-0,0-0,Bristol Rovers FC (23)
?,(Mon) 28 Dec 2009 (W53),Stockport County FC (23),2-4,1-1,Leeds United FC (23)
?,(Mon) 28 Dec 2009 (W53),Swindon Town FC (22),3-1,2-1,Yeovil Town FC (24)
?,(Mon) 28 Dec 2009 (W53),Tranmere Rovers FC (23),0-0,0-0,Carlisle United FC (22)
?,(Mon) 28 Dec 2009 (W53),Wycombe Wanderers FC (24),2-5,2-1,Brighton & Hove Albion FC (24)
?,(Sat) 2 Jan 2010 (W53),Hartlepool United FC (24),2-1,2-0,Oldham Athletic AFC (23)
?,(Sat) 2 Jan 2010 (W53),Wycombe Wanderers FC (25),0-1,0-0,Norwich City FC (24)
?,(Sat) 9 Jan 2010 (W1),Leeds United FC (24),1-1,1-0,Wycombe Wanderers FC (26)
?,(Sat) 9 Jan 2010 (W1),Norwich City FC (25),3-1,1-0,Exeter City FC (25)
?,(Sat) 16 Jan 2010 (W2),Brentford FC (25),3-1,1-0,Carlisle United FC (23)
?,(Sat) 16 Jan 2010 (W2),Colchester United FC (24),0-5,0-2,Norwich City FC (26)
?,(Sat) 16 Jan 2010 (W2),Exeter City FC (26),2-0,1-0,Leeds United FC (25)
?,(Sat) 16 Jan 2010 (W2),Hartlepool United FC (25),0-5,0-2,Milton Keynes Dons FC (25)
?,(Sat) 16 Jan 2010 (W2),Huddersfield Town AFC (24),2-1,1-0,Southend United FC (25)
?,(Sat) 16 Jan 2010 (W2),Millwall FC (25),1-1,0-0,Southampton FC (25)
?,(Sat) 16 Jan 2010 (W2),Swindon Town FC (23),3-1,1-0,Gillingham FC (25)
?,(Sat) 16 Jan 2010 (W2),Walsall FC (23),1-2,1-2,Brighton & Hove Albion FC (25)
?,(Sat) 16 Jan 2010 (W2),Wycombe Wanderers FC (27),1-2,0-1,Charlton Athletic FC (25)
?,(Tue) 19 Jan 2010 (W3),Charlton Athletic FC (26),2-1,1-0,Hartlepool United FC (26)
?,(Tue) 19 Jan 2010 (W3),Huddersfield Town AFC (25),0-0,0-0,Bristol Rovers FC (24)
?,(Tue) 19 Jan 2010 (W3),Leyton Orient FC (25),2-0,1-0,Yeovil Town FC (25)
?,(Tue) 19 Jan 2010 (W3),Stockport County FC (24),0-1,0-0,Swindon Town FC (24)
?,(Wed) 20 Jan 2010 (W3),Oldham Athletic AFC (24),0-0,0-0,Tranmere Rovers FC (24)
?,(Sat) 23 Jan 2010 (W3),Bristol Rovers FC (25),2-0,1-0,Hartlepool United FC (27)
?,(Sat) 23 Jan 2010 (W3),Carlisle United FC (24),0-0,0-0,Stockport County FC (25)
?,(Sat) 23 Jan 2010 (W3),Gillingham FC (26),0-0,0-0,Colchester United FC (25)
?,(Sat) 23 Jan 2010 (W3),Milton Keynes Dons FC (26),1-0,1-0,Tranmere Rovers FC (25)
?,(Sat) 23 Jan 2010 (W3),Norwich City FC (27),1-0,0-0,Brentford FC (26)
?,(Sat) 23 Jan 2010 (W3),Oldham Athletic AFC (25),0-1,0-0,Millwall FC (26)
?,(Sat) 23 Jan 2010 (W3),Southend United FC (26),1-1,0-0,Wycombe Wanderers FC (28)
?,(Sat) 23 Jan 2010 (W3),Yeovil Town FC (26),2-1,2-1,Exeter City FC (27)
?,(Mon) 25 Jan 2010 (W4),Charlton Athletic FC (27),0-1,0-0,Leyton Orient FC (26)
?,(Tue) 26 Jan 2010 (W4),Brentford FC (27),1-1,0-1,Southampton FC (26)
?,(Tue) 26 Jan 2010 (W4),Colchester United FC (26),2-0,1-0,Milton Keynes Dons FC (27)
?,(Tue) 26 Jan 2010 (W4),Exeter City FC (28),2-3,0-2,Carlisle United FC (25)
?,(Tue) 26 Jan 2010 (W4),Hartlepool United FC (28),1-1,0-0,Gillingham FC (27)
?,(Tue) 26 Jan 2010 (W4),Millwall FC (27),2-0,1-0,Southend United FC (27)
?,(Tue) 26 Jan 2010 (W4),Stockport County FC (26),1-1,0-0,Brighton & Hove Albion FC (26)
?,(Tue) 26 Jan 2010 (W4),Swindon Town FC (25),3-0,1-0,Leeds United FC (26)
?,(Tue) 26 Jan 2010 (W4),Tranmere Rovers FC (26),2-1,0-0,Yeovil Town FC (27)
?,(Tue) 26 Jan 2010 (W4),Walsall FC (24),1-2,1-0,Norwich City FC (28)
?,(Sat) 30 Jan 2010 (W4),Brighton & Hove Albion FC (27),0-1,0-0,Millwall FC (28)
?,(Sat) 30 Jan 2010 (W4),Bristol Rovers FC (26),2-3,2-1,Wycombe Wanderers FC (29)
?,(Sat) 30 Jan 2010 (W4),Carlisle United FC (26),2-2,2-0,Leyton Orient FC (27)
?,(Sat) 30 Jan 2010 (W4),Charlton Athletic FC (28),1-1,0-0,Tranmere Rovers FC (27)
?,(Sat) 30 Jan 2010 (W4),Gillingham FC (28),0-0,0-0,Walsall FC (25)
?,(Sat) 30 Jan 2010 (W4),Leeds United FC (27),2-0,1-0,Colchester United FC (27)
?,(Sat) 30 Jan 2010 (W4),Milton Keynes Dons FC (28),1-1,0-0,Exeter City FC (29)
?,(Sat) 30 Jan 2010 (W4),Norwich City FC (29),2-1,2-1,Hartlepool United FC (29)
?,(Sat) 30 Jan 2010 (W4),Southampton FC (27),2-0,0-0,Stockport County FC (27)
?,(Sat) 30 Jan 2010 (W4),Southend United FC (28),2-2,0-2,Swindon Town FC (26)
?,(Sat) 30 Jan 2010 (W4),Yeovil Town FC (28),0-1,0-1,Huddersfield Town AFC (26)
?,(Tue) 2 Feb 2010 (W5),Colchester United FC (28),2-1,0-1,Carlisle United FC (27)
?,(Tue) 2 Feb 2010 (W5),Leyton Orient FC (28),5-0,1-0,Bristol Rovers FC (27)
?,(Tue) 2 Feb 2010 (W5),Walsall FC (26),1-1,1-1,Charlton Athletic FC (29)
?,(Sat) 6 Feb 2010 (W5),Brentford FC (28),4-0,3-0,Gillingham FC (29)
?,(Sat) 6 Feb 2010 (W5),Exeter City FC (30),1-1,0-1,Southampton FC (28)
?,(Sat) 6 Feb 2010 (W5),Hartlepool United FC (30),2-2,0-1,Leeds United FC (28)
?,(Sat) 6 Feb 2010 (W5),Huddersfield Town AFC (27),1-1,0-0,Carlisle United FC (28)
?,(Sat) 6 Feb 2010 (W5),Leyton Orient FC (29),1-1,0-1,Brighton & Hove Albion FC (28)
?,(Sat) 6 Feb 2010 (W5),Millwall FC (29),2-1,1-1,Norwich City FC (30)
?,(Sat) 6 Feb 2010 (W5),Stockport County FC (28),1-3,1-1,Milton Keynes Dons FC (29)
?,(Sat) 6 Feb 2010 (W5),Swindon Town FC (27),1-1,0-0,Charlton Athletic FC (30)
?,(Sat) 6 Feb 2010 (W5),Tranmere Rovers FC (28),0-1,0-1,Oldham Athletic AFC (26)
?,(Sat) 6 Feb 2010 (W5),Walsall FC (27),0-0,0-0,Bristol Rovers FC (28)
?,(Sat) 6 Feb 2010 (W5),Wycombe Wanderers FC (30),1-4,0-1,Yeovil Town FC (29)
?,(Mon) 8 Feb 2010 (W6),Colchester United FC (29),2-0,1-0,Southend United FC (29)
?,(Tue) 9 Feb 2010 (W6),Brighton & Hove Albion FC (29),0-0,0-0,Huddersfield Town AFC (28)
?,(Tue) 9 Feb 2010 (W6),Bristol Rovers FC (29),0-1,0-1,Walsall FC (28)
?,(Tue) 9 Feb 2010 (W6),Gillingham FC (30),0-1,0-0,Tranmere Rovers FC (29)
?,(Tue) 9 Feb 2010 (W6),Swindon Town FC (28),4-2,2-0,Oldham Athletic AFC (27)
?,(Sat) 13 Feb 2010 (W6),Brentford FC (29),1-1,0-1,Wycombe Wanderers FC (31)
?,(Sat) 13 Feb 2010 (W6),Brighton & Hove Albion FC (30),1-2,1-0,Norwich City FC (31)
?,(Sat) 13 Feb 2010 (W6),Carlisle United FC (29),5-0,2-0,Milton Keynes Dons FC (30)
?,(Sat) 13 Feb 2010 (W6),Huddersfield Town AFC (29),2-2,1-2,Swindon Town FC (29)
?,(Sat) 13 Feb 2010 (W6),Leyton Orient FC (30),1-1,0-0,Leeds United FC (29)
?,(Sat) 13 Feb 2010 (W6),Millwall FC (30),1-0,0-0,Exeter City FC (31)
?,(Sat) 13 Feb 2010 (W6),Oldham Athletic AFC (28),1-0,0-0,Walsall FC (29)
?,(Sat) 13 Feb 2010 (W6),Southend United FC (30),1-1,1-0,Tranmere Rovers FC (30)
?,(Sat) 13 Feb 2010 (W6),Stockport County FC (29),2-2,1-2,Colchester United FC (30)
?,(Sat) 13 Feb 2010 (W6),Yeovil Town FC (30),0-0,0-0,Gillingham FC (31)
?,(Mon) 15 Feb 2010 (W7),Bristol Rovers FC (30),2-1,1-0,Charlton Athletic FC (31)
?,(Tue) 16 Feb 2010 (W7),Carlisle United FC (30),1-2,0-1,Huddersfield Town AFC (30)
?,(Tue) 16 Feb 2010 (W7),Leeds United FC (30),1-2,0-0,Walsall FC (30)
?,(Tue) 16 Feb 2010 (W7),Yeovil Town FC (31),0-1,0-1,Colchester United FC (31)
?,(Sat) 20 Feb 2010 (W7),Charlton Athletic FC (32),2-0,1-0,Yeovil Town FC (32)
?,(Sat) 20 Feb 2010 (W7),Colchester United FC (32),1-0,0-0,Oldham Athletic AFC (29)
?,(Sat) 20 Feb 2010 (W7),Exeter City FC (32),0-1,0-0,Stockport County FC (30)
?,(Sat) 20 Feb 2010 (W7),Gillingham FC (32),1-0,0-0,Bristol Rovers FC (31)
?,(Sat) 20 Feb 2010 (W7),Hartlepool United FC (31),0-2,0-1,Huddersfield Town AFC (31)
?,(Sat) 20 Feb 2010 (W7),Leeds United FC (31),1-1,0-0,Brighton & Hove Albion FC (31)
?,(Sat) 20 Feb 2010 (W7),Milton Keynes Dons FC (31),3-1,1-0,Southend United FC (31)
?,(Sat) 20 Feb 2010 (W7),Norwich City FC (32),0-2,0-1,Southampton FC (29)
?,(Sat) 20 Feb 2010 (W7),Swindon Town FC (30),2-0,1-0,Carlisle United FC (31)
?,(Sat) 20 Feb 2010 (W7),Tranmere Rovers FC (31),2-1,2-0,Leyton Orient FC (31)
?,(Sat) 20 Feb 2010 (W7),Walsall FC (31),2-1,1-1,Brentford FC (30)
?,(Sat) 20 Feb 2010 (W7),Wycombe Wanderers FC (32),1-0,1-0,Millwall FC (31)
?,(Tue) 23 Feb 2010 (W8),Charlton Athletic FC (33),1-2,0-1,Brighton & Hove Albion FC (32)
?,(Tue) 23 Feb 2010 (W8),Gillingham FC (33),1-1,1-0,Leyton Orient FC (32)
?,(Tue) 23 Feb 2010 (W8),Hartlepool United FC (32),4-1,3-1,Carlisle United FC (32)
?,(Tue) 23 Feb 2010 (W8),Leeds United FC (32),2-0,0-0,Oldham Athletic AFC (30)
?,(Tue) 23 Feb 2010 (W8),Milton Keynes Dons FC (32),1-3,0-1,Millwall FC (32)
?,(Tue) 23 Feb 2010 (W8),Norwich City FC (33),2-1,0-1,Southend United FC (32)
?,(Tue) 23 Feb 2010 (W8),Swindon Town FC (31),4-1,2-1,Stockport County FC (31)
?,(Tue) 23 Feb 2010 (W8),Tranmere Rovers FC (32),0-2,0-1,Huddersfield Town AFC (32)
?,(Tue) 23 Feb 2010 (W8),Walsall FC (32),0-1,0-1,Yeovil Town FC (33)
?,(Tue) 23 Feb 2010 (W8),Wycombe Wanderers FC (33),0-0,0-0,Southampton FC (30)
?,(Fri) 26 Feb 2010 (W8),Southend United FC (33),1-2,1-0,Charlton Athletic FC (34)
?,(Sat) 27 Feb 2010 (W8),Brighton & Hove Albion FC (33),2-0,1-0,Exeter City FC (33)
?,(Sat) 27 Feb 2010 (W8),Bristol Rovers FC (32),3-2,1-1,Colchester United FC (33)
?,(Sat) 27 Feb 2010 (W8),Carlisle United FC (33),2-0,1-0,Gillingham FC (34)
?,(Sat) 27 Feb 2010 (W8),Huddersfield Town AFC (33),2-2,1-0,Leeds United FC (33)
?,(Sat) 27 Feb 2010 (W8),Leyton Orient FC (33),0-0,0-0,Swindon Town FC (32)
?,(Sat) 27 Feb 2010 (W8),Millwall FC (33),1-0,1-0,Hartlepool United FC (33)
?,(Sat) 27 Feb 2010 (W8),Oldham Athletic AFC (31),0-1,0-0,Norwich City FC (34)
?,(Sat) 27 Feb 2010 (W8),Southampton FC (31),5-1,3-1,Walsall FC (33)
?,(Sat) 27 Feb 2010 (W8),Stockport County FC (32),4-3,2-0,Wycombe Wanderers FC (34)
?,(Sat) 27 Feb 2010 (W8),Yeovil Town FC (34),1-0,1-0,Milton Keynes Dons FC (33)
?,(Tue) 2 Mar 2010 (W9),Bristol Rovers FC (33),1-0,1-0,Stockport County FC (33)
?,(Tue) 2 Mar 2010 (W9),Southampton FC (32),5-0,3-0,Huddersfield Town AFC (34)
?,(Sat) 6 Mar 2010 (W9),Charlton Athletic FC (35),2-0,2-0,Stockport County FC (34)
?,(Sat) 6 Mar 2010 (W9),Exeter City FC (34),1-1,0-0,Oldham Athletic AFC (32)
?,(Sat) 6 Mar 2010 (W9),Gillingham FC (35),2-0,1-0,Huddersfield Town AFC (35)
?,(Sat) 6 Mar 2010 (W9),Hartlepool United FC (34),3-0,2-0,Southend United FC (34)
?,(Sat) 6 Mar 2010 (W9),Leeds United FC (34),1-1,0-0,Brentford FC (31)
?,(Sat) 6 Mar 2010 (W9),Milton Keynes Dons FC (34),1-0,1-0,Leyton Orient FC (34)
?,(Sat) 6 Mar 2010 (W9),Norwich City FC (35),3-0,1-0,Yeovil Town FC (35)
?,(Sat) 6 Mar 2010 (W9),Swindon Town FC (33),0-4,0-3,Bristol Rovers FC (34)
?,(Sat) 6 Mar 2010 (W9),Tranmere Rovers FC (33),2-1,1-1,Southampton FC (33)
?,(Sat) 6 Mar 2010 (W9),Walsall FC (34),2-2,2-1,Millwall FC (34)
?,(Sat) 6 Mar 2010 (W9),Wycombe Wanderers FC (35),0-0,0-0,Carlisle United FC (34)
?,(Mon) 8 Mar 2010 (W10),Colchester United FC (34),0-0,0-0,Brighton & Hove Albion FC (34)
?,(Tue) 9 Mar 2010 (W10),Carlisle United FC (35),1-3,0-1,Millwall FC (35)
?,(Tue) 9 Mar 2010 (W10),Milton Keynes Dons FC (35),2-1,2-0,Swindon Town FC (34)
?,(Tue) 9 Mar 2010 (W10),Oldham Athletic AFC (33),2-0,1-0,Leyton Orient FC (35)
?,(Tue) 9 Mar 2010 (W10),Tranmere Rovers FC (34),1-4,1-3,Leeds United FC (35)
?,(Sat) 13 Mar 2010 (W10),Brentford FC (32),3-3,1-1,Milton Keynes Dons FC (36)
?,(Sat) 13 Mar 2010 (W10),Brighton & Hove Albion FC (35),0-1,0-0,Swindon Town FC (35)
?,(Sat) 13 Mar 2010 (W10),Bristol Rovers FC (35),0-0,0-0,Tranmere Rovers FC (35)
?,(Sat) 13 Mar 2010 (W10),Carlisle United FC (36),2-1,0-0,Colchester United FC (35)
?,(Sat) 13 Mar 2010 (W10),Huddersfield Town AFC (36),1-3,1-0,Norwich City FC (36)
?,(Sat) 13 Mar 2010 (W10),Leyton Orient FC (36),2-0,0-0,Walsall FC (35)
?,(Sat) 13 Mar 2010 (W10),Millwall FC (36),4-0,1-0,Charlton Athletic FC (36)
?,(Sat) 13 Mar 2010 (W10),Oldham Athletic AFC (34),2-2,1-1,Wycombe Wanderers FC (36)
?,(Sat) 13 Mar 2010 (W10),Southampton FC (34),1-0,1-0,Leeds United FC (36)
?,(Sat) 13 Mar 2010 (W10),Southend United FC (35),0-0,0-0,Exeter City FC (35)
?,(Sat) 13 Mar 2010 (W10),Stockport County FC (35),0-0,0-0,Gillingham FC (36)
?,(Sat) 13 Mar 2010 (W10),Yeovil Town FC (36),4-0,2-0,Hartlepool United FC (35)
?,(Tue) 16 Mar 2010 (W11),Brighton & Hove Albion FC (36),3-0,1-0,Brentford FC (33)
?,(Tue) 16 Mar 2010 (W11),Carlisle United FC (37),1-0,0-0,Yeovil Town FC (37)
?,(Tue) 16 Mar 2010 (W11),Southampton FC (35),0-1,0-0,Swindon Town FC (36)
?,(Tue) 16 Mar 2010 (W11),Stockport County FC (36),0-1,0-1,Oldham Athletic AFC (35)
?,(Wed) 17 Mar 2010 (W11),Exeter City FC (36),1-0,0-0,Bristol Rovers FC (36)
?,(Fri) 19 Mar 2010 (W11),Tranmere Rovers FC (36),0-0,0-0,Hartlepool United FC (36)
?,(Sat) 20 Mar 2010 (W11),Charlton Athletic FC (37),2-2,1-2,Gillingham FC (37)
?,(Sat) 20 Mar 2010 (W11),Leyton Orient FC (37),0-2,0-1,Huddersfield Town AFC (37)
?,(Sat) 20 Mar 2010 (W11),Milton Keynes Dons FC (37),0-3,0-0,Southampton FC (36)
?,(Sat) 20 Mar 2010 (W11),Oldham Athletic AFC (36),0-2,0-1,Brighton & Hove Albion FC (37)
?,(Sat) 20 Mar 2010 (W11),Southend United FC (36),2-2,2-2,Carlisle United FC (38)
?,(Sat) 20 Mar 2010 (W11),Stockport County FC (37),0-1,0-0,Brentford FC (34)
?,(Sat) 20 Mar 2010 (W11),Swindon Town FC (37),1-1,0-0,Norwich City FC (37)
?,(Sat) 20 Mar 2010 (W11),Walsall FC (36),1-0,0-0,Colchester United FC (36)
?,(Sat) 20 Mar 2010 (W11),Wycombe Wanderers FC (37),2-2,0-0,Exeter City FC (37)
?,(Sat) 20 Mar 2010 (W11),Yeovil Town FC (38),0-3,0-3,Bristol Rovers FC (37)
?,(Mon) 22 Mar 2010 (W12),Leeds United FC (37),0-2,0-1,Millwall FC (37)
?,(Tue) 23 Mar 2010 (W12),Colchester United FC (37),3-3,2-2,Brentford FC (35)
?,(Tue) 23 Mar 2010 (W12),Southampton FC (37),3-2,2-1,Hartlepool United FC (37)
?,(Tue) 23 Mar 2010 (W12),Southend United FC (37),3-0,1-0,Walsall FC (37)
?,(Sat) 27 Mar 2010 (W12),Brentford FC (36),1-0,1-0,Leyton Orient FC (38)
?,(Sat) 27 Mar 2010 (W12),Brighton & Hove Albion FC (38),3-0,2-0,Tranmere Rovers FC (37)
?,(Sat) 27 Mar 2010 (W12),Bristol Rovers FC (38),4-3,2-2,Southend United FC (38)
?,(Sat) 27 Mar 2010 (W12),Colchester United FC (38),1-1,0-0,Wycombe Wanderers FC (38)
?,(Sat) 27 Mar 2010 (W12),Exeter City FC (38),2-1,1-0,Walsall FC (38)
?,(Sat) 27 Mar 2010 (W12),Gillingham FC (38),2-2,1-2,Milton Keynes Dons FC (38)
?,(Sat) 27 Mar 2010 (W12),Hartlepool United FC (38),0-1,0-1,Swindon Town FC (38)
?,(Sat) 27 Mar 2010 (W12),Huddersfield Town AFC (38),1-1,0-0,Charlton Athletic FC (38)
?,(Sat) 27 Mar 2010 (W12),Millwall FC (38),5-0,3-0,Stockport County FC (38)
?,(Sat) 27 Mar 2010 (W12),Norwich City FC (38),1-0,0-0,Leeds United FC (38)
?,(Tue) 30 Mar 2010 (W13),Oldham Athletic AFC (37),2-3,1-1,Brentford FC (37)
?,(Thu) 1 Apr 2010 (W13),Brighton & Hove Albion FC (39),2-2,1-1,Southampton FC (38)
?,(Fri) 2 Apr 2010 (W13),Carlisle United FC (39),3-1,0-0,Bristol Rovers FC (39)
?,(Fri) 2 Apr 2010 (W13),Exeter City FC (39),2-0,1-0,Colchester United FC (39)
?,(Fri) 2 Apr 2010 (W13),Millwall FC (39),1-1,0-1,Brentford FC (38)
?,(Fri) 2 Apr 2010 (W13),Tranmere Rovers FC (38),3-1,3-0,Norwich City FC (39)
?,(Sat) 3 Apr 2010 (W13),Leeds United FC (39),0-3,0-1,Swindon Town FC (39)
?,(Sat) 3 Apr 2010 (W13),Leyton Orient FC (39),1-3,0-3,Hartlepool United FC (39)
?,(Sat) 3 Apr 2010 (W13),Milton Keynes Dons FC (39),0-1,0-0,Charlton Athletic FC (39)
?,(Sat) 3 Apr 2010 (W13),Oldham Athletic AFC (38),1-0,0-0,Gillingham FC (39)
?,(Sat) 3 Apr 2010 (W13),Southend United FC (39),0-0,0-0,Yeovil Town FC (39)
?,(Sat) 3 Apr 2010 (W13),Stockport County FC (39),1-1,1-0,Walsall FC (39)
?,(Sat) 3 Apr 2010 (W13),Wycombe Wanderers FC (39),1-2,0-1,Huddersfield Town AFC (39)
?,(Mon) 5 Apr 2010 (W14),Brentford FC (39),0-0,0-0,Exeter City FC (40)
?,(Mon) 5 Apr 2010 (W14),Bristol Rovers FC (40),1-0,0-0,Milton Keynes Dons FC (40)
?,(Mon) 5 Apr 2010 (W14),Charlton Athletic FC (40),1-0,1-0,Carlisle United FC (40)
?,(Mon) 5 Apr 2010 (W14),Colchester United FC (40),1-2,0-1,Millwall FC (40)
?,(Mon) 5 Apr 2010 (W14),Gillingham FC (40),3-0,0-0,Southend United FC (40)
?,(Mon) 5 Apr 2010 (W14),Hartlepool United FC (40),2-0,0-0,Brighton & Hove Albion FC (40)
?,(Mon) 5 Apr 2010 (W14),Norwich City FC (40),2-1,2-1,Stockport County FC (40)
?,(Mon) 5 Apr 2010 (W14),Southampton FC (39),2-1,1-1,Leyton Orient FC (40)
?,(Mon) 5 Apr 2010 (W14),Swindon Town FC (40),3-0,2-0,Tranmere Rovers FC (39)
?,(Mon) 5 Apr 2010 (W14),Walsall FC (40),2-1,2-0,Wycombe Wanderers FC (40)
?,(Mon) 5 Apr 2010 (W14),Yeovil Town FC (40),1-2,0-2,Leeds United FC (40)
?,(Tue) 6 Apr 2010 (W14),Huddersfield Town AFC (40),2-0,1-0,Oldham Athletic AFC (39)
?,(Sat) 10 Apr 2010 (W14),Brentford FC (40),3-0,0-0,Huddersfield Town AFC (41)
?,(Sat) 10 Apr 2010 (W14),Brighton & Hove Albion FC (41),1-2,0-1,Carlisle United FC (41)
?,(Sat) 10 Apr 2010 (W14),Colchester United FC (41),3-0,1-0,Swindon Town FC (41)
?,(Sat) 10 Apr 2010 (W14),Exeter City FC (41),0-0,0-0,Leyton Orient FC (41)
?,(Sat) 10 Apr 2010 (W14),Leeds United FC (41),2-0,0-0,Southend United FC (41)
?,(Sat) 10 Apr 2010 (W14),Millwall FC (41),4-0,2-0,Gillingham FC (41)
?,(Sat) 10 Apr 2010 (W14),Norwich City FC (41),1-1,0-1,Milton Keynes Dons FC (41)
?,(Sat) 10 Apr 2010 (W14),Oldham Athletic AFC (40),2-1,0-0,Bristol Rovers FC (41)
?,(Sat) 10 Apr 2010 (W14),Southampton FC (40),1-0,1-0,Charlton Athletic FC (41)
?,(Sat) 10 Apr 2010 (W14),Stockport County FC (41),1-3,0-2,Yeovil Town FC (41)
?,(Sat) 10 Apr 2010 (W14),Walsall FC (41),2-1,1-1,Tranmere Rovers FC (40)
?,(Sat) 10 Apr 2010 (W14),Wycombe Wanderers FC (41),2-0,0-0,Hartlepool United FC (41)
?,(Mon) 12 Apr 2010 (W15),Swindon Town FC (42),1-1,0-1,Exeter City FC (42)
?,(Tue) 13 Apr 2010 (W15),Bristol Rovers FC (42),1-5,1-2,Southampton FC (41)
?,(Tue) 13 Apr 2010 (W15),Carlisle United FC (42),1-3,1-1,Leeds United FC (42)
?,(Tue) 13 Apr 2010 (W15),Charlton Athletic FC (42),1-0,1-0,Colchester United FC (42)
?,(Tue) 13 Apr 2010 (W15),Gillingham FC (42),1-1,0-1,Brighton & Hove Albion FC (42)
?,(Tue) 13 Apr 2010 (W15),Hartlepool United FC (42),3-0,1-0,Stockport County FC (42)
?,(Tue) 13 Apr 2010 (W15),Huddersfield Town AFC (42),4-3,2-0,Walsall FC (42)
?,(Tue) 13 Apr 2010 (W15),Leyton Orient FC (42),2-1,2-1,Norwich City FC (42)
?,(Tue) 13 Apr 2010 (W15),Milton Keynes Dons FC (42),0-0,0-0,Oldham Athletic AFC (41)
?,(Tue) 13 Apr 2010 (W15),Southend United FC (42),2-2,0-1,Brentford FC (41)
?,(Tue) 13 Apr 2010 (W15),Tranmere Rovers FC (41),0-3,0-1,Wycombe Wanderers FC (42)
?,(Tue) 13 Apr 2010 (W15),Yeovil Town FC (42),1-1,1-0,Millwall FC (42)
?,(Fri) 16 Apr 2010 (W15),Huddersfield Town AFC (43),1-0,1-0,Millwall FC (43)
?,(Sat) 17 Apr 2010 (W15),Bristol Rovers FC (43),0-0,0-0,Brentford FC (42)
?,(Sat) 17 Apr 2010 (W15),Carlisle United FC (43),1-2,0-0,Oldham Athletic AFC (42)
?,(Sat) 17 Apr 2010 (W15),Charlton Athletic FC (43),0-1,0-1,Norwich City FC (43)
?,(Sat) 17 Apr 2010 (W15),Gillingham FC (43),3-2,3-1,Leeds United FC (43)
?,(Sat) 17 Apr 2010 (W15),Hartlepool United FC (43),3-1,2-1,Colchester United FC (43)
?,(Sat) 17 Apr 2010 (W15),Leyton Orient FC (43),2-0,0-0,Stockport County FC (43)
?,(Sat) 17 Apr 2010 (W15),Milton Keynes Dons FC (43),2-3,1-1,Wycombe Wanderers FC (43)
?,(Sat) 17 Apr 2010 (W15),Southend United FC (43),0-1,0-1,Brighton & Hove Albion FC (43)
?,(Sat) 17 Apr 2010 (W15),Swindon Town FC (43),1-1,0-1,Walsall FC (43)
?,(Sat) 17 Apr 2010 (W15),Tranmere Rovers FC (42),3-1,1-0,Exeter City FC (43)
?,(Sat) 17 Apr 2010 (W15),Yeovil Town FC (43),0-1,0-0,Southampton FC (42)
?,(Tue) 20 Apr 2010 (W16),Brentford FC (43),2-1,0-0,Tranmere Rovers FC (43)
?,(Tue) 20 Apr 2010 (W16),Southampton FC (43),0-0,0-0,Oldham Athletic AFC (43)
?,(Sat) 24 Apr 2010 (W16),Brentford FC (44),1-1,0-1,Yeovil Town FC (44)
?,(Sat) 24 Apr 2010 (W16),Brighton & Hove Albion FC (44),2-1,1-1,Bristol Rovers FC (44)
?,(Sat) 24 Apr 2010 (W16),Colchester United FC (44),1-1,1-1,Tranmere Rovers FC (44)
?,(Sat) 24 Apr 2010 (W16),Exeter City FC (44),1-1,0-0,Charlton Athletic FC (44)
?,(Sat) 24 Apr 2010 (W16),Leeds United FC (44),4-1,2-1,Milton Keynes Dons FC (44)
?,(Sat) 24 Apr 2010 (W16),Millwall FC (44),2-1,0-0,Leyton Orient FC (44)
?,(Sat) 24 Apr 2010 (W16),Norwich City FC (44),2-0,0-0,Gillingham FC (44)
?,(Sat) 24 Apr 2010 (W16),Oldham Athletic AFC (44),2-2,2-1,Southend United FC (44)
?,(Sat) 24 Apr 2010 (W16),Southampton FC (44),3-2,1-1,Carlisle United FC (44)
?,(Sat) 24 Apr 2010 (W16),Stockport County FC (44),0-6,0-2,Huddersfield Town AFC (44)
?,(Sat) 24 Apr 2010 (W16),Walsall FC (44),3-1,2-1,Hartlepool United FC (44)
?,(Sat) 24 Apr 2010 (W16),Wycombe Wanderers FC (44),2-2,1-0,Swindon Town FC (44)
?,(Sat) 1 May 2010 (W17),Bristol Rovers FC (45),0-3,0-2,Norwich City FC (45)
?,(Sat) 1 May 2010 (W17),Carlisle United FC (45),1-1,1-1,Walsall FC (45)
?,(Sat) 1 May 2010 (W17),Charlton Athletic FC (45),1-0,0-0,Leeds United FC (45)
?,(Sat) 1 May 2010 (W17),Gillingham FC (45),2-1,1-0,Southampton FC (45)
?,(Sat) 1 May 2010 (W17),Hartlepool United FC (45),1-1,0-1,Exeter City FC (45)
?,(Sat) 1 May 2010 (W17),Huddersfield Town AFC (45),2-1,1-0,Colchester United FC (45)
?,(Sat) 1 May 2010 (W17),Leyton Orient FC (45),2-0,0-0,Wycombe Wanderers FC (45)
?,(Sat) 1 May 2010 (W17),Milton Keynes Dons FC (45),0-0,0-0,Brighton & Hove Albion FC (45)
?,(Sat) 1 May 2010 (W17),Southend United FC (45),2-1,0-0,Stockport County FC (45)
?,(Sat) 1 May 2010 (W17),Swindon Town FC (45),3-2,2-1,Brentford FC (45)
?,(Sat) 1 May 2010 (W17),Tranmere Rovers FC (45),2-0,1-0,Millwall FC (45)
?,(Sat) 1 May 2010 (W17),Yeovil Town FC (45),3-0,1-0,Oldham Athletic AFC (45)
?,(Sat) 8 May 2010 (W18),Brentford FC (46),0-0,0-0,Hartlepool United FC (46)
?,(Sat) 8 May 2010 (W18),Brighton & Hove Albion FC (46),1-0,1-0,Yeovil Town FC (46)
?,(Sat) 8 May 2010 (W18),Colchester United FC (46),1-0,0-0,Leyton Orient FC (46)
?,(Sat) 8 May 2010 (W18),Exeter City FC (46),2-1,1-1,Huddersfield Town AFC (46)
?,(Sat) 8 May 2010 (W18),Leeds United FC (46),2-1,0-0,Bristol Rovers FC (46)
?,(Sat) 8 May 2010 (W18),Millwall FC (46),3-2,1-1,Swindon Town FC (46)
?,(Sat) 8 May 2010 (W18),Norwich City FC (46),0-2,0-2,Carlisle United FC (46)
?,(Sat) 8 May 2010 (W18),Oldham Athletic AFC (46),0-2,0-1,Charlton Athletic FC (46)
?,(Sat) 8 May 2010 (W18),Southampton FC (46),3-1,0-0,Southend United FC (46)
?,(Sat) 8 May 2010 (W18),Stockport County FC (46),0-3,0-1,Tranmere Rovers FC (46)
?,(Sat) 8 May 2010 (W18),Walsall FC (46),2-1,0-1,Milton Keynes Dons FC (46)
?,(Sat) 8 May 2010 (W18),Wycombe Wanderers FC (46),3-0,1-0,Gillingham FC (46)
