Round,Date,Team 1,FT,HT,Team 2
?,(Fri) 7 Aug 2009 (W32),Middlesbrough FC (1),0-0,0-0,Sheffield United FC (1)
?,(Sat) 8 Aug 2009 (W32),Cardiff City FC (1),4-0,3-0,Scunthorpe United FC (1)
?,(Sat) 8 Aug 2009 (W32),Crystal Palace FC (1),1-1,0-1,Plymouth Argyle FC (1)
?,(Sat) 8 Aug 2009 (W32),Derby County FC (1),2-1,1-0,Peterborough United FC (1)
?,(Sat) 8 Aug 2009 (W32),Leicester City FC (1),2-1,0-1,Swansea City AFC (1)
?,(Sat) 8 Aug 2009 (W32),Preston North End FC (1),2-2,0-0,Bristol City FC (1)
?,(Sat) 8 Aug 2009 (W32),Queens Park Rangers FC (1),1-1,0-1,Blackpool FC (1)
?,(Sat) 8 Aug 2009 (W32),Reading FC (1),0-0,0-0,Nottingham Forest FC (1)
?,(Sat) 8 Aug 2009 (W32),Sheffield Wednesday FC (1),2-2,2-0,Barnsley FC (1)
?,(Sat) 8 Aug 2009 (W32),Watford FC (1),1-1,1-1,Doncaster Rovers FC (1)
?,(Sat) 8 Aug 2009 (W32),West Bromwich Albion FC (1),1-1,1-0,Newcastle United FC (1)
?,(Sun) 9 Aug 2009 (W32),Coventry City FC (1),2-1,2-1,Ipswich Town FC (1)
?,(Sat) 15 Aug 2009 (W33),Barnsley FC (2),0-2,0-1,Coventry City FC (2)
?,(Sat) 15 Aug 2009 (W33),Blackpool FC (2),1-1,1-1,Cardiff City FC (2)
?,(Sat) 15 Aug 2009 (W33),Bristol City FC (2),1-0,0-0,Crystal Palace FC (2)
?,(Sat) 15 Aug 2009 (W33),Doncaster Rovers FC (2),1-1,0-1,Preston North End FC (2)
?,(Sat) 15 Aug 2009 (W33),Ipswich Town FC (2),0-0,0-0,Leicester City FC (2)
?,(Sat) 15 Aug 2009 (W33),Newcastle United FC (2),3-0,1-0,Reading FC (2)
?,(Sat) 15 Aug 2009 (W33),Nottingham Forest FC (2),0-1,0-0,West Bromwich Albion FC (2)
?,(Sat) 15 Aug 2009 (W33),Peterborough United FC (2),1-1,0-1,Sheffield Wednesday FC (2)
?,(Sat) 15 Aug 2009 (W33),Plymouth Argyle FC (2),1-1,0-1,Queens Park Rangers FC (2)
?,(Sat) 15 Aug 2009 (W33),Scunthorpe United FC (2),3-2,2-1,Derby County FC (2)
?,(Sat) 15 Aug 2009 (W33),Sheffield United FC (2),2-0,1-0,Watford FC (2)
?,(Sat) 15 Aug 2009 (W33),Swansea City AFC (2),0-3,0-1,Middlesbrough FC (2)
?,(Tue) 18 Aug 2009 (W34),Barnsley FC (3),0-3,0-2,Preston North End FC (3)
?,(Tue) 18 Aug 2009 (W34),Blackpool FC (3),0-0,0-0,Derby County FC (3)
?,(Tue) 18 Aug 2009 (W34),Bristol City FC (3),1-0,0-0,Queens Park Rangers FC (3)
?,(Tue) 18 Aug 2009 (W34),Doncaster Rovers FC (3),0-0,0-0,Coventry City FC (3)
?,(Tue) 18 Aug 2009 (W34),Ipswich Town FC (3),1-3,0-0,Crystal Palace FC (3)
?,(Tue) 18 Aug 2009 (W34),Nottingham Forest FC (3),2-4,1-1,Watford FC (3)
?,(Tue) 18 Aug 2009 (W34),Peterborough United FC (3),2-3,1-3,West Bromwich Albion FC (3)
?,(Tue) 18 Aug 2009 (W34),Plymouth Argyle FC (3),1-3,0-1,Cardiff City FC (3)
?,(Tue) 18 Aug 2009 (W34),Scunthorpe United FC (3),0-2,0-1,Middlesbrough FC (3)
?,(Tue) 18 Aug 2009 (W34),Sheffield United FC (3),1-1,0-0,Leicester City FC (3)
?,(Tue) 18 Aug 2009 (W34),Swansea City AFC (3),0-0,0-0,Reading FC (3)
?,(Wed) 19 Aug 2009 (W34),Newcastle United FC (3),1-0,1-0,Sheffield Wednesday FC (3)
?,(Sat) 22 Aug 2009 (W34),Coventry City FC (4),0-1,0-0,Swansea City AFC (4)
?,(Sat) 22 Aug 2009 (W34),Crystal Palace FC (4),0-2,0-2,Newcastle United FC (4)
?,(Sat) 22 Aug 2009 (W34),Derby County FC (4),2-1,1-1,Plymouth Argyle FC (4)
?,(Sat) 22 Aug 2009 (W34),Leicester City FC (4),1-0,0-0,Barnsley FC (4)
?,(Sat) 22 Aug 2009 (W34),Middlesbrough FC (4),2-0,1-0,Doncaster Rovers FC (4)
?,(Sat) 22 Aug 2009 (W34),Preston North End FC (4),2-0,2-0,Peterborough United FC (4)
?,(Sat) 22 Aug 2009 (W34),Queens Park Rangers FC (4),1-1,1-0,Nottingham Forest FC (4)
?,(Sat) 22 Aug 2009 (W34),Reading FC (4),1-3,1-1,Sheffield United FC (4)
?,(Sat) 22 Aug 2009 (W34),Sheffield Wednesday FC (4),4-0,3-0,Scunthorpe United FC (4)
?,(Sat) 22 Aug 2009 (W34),Watford FC (4),2-2,1-0,Blackpool FC (4)
?,(Sat) 22 Aug 2009 (W34),West Bromwich Albion FC (4),2-0,2-0,Ipswich Town FC (4)
?,(Sun) 23 Aug 2009 (W34),Cardiff City FC (4),3-0,2-0,Bristol City FC (4)
?,(Sat) 29 Aug 2009 (W35),Barnsley FC (5),1-3,1-1,Reading FC (5)
?,(Sat) 29 Aug 2009 (W35),Blackpool FC (5),3-0,1-0,Coventry City FC (5)
?,(Sat) 29 Aug 2009 (W35),Bristol City FC (5),2-1,0-0,Middlesbrough FC (5)
?,(Sat) 29 Aug 2009 (W35),Doncaster Rovers FC (5),2-0,2-0,Cardiff City FC (5)
?,(Sat) 29 Aug 2009 (W35),Ipswich Town FC (5),1-1,1-1,Preston North End FC (5)
?,(Sat) 29 Aug 2009 (W35),Nottingham Forest FC (5),3-2,3-0,Derby County FC (5)
?,(Sat) 29 Aug 2009 (W35),Plymouth Argyle FC (5),1-3,0-1,Sheffield Wednesday FC (5)
?,(Sat) 29 Aug 2009 (W35),Scunthorpe United FC (5),0-1,0-1,Queens Park Rangers FC (5)
?,(Sat) 29 Aug 2009 (W35),Sheffield United FC (5),2-2,0-0,West Bromwich Albion FC (5)
?,(Sat) 29 Aug 2009 (W35),Swansea City AFC (5),1-1,0-0,Watford FC (5)
?,(Mon) 31 Aug 2009 (W36),Newcastle United FC (5),1-0,0-0,Leicester City FC (5)
?,(Mon) 31 Aug 2009 (W36),Peterborough United FC (5),1-1,0-0,Crystal Palace FC (5)
?,(Sat) 12 Sep 2009 (W37),Coventry City FC (6),1-1,1-0,Bristol City FC (6)
?,(Sat) 12 Sep 2009 (W37),Crystal Palace FC (6),0-4,0-1,Scunthorpe United FC (6)
?,(Sat) 12 Sep 2009 (W37),Derby County FC (6),0-1,0-0,Sheffield United FC (6)
?,(Sat) 12 Sep 2009 (W37),Leicester City FC (6),2-1,1-1,Blackpool FC (6)
?,(Sat) 12 Sep 2009 (W37),Middlesbrough FC (6),3-1,1-0,Ipswich Town FC (6)
?,(Sat) 12 Sep 2009 (W37),Preston North End FC (6),2-0,1-0,Swansea City AFC (6)
?,(Sat) 12 Sep 2009 (W37),Queens Park Rangers FC (6),1-1,1-1,Peterborough United FC (6)
?,(Sat) 12 Sep 2009 (W37),Reading FC (6),0-0,0-0,Doncaster Rovers FC (6)
?,(Sat) 12 Sep 2009 (W37),Sheffield Wednesday FC (6),1-1,1-1,Nottingham Forest FC (6)
?,(Sat) 12 Sep 2009 (W37),Watford FC (6),1-0,0-0,Barnsley FC (6)
?,(Sat) 12 Sep 2009 (W37),West Bromwich Albion FC (6),3-1,2-1,Plymouth Argyle FC (6)
?,(Sun) 13 Sep 2009 (W37),Cardiff City FC (6),0-1,0-1,Newcastle United FC (6)
?,(Tue) 15 Sep 2009 (W38),Coventry City FC (7),3-2,1-1,Sheffield United FC (7)
?,(Tue) 15 Sep 2009 (W38),Derby County FC (7),2-3,1-1,Barnsley FC (7)
?,(Tue) 15 Sep 2009 (W38),Ipswich Town FC (7),1-1,1-0,Nottingham Forest FC (7)
?,(Tue) 15 Sep 2009 (W38),Leicester City FC (7),1-1,0-1,Peterborough United FC (7)
?,(Tue) 15 Sep 2009 (W38),Plymouth Argyle FC (7),0-1,0-1,Watford FC (7)
?,(Tue) 15 Sep 2009 (W38),Scunthorpe United FC (7),3-1,2-0,Preston North End FC (7)
?,(Tue) 15 Sep 2009 (W38),Sheffield Wednesday FC (7),1-3,1-1,Middlesbrough FC (7)
?,(Tue) 15 Sep 2009 (W38),Swansea City AFC (7),0-0,0-0,Bristol City FC (7)
?,(Tue) 15 Sep 2009 (W38),West Bromwich Albion FC (7),3-1,1-1,Doncaster Rovers FC (7)
?,(Wed) 16 Sep 2009 (W38),Blackpool FC (7),2-1,1-1,Newcastle United FC (7)
?,(Wed) 16 Sep 2009 (W38),Reading FC (7),0-1,0-0,Cardiff City FC (7)
?,(Fri) 18 Sep 2009 (W38),Sheffield United FC (8),3-2,3-0,Sheffield Wednesday FC (8)
?,(Sat) 19 Sep 2009 (W38),Barnsley FC (8),0-0,0-0,Swansea City AFC (8)
?,(Sat) 19 Sep 2009 (W38),Bristol City FC (8),1-1,0-0,Scunthorpe United FC (8)
?,(Sat) 19 Sep 2009 (W38),Cardiff City FC (8),0-2,0-2,Queens Park Rangers FC (7)
?,(Sat) 19 Sep 2009 (W38),Crystal Palace FC (7),1-0,0-0,Derby County FC (8)
?,(Sat) 19 Sep 2009 (W38),Doncaster Rovers FC (8),3-3,1-0,Ipswich Town FC (8)
?,(Sat) 19 Sep 2009 (W38),Middlesbrough FC (8),0-5,0-3,West Bromwich Albion FC (8)
?,(Sat) 19 Sep 2009 (W38),Newcastle United FC (8),3-1,1-0,Plymouth Argyle FC (8)
?,(Sat) 19 Sep 2009 (W38),Nottingham Forest FC (8),0-1,0-1,Blackpool FC (8)
?,(Sat) 19 Sep 2009 (W38),Peterborough United FC (8),3-2,0-2,Reading FC (8)
?,(Sat) 19 Sep 2009 (W38),Preston North End FC (8),3-2,0-1,Coventry City FC (8)
?,(Sat) 19 Sep 2009 (W38),Watford FC (8),3-3,0-2,Leicester City FC (8)
?,(Sat) 26 Sep 2009 (W39),Blackpool FC (9),2-0,2-0,Peterborough United FC (9)
?,(Sat) 26 Sep 2009 (W39),Coventry City FC (9),2-2,0-2,Middlesbrough FC (9)
?,(Sat) 26 Sep 2009 (W39),Derby County FC (9),1-0,0-0,Bristol City FC (9)
?,(Sat) 26 Sep 2009 (W39),Ipswich Town FC (9),0-4,0-3,Newcastle United FC (9)
?,(Sat) 26 Sep 2009 (W39),Leicester City FC (9),1-2,0-1,Preston North End FC (9)
?,(Sat) 26 Sep 2009 (W39),Queens Park Rangers FC (8),5-2,3-0,Barnsley FC (9)
?,(Sat) 26 Sep 2009 (W39),Reading FC (9),1-1,1-0,Watford FC (9)
?,(Sat) 26 Sep 2009 (W39),Scunthorpe United FC (9),2-2,0-1,Doncaster Rovers FC (9)
?,(Sat) 26 Sep 2009 (W39),Sheffield Wednesday FC (9),3-1,1-1,Cardiff City FC (9)
?,(Sat) 26 Sep 2009 (W39),Swansea City AFC (9),2-1,0-0,Sheffield United FC (9)
?,(Sat) 26 Sep 2009 (W39),West Bromwich Albion FC (9),0-1,0-0,Crystal Palace FC (8)
?,(Sun) 27 Sep 2009 (W39),Plymouth Argyle FC (9),0-1,0-1,Nottingham Forest FC (9)
?,(Tue) 29 Sep 2009 (W40),Barnsley FC (10),3-1,2-0,West Bromwich Albion FC (10)
?,(Tue) 29 Sep 2009 (W40),Bristol City FC (10),2-0,1-0,Blackpool FC (10)
?,(Tue) 29 Sep 2009 (W40),Cardiff City FC (10),6-1,2-0,Derby County FC (10)
?,(Tue) 29 Sep 2009 (W40),Crystal Palace FC (9),0-0,0-0,Sheffield Wednesday FC (10)
?,(Tue) 29 Sep 2009 (W40),Doncaster Rovers FC (10),0-0,0-0,Swansea City AFC (10)
?,(Tue) 29 Sep 2009 (W40),Middlesbrough FC (10),0-1,0-0,Leicester City FC (10)
?,(Tue) 29 Sep 2009 (W40),Peterborough United FC (10),1-2,0-0,Plymouth Argyle FC (10)
?,(Tue) 29 Sep 2009 (W40),Preston North End FC (10),1-2,0-2,Reading FC (10)
?,(Tue) 29 Sep 2009 (W40),Sheffield United FC (10),3-3,1-2,Ipswich Town FC (10)
?,(Tue) 29 Sep 2009 (W40),Watford FC (10),2-3,2-1,Coventry City FC (10)
?,(Wed) 30 Sep 2009 (W40),Newcastle United FC (10),1-1,0-1,Queens Park Rangers FC (9)
?,(Wed) 30 Sep 2009 (W40),Nottingham Forest FC (10),2-0,0-0,Scunthorpe United FC (10)
?,(Sat) 3 Oct 2009 (W40),Barnsley FC (11),2-1,1-1,Ipswich Town FC (11)
?,(Sat) 3 Oct 2009 (W40),Coventry City FC (11),1-1,1-0,Leicester City FC (11)
?,(Sat) 3 Oct 2009 (W40),Crystal Palace FC (10),4-1,2-0,Blackpool FC (11)
?,(Sat) 3 Oct 2009 (W40),Derby County FC (11),3-0,1-0,Sheffield Wednesday FC (11)
?,(Sat) 3 Oct 2009 (W40),Newcastle United FC (11),0-0,0-0,Bristol City FC (11)
?,(Sat) 3 Oct 2009 (W40),Peterborough United FC (11),1-2,0-0,Nottingham Forest FC (11)
?,(Sat) 3 Oct 2009 (W40),Plymouth Argyle FC (11),2-1,0-0,Scunthorpe United FC (11)
?,(Sat) 3 Oct 2009 (W40),Preston North End FC (11),0-0,0-0,West Bromwich Albion FC (11)
?,(Sat) 3 Oct 2009 (W40),Reading FC (11),0-2,0-1,Middlesbrough FC (11)
?,(Sat) 3 Oct 2009 (W40),Sheffield United FC (11),1-1,0-1,Doncaster Rovers FC (11)
?,(Sat) 3 Oct 2009 (W40),Swansea City AFC (11),2-0,0-0,Queens Park Rangers FC (10)
?,(Sat) 3 Oct 2009 (W40),Watford FC (11),0-4,0-2,Cardiff City FC (11)
?,(Sat) 17 Oct 2009 (W42),Blackpool FC (12),2-0,1-0,Plymouth Argyle FC (12)
?,(Sat) 17 Oct 2009 (W42),Bristol City FC (12),1-1,1-0,Peterborough United FC (12)
?,(Sat) 17 Oct 2009 (W42),Cardiff City FC (12),1-1,1-1,Crystal Palace FC (11)
?,(Sat) 17 Oct 2009 (W42),Doncaster Rovers FC (12),0-1,0-0,Barnsley FC (12)
?,(Sat) 17 Oct 2009 (W42),Ipswich Town FC (12),1-1,1-1,Swansea City AFC (12)
?,(Sat) 17 Oct 2009 (W42),Leicester City FC (12),0-0,0-0,Derby County FC (12)
?,(Sat) 17 Oct 2009 (W42),Middlesbrough FC (12),0-1,0-1,Watford FC (12)
?,(Sat) 17 Oct 2009 (W42),Nottingham Forest FC (12),1-0,1-0,Newcastle United FC (12)
?,(Sat) 17 Oct 2009 (W42),Queens Park Rangers FC (11),4-0,1-0,Preston North End FC (12)
?,(Sat) 17 Oct 2009 (W42),Scunthorpe United FC (12),3-1,1-0,Sheffield United FC (12)
?,(Sat) 17 Oct 2009 (W42),Sheffield Wednesday FC (12),2-0,2-0,Coventry City FC (12)
?,(Sat) 17 Oct 2009 (W42),West Bromwich Albion FC (12),3-1,1-1,Reading FC (12)
?,(Tue) 20 Oct 2009 (W43),Blackpool FC (13),3-0,0-0,Sheffield United FC (13)
?,(Tue) 20 Oct 2009 (W43),Bristol City FC (13),3-1,0-0,Plymouth Argyle FC (13)
?,(Tue) 20 Oct 2009 (W43),Cardiff City FC (13),2-0,1-0,Coventry City FC (13)
?,(Tue) 20 Oct 2009 (W43),Doncaster Rovers FC (13),3-1,2-1,Peterborough United FC (13)
?,(Tue) 20 Oct 2009 (W43),Ipswich Town FC (13),1-1,1-0,Watford FC (13)
?,(Tue) 20 Oct 2009 (W43),Leicester City FC (13),2-0,0-0,Crystal Palace FC (12)
?,(Tue) 20 Oct 2009 (W43),Middlesbrough FC (13),2-0,1-0,Derby County FC (13)
?,(Tue) 20 Oct 2009 (W43),Nottingham Forest FC (13),1-0,0-0,Barnsley FC (13)
?,(Tue) 20 Oct 2009 (W43),Queens Park Rangers FC (12),4-1,2-0,Reading FC (13)
?,(Tue) 20 Oct 2009 (W43),Scunthorpe United FC (13),2-1,0-0,Newcastle United FC (13)
?,(Tue) 20 Oct 2009 (W43),Sheffield Wednesday FC (13),1-2,1-1,Preston North End FC (13)
?,(Tue) 20 Oct 2009 (W43),West Bromwich Albion FC (13),0-1,0-0,Swansea City AFC (13)
?,(Fri) 23 Oct 2009 (W43),Watford FC (14),4-1,2-1,Sheffield Wednesday FC (14)
?,(Sat) 24 Oct 2009 (W43),Barnsley FC (14),2-3,0-2,Bristol City FC (14)
?,(Sat) 24 Oct 2009 (W43),Coventry City FC (14),0-0,0-0,West Bromwich Albion FC (14)
?,(Sat) 24 Oct 2009 (W43),Crystal Palace FC (13),1-1,1-0,Nottingham Forest FC (14)
?,(Sat) 24 Oct 2009 (W43),Derby County FC (14),2-4,2-1,Queens Park Rangers FC (13)
?,(Sat) 24 Oct 2009 (W43),Newcastle United FC (14),2-1,0-1,Doncaster Rovers FC (14)
?,(Sat) 24 Oct 2009 (W43),Peterborough United FC (14),3-0,2-0,Scunthorpe United FC (14)
?,(Sat) 24 Oct 2009 (W43),Plymouth Argyle FC (14),1-1,1-0,Ipswich Town FC (14)
?,(Sat) 24 Oct 2009 (W43),Preston North End FC (14),2-2,0-1,Middlesbrough FC (14)
?,(Sat) 24 Oct 2009 (W43),Sheffield United FC (14),3-4,2-2,Cardiff City FC (14)
?,(Sat) 24 Oct 2009 (W43),Swansea City AFC (14),0-0,0-0,Blackpool FC (14)
?,(Mon) 26 Oct 2009 (W44),Reading FC (14),0-1,0-1,Leicester City FC (14)
?,(Fri) 30 Oct 2009 (W44),Queens Park Rangers FC (14),1-2,1-1,Leicester City FC (15)
?,(Sat) 31 Oct 2009 (W44),Bristol City FC (15),1-1,0-0,Sheffield Wednesday FC (15)
?,(Sat) 31 Oct 2009 (W44),Coventry City FC (15),1-3,0-1,Reading FC (15)
?,(Sat) 31 Oct 2009 (W44),Doncaster Rovers FC (15),3-3,1-1,Blackpool FC (15)
?,(Sat) 31 Oct 2009 (W44),Ipswich Town FC (15),1-0,0-0,Derby County FC (15)
?,(Sat) 31 Oct 2009 (W44),Middlesbrough FC (15),0-1,0-0,Plymouth Argyle FC (15)
?,(Sat) 31 Oct 2009 (W44),Peterborough United FC (15),1-2,1-2,Barnsley FC (15)
?,(Sat) 31 Oct 2009 (W44),Preston North End FC (15),1-1,1-1,Crystal Palace FC (14)
?,(Sat) 31 Oct 2009 (W44),Scunthorpe United FC (15),0-2,0-1,Swansea City AFC (15)
?,(Sat) 31 Oct 2009 (W44),West Bromwich Albion FC (15),5-0,2-0,Watford FC (15)
?,(Sun) 1 Nov 2009 (W44),Cardiff City FC (15),1-1,0-0,Nottingham Forest FC (15)
?,(Mon) 2 Nov 2009 (W45),Sheffield United FC (15),0-1,0-0,Newcastle United FC (15)
?,(Tue) 3 Nov 2009 (W45),Queens Park Rangers FC (15),1-1,1-0,Crystal Palace FC (15)
?,(Fri) 6 Nov 2009 (W45),Derby County FC (16),2-1,0-1,Coventry City FC (16)
?,(Sat) 7 Nov 2009 (W45),Blackpool FC (16),4-1,0-0,Scunthorpe United FC (16)
?,(Sat) 7 Nov 2009 (W45),Crystal Palace FC (16),1-0,0-0,Middlesbrough FC (16)
?,(Sat) 7 Nov 2009 (W45),Leicester City FC (16),1-2,0-2,West Bromwich Albion FC (16)
?,(Sat) 7 Nov 2009 (W45),Newcastle United FC (16),3-1,2-0,Peterborough United FC (16)
?,(Sat) 7 Nov 2009 (W45),Nottingham Forest FC (16),1-1,0-0,Bristol City FC (16)
?,(Sat) 7 Nov 2009 (W45),Plymouth Argyle FC (16),2-1,1-1,Doncaster Rovers FC (16)
?,(Sat) 7 Nov 2009 (W45),Reading FC (16),1-1,0-1,Ipswich Town FC (16)
?,(Sat) 7 Nov 2009 (W45),Sheffield Wednesday FC (16),1-2,1-1,Queens Park Rangers FC (16)
?,(Sat) 7 Nov 2009 (W45),Swansea City AFC (16),3-2,2-2,Cardiff City FC (16)
?,(Sat) 7 Nov 2009 (W45),Watford FC (16),2-0,2-0,Preston North End FC (16)
?,(Mon) 9 Nov 2009 (W46),Barnsley FC (16),2-2,0-0,Sheffield United FC (16)
?,(Fri) 20 Nov 2009 (W47),Swansea City AFC (17),1-0,0-0,Derby County FC (17)
?,(Sat) 21 Nov 2009 (W47),Barnsley FC (17),1-0,0-0,Cardiff City FC (17)
?,(Sat) 21 Nov 2009 (W47),Coventry City FC (17),1-1,0-1,Crystal Palace FC (17)
?,(Sat) 21 Nov 2009 (W47),Doncaster Rovers FC (17),2-0,0-0,Queens Park Rangers FC (17)
?,(Sat) 21 Nov 2009 (W47),Ipswich Town FC (17),0-0,0-0,Sheffield Wednesday FC (17)
?,(Sat) 21 Nov 2009 (W47),Leicester City FC (17),1-0,0-0,Plymouth Argyle FC (17)
?,(Sat) 21 Nov 2009 (W47),Middlesbrough FC (17),1-1,1-0,Nottingham Forest FC (17)
?,(Sat) 21 Nov 2009 (W47),Reading FC (17),2-1,0-0,Blackpool FC (17)
?,(Sat) 21 Nov 2009 (W47),Sheffield United FC (17),1-0,1-0,Peterborough United FC (17)
?,(Sat) 21 Nov 2009 (W47),Watford FC (17),3-0,2-0,Scunthorpe United FC (17)
?,(Sat) 21 Nov 2009 (W47),West Bromwich Albion FC (17),4-1,2-0,Bristol City FC (17)
?,(Mon) 23 Nov 2009 (W48),Preston North End FC (17),0-1,0-1,Newcastle United FC (17)
?,(Sat) 28 Nov 2009 (W48),Bristol City FC (18),2-3,0-2,Sheffield United FC (18)
?,(Sat) 28 Nov 2009 (W48),Crystal Palace FC (18),3-0,2-0,Watford FC (18)
?,(Sat) 28 Nov 2009 (W48),Derby County FC (18),2-1,0-0,Reading FC (18)
?,(Sat) 28 Nov 2009 (W48),Newcastle United FC (18),3-0,3-0,Swansea City AFC (18)
?,(Sat) 28 Nov 2009 (W48),Nottingham Forest FC (18),4-1,1-0,Doncaster Rovers FC (18)
?,(Sat) 28 Nov 2009 (W48),Peterborough United FC (18),2-2,0-1,Middlesbrough FC (18)
?,(Sat) 28 Nov 2009 (W48),Queens Park Rangers FC (18),2-2,1-1,Coventry City FC (18)
?,(Sat) 28 Nov 2009 (W48),Scunthorpe United FC (18),1-1,0-1,Leicester City FC (18)
?,(Sat) 28 Nov 2009 (W48),Sheffield Wednesday FC (18),0-4,0-3,West Bromwich Albion FC (18)
?,(Sun) 29 Nov 2009 (W48),Cardiff City FC (18),1-2,1-0,Ipswich Town FC (18)
?,(Mon) 30 Nov 2009 (W49),Blackpool FC (18),1-1,1-1,Preston North End FC (18)
?,(Sat) 5 Dec 2009 (W49),Blackpool FC (19),1-2,0-0,Barnsley FC (18)
?,(Sat) 5 Dec 2009 (W49),Bristol City FC (19),0-0,0-0,Ipswich Town FC (19)
?,(Sat) 5 Dec 2009 (W49),Cardiff City FC (19),1-0,0-0,Preston North End FC (19)
?,(Sat) 5 Dec 2009 (W49),Crystal Palace FC (19),0-3,0-1,Doncaster Rovers FC (19)
?,(Sat) 5 Dec 2009 (W49),Derby County FC (19),2-2,1-0,West Bromwich Albion FC (19)
?,(Sat) 5 Dec 2009 (W49),Newcastle United FC (19),2-0,1-0,Watford FC (19)
?,(Sat) 5 Dec 2009 (W49),Nottingham Forest FC (19),5-1,2-0,Leicester City FC (19)
?,(Sat) 5 Dec 2009 (W49),Peterborough United FC (19),2-2,0-0,Swansea City AFC (19)
?,(Sat) 5 Dec 2009 (W49),Plymouth Argyle FC (18),0-1,0-0,Sheffield United FC (19)
?,(Sat) 5 Dec 2009 (W49),Queens Park Rangers FC (19),1-5,0-1,Middlesbrough FC (19)
?,(Sat) 5 Dec 2009 (W49),Sheffield Wednesday FC (19),0-2,0-0,Reading FC (19)
?,(Sun) 6 Dec 2009 (W49),Scunthorpe United FC (19),1-0,1-0,Coventry City FC (19)
?,(Mon) 7 Dec 2009 (W50),Watford FC (20),3-1,1-1,Queens Park Rangers FC (20)
?,(Tue) 8 Dec 2009 (W50),Doncaster Rovers FC (20),1-0,0-0,Sheffield Wednesday FC (20)
?,(Tue) 8 Dec 2009 (W50),Ipswich Town FC (20),0-0,0-0,Peterborough United FC (20)
?,(Tue) 8 Dec 2009 (W50),Leicester City FC (20),1-3,0-2,Bristol City FC (20)
?,(Tue) 8 Dec 2009 (W50),Middlesbrough FC (20),0-3,0-2,Blackpool FC (20)
?,(Tue) 8 Dec 2009 (W50),Preston North End FC (20),0-0,0-0,Derby County FC (20)
?,(Tue) 8 Dec 2009 (W50),Reading FC (20),2-4,1-3,Crystal Palace FC (20)
?,(Tue) 8 Dec 2009 (W50),Sheffield United FC (20),0-0,0-0,Nottingham Forest FC (20)
?,(Tue) 8 Dec 2009 (W50),Swansea City AFC (20),1-0,0-0,Plymouth Argyle FC (19)
?,(Tue) 8 Dec 2009 (W50),West Bromwich Albion FC (20),0-2,0-1,Cardiff City FC (20)
?,(Wed) 9 Dec 2009 (W50),Barnsley FC (19),1-1,0-0,Scunthorpe United FC (20)
?,(Wed) 9 Dec 2009 (W50),Coventry City FC (20),0-2,0-1,Newcastle United FC (20)
?,(Sat) 12 Dec 2009 (W50),Barnsley FC (20),2-2,0-1,Newcastle United FC (21)
?,(Sat) 12 Dec 2009 (W50),Coventry City FC (21),3-2,2-0,Peterborough United FC (21)
?,(Sat) 12 Dec 2009 (W50),Doncaster Rovers FC (21),1-0,1-0,Bristol City FC (21)
?,(Sat) 12 Dec 2009 (W50),Ipswich Town FC (21),3-1,2-0,Blackpool FC (21)
?,(Sat) 12 Dec 2009 (W50),Leicester City FC (21),3-0,2-0,Sheffield Wednesday FC (21)
?,(Sat) 12 Dec 2009 (W50),Preston North End FC (21),2-0,2-0,Plymouth Argyle FC (20)
?,(Sat) 12 Dec 2009 (W50),Reading FC (21),1-1,1-0,Scunthorpe United FC (21)
?,(Sat) 12 Dec 2009 (W50),Sheffield United FC (21),2-0,1-0,Crystal Palace FC (21)
?,(Sat) 12 Dec 2009 (W50),Swansea City AFC (21),0-1,0-1,Nottingham Forest FC (21)
?,(Sat) 12 Dec 2009 (W50),Watford FC (21),0-1,0-0,Derby County FC (21)
?,(Sun) 13 Dec 2009 (W50),Middlesbrough FC (21),0-1,0-0,Cardiff City FC (21)
?,(Mon) 14 Dec 2009 (W51),West Bromwich Albion FC (21),2-2,0-0,Queens Park Rangers FC (21)
?,(Sat) 19 Dec 2009 (W51),Bristol City FC (22),1-1,1-0,Reading FC (22)
?,(Sat) 19 Dec 2009 (W51),Crystal Palace FC (22),1-1,0-1,Barnsley FC (21)
?,(Sat) 19 Dec 2009 (W51),Derby County FC (22),0-2,0-1,Doncaster Rovers FC (22)
?,(Sat) 19 Dec 2009 (W51),Nottingham Forest FC (22),3-0,2-0,Preston North End FC (22)
?,(Sat) 19 Dec 2009 (W51),Peterborough United FC (22),2-1,1-0,Watford FC (22)
?,(Sat) 19 Dec 2009 (W51),Plymouth Argyle FC (21),0-1,0-0,Coventry City FC (22)
?,(Sat) 19 Dec 2009 (W51),Queens Park Rangers FC (22),1-1,1-1,Sheffield United FC (22)
?,(Sat) 19 Dec 2009 (W51),Sheffield Wednesday FC (22),0-2,0-2,Swansea City AFC (22)
?,(Sun) 20 Dec 2009 (W51),Newcastle United FC (22),2-0,1-0,Middlesbrough FC (22)
?,(Sat) 26 Dec 2009 (W52),Cardiff City FC (22),0-1,0-0,Plymouth Argyle FC (22)
?,(Sat) 26 Dec 2009 (W52),Coventry City FC (23),1-0,0-0,Doncaster Rovers FC (23)
?,(Sat) 26 Dec 2009 (W52),Crystal Palace FC (23),3-1,1-1,Ipswich Town FC (22)
?,(Sat) 26 Dec 2009 (W52),Derby County FC (23),0-2,0-1,Blackpool FC (22)
?,(Sat) 26 Dec 2009 (W52),Leicester City FC (22),2-1,2-0,Sheffield United FC (23)
?,(Sat) 26 Dec 2009 (W52),Middlesbrough FC (23),3-0,2-0,Scunthorpe United FC (22)
?,(Sat) 26 Dec 2009 (W52),Queens Park Rangers FC (23),2-1,2-0,Bristol City FC (23)
?,(Sat) 26 Dec 2009 (W52),Reading FC (23),1-1,1-1,Swansea City AFC (23)
?,(Sat) 26 Dec 2009 (W52),Sheffield Wednesday FC (23),2-2,1-2,Newcastle United FC (23)
?,(Sat) 26 Dec 2009 (W52),Watford FC (23),0-0,0-0,Nottingham Forest FC (23)
?,(Sat) 26 Dec 2009 (W52),West Bromwich Albion FC (22),2-0,0-0,Peterborough United FC (23)
?,(Mon) 28 Dec 2009 (W53),Barnsley FC (22),2-1,0-1,Middlesbrough FC (24)
?,(Mon) 28 Dec 2009 (W53),Bristol City FC (24),2-2,2-1,Watford FC (24)
?,(Mon) 28 Dec 2009 (W53),Ipswich Town FC (23),3-0,1-0,Queens Park Rangers FC (24)
?,(Mon) 28 Dec 2009 (W53),Newcastle United FC (24),0-0,0-0,Derby County FC (24)
?,(Mon) 28 Dec 2009 (W53),Nottingham Forest FC (24),2-0,1-0,Coventry City FC (24)
?,(Mon) 28 Dec 2009 (W53),Peterborough United FC (24),4-4,0-4,Cardiff City FC (23)
?,(Mon) 28 Dec 2009 (W53),Plymouth Argyle FC (23),4-1,1-0,Reading FC (24)
?,(Mon) 28 Dec 2009 (W53),Scunthorpe United FC (23),1-3,0-1,West Bromwich Albion FC (23)
?,(Mon) 28 Dec 2009 (W53),Sheffield United FC (24),1-0,0-0,Preston North End FC (23)
?,(Mon) 28 Dec 2009 (W53),Swansea City AFC (24),0-0,0-0,Crystal Palace FC (24)
?,(Fri) 8 Jan 2010 (W1),West Bromwich Albion FC (24),1-3,0-1,Nottingham Forest FC (25)
?,(Sat) 9 Jan 2010 (W1),Cardiff City FC (24),1-1,1-0,Blackpool FC (23)
?,(Sat) 9 Jan 2010 (W1),Coventry City FC (25),3-1,2-0,Barnsley FC (23)
?,(Sat) 9 Jan 2010 (W1),Derby County FC (25),1-4,0-2,Scunthorpe United FC (24)
?,(Sun) 10 Jan 2010 (W1),Leicester City FC (23),1-1,1-1,Ipswich Town FC (24)
?,(Sat) 16 Jan 2010 (W2),Barnsley FC (24),1-2,1-2,Sheffield Wednesday FC (24)
?,(Sat) 16 Jan 2010 (W2),Blackpool FC (24),2-2,1-0,Queens Park Rangers FC (25)
?,(Sat) 16 Jan 2010 (W2),Bristol City FC (25),4-2,2-1,Preston North End FC (24)
?,(Sat) 16 Jan 2010 (W2),Doncaster Rovers FC (24),2-1,0-0,Watford FC (25)
?,(Sat) 16 Jan 2010 (W2),Ipswich Town FC (25),3-2,1-1,Coventry City FC (26)
?,(Sat) 16 Jan 2010 (W2),Nottingham Forest FC (26),2-1,2-0,Reading FC (25)
?,(Sat) 16 Jan 2010 (W2),Peterborough United FC (25),0-3,0-1,Derby County FC (26)
?,(Sat) 16 Jan 2010 (W2),Plymouth Argyle FC (24),0-1,0-1,Crystal Palace FC (25)
?,(Sat) 16 Jan 2010 (W2),Scunthorpe United FC (25),1-1,1-0,Cardiff City FC (25)
?,(Sat) 16 Jan 2010 (W2),Sheffield United FC (25),1-0,0-0,Middlesbrough FC (25)
?,(Sat) 16 Jan 2010 (W2),Swansea City AFC (25),1-0,1-0,Leicester City FC (24)
?,(Mon) 18 Jan 2010 (W3),Newcastle United FC (25),2-2,1-1,West Bromwich Albion FC (25)
?,(Tue) 19 Jan 2010 (W3),Blackpool FC (25),1-2,0-0,Sheffield Wednesday FC (25)
?,(Sat) 23 Jan 2010 (W3),Blackpool FC (26),3-2,1-1,Watford FC (26)
?,(Sat) 23 Jan 2010 (W3),Middlesbrough FC (26),1-1,0-0,Swansea City AFC (26)
?,(Sat) 23 Jan 2010 (W3),Sheffield Wednesday FC (26),2-1,1-0,Peterborough United FC (26)
?,(Tue) 26 Jan 2010 (W4),Barnsley FC (25),1-0,0-0,Leicester City FC (25)
?,(Tue) 26 Jan 2010 (W4),Bristol City FC (26),0-6,0-4,Cardiff City FC (26)
?,(Tue) 26 Jan 2010 (W4),Doncaster Rovers FC (25),1-4,0-2,Middlesbrough FC (27)
?,(Tue) 26 Jan 2010 (W4),Ipswich Town FC (26),1-1,0-0,West Bromwich Albion FC (26)
?,(Tue) 26 Jan 2010 (W4),Nottingham Forest FC (27),5-0,3-0,Queens Park Rangers FC (26)
?,(Tue) 26 Jan 2010 (W4),Peterborough United FC (27),0-1,0-1,Preston North End FC (25)
?,(Tue) 26 Jan 2010 (W4),Plymouth Argyle FC (25),1-0,0-0,Derby County FC (27)
?,(Tue) 26 Jan 2010 (W4),Sheffield United FC (26),3-0,2-0,Reading FC (26)
?,(Tue) 26 Jan 2010 (W4),Swansea City AFC (27),0-0,0-0,Coventry City FC (27)
?,(Wed) 27 Jan 2010 (W4),Newcastle United FC (26),2-0,1-0,Crystal Palace FC (26)
?,(Wed) 27 Jan 2010 (W4),Scunthorpe United FC (26),2-0,1-0,Sheffield Wednesday FC (27)
?,(Sat) 30 Jan 2010 (W4),Cardiff City FC (27),2-1,1-0,Doncaster Rovers FC (26)
?,(Sat) 30 Jan 2010 (W4),Coventry City FC (28),1-1,0-0,Blackpool FC (27)
?,(Sat) 30 Jan 2010 (W4),Crystal Palace FC (27),2-0,1-0,Peterborough United FC (28)
?,(Sat) 30 Jan 2010 (W4),Derby County FC (28),1-0,0-0,Nottingham Forest FC (28)
?,(Sat) 30 Jan 2010 (W4),Leicester City FC (26),0-0,0-0,Newcastle United FC (27)
?,(Sat) 30 Jan 2010 (W4),Middlesbrough FC (28),0-0,0-0,Bristol City FC (27)
?,(Sat) 30 Jan 2010 (W4),Preston North End FC (26),2-0,0-0,Ipswich Town FC (27)
?,(Sat) 30 Jan 2010 (W4),Queens Park Rangers FC (27),0-1,0-0,Scunthorpe United FC (27)
?,(Sat) 30 Jan 2010 (W4),Reading FC (27),1-0,1-0,Barnsley FC (26)
?,(Sat) 30 Jan 2010 (W4),Sheffield Wednesday FC (28),2-1,2-1,Plymouth Argyle FC (26)
?,(Sat) 30 Jan 2010 (W4),West Bromwich Albion FC (27),3-1,2-0,Sheffield United FC (27)
?,(Tue) 2 Feb 2010 (W5),Preston North End FC (27),1-4,1-2,Barnsley FC (27)
?,(Tue) 2 Feb 2010 (W5),Watford FC (27),3-0,1-0,Sheffield United FC (28)
?,(Wed) 3 Feb 2010 (W5),Blackpool FC (28),2-3,1-2,West Bromwich Albion FC (28)
?,(Fri) 5 Feb 2010 (W5),Newcastle United FC (28),5-1,3-0,Cardiff City FC (28)
?,(Sat) 6 Feb 2010 (W5),Barnsley FC (28),1-0,0-0,Watford FC (28)
?,(Sat) 6 Feb 2010 (W5),Blackpool FC (29),1-2,0-1,Leicester City FC (27)
?,(Sat) 6 Feb 2010 (W5),Bristol City FC (28),1-1,0-0,Coventry City FC (29)
?,(Sat) 6 Feb 2010 (W5),Doncaster Rovers FC (27),1-2,0-1,Reading FC (28)
?,(Sat) 6 Feb 2010 (W5),Ipswich Town FC (28),1-1,1-0,Middlesbrough FC (29)
?,(Sat) 6 Feb 2010 (W5),Nottingham Forest FC (29),2-1,1-0,Sheffield Wednesday FC (29)
?,(Sat) 6 Feb 2010 (W5),Peterborough United FC (29),1-0,1-0,Queens Park Rangers FC (28)
?,(Sat) 6 Feb 2010 (W5),Plymouth Argyle FC (27),0-1,0-0,West Bromwich Albion FC (29)
?,(Sat) 6 Feb 2010 (W5),Scunthorpe United FC (28),1-2,0-0,Crystal Palace FC (28)
?,(Sat) 6 Feb 2010 (W5),Sheffield United FC (29),1-1,0-1,Derby County FC (29)
?,(Sat) 6 Feb 2010 (W5),Swansea City AFC (28),2-0,1-0,Preston North End FC (28)
?,(Tue) 9 Feb 2010 (W6),Cardiff City FC (29),2-0,1-0,Peterborough United FC (30)
?,(Tue) 9 Feb 2010 (W6),Coventry City FC (30),1-0,1-0,Nottingham Forest FC (30)
?,(Tue) 9 Feb 2010 (W6),Crystal Palace FC (29),0-1,0-1,Swansea City AFC (29)
?,(Tue) 9 Feb 2010 (W6),Derby County FC (30),3-0,1-0,Newcastle United FC (29)
?,(Tue) 9 Feb 2010 (W6),Leicester City FC (28),0-0,0-0,Doncaster Rovers FC (28)
?,(Tue) 9 Feb 2010 (W6),Middlesbrough FC (30),2-1,2-0,Barnsley FC (29)
?,(Tue) 9 Feb 2010 (W6),Preston North End FC (29),2-1,1-0,Sheffield United FC (30)
?,(Tue) 9 Feb 2010 (W6),Queens Park Rangers FC (29),1-2,0-2,Ipswich Town FC (29)
?,(Tue) 9 Feb 2010 (W6),Reading FC (29),2-1,0-0,Plymouth Argyle FC (28)
?,(Tue) 9 Feb 2010 (W6),Sheffield Wednesday FC (30),2-0,1-0,Blackpool FC (30)
?,(Tue) 9 Feb 2010 (W6),Watford FC (29),2-0,2-0,Bristol City FC (29)
?,(Tue) 9 Feb 2010 (W6),West Bromwich Albion FC (30),2-0,1-0,Scunthorpe United FC (29)
?,(Sat) 13 Feb 2010 (W6),Barnsley FC (30),1-3,1-0,Plymouth Argyle FC (29)
?,(Sat) 13 Feb 2010 (W6),Coventry City FC (31),1-0,1-0,Queens Park Rangers FC (30)
?,(Sat) 13 Feb 2010 (W6),Doncaster Rovers FC (29),1-0,1-0,Nottingham Forest FC (31)
?,(Sat) 13 Feb 2010 (W6),Leicester City FC (29),5-1,4-0,Scunthorpe United FC (30)
?,(Sat) 13 Feb 2010 (W6),Middlesbrough FC (31),1-0,1-0,Peterborough United FC (31)
?,(Sat) 13 Feb 2010 (W6),Preston North End FC (30),0-0,0-0,Blackpool FC (31)
?,(Sat) 13 Feb 2010 (W6),Sheffield United FC (31),2-0,0-0,Bristol City FC (30)
?,(Sat) 13 Feb 2010 (W6),Swansea City AFC (30),1-1,0-0,Newcastle United FC (30)
?,(Tue) 16 Feb 2010 (W7),Blackpool FC (32),2-0,1-0,Middlesbrough FC (32)
?,(Tue) 16 Feb 2010 (W7),Bristol City FC (31),1-1,0-0,Leicester City FC (30)
?,(Tue) 16 Feb 2010 (W7),Cardiff City FC (30),1-1,1-1,West Bromwich Albion FC (31)
?,(Tue) 16 Feb 2010 (W7),Derby County FC (31),5-3,1-1,Preston North End FC (31)
?,(Tue) 16 Feb 2010 (W7),Nottingham Forest FC (32),1-0,1-0,Sheffield United FC (32)
?,(Tue) 16 Feb 2010 (W7),Peterborough United FC (32),3-1,0-1,Ipswich Town FC (30)
?,(Tue) 16 Feb 2010 (W7),Plymouth Argyle FC (30),1-1,0-0,Swansea City AFC (31)
?,(Tue) 16 Feb 2010 (W7),Scunthorpe United FC (31),2-1,0-0,Barnsley FC (31)
?,(Tue) 16 Feb 2010 (W7),Sheffield Wednesday FC (31),0-2,0-1,Doncaster Rovers FC (30)
?,(Wed) 17 Feb 2010 (W7),Crystal Palace FC (30),1-3,0-1,Reading FC (30)
?,(Wed) 17 Feb 2010 (W7),Newcastle United FC (31),4-1,1-1,Coventry City FC (32)
?,(Sat) 20 Feb 2010 (W7),Blackpool FC (33),2-0,1-0,Reading FC (31)
?,(Sat) 20 Feb 2010 (W7),Cardiff City FC (31),0-2,0-2,Barnsley FC (32)
?,(Sat) 20 Feb 2010 (W7),Crystal Palace FC (31),0-1,0-0,Coventry City FC (33)
?,(Sat) 20 Feb 2010 (W7),Derby County FC (32),0-1,0-0,Swansea City AFC (32)
?,(Sat) 20 Feb 2010 (W7),Newcastle United FC (32),3-0,1-0,Preston North End FC (32)
?,(Sat) 20 Feb 2010 (W7),Nottingham Forest FC (33),1-0,0-0,Middlesbrough FC (33)
?,(Sat) 20 Feb 2010 (W7),Plymouth Argyle FC (31),1-1,1-1,Leicester City FC (31)
?,(Sat) 20 Feb 2010 (W7),Queens Park Rangers FC (31),2-1,1-0,Doncaster Rovers FC (31)
?,(Sat) 20 Feb 2010 (W7),Scunthorpe United FC (32),2-2,1-0,Watford FC (30)
?,(Sat) 20 Feb 2010 (W7),Sheffield Wednesday FC (32),0-1,0-1,Ipswich Town FC (31)
?,(Sun) 21 Feb 2010 (W7),Bristol City FC (32),2-1,0-1,West Bromwich Albion FC (32)
?,(Tue) 23 Feb 2010 (W8),Doncaster Rovers FC (32),0-1,0-1,Leicester City FC (32)
?,(Tue) 23 Feb 2010 (W8),Scunthorpe United FC (33),1-1,0-0,Ipswich Town FC (32)
?,(Sat) 27 Feb 2010 (W8),Barnsley FC (33),1-0,0-0,Blackpool FC (34)
?,(Sat) 27 Feb 2010 (W8),Coventry City FC (34),2-1,0-0,Scunthorpe United FC (34)
?,(Sat) 27 Feb 2010 (W8),Doncaster Rovers FC (33),1-1,1-0,Crystal Palace FC (32)
?,(Sat) 27 Feb 2010 (W8),Ipswich Town FC (33),0-0,0-0,Bristol City FC (33)
?,(Sat) 27 Feb 2010 (W8),Leicester City FC (33),3-0,0-0,Nottingham Forest FC (34)
?,(Sat) 27 Feb 2010 (W8),Middlesbrough FC (34),2-0,2-0,Queens Park Rangers FC (32)
?,(Sat) 27 Feb 2010 (W8),Preston North End FC (33),3-0,1-0,Cardiff City FC (32)
?,(Sat) 27 Feb 2010 (W8),Reading FC (32),5-0,2-0,Sheffield Wednesday FC (33)
?,(Sat) 27 Feb 2010 (W8),Sheffield United FC (33),4-3,2-0,Plymouth Argyle FC (32)
?,(Sat) 27 Feb 2010 (W8),Swansea City AFC (33),1-0,1-0,Peterborough United FC (33)
?,(Sat) 27 Feb 2010 (W8),Watford FC (31),1-2,0-1,Newcastle United FC (33)
?,(Sat) 27 Feb 2010 (W8),West Bromwich Albion FC (33),3-1,0-0,Derby County FC (33)
?,(Sat) 6 Mar 2010 (W9),Blackpool FC (35),1-0,0-0,Ipswich Town FC (34)
?,(Sat) 6 Mar 2010 (W9),Bristol City FC (34),2-5,2-4,Doncaster Rovers FC (34)
?,(Sat) 6 Mar 2010 (W9),Cardiff City FC (33),1-0,1-0,Middlesbrough FC (35)
?,(Sat) 6 Mar 2010 (W9),Crystal Palace FC (33),1-0,1-0,Sheffield United FC (34)
?,(Sat) 6 Mar 2010 (W9),Derby County FC (34),2-0,1-0,Watford FC (32)
?,(Sat) 6 Mar 2010 (W9),Newcastle United FC (34),6-1,1-0,Barnsley FC (34)
?,(Sat) 6 Mar 2010 (W9),Nottingham Forest FC (35),1-0,0-0,Swansea City AFC (34)
?,(Sat) 6 Mar 2010 (W9),Peterborough United FC (34),0-1,0-1,Coventry City FC (35)
?,(Sat) 6 Mar 2010 (W9),Plymouth Argyle FC (33),1-1,0-1,Preston North End FC (34)
?,(Sat) 6 Mar 2010 (W9),Queens Park Rangers FC (33),3-1,2-1,West Bromwich Albion FC (34)
?,(Sat) 6 Mar 2010 (W9),Sheffield Wednesday FC (34),2-0,1-0,Leicester City FC (34)
?,(Tue) 9 Mar 2010 (W10),Crystal Palace FC (34),0-1,0-0,Bristol City FC (35)
?,(Tue) 9 Mar 2010 (W10),Ipswich Town FC (35),2-0,1-0,Cardiff City FC (34)
?,(Tue) 9 Mar 2010 (W10),Peterborough United FC (35),1-0,1-0,Sheffield United FC (35)
?,(Tue) 9 Mar 2010 (W10),Preston North End FC (35),1-1,1-1,Doncaster Rovers FC (35)
?,(Tue) 9 Mar 2010 (W10),Queens Park Rangers FC (34),2-0,1-0,Plymouth Argyle FC (34)
?,(Tue) 9 Mar 2010 (W10),Watford FC (33),0-1,0-1,Swansea City AFC (35)
?,(Tue) 9 Mar 2010 (W10),West Bromwich Albion FC (35),1-0,0-0,Sheffield Wednesday FC (35)
?,(Wed) 10 Mar 2010 (W10),Reading FC (33),4-1,2-1,Derby County FC (35)
?,(Sat) 13 Mar 2010 (W10),Barnsley FC (35),0-0,0-0,Crystal Palace FC (35)
?,(Sat) 13 Mar 2010 (W10),Coventry City FC (36),1-1,0-1,Plymouth Argyle FC (35)
?,(Sat) 13 Mar 2010 (W10),Doncaster Rovers FC (36),2-1,1-0,Derby County FC (36)
?,(Sat) 13 Mar 2010 (W10),Ipswich Town FC (36),1-0,0-0,Scunthorpe United FC (35)
?,(Sat) 13 Mar 2010 (W10),Leicester City FC (35),1-0,1-0,Cardiff City FC (35)
?,(Sat) 13 Mar 2010 (W10),Middlesbrough FC (36),2-2,1-1,Newcastle United FC (35)
?,(Sat) 13 Mar 2010 (W10),Preston North End FC (36),3-2,3-0,Nottingham Forest FC (36)
?,(Sat) 13 Mar 2010 (W10),Reading FC (34),2-0,2-0,Bristol City FC (36)
?,(Sat) 13 Mar 2010 (W10),Sheffield United FC (36),1-1,1-0,Queens Park Rangers FC (35)
?,(Sat) 13 Mar 2010 (W10),Swansea City AFC (36),0-0,0-0,Sheffield Wednesday FC (36)
?,(Sat) 13 Mar 2010 (W10),Watford FC (34),0-1,0-0,Peterborough United FC (36)
?,(Sat) 13 Mar 2010 (W10),West Bromwich Albion FC (36),3-2,1-1,Blackpool FC (36)
?,(Tue) 16 Mar 2010 (W11),Barnsley FC (36),2-1,1-0,Nottingham Forest FC (37)
?,(Tue) 16 Mar 2010 (W11),Coventry City FC (37),1-2,1-1,Cardiff City FC (36)
?,(Tue) 16 Mar 2010 (W11),Crystal Palace FC (36),0-1,0-0,Leicester City FC (36)
?,(Tue) 16 Mar 2010 (W11),Derby County FC (37),2-2,0-1,Middlesbrough FC (37)
?,(Tue) 16 Mar 2010 (W11),Peterborough United FC (37),1-2,0-0,Doncaster Rovers FC (37)
?,(Tue) 16 Mar 2010 (W11),Plymouth Argyle FC (36),3-2,2-0,Bristol City FC (37)
?,(Tue) 16 Mar 2010 (W11),Preston North End FC (37),2-2,1-0,Sheffield Wednesday FC (37)
?,(Tue) 16 Mar 2010 (W11),Reading FC (35),1-0,0-0,Queens Park Rangers FC (36)
?,(Tue) 16 Mar 2010 (W11),Sheffield United FC (37),3-0,2-0,Blackpool FC (37)
?,(Tue) 16 Mar 2010 (W11),Swansea City AFC (37),0-2,0-0,West Bromwich Albion FC (37)
?,(Tue) 16 Mar 2010 (W11),Watford FC (35),2-1,1-0,Ipswich Town FC (37)
?,(Wed) 17 Mar 2010 (W11),Newcastle United FC (36),3-0,2-0,Scunthorpe United FC (36)
?,(Sat) 20 Mar 2010 (W11),Blackpool FC (38),2-2,0-2,Crystal Palace FC (37)
?,(Sat) 20 Mar 2010 (W11),Bristol City FC (38),2-2,2-0,Newcastle United FC (37)
?,(Sat) 20 Mar 2010 (W11),Doncaster Rovers FC (38),1-1,1-0,Sheffield United FC (38)
?,(Sat) 20 Mar 2010 (W11),Ipswich Town FC (38),1-0,1-0,Barnsley FC (37)
?,(Sat) 20 Mar 2010 (W11),Middlesbrough FC (38),1-1,0-0,Reading FC (36)
?,(Sat) 20 Mar 2010 (W11),Nottingham Forest FC (38),1-0,1-0,Peterborough United FC (38)
?,(Sat) 20 Mar 2010 (W11),Queens Park Rangers FC (37),1-1,0-0,Swansea City AFC (38)
?,(Sat) 20 Mar 2010 (W11),Scunthorpe United FC (37),2-1,1-1,Plymouth Argyle FC (37)
?,(Sat) 20 Mar 2010 (W11),Sheffield Wednesday FC (38),0-0,0-0,Derby County FC (38)
?,(Sat) 20 Mar 2010 (W11),West Bromwich Albion FC (38),3-2,3-2,Preston North End FC (38)
?,(Sun) 21 Mar 2010 (W11),Cardiff City FC (37),3-1,1-0,Watford FC (36)
?,(Sun) 21 Mar 2010 (W11),Leicester City FC (37),2-2,2-0,Coventry City FC (38)
?,(Tue) 23 Mar 2010 (W12),Blackpool FC (39),5-1,2-0,Swansea City AFC (39)
?,(Tue) 23 Mar 2010 (W12),Bristol City FC (39),5-3,2-2,Barnsley FC (38)
?,(Tue) 23 Mar 2010 (W12),Doncaster Rovers FC (39),0-1,0-0,Newcastle United FC (38)
?,(Tue) 23 Mar 2010 (W12),Ipswich Town FC (39),0-2,0-1,Plymouth Argyle FC (38)
?,(Tue) 23 Mar 2010 (W12),Middlesbrough FC (39),2-0,1-0,Preston North End FC (39)
?,(Tue) 23 Mar 2010 (W12),Nottingham Forest FC (39),2-0,1-0,Crystal Palace FC (38)
?,(Tue) 23 Mar 2010 (W12),Queens Park Rangers FC (38),1-1,1-0,Derby County FC (39)
?,(Tue) 23 Mar 2010 (W12),Scunthorpe United FC (38),4-0,3-0,Peterborough United FC (39)
?,(Wed) 24 Mar 2010 (W12),Cardiff City FC (38),1-1,1-0,Sheffield United FC (39)
?,(Wed) 24 Mar 2010 (W12),Leicester City FC (38),1-2,1-1,Reading FC (37)
?,(Wed) 24 Mar 2010 (W12),Sheffield Wednesday FC (39),2-1,0-0,Watford FC (37)
?,(Wed) 24 Mar 2010 (W12),West Bromwich Albion FC (39),1-0,1-0,Coventry City FC (39)
?,(Sat) 27 Mar 2010 (W12),Barnsley FC (39),0-1,0-1,Doncaster Rovers FC (40)
?,(Sat) 27 Mar 2010 (W12),Coventry City FC (40),1-1,0-0,Sheffield Wednesday FC (40)
?,(Sat) 27 Mar 2010 (W12),Crystal Palace FC (39),1-2,0-1,Cardiff City FC (39)
?,(Sat) 27 Mar 2010 (W12),Derby County FC (40),1-0,1-0,Leicester City FC (39)
?,(Sat) 27 Mar 2010 (W12),Peterborough United FC (40),0-1,0-0,Bristol City FC (40)
?,(Sat) 27 Mar 2010 (W12),Plymouth Argyle FC (39),0-2,0-0,Blackpool FC (40)
?,(Sat) 27 Mar 2010 (W12),Preston North End FC (40),2-2,1-0,Queens Park Rangers FC (39)
?,(Sat) 27 Mar 2010 (W12),Reading FC (38),1-1,1-0,West Bromwich Albion FC (40)
?,(Sat) 27 Mar 2010 (W12),Swansea City AFC (40),0-0,0-0,Ipswich Town FC (40)
?,(Sat) 27 Mar 2010 (W12),Watford FC (38),1-1,1-0,Middlesbrough FC (40)
?,(Sun) 28 Mar 2010 (W12),Sheffield United FC (40),0-1,0-1,Scunthorpe United FC (39)
?,(Mon) 29 Mar 2010 (W13),Newcastle United FC (39),2-0,0-0,Nottingham Forest FC (40)
?,(Tue) 30 Mar 2010 (W13),Cardiff City FC (40),2-1,2-0,Leicester City FC (40)
?,(Tue) 30 Mar 2010 (W13),Plymouth Argyle FC (40),0-0,0-0,Barnsley FC (40)
?,(Tue) 30 Mar 2010 (W13),Watford FC (39),1-3,0-1,Crystal Palace FC (40)
?,(Fri) 2 Apr 2010 (W13),Scunthorpe United FC (40),2-4,0-1,Blackpool FC (41)
?,(Fri) 2 Apr 2010 (W13),West Bromwich Albion FC (41),3-0,2-0,Leicester City FC (41)
?,(Sat) 3 Apr 2010 (W13),Bristol City FC (41),1-1,1-1,Nottingham Forest FC (41)
?,(Sat) 3 Apr 2010 (W13),Cardiff City FC (41),2-1,1-1,Swansea City AFC (41)
?,(Sat) 3 Apr 2010 (W13),Coventry City FC (41),0-1,0-1,Derby County FC (41)
?,(Sat) 3 Apr 2010 (W13),Doncaster Rovers FC (41),1-2,0-0,Plymouth Argyle FC (41)
?,(Sat) 3 Apr 2010 (W13),Ipswich Town FC (41),2-1,2-0,Reading FC (39)
?,(Sat) 3 Apr 2010 (W13),Middlesbrough FC (41),1-1,1-1,Crystal Palace FC (41)
?,(Sat) 3 Apr 2010 (W13),Peterborough United FC (41),2-3,1-1,Newcastle United FC (40)
?,(Sat) 3 Apr 2010 (W13),Preston North End FC (41),1-1,0-1,Watford FC (40)
?,(Sat) 3 Apr 2010 (W13),Queens Park Rangers FC (40),1-1,1-0,Sheffield Wednesday FC (41)
?,(Sat) 3 Apr 2010 (W13),Sheffield United FC (41),0-0,0-0,Barnsley FC (41)
?,(Mon) 5 Apr 2010 (W14),Barnsley FC (42),2-2,1-1,Peterborough United FC (42)
?,(Mon) 5 Apr 2010 (W14),Blackpool FC (42),2-0,1-0,Doncaster Rovers FC (42)
?,(Mon) 5 Apr 2010 (W14),Crystal Palace FC (42),3-1,1-1,Preston North End FC (42)
?,(Mon) 5 Apr 2010 (W14),Derby County FC (42),1-3,0-1,Ipswich Town FC (42)
?,(Mon) 5 Apr 2010 (W14),Leicester City FC (42),4-0,2-0,Queens Park Rangers FC (41)
?,(Mon) 5 Apr 2010 (W14),Newcastle United FC (41),2-1,1-1,Sheffield United FC (42)
?,(Mon) 5 Apr 2010 (W14),Nottingham Forest FC (42),0-0,0-0,Cardiff City FC (42)
?,(Mon) 5 Apr 2010 (W14),Plymouth Argyle FC (42),0-2,0-1,Middlesbrough FC (42)
?,(Mon) 5 Apr 2010 (W14),Reading FC (40),3-0,3-0,Coventry City FC (42)
?,(Mon) 5 Apr 2010 (W14),Sheffield Wednesday FC (42),0-1,0-0,Bristol City FC (42)
?,(Mon) 5 Apr 2010 (W14),Swansea City AFC (42),3-0,1-0,Scunthorpe United FC (41)
?,(Mon) 5 Apr 2010 (W14),Watford FC (41),1-1,0-0,West Bromwich Albion FC (42)
?,(Sat) 10 Apr 2010 (W14),Barnsley FC (43),0-0,0-0,Derby County FC (43)
?,(Sat) 10 Apr 2010 (W14),Bristol City FC (43),1-0,0-0,Swansea City AFC (43)
?,(Sat) 10 Apr 2010 (W14),Cardiff City FC (43),0-0,0-0,Reading FC (41)
?,(Sat) 10 Apr 2010 (W14),Crystal Palace FC (43),0-2,0-1,Queens Park Rangers FC (42)
?,(Sat) 10 Apr 2010 (W14),Doncaster Rovers FC (43),2-3,0-2,West Bromwich Albion FC (43)
?,(Sat) 10 Apr 2010 (W14),Middlesbrough FC (43),1-0,1-0,Sheffield Wednesday FC (43)
?,(Sat) 10 Apr 2010 (W14),Newcastle United FC (42),4-1,2-0,Blackpool FC (43)
?,(Sat) 10 Apr 2010 (W14),Nottingham Forest FC (43),3-0,0-0,Ipswich Town FC (43)
?,(Sat) 10 Apr 2010 (W14),Peterborough United FC (43),1-2,0-1,Leicester City FC (43)
?,(Sat) 10 Apr 2010 (W14),Preston North End FC (43),3-2,1-0,Scunthorpe United FC (42)
?,(Sat) 10 Apr 2010 (W14),Sheffield United FC (43),1-0,0-0,Coventry City FC (43)
?,(Sat) 10 Apr 2010 (W14),Watford FC (42),1-0,0-0,Plymouth Argyle FC (43)
?,(Tue) 13 Apr 2010 (W15),Reading FC (42),1-2,0-2,Newcastle United FC (43)
?,(Sat) 17 Apr 2010 (W15),Blackpool FC (44),3-1,1-0,Nottingham Forest FC (44)
?,(Sat) 17 Apr 2010 (W15),Coventry City FC (44),1-1,1-1,Preston North End FC (44)
?,(Sat) 17 Apr 2010 (W15),Derby County FC (44),1-1,1-0,Crystal Palace FC (44)
?,(Sat) 17 Apr 2010 (W15),Ipswich Town FC (44),1-1,0-0,Doncaster Rovers FC (44)
?,(Sat) 17 Apr 2010 (W15),Leicester City FC (44),4-1,2-0,Watford FC (43)
?,(Sat) 17 Apr 2010 (W15),Queens Park Rangers FC (43),0-1,0-0,Cardiff City FC (44)
?,(Sat) 17 Apr 2010 (W15),Reading FC (43),6-0,4-0,Peterborough United FC (44)
?,(Sat) 17 Apr 2010 (W15),Scunthorpe United FC (43),3-0,1-0,Bristol City FC (44)
?,(Sat) 17 Apr 2010 (W15),Swansea City AFC (44),3-1,2-1,Barnsley FC (44)
?,(Sat) 17 Apr 2010 (W15),West Bromwich Albion FC (44),2-0,1-0,Middlesbrough FC (44)
?,(Sun) 18 Apr 2010 (W15),Sheffield Wednesday FC (44),1-1,1-0,Sheffield United FC (44)
?,(Mon) 19 Apr 2010 (W16),Plymouth Argyle FC (44),0-2,0-2,Newcastle United FC (44)
?,(Tue) 20 Apr 2010 (W16),Queens Park Rangers FC (44),1-0,1-0,Watford FC (44)
?,(Tue) 20 Apr 2010 (W16),Scunthorpe United FC (44),2-2,0-0,Reading FC (44)
?,(Sat) 24 Apr 2010 (W16),Barnsley FC (45),0-1,0-1,Queens Park Rangers FC (45)
?,(Sat) 24 Apr 2010 (W16),Bristol City FC (45),2-1,1-0,Derby County FC (45)
?,(Sat) 24 Apr 2010 (W16),Cardiff City FC (45),3-2,1-1,Sheffield Wednesday FC (45)
?,(Sat) 24 Apr 2010 (W16),Doncaster Rovers FC (45),4-3,2-1,Scunthorpe United FC (45)
?,(Sat) 24 Apr 2010 (W16),Middlesbrough FC (45),1-1,0-0,Coventry City FC (45)
?,(Sat) 24 Apr 2010 (W16),Newcastle United FC (45),2-2,1-1,Ipswich Town FC (45)
?,(Sat) 24 Apr 2010 (W16),Nottingham Forest FC (45),3-0,2-0,Plymouth Argyle FC (45)
?,(Sat) 24 Apr 2010 (W16),Peterborough United FC (45),0-1,0-1,Blackpool FC (45)
?,(Sat) 24 Apr 2010 (W16),Preston North End FC (45),0-1,0-0,Leicester City FC (45)
?,(Sat) 24 Apr 2010 (W16),Sheffield United FC (45),2-0,0-0,Swansea City AFC (45)
?,(Sat) 24 Apr 2010 (W16),Watford FC (45),3-0,1-0,Reading FC (45)
?,(Mon) 26 Apr 2010 (W17),Crystal Palace FC (45),1-1,1-1,West Bromwich Albion FC (45)
?,(Sun) 2 May 2010 (W17),Blackpool FC (46),1-1,0-1,Bristol City FC (46)
?,(Sun) 2 May 2010 (W17),Coventry City FC (46),0-4,0-2,Watford FC (46)
?,(Sun) 2 May 2010 (W17),Derby County FC (46),2-0,0-0,Cardiff City FC (46)
?,(Sun) 2 May 2010 (W17),Ipswich Town FC (46),0-3,0-1,Sheffield United FC (46)
?,(Sun) 2 May 2010 (W17),Leicester City FC (46),2-0,1-0,Middlesbrough FC (46)
?,(Sun) 2 May 2010 (W17),Plymouth Argyle FC (46),1-2,1-0,Peterborough United FC (46)
?,(Sun) 2 May 2010 (W17),Queens Park Rangers FC (46),0-1,0-0,Newcastle United FC (46)
?,(Sun) 2 May 2010 (W17),Reading FC (46),4-1,2-0,Preston North End FC (46)
?,(Sun) 2 May 2010 (W17),Scunthorpe United FC (46),2-2,0-2,Nottingham Forest FC (46)
?,(Sun) 2 May 2010 (W17),Sheffield Wednesday FC (46),2-2,1-1,Crystal Palace FC (46)
?,(Sun) 2 May 2010 (W17),Swansea City AFC (46),0-0,0-0,Doncaster Rovers FC (46)
?,(Sun) 2 May 2010 (W17),West Bromwich Albion FC (46),1-1,0-0,Barnsley FC (46)
