Round,Date,Team 1,FT,HT,Team 2
?,(Wed) 26 Mar 1930 (12),AFC Bournemouth (1),1-2,?,Brentford FC (1)
?,(Wed) 12 Mar 1930 (10),AFC Bournemouth (2),1-1,?,Brighton & Hove Albion FC (1)
?,(Sat) 12 Apr 1930 (14),AFC Bournemouth (3),3-1,?,Bristol Rovers FC (1)
?,(Sat) 1 Feb 1930 (4),AFC Bournemouth (4),1-0,?,Coventry City FC (1)
?,(Wed) 18 Sep 1929 (37),AFC Bournemouth (5),2-1,?,Crystal Palace FC (1)
?,(Sat) 7 Sep 1929 (35),AFC Bournemouth (6),3-0,?,Exeter City FC (1)
?,(Wed) 11 Sep 1929 (36),AFC Bournemouth (7),5-0,?,Fulham FC (1)
?,(Thu) 26 Dec 1929 (51),AFC Bournemouth (8),1-2,?,Gillingham FC (1)
?,(Sat) 26 Apr 1930 (16),AFC Bournemouth (9),5-1,?,Leyton Orient FC (1)
?,(Sat) 21 Sep 1929 (37),AFC Bournemouth (10),5-1,?,Luton Town FC (1)
?,(Sat) 15 Mar 1930 (10),AFC Bournemouth (11),4-2,?,Merthyr Town FC (1)
?,(Sat) 1 Mar 1930 (8),AFC Bournemouth (12),1-1,?,Newport County AFC (1)
?,(Wed) 26 Feb 1930 (8),AFC Bournemouth (13),3-1,?,Northampton Town FC (1)
?,(Mon) 21 Apr 1930 (16),AFC Bournemouth (14),2-3,?,Norwich City FC (1)
?,(Sat) 16 Nov 1929 (45),AFC Bournemouth (15),1-1,?,Plymouth Argyle FC (1)
?,(Sat) 12 Oct 1929 (40),AFC Bournemouth (16),0-0,?,Queens Park Rangers FC (1)
?,(Sat) 18 Jan 1930 (2),AFC Bournemouth (17),0-0,?,Southend United FC (1)
?,(Sat) 29 Mar 1930 (12),AFC Bournemouth (18),1-3,?,Swindon Town FC (1)
?,(Sat) 2 Nov 1929 (43),AFC Bournemouth (19),4-1,?,Torquay United FC (1)
?,(Sat) 8 Feb 1930 (5),AFC Bournemouth (20),1-1,?,Walsall FC (1)
?,(Sat) 19 Oct 1929 (41),AFC Bournemouth (21),3-2,?,Watford FC (1)
?,(Sat) 19 Apr 1930 (15),Brentford FC (2),1-0,?,AFC Bournemouth (22)
?,(Wed) 25 Dec 1929 (51),Brentford FC (3),5-2,?,Brighton & Hove Albion FC (2)
?,(Wed) 25 Sep 1929 (38),Brentford FC (4),2-1,?,Bristol Rovers FC (2)
?,(Sat) 12 Oct 1929 (40),Brentford FC (5),3-1,?,Coventry City FC (2)
?,(Sat) 8 Mar 1930 (9),Brentford FC (6),2-0,?,Crystal Palace FC (2)
?,(Sat) 23 Nov 1929 (46),Brentford FC (7),2-0,?,Exeter City FC (2)
?,(Sat) 22 Feb 1930 (7),Brentford FC (8),5-1,?,Fulham FC (2)
?,(Sat) 9 Nov 1929 (44),Brentford FC (9),2-1,?,Gillingham FC (2)
?,(Wed) 4 Sep 1929 (35),Brentford FC (10),3-1,?,Leyton Orient FC (2)
?,(Sat) 7 Dec 1929 (48),Brentford FC (11),2-0,?,Luton Town FC (2)
?,(Sat) 14 Sep 1929 (36),Brentford FC (12),6-0,?,Merthyr Town FC (2)
?,(Sat) 28 Sep 1929 (38),Brentford FC (13),1-0,?,Newport County AFC (2)
?,(Sat) 22 Mar 1930 (11),Brentford FC (14),2-0,?,Northampton Town FC (2)
?,(Sat) 26 Oct 1929 (42),Brentford FC (15),3-0,?,Norwich City FC (2)
?,(Sat) 4 Jan 1930 (0),Brentford FC (16),3-0,?,Plymouth Argyle FC (2)
?,(Mon) 21 Apr 1930 (16),Brentford FC (17),3-0,?,Queens Park Rangers FC (2)
?,(Sat) 5 Apr 1930 (13),Brentford FC (18),2-1,?,Southend United FC (2)
?,(Sat) 31 Aug 1929 (34),Brentford FC (19),3-2,?,Swindon Town FC (2)
?,(Sat) 25 Jan 1930 (3),Brentford FC (20),5-0,?,Torquay United FC (2)
?,(Sat) 21 Dec 1929 (50),Brentford FC (21),6-2,?,Walsall FC (2)
?,(Sat) 8 Feb 1930 (5),Brentford FC (22),5-0,?,Watford FC (2)
?,(Sat) 5 Apr 1930 (13),Brighton & Hove Albion FC (3),4-3,?,AFC Bournemouth (23)
?,(Thu) 26 Dec 1929 (51),Brighton & Hove Albion FC (4),2-0,?,Brentford FC (23)
?,(Sat) 28 Dec 1929 (51),Brighton & Hove Albion FC (5),1-0,?,Bristol Rovers FC (3)
?,(Fri) 18 Apr 1930 (15),Brighton & Hove Albion FC (6),1-1,?,Coventry City FC (3)
?,(Sat) 22 Feb 1930 (7),Brighton & Hove Albion FC (7),1-2,?,Crystal Palace FC (3)
?,(Sat) 9 Nov 1929 (44),Brighton & Hove Albion FC (8),1-1,?,Exeter City FC (3)
?,(Sat) 21 Dec 1929 (50),Brighton & Hove Albion FC (9),5-0,?,Fulham FC (3)
?,(Sat) 26 Oct 1929 (42),Brighton & Hove Albion FC (10),2-0,?,Gillingham FC (3)
?,(Wed) 25 Sep 1929 (38),Brighton & Hove Albion FC (11),1-0,?,Leyton Orient FC (3)
?,(Sat) 23 Nov 1929 (46),Brighton & Hove Albion FC (12),4-1,?,Luton Town FC (3)
?,(Sat) 28 Sep 1929 (38),Brighton & Hove Albion FC (13),4-1,?,Merthyr Town FC (3)
?,(Sat) 12 Oct 1929 (40),Brighton & Hove Albion FC (14),3-2,?,Newport County AFC (3)
?,(Sat) 8 Mar 1930 (9),Brighton & Hove Albion FC (15),2-1,?,Northampton Town FC (3)
?,(Sat) 7 Sep 1929 (35),Brighton & Hove Albion FC (16),6-3,?,Norwich City FC (3)
?,(Wed) 2 Apr 1930 (13),Brighton & Hove Albion FC (17),0-1,?,Plymouth Argyle FC (3)
?,(Sat) 19 Apr 1930 (15),Brighton & Hove Albion FC (18),2-3,?,Queens Park Rangers FC (3)
?,(Sat) 22 Mar 1930 (11),Brighton & Hove Albion FC (19),1-0,?,Southend United FC (3)
?,(Sat) 14 Sep 1929 (36),Brighton & Hove Albion FC (20),3-0,?,Swindon Town FC (3)
?,(Sat) 8 Feb 1930 (5),Brighton & Hove Albion FC (21),5-0,?,Torquay United FC (3)
?,(Sat) 7 Dec 1929 (48),Brighton & Hove Albion FC (22),4-0,?,Walsall FC (3)
?,(Wed) 4 Sep 1929 (35),Brighton & Hove Albion FC (23),2-1,?,Watford FC (3)
?,(Wed) 9 Apr 1930 (14),Bristol Rovers FC (4),2-1,?,AFC Bournemouth (24)
?,(Sat) 3 May 1930 (17),Bristol Rovers FC (5),4-1,?,Brentford FC (24)
?,(Sat) 31 Aug 1929 (34),Bristol Rovers FC (6),1-0,?,Brighton & Hove Albion FC (24)
?,(Mon) 2 Sep 1929 (35),Bristol Rovers FC (7),1-3,?,Coventry City FC (4)
?,(Sat) 26 Oct 1929 (42),Bristol Rovers FC (8),2-3,?,Crystal Palace FC (4)
?,(Sat) 22 Mar 1930 (11),Bristol Rovers FC (9),1-0,?,Exeter City FC (4)
?,(Thu) 26 Dec 1929 (51),Bristol Rovers FC (10),4-1,?,Fulham FC (4)
?,(Sat) 8 Mar 1930 (9),Bristol Rovers FC (11),3-0,?,Gillingham FC (4)
?,(Fri) 18 Apr 1930 (15),Bristol Rovers FC (12),0-0,?,Leyton Orient FC (4)
?,(Sat) 5 Apr 1930 (13),Bristol Rovers FC (13),2-2,?,Luton Town FC (4)
?,(Sat) 25 Jan 1930 (3),Bristol Rovers FC (14),2-2,?,Merthyr Town FC (4)
?,(Sat) 8 Feb 1930 (5),Bristol Rovers FC (15),2-3,?,Newport County AFC (4)
?,(Sat) 9 Nov 1929 (44),Bristol Rovers FC (16),2-3,?,Northampton Town FC (4)
?,(Sat) 22 Feb 1930 (7),Bristol Rovers FC (17),0-1,?,Norwich City FC (4)
?,(Sat) 14 Sep 1929 (36),Bristol Rovers FC (18),2-3,?,Plymouth Argyle FC (4)
?,(Sat) 21 Dec 1929 (50),Bristol Rovers FC (19),4-1,?,Queens Park Rangers FC (4)
?,(Sat) 23 Nov 1929 (46),Bristol Rovers FC (20),4-2,?,Southend United FC (4)
?,(Sat) 4 Jan 1930 (0),Bristol Rovers FC (21),3-2,?,Swindon Town FC (4)
?,(Sat) 28 Sep 1929 (38),Bristol Rovers FC (22),2-0,?,Torquay United FC (4)
?,(Sat) 19 Apr 1930 (15),Bristol Rovers FC (23),3-1,?,Walsall FC (4)
?,(Sat) 12 Oct 1929 (40),Bristol Rovers FC (24),1-2,?,Watford FC (4)
?,(Sat) 28 Sep 1929 (38),Coventry City FC (5),0-2,?,AFC Bournemouth (25)
?,(Sat) 15 Feb 1930 (6),Coventry City FC (6),2-1,?,Brentford FC (25)
?,(Tue) 22 Apr 1930 (16),Coventry City FC (7),0-2,?,Brighton & Hove Albion FC (25)
?,(Mon) 9 Sep 1929 (36),Coventry City FC (8),1-0,?,Bristol Rovers FC (25)
?,(Sat) 22 Mar 1930 (11),Coventry City FC (9),1-0,?,Crystal Palace FC (5)
?,(Sat) 7 Dec 1929 (48),Coventry City FC (10),3-3,?,Exeter City FC (5)
?,(Sat) 8 Mar 1930 (9),Coventry City FC (11),3-1,?,Fulham FC (5)
?,(Sat) 23 Nov 1929 (46),Coventry City FC (12),5-0,?,Gillingham FC (5)
?,(Sat) 5 Oct 1929 (39),Coventry City FC (13),5-2,?,Leyton Orient FC (5)
?,(Sat) 21 Dec 1929 (50),Coventry City FC (14),5-1,?,Luton Town FC (5)
?,(Sat) 31 Aug 1929 (34),Coventry City FC (15),2-2,?,Merthyr Town FC (5)
?,(Sat) 14 Sep 1929 (36),Coventry City FC (16),2-0,?,Newport County AFC (5)
?,(Sat) 5 Apr 1930 (13),Coventry City FC (17),2-2,?,Northampton Town FC (5)
?,(Sat) 9 Nov 1929 (44),Coventry City FC (18),3-1,?,Norwich City FC (5)
?,(Wed) 25 Dec 1929 (51),Coventry City FC (19),1-0,?,Plymouth Argyle FC (5)
?,(Sat) 26 Oct 1929 (42),Coventry City FC (20),2-3,?,Queens Park Rangers FC (5)
?,(Sat) 19 Apr 1930 (15),Coventry City FC (21),5-1,?,Southend United FC (5)
?,(Sat) 3 May 1930 (17),Coventry City FC (22),1-2,?,Swindon Town FC (5)
?,(Sat) 4 Jan 1930 (0),Coventry City FC (23),4-1,?,Torquay United FC (5)
?,(Sat) 22 Feb 1930 (7),Coventry City FC (24),4-0,?,Walsall FC (5)
?,(Sat) 25 Jan 1930 (3),Coventry City FC (25),3-1,?,Watford FC (5)
?,(Sat) 3 May 1930 (17),Crystal Palace FC (6),1-1,?,AFC Bournemouth (26)
?,(Sat) 2 Nov 1929 (43),Crystal Palace FC (7),2-1,?,Brentford FC (26)
?,(Sat) 19 Oct 1929 (41),Crystal Palace FC (8),2-2,?,Brighton & Hove Albion FC (26)
?,(Sat) 1 Mar 1930 (8),Crystal Palace FC (9),3-0,?,Bristol Rovers FC (26)
?,(Sat) 16 Nov 1929 (45),Crystal Palace FC (10),4-3,?,Coventry City FC (26)
?,(Sat) 15 Feb 1930 (6),Crystal Palace FC (11),1-1,?,Exeter City FC (6)
?,(Sat) 4 Jan 1930 (0),Crystal Palace FC (12),4-3,?,Fulham FC (6)
?,(Sat) 1 Feb 1930 (4),Crystal Palace FC (13),5-1,?,Gillingham FC (6)
?,(Sat) 15 Mar 1930 (10),Crystal Palace FC (14),3-0,?,Leyton Orient FC (6)
?,(Mon) 21 Apr 1930 (16),Crystal Palace FC (15),4-1,?,Luton Town FC (6)
?,(Sat) 14 Dec 1929 (49),Crystal Palace FC (16),6-1,?,Merthyr Town FC (6)
?,(Wed) 25 Sep 1929 (38),Crystal Palace FC (17),1-0,?,Newport County AFC (6)
?,(Sat) 5 Oct 1929 (39),Crystal Palace FC (18),1-3,?,Northampton Town FC (6)
?,(Sat) 14 Sep 1929 (36),Crystal Palace FC (19),3-2,?,Norwich City FC (6)
?,(Sat) 26 Apr 1930 (16),Crystal Palace FC (20),3-0,?,Plymouth Argyle FC (6)
?,(Sat) 31 Aug 1929 (34),Crystal Palace FC (21),1-1,?,Queens Park Rangers FC (6)
?,(Wed) 11 Sep 1929 (36),Crystal Palace FC (22),1-2,?,Southend United FC (6)
?,(Sat) 30 Nov 1929 (47),Crystal Palace FC (23),1-0,?,Swindon Town FC (6)
?,(Sat) 12 Apr 1930 (14),Crystal Palace FC (24),4-2,?,Torquay United FC (6)
?,(Thu) 26 Dec 1929 (51),Crystal Palace FC (25),5-1,?,Walsall FC (6)
?,(Sat) 29 Mar 1930 (12),Crystal Palace FC (26),1-1,?,Watford FC (6)
?,(Sat) 4 Jan 1930 (0),Exeter City FC (7),1-2,?,AFC Bournemouth (27)
?,(Sat) 29 Mar 1930 (12),Exeter City FC (8),0-0,?,Brentford FC (27)
?,(Sat) 15 Mar 1930 (10),Exeter City FC (9),1-4,?,Brighton & Hove Albion FC (27)
?,(Sat) 16 Nov 1929 (45),Exeter City FC (10),5-2,?,Bristol Rovers FC (27)
?,(Sat) 12 Apr 1930 (14),Exeter City FC (11),1-1,?,Coventry City FC (27)
?,(Sat) 12 Oct 1929 (40),Exeter City FC (12),6-1,?,Crystal Palace FC (27)
?,(Sat) 28 Sep 1929 (38),Exeter City FC (13),2-1,?,Fulham FC (7)
?,(Wed) 4 Sep 1929 (35),Exeter City FC (14),3-0,?,Gillingham FC (7)
?,(Wed) 5 Feb 1930 (5),Exeter City FC (15),4-0,?,Leyton Orient FC (7)
?,(Sat) 31 Aug 1929 (34),Exeter City FC (16),2-2,?,Luton Town FC (7)
?,(Sat) 19 Oct 1929 (41),Exeter City FC (17),1-1,?,Merthyr Town FC (7)
?,(Sat) 26 Apr 1930 (16),Exeter City FC (18),0-4,?,Newport County AFC (7)
?,(Mon) 21 Apr 1930 (16),Exeter City FC (19),6-4,?,Northampton Town FC (7)
?,(Sat) 8 Feb 1930 (5),Exeter City FC (20),3-0,?,Norwich City FC (7)
?,(Sat) 1 Mar 1930 (8),Exeter City FC (21),1-1,?,Plymouth Argyle FC (7)
?,(Sat) 25 Jan 1930 (3),Exeter City FC (22),0-2,?,Queens Park Rangers FC (7)
?,(Thu) 26 Dec 1929 (51),Exeter City FC (23),3-1,?,Southend United FC (7)
?,(Sat) 2 Nov 1929 (43),Exeter City FC (24),5-1,?,Swindon Town FC (7)
?,(Wed) 18 Sep 1929 (37),Exeter City FC (25),0-0,?,Torquay United FC (7)
?,(Sat) 14 Sep 1929 (36),Exeter City FC (26),0-2,?,Walsall FC (7)
?,(Wed) 19 Feb 1930 (7),Exeter City FC (27),1-0,?,Watford FC (7)
?,(Mon) 2 Sep 1929 (35),Fulham FC (8),3-3,?,AFC Bournemouth (28)
?,(Sat) 19 Oct 1929 (41),Fulham FC (9),2-0,?,Brentford FC (28)
?,(Sat) 26 Apr 1930 (16),Fulham FC (10),5-1,?,Brighton & Hove Albion FC (28)
?,(Wed) 25 Dec 1929 (51),Fulham FC (11),6-2,?,Bristol Rovers FC (28)
?,(Sat) 2 Nov 1929 (43),Fulham FC (12),2-0,?,Coventry City FC (28)
?,(Sat) 7 Sep 1929 (35),Fulham FC (13),1-2,?,Crystal Palace FC (28)
?,(Sat) 1 Feb 1930 (4),Fulham FC (14),2-2,?,Exeter City FC (28)
?,(Sat) 18 Jan 1930 (2),Fulham FC (15),2-1,?,Gillingham FC (8)
?,(Sat) 1 Mar 1930 (8),Fulham FC (16),2-2,?,Leyton Orient FC (8)
?,(Sat) 15 Feb 1930 (6),Fulham FC (17),1-1,?,Luton Town FC (8)
?,(Mon) 3 Feb 1930 (5),Fulham FC (18),5-4,?,Merthyr Town FC (8)
?,(Sat) 16 Nov 1929 (45),Fulham FC (19),2-1,?,Newport County AFC (8)
?,(Sat) 21 Sep 1929 (37),Fulham FC (20),1-0,?,Northampton Town FC (8)
?,(Sat) 28 Dec 1929 (51),Fulham FC (21),3-3,?,Norwich City FC (8)
?,(Sat) 12 Apr 1930 (14),Fulham FC (22),1-3,?,Plymouth Argyle FC (8)
?,(Sat) 3 May 1930 (17),Fulham FC (23),0-2,?,Queens Park Rangers FC (8)
?,(Sat) 5 Oct 1929 (39),Fulham FC (24),2-2,?,Southend United FC (8)
?,(Wed) 1 Jan 1930 (0),Fulham FC (25),4-1,?,Swindon Town FC (8)
?,(Sat) 29 Mar 1930 (12),Fulham FC (26),1-0,?,Torquay United FC (8)
?,(Mon) 21 Apr 1930 (16),Fulham FC (27),3-2,?,Walsall FC (8)
?,(Sat) 15 Mar 1930 (10),Fulham FC (28),6-1,?,Watford FC (8)
?,(Wed) 25 Dec 1929 (51),Gillingham FC (9),1-5,?,AFC Bournemouth (29)
?,(Sat) 15 Mar 1930 (10),Gillingham FC (10),1-3,?,Brentford FC (29)
?,(Sat) 1 Mar 1930 (8),Gillingham FC (11),2-2,?,Brighton & Hove Albion FC (29)
?,(Sat) 2 Nov 1929 (43),Gillingham FC (12),3-3,?,Bristol Rovers FC (29)
?,(Sat) 29 Mar 1930 (12),Gillingham FC (13),0-3,?,Coventry City FC (29)
?,(Sat) 28 Sep 1929 (38),Gillingham FC (14),1-1,?,Crystal Palace FC (29)
?,(Wed) 11 Sep 1929 (36),Gillingham FC (15),2-0,?,Exeter City FC (29)
?,(Sat) 14 Sep 1929 (36),Gillingham FC (16),0-1,?,Fulham FC (29)
?,(Sat) 16 Nov 1929 (45),Gillingham FC (17),2-0,?,Leyton Orient FC (9)
?,(Sat) 3 May 1930 (17),Gillingham FC (18),2-0,?,Luton Town FC (9)
?,(Sat) 26 Apr 1930 (16),Gillingham FC (19),6-0,?,Merthyr Town FC (9)
?,(Sat) 12 Apr 1930 (14),Gillingham FC (20),5-0,?,Newport County AFC (9)
?,(Sat) 15 Feb 1930 (6),Gillingham FC (21),5-2,?,Northampton Town FC (9)
?,(Sat) 25 Jan 1930 (3),Gillingham FC (22),1-2,?,Norwich City FC (9)
?,(Sat) 8 Feb 1930 (5),Gillingham FC (23),0-0,?,Plymouth Argyle FC (9)
?,(Sat) 4 Jan 1930 (0),Gillingham FC (24),3-1,?,Queens Park Rangers FC (9)
?,(Fri) 18 Apr 1930 (15),Gillingham FC (25),1-0,?,Southend United FC (9)
?,(Sat) 19 Oct 1929 (41),Gillingham FC (26),0-0,?,Swindon Town FC (9)
?,(Sat) 14 Dec 1929 (49),Gillingham FC (27),0-2,?,Torquay United FC (9)
?,(Sat) 31 Aug 1929 (34),Gillingham FC (28),2-1,?,Walsall FC (9)
?,(Sat) 11 Jan 1930 (1),Gillingham FC (29),1-2,?,Watford FC (9)
?,(Sat) 21 Dec 1929 (50),Leyton Orient FC (10),0-0,?,AFC Bournemouth (30)
?,(Mon) 16 Sep 1929 (37),Leyton Orient FC (11),1-1,?,Brentford FC (30)
?,(Sat) 3 May 1930 (17),Leyton Orient FC (12),4-1,?,Brighton & Hove Albion FC (30)
?,(Mon) 21 Apr 1930 (16),Leyton Orient FC (13),3-0,?,Bristol Rovers FC (30)
?,(Sat) 8 Feb 1930 (5),Leyton Orient FC (14),3-1,?,Coventry City FC (30)
?,(Sat) 9 Nov 1929 (44),Leyton Orient FC (15),2-1,?,Crystal Palace FC (30)
?,(Sat) 5 Apr 1930 (13),Leyton Orient FC (16),3-0,?,Exeter City FC (30)
?,(Sat) 26 Oct 1929 (42),Leyton Orient FC (17),2-4,?,Fulham FC (30)
?,(Sat) 22 Mar 1930 (11),Leyton Orient FC (18),2-0,?,Gillingham FC (30)
?,(Sat) 19 Apr 1930 (15),Leyton Orient FC (19),6-1,?,Luton Town FC (10)
?,(Sat) 4 Jan 1930 (0),Leyton Orient FC (20),1-0,?,Merthyr Town FC (10)
?,(Mon) 31 Mar 1930 (13),Leyton Orient FC (21),3-1,?,Newport County AFC (10)
?,(Sat) 23 Nov 1929 (46),Leyton Orient FC (22),0-0,?,Northampton Town FC (10)
?,(Sat) 8 Mar 1930 (9),Leyton Orient FC (23),0-0,?,Norwich City FC (10)
?,(Sat) 31 Aug 1929 (34),Leyton Orient FC (24),0-2,?,Plymouth Argyle FC (10)
?,(Sat) 22 Feb 1930 (7),Leyton Orient FC (25),2-4,?,Queens Park Rangers FC (10)
?,(Sat) 7 Dec 1929 (48),Leyton Orient FC (26),1-1,?,Southend United FC (10)
?,(Wed) 25 Dec 1929 (51),Leyton Orient FC (27),2-1,?,Swindon Town FC (10)
?,(Sat) 14 Sep 1929 (36),Leyton Orient FC (28),1-1,?,Torquay United FC (10)
?,(Sat) 12 Oct 1929 (40),Leyton Orient FC (29),1-1,?,Walsall FC (10)
?,(Sat) 28 Sep 1929 (38),Leyton Orient FC (30),1-1,?,Watford FC (10)
?,(Sat) 25 Jan 1930 (3),Luton Town FC (11),1-0,?,AFC Bournemouth (31)
?,(Sat) 12 Apr 1930 (14),Luton Town FC (12),2-1,?,Brentford FC (31)
?,(Sat) 29 Mar 1930 (12),Luton Town FC (13),1-0,?,Brighton & Hove Albion FC (31)
?,(Mon) 24 Mar 1930 (12),Luton Town FC (14),3-0,?,Bristol Rovers FC (31)
?,(Sat) 26 Apr 1930 (16),Luton Town FC (15),1-1,?,Coventry City FC (31)
?,(Fri) 18 Apr 1930 (15),Luton Town FC (16),2-2,?,Crystal Palace FC (31)
?,(Sat) 28 Dec 1929 (51),Luton Town FC (17),0-4,?,Exeter City FC (31)
?,(Sat) 12 Oct 1929 (40),Luton Town FC (18),4-1,?,Fulham FC (31)
?,(Mon) 16 Sep 1929 (37),Luton Town FC (19),2-0,?,Gillingham FC (31)
?,(Mon) 10 Mar 1930 (10),Luton Town FC (20),1-2,?,Leyton Orient FC (31)
?,(Sat) 2 Nov 1929 (43),Luton Town FC (21),4-0,?,Merthyr Town FC (11)
?,(Sat) 19 Oct 1929 (41),Luton Town FC (22),4-2,?,Newport County AFC (11)
?,(Wed) 25 Dec 1929 (51),Luton Town FC (23),1-0,?,Northampton Town FC (11)
?,(Mon) 2 Sep 1929 (35),Luton Town FC (24),1-1,?,Norwich City FC (11)
?,(Sat) 15 Mar 1930 (10),Luton Town FC (25),5-2,?,Plymouth Argyle FC (11)
?,(Sat) 8 Feb 1930 (5),Luton Town FC (26),2-1,?,Queens Park Rangers FC (11)
?,(Sat) 7 Sep 1929 (35),Luton Town FC (27),0-3,?,Southend United FC (11)
?,(Sat) 16 Nov 1929 (45),Luton Town FC (28),1-1,?,Swindon Town FC (11)
?,(Sat) 1 Mar 1930 (8),Luton Town FC (29),3-1,?,Torquay United FC (11)
?,(Sat) 28 Sep 1929 (38),Luton Town FC (30),2-3,?,Walsall FC (11)
?,(Sat) 18 Jan 1930 (2),Luton Town FC (31),2-0,?,Watford FC (11)
?,(Sat) 9 Nov 1929 (44),Merthyr Town FC (12),0-1,?,AFC Bournemouth (32)
?,(Sat) 18 Jan 1930 (2),Merthyr Town FC (13),2-3,?,Brentford FC (32)
?,(Sat) 1 Feb 1930 (4),Merthyr Town FC (14),2-8,?,Brighton & Hove Albion FC (32)
?,(Sat) 21 Sep 1929 (37),Merthyr Town FC (15),1-1,?,Bristol Rovers FC (32)
?,(Mon) 14 Apr 1930 (15),Merthyr Town FC (16),2-2,?,Coventry City FC (32)
?,(Sat) 19 Apr 1930 (15),Merthyr Town FC (17),5-2,?,Crystal Palace FC (32)
?,(Sat) 22 Feb 1930 (7),Merthyr Town FC (18),0-2,?,Exeter City FC (32)
?,(Sat) 5 Apr 1930 (13),Merthyr Town FC (19),3-4,?,Fulham FC (32)
?,(Sat) 21 Dec 1929 (50),Merthyr Town FC (20),1-1,?,Gillingham FC (32)
?,(Sat) 7 Sep 1929 (35),Merthyr Town FC (21),0-1,?,Leyton Orient FC (32)
?,(Sat) 8 Mar 1930 (9),Merthyr Town FC (22),3-1,?,Luton Town FC (32)
?,(Sat) 3 May 1930 (17),Merthyr Town FC (23),5-1,?,Newport County AFC (12)
?,(Mon) 2 Sep 1929 (35),Merthyr Town FC (24),1-0,?,Northampton Town FC (12)
?,(Sat) 7 Dec 1929 (48),Merthyr Town FC (25),1-5,?,Norwich City FC (12)
?,(Sat) 15 Feb 1930 (6),Merthyr Town FC (26),0-3,?,Plymouth Argyle FC (12)
?,(Mon) 3 Mar 1930 (9),Merthyr Town FC (27),1-4,?,Queens Park Rangers FC (12)
?,(Sat) 26 Oct 1929 (42),Merthyr Town FC (28),2-2,?,Southend United FC (12)
?,(Sat) 8 Feb 1930 (5),Merthyr Town FC (29),3-3,?,Swindon Town FC (12)
?,(Tue) 22 Apr 1930 (16),Merthyr Town FC (30),3-0,?,Torquay United FC (12)
?,(Sat) 22 Mar 1930 (11),Merthyr Town FC (31),2-3,?,Walsall FC (12)
?,(Wed) 25 Dec 1929 (51),Merthyr Town FC (32),2-2,?,Watford FC (12)
?,(Sat) 26 Oct 1929 (42),Newport County AFC (13),1-1,?,AFC Bournemouth (33)
?,(Sat) 1 Feb 1930 (4),Newport County AFC (14),1-3,?,Brentford FC (33)
?,(Mon) 3 Mar 1930 (9),Newport County AFC (15),2-2,?,Brighton & Hove Albion FC (33)
?,(Sat) 5 Oct 1929 (39),Newport County AFC (16),2-2,?,Bristol Rovers FC (33)
?,(Sat) 18 Jan 1930 (2),Newport County AFC (17),4-2,?,Coventry City FC (33)
?,(Sat) 5 Apr 1930 (13),Newport County AFC (18),0-0,?,Crystal Palace FC (33)
?,(Sat) 21 Dec 1929 (50),Newport County AFC (19),4-1,?,Exeter City FC (33)
?,(Sat) 22 Mar 1930 (11),Newport County AFC (20),1-1,?,Fulham FC (33)
?,(Sat) 7 Dec 1929 (48),Newport County AFC (21),5-1,?,Gillingham FC (33)
?,(Sat) 21 Sep 1929 (37),Newport County AFC (22),0-0,?,Leyton Orient FC (33)
?,(Sat) 22 Feb 1930 (7),Newport County AFC (23),0-0,?,Luton Town FC (33)
?,(Thu) 10 Apr 1930 (14),Newport County AFC (24),10-0,?,Merthyr Town FC (33)
?,(Sat) 19 Apr 1930 (15),Newport County AFC (25),2-1,?,Northampton Town FC (13)
?,(Sat) 23 Nov 1929 (46),Newport County AFC (26),4-4,?,Norwich City FC (13)
?,(Mon) 21 Apr 1930 (16),Newport County AFC (27),0-2,?,Plymouth Argyle FC (13)
?,(Sat) 9 Nov 1929 (44),Newport County AFC (28),4-5,?,Queens Park Rangers FC (13)
?,(Sat) 25 Jan 1930 (3),Newport County AFC (29),0-0,?,Southend United FC (13)
?,(Thu) 5 Sep 1929 (35),Newport County AFC (30),2-1,?,Swindon Town FC (13)
?,(Wed) 25 Dec 1929 (51),Newport County AFC (31),2-1,?,Torquay United FC (13)
?,(Sat) 8 Mar 1930 (9),Newport County AFC (32),3-2,?,Walsall FC (13)
?,(Sat) 7 Sep 1929 (35),Newport County AFC (33),1-0,?,Watford FC (13)
?,(Sat) 31 Aug 1929 (34),Northampton Town FC (14),2-0,?,AFC Bournemouth (34)
?,(Sat) 16 Nov 1929 (45),Northampton Town FC (15),1-1,?,Brentford FC (34)
?,(Sat) 2 Nov 1929 (43),Northampton Town FC (16),1-3,?,Brighton & Hove Albion FC (34)
?,(Sat) 15 Mar 1930 (10),Northampton Town FC (17),6-1,?,Bristol Rovers FC (34)
?,(Mon) 7 Apr 1930 (14),Northampton Town FC (18),2-2,?,Coventry City FC (34)
?,(Sat) 8 Feb 1930 (5),Northampton Town FC (19),2-0,?,Crystal Palace FC (34)
?,(Tue) 22 Apr 1930 (16),Northampton Town FC (20),2-2,?,Exeter City FC (34)
?,(Thu) 13 Mar 1930 (10),Northampton Town FC (21),3-1,?,Fulham FC (34)
?,(Sat) 12 Oct 1929 (40),Northampton Town FC (22),3-1,?,Gillingham FC (34)
?,(Sat) 29 Mar 1930 (12),Northampton Town FC (23),3-0,?,Leyton Orient FC (34)
?,(Thu) 26 Dec 1929 (51),Northampton Town FC (24),4-1,?,Luton Town FC (34)
?,(Mon) 9 Sep 1929 (36),Northampton Town FC (25),2-0,?,Merthyr Town FC (34)
?,(Tue) 31 Dec 1929 (52),Northampton Town FC (26),2-0,?,Newport County AFC (34)
?,(Sat) 28 Sep 1929 (38),Northampton Town FC (27),4-0,?,Norwich City FC (14)
?,(Sat) 19 Oct 1929 (41),Northampton Town FC (28),1-1,?,Plymouth Argyle FC (14)
?,(Sat) 14 Sep 1929 (36),Northampton Town FC (29),2-1,?,Queens Park Rangers FC (14)
?,(Sat) 3 May 1930 (17),Northampton Town FC (30),5-1,?,Southend United FC (14)
?,(Sat) 1 Mar 1930 (8),Northampton Town FC (31),3-3,?,Swindon Town FC (14)
?,(Sat) 26 Apr 1930 (16),Northampton Town FC (32),2-2,?,Torquay United FC (14)
?,(Sat) 4 Jan 1930 (0),Northampton Town FC (33),1-0,?,Walsall FC (14)
?,(Sat) 12 Apr 1930 (14),Northampton Town FC (34),2-0,?,Watford FC (14)
?,(Tue) 22 Apr 1930 (16),Norwich City FC (15),1-0,?,AFC Bournemouth (35)
?,(Sat) 1 Mar 1930 (8),Norwich City FC (16),2-2,?,Brentford FC (35)
?,(Sat) 4 Jan 1930 (0),Norwich City FC (17),2-0,?,Brighton & Hove Albion FC (35)
?,(Sat) 19 Oct 1929 (41),Norwich City FC (18),4-2,?,Bristol Rovers FC (35)
?,(Sat) 15 Mar 1930 (10),Norwich City FC (19),10-2,?,Coventry City FC (35)
?,(Sat) 18 Jan 1930 (2),Norwich City FC (20),2-2,?,Crystal Palace FC (35)
?,(Sat) 5 Oct 1929 (39),Norwich City FC (21),3-1,?,Exeter City FC (35)
?,(Sat) 31 Aug 1929 (34),Norwich City FC (22),0-4,?,Fulham FC (35)
?,(Sat) 21 Sep 1929 (37),Norwich City FC (23),2-0,?,Gillingham FC (35)
?,(Sat) 2 Nov 1929 (43),Norwich City FC (24),1-0,?,Leyton Orient FC (35)
?,(Mon) 9 Sep 1929 (36),Norwich City FC (25),1-1,?,Luton Town FC (35)
?,(Sat) 12 Apr 1930 (14),Norwich City FC (26),5-1,?,Merthyr Town FC (35)
?,(Sat) 29 Mar 1930 (12),Norwich City FC (27),4-1,?,Newport County AFC (35)
?,(Sat) 1 Feb 1930 (4),Norwich City FC (28),4-3,?,Northampton Town FC (35)
?,(Mon) 28 Apr 1930 (17),Norwich City FC (29),1-2,?,Plymouth Argyle FC (15)
?,(Wed) 25 Dec 1929 (51),Norwich City FC (30),3-0,?,Queens Park Rangers FC (15)
?,(Sat) 15 Feb 1930 (6),Norwich City FC (31),1-1,?,Southend United FC (15)
?,(Sat) 26 Apr 1930 (16),Norwich City FC (32),1-5,?,Swindon Town FC (15)
?,(Sat) 11 Jan 1930 (1),Norwich City FC (33),2-0,?,Torquay United FC (15)
?,(Mon) 16 Sep 1929 (37),Norwich City FC (34),3-0,?,Walsall FC (15)
?,(Sat) 16 Nov 1929 (45),Norwich City FC (35),3-1,?,Watford FC (15)
?,(Sat) 22 Mar 1930 (11),Plymouth Argyle FC (16),2-1,?,AFC Bournemouth (36)
?,(Sat) 7 Sep 1929 (35),Plymouth Argyle FC (17),1-1,?,Brentford FC (36)
?,(Sat) 21 Sep 1929 (37),Plymouth Argyle FC (18),1-1,?,Brighton & Hove Albion FC (36)
?,(Sat) 18 Jan 1930 (2),Plymouth Argyle FC (19),3-0,?,Bristol Rovers FC (36)
?,(Thu) 26 Dec 1929 (51),Plymouth Argyle FC (20),3-0,?,Coventry City FC (36)
?,(Sat) 21 Dec 1929 (50),Plymouth Argyle FC (21),6-1,?,Crystal Palace FC (36)
?,(Sat) 26 Oct 1929 (42),Plymouth Argyle FC (22),4-1,?,Exeter City FC (36)
?,(Sat) 7 Dec 1929 (48),Plymouth Argyle FC (23),3-1,?,Fulham FC (36)
?,(Sat) 5 Oct 1929 (39),Plymouth Argyle FC (24),3-0,?,Gillingham FC (36)
?,(Sat) 28 Dec 1929 (51),Plymouth Argyle FC (25),3-0,?,Leyton Orient FC (36)
?,(Sat) 9 Nov 1929 (44),Plymouth Argyle FC (26),6-1,?,Luton Town FC (36)
?,(Sat) 12 Oct 1929 (40),Plymouth Argyle FC (27),2-1,?,Merthyr Town FC (36)
?,(Fri) 18 Apr 1930 (15),Plymouth Argyle FC (28),3-1,?,Newport County AFC (36)
?,(Sat) 22 Feb 1930 (7),Plymouth Argyle FC (29),1-0,?,Northampton Town FC (36)
?,(Sat) 19 Apr 1930 (15),Plymouth Argyle FC (30),4-1,?,Norwich City FC (36)
?,(Sat) 5 Apr 1930 (13),Plymouth Argyle FC (31),4-0,?,Queens Park Rangers FC (16)
?,(Sat) 8 Mar 1930 (9),Plymouth Argyle FC (32),1-0,?,Southend United FC (16)
?,(Wed) 26 Mar 1930 (12),Plymouth Argyle FC (33),5-0,?,Swindon Town FC (16)
?,(Wed) 11 Sep 1929 (36),Plymouth Argyle FC (34),5-0,?,Torquay United FC (16)
?,(Sat) 23 Nov 1929 (46),Plymouth Argyle FC (35),1-1,?,Walsall FC (16)
?,(Sat) 3 May 1930 (17),Plymouth Argyle FC (36),2-1,?,Watford FC (16)
?,(Sat) 15 Feb 1930 (6),Queens Park Rangers FC (17),3-1,?,AFC Bournemouth (37)
?,(Fri) 18 Apr 1930 (15),Queens Park Rangers FC (18),2-1,?,Brentford FC (37)
?,(Thu) 27 Mar 1930 (12),Queens Park Rangers FC (19),3-1,?,Brighton & Hove Albion FC (37)
?,(Sat) 26 Apr 1930 (16),Queens Park Rangers FC (20),2-1,?,Bristol Rovers FC (37)
?,(Sat) 1 Mar 1930 (8),Queens Park Rangers FC (21),3-1,?,Coventry City FC (37)
?,(Sat) 28 Dec 1929 (51),Queens Park Rangers FC (22),4-1,?,Crystal Palace FC (37)
?,(Sat) 21 Sep 1929 (37),Queens Park Rangers FC (23),2-0,?,Exeter City FC (37)
?,(Mon) 16 Sep 1929 (37),Queens Park Rangers FC (24),0-0,?,Fulham FC (37)
?,(Sat) 7 Sep 1929 (35),Queens Park Rangers FC (25),2-1,?,Gillingham FC (37)
?,(Sat) 19 Oct 1929 (41),Queens Park Rangers FC (26),1-1,?,Leyton Orient FC (37)
?,(Sat) 5 Oct 1929 (39),Queens Park Rangers FC (27),1-0,?,Luton Town FC (37)
?,(Sat) 29 Mar 1930 (12),Queens Park Rangers FC (28),2-0,?,Merthyr Town FC (37)
?,(Sat) 15 Mar 1930 (10),Queens Park Rangers FC (29),4-1,?,Newport County AFC (37)
?,(Sat) 18 Jan 1930 (2),Queens Park Rangers FC (30),0-2,?,Northampton Town FC (37)
?,(Thu) 26 Dec 1929 (51),Queens Park Rangers FC (31),3-2,?,Norwich City FC (37)
?,(Thu) 13 Mar 1930 (10),Queens Park Rangers FC (32),1-2,?,Plymouth Argyle FC (37)
?,(Sat) 1 Feb 1930 (4),Queens Park Rangers FC (33),2-5,?,Southend United FC (17)
?,(Sat) 12 Apr 1930 (14),Queens Park Rangers FC (34),8-3,?,Swindon Town FC (17)
?,(Sat) 16 Nov 1929 (45),Queens Park Rangers FC (35),1-1,?,Torquay United FC (17)
?,(Thu) 5 Sep 1929 (35),Queens Park Rangers FC (36),2-2,?,Walsall FC (17)
?,(Sat) 2 Nov 1929 (43),Queens Park Rangers FC (37),0-0,?,Watford FC (17)
?,(Sat) 14 Sep 1929 (36),Southend United FC (18),4-1,?,AFC Bournemouth (38)
?,(Sat) 11 Jan 1930 (1),Southend United FC (19),2-0,?,Brentford FC (38)
?,(Sat) 16 Nov 1929 (45),Southend United FC (20),0-0,?,Brighton & Hove Albion FC (38)
?,(Sat) 29 Mar 1930 (12),Southend United FC (21),6-0,?,Bristol Rovers FC (38)
?,(Wed) 30 Apr 1930 (17),Southend United FC (22),1-2,?,Coventry City FC (38)
?,(Mon) 2 Sep 1929 (35),Southend United FC (23),3-2,?,Crystal Palace FC (38)
?,(Wed) 25 Dec 1929 (51),Southend United FC (24),1-0,?,Exeter City FC (38)
?,(Sat) 8 Feb 1930 (5),Southend United FC (25),1-2,?,Fulham FC (38)
?,(Mon) 21 Apr 1930 (16),Southend United FC (26),0-0,?,Gillingham FC (38)
?,(Sat) 12 Apr 1930 (14),Southend United FC (27),4-1,?,Leyton Orient FC (38)
?,(Sat) 4 Jan 1930 (0),Southend United FC (28),1-1,?,Luton Town FC (38)
?,(Sat) 1 Mar 1930 (8),Southend United FC (29),6-0,?,Merthyr Town FC (38)
?,(Sat) 31 Aug 1929 (34),Southend United FC (30),2-1,?,Newport County AFC (38)
?,(Mon) 16 Sep 1929 (37),Southend United FC (31),1-2,?,Northampton Town FC (38)
?,(Sat) 12 Oct 1929 (40),Southend United FC (32),1-1,?,Norwich City FC (38)
?,(Sat) 2 Nov 1929 (43),Southend United FC (33),1-1,?,Plymouth Argyle FC (38)
?,(Sat) 28 Sep 1929 (38),Southend United FC (34),1-0,?,Queens Park Rangers FC (38)
?,(Sat) 15 Mar 1930 (10),Southend United FC (35),3-1,?,Swindon Town FC (18)
?,(Sat) 19 Oct 1929 (41),Southend United FC (36),1-1,?,Torquay United FC (18)
?,(Wed) 19 Feb 1930 (7),Southend United FC (37),1-0,?,Walsall FC (18)
?,(Sat) 26 Apr 1930 (16),Southend United FC (38),1-3,?,Watford FC (18)
?,(Sat) 23 Nov 1929 (46),Swindon Town FC (19),1-1,?,AFC Bournemouth (39)
?,(Sat) 28 Dec 1929 (51),Swindon Town FC (20),0-2,?,Brentford FC (39)
?,(Sat) 18 Jan 1930 (2),Swindon Town FC (21),0-1,?,Brighton & Hove Albion FC (39)
?,(Sat) 7 Sep 1929 (35),Swindon Town FC (22),2-2,?,Bristol Rovers FC (39)
?,(Mon) 16 Sep 1929 (37),Swindon Town FC (23),1-1,?,Coventry City FC (39)
?,(Sat) 21 Sep 1929 (37),Swindon Town FC (24),3-1,?,Crystal Palace FC (39)
?,(Sat) 8 Mar 1930 (9),Swindon Town FC (25),1-0,?,Exeter City FC (39)
?,(Sat) 19 Apr 1930 (15),Swindon Town FC (26),1-1,?,Fulham FC (39)
?,(Sat) 22 Feb 1930 (7),Swindon Town FC (27),3-0,?,Gillingham FC (39)
?,(Thu) 26 Dec 1929 (51),Swindon Town FC (28),0-0,?,Leyton Orient FC (39)
?,(Sat) 22 Mar 1930 (11),Swindon Town FC (29),1-1,?,Luton Town FC (39)
?,(Sat) 5 Oct 1929 (39),Swindon Town FC (30),6-3,?,Merthyr Town FC (39)
?,(Mon) 9 Sep 1929 (36),Swindon Town FC (31),5-1,?,Newport County AFC (39)
?,(Sat) 26 Oct 1929 (42),Swindon Town FC (32),2-0,?,Northampton Town FC (39)
?,(Sat) 21 Dec 1929 (50),Swindon Town FC (33),2-1,?,Norwich City FC (39)
?,(Sat) 28 Sep 1929 (38),Swindon Town FC (34),1-2,?,Plymouth Argyle FC (39)
?,(Sat) 7 Dec 1929 (48),Swindon Town FC (35),2-2,?,Queens Park Rangers FC (39)
?,(Sat) 9 Nov 1929 (44),Swindon Town FC (36),5-1,?,Southend United FC (39)
?,(Sat) 12 Oct 1929 (40),Swindon Town FC (37),2-1,?,Torquay United FC (19)
?,(Sat) 5 Apr 1930 (13),Swindon Town FC (38),3-1,?,Walsall FC (19)
?,(Fri) 18 Apr 1930 (15),Swindon Town FC (39),1-3,?,Watford FC (19)
?,(Sat) 8 Mar 1930 (9),Torquay United FC (20),7-0,?,AFC Bournemouth (40)
?,(Sat) 21 Sep 1929 (37),Torquay United FC (21),2-1,?,Brentford FC (40)
?,(Sat) 5 Oct 1929 (39),Torquay United FC (22),5-2,?,Brighton & Hove Albion FC (40)
?,(Wed) 2 Apr 1930 (13),Torquay United FC (23),2-1,?,Bristol Rovers FC (40)
?,(Sat) 7 Sep 1929 (35),Torquay United FC (24),1-3,?,Coventry City FC (40)
?,(Sat) 7 Dec 1929 (48),Torquay United FC (25),2-2,?,Crystal Palace FC (40)
?,(Sat) 3 May 1930 (17),Torquay United FC (26),2-1,?,Exeter City FC (40)
?,(Sat) 23 Nov 1929 (46),Torquay United FC (27),2-4,?,Fulham FC (40)
?,(Sat) 19 Apr 1930 (15),Torquay United FC (28),1-1,?,Gillingham FC (40)
?,(Sat) 18 Jan 1930 (2),Torquay United FC (29),0-5,?,Leyton Orient FC (40)
?,(Sat) 26 Oct 1929 (42),Torquay United FC (30),2-2,?,Luton Town FC (40)
?,(Mon) 21 Apr 1930 (16),Torquay United FC (31),4-0,?,Merthyr Town FC (40)
?,(Thu) 26 Dec 1929 (51),Torquay United FC (32),3-2,?,Newport County AFC (40)
?,(Sat) 21 Dec 1929 (50),Torquay United FC (33),0-1,?,Northampton Town FC (40)
?,(Sat) 5 Apr 1930 (13),Torquay United FC (34),2-2,?,Norwich City FC (40)
?,(Wed) 4 Sep 1929 (35),Torquay United FC (35),3-4,?,Plymouth Argyle FC (40)
?,(Sat) 22 Mar 1930 (11),Torquay United FC (36),1-3,?,Queens Park Rangers FC (40)
?,(Sat) 22 Feb 1930 (7),Torquay United FC (37),1-1,?,Southend United FC (40)
?,(Sat) 15 Feb 1930 (6),Torquay United FC (38),1-1,?,Swindon Town FC (40)
?,(Sat) 9 Nov 1929 (44),Torquay United FC (39),5-2,?,Walsall FC (20)
?,(Sat) 28 Dec 1929 (51),Torquay United FC (40),4-0,?,Watford FC (20)
?,(Sat) 5 Oct 1929 (39),Walsall FC (21),2-2,?,AFC Bournemouth (41)
?,(Sat) 26 Apr 1930 (16),Walsall FC (22),1-2,?,Brentford FC (41)
?,(Sat) 12 Apr 1930 (14),Walsall FC (23),2-0,?,Brighton & Hove Albion FC (41)
?,(Wed) 30 Apr 1930 (17),Walsall FC (24),0-0,?,Bristol Rovers FC (41)
?,(Sat) 19 Oct 1929 (41),Walsall FC (25),3-2,?,Coventry City FC (41)
?,(Wed) 25 Dec 1929 (51),Walsall FC (26),0-0,?,Crystal Palace FC (41)
?,(Sat) 18 Jan 1930 (2),Walsall FC (27),5-2,?,Exeter City FC (41)
?,(Tue) 22 Apr 1930 (16),Walsall FC (28),2-2,?,Fulham FC (41)
?,(Sat) 28 Dec 1929 (51),Walsall FC (29),1-2,?,Gillingham FC (41)
?,(Sat) 15 Feb 1930 (6),Walsall FC (30),0-1,?,Leyton Orient FC (41)
?,(Sat) 1 Feb 1930 (4),Walsall FC (31),1-0,?,Luton Town FC (41)
?,(Sat) 16 Nov 1929 (45),Walsall FC (32),6-0,?,Merthyr Town FC (41)
?,(Sat) 2 Nov 1929 (43),Walsall FC (33),2-1,?,Newport County AFC (41)
?,(Sat) 7 Sep 1929 (35),Walsall FC (34),1-2,?,Northampton Town FC (41)
?,(Sat) 3 May 1930 (17),Walsall FC (35),1-0,?,Norwich City FC (41)
?,(Sat) 29 Mar 1930 (12),Walsall FC (36),1-3,?,Plymouth Argyle FC (41)
?,(Mon) 9 Sep 1929 (36),Walsall FC (37),4-0,?,Queens Park Rangers FC (41)
?,(Sat) 21 Sep 1929 (37),Walsall FC (38),1-3,?,Southend United FC (41)
?,(Mon) 23 Sep 1929 (38),Walsall FC (39),4-0,?,Swindon Town FC (41)
?,(Wed) 9 Apr 1930 (14),Walsall FC (40),7-0,?,Torquay United FC (41)
?,(Sat) 1 Mar 1930 (8),Walsall FC (41),1-2,?,Watford FC (21)
?,(Sat) 22 Feb 1930 (7),Watford FC (22),0-0,?,AFC Bournemouth (42)
?,(Sat) 5 Oct 1929 (39),Watford FC (23),1-2,?,Brentford FC (42)
?,(Wed) 18 Sep 1929 (37),Watford FC (24),3-0,?,Brighton & Hove Albion FC (42)
?,(Sat) 15 Feb 1930 (6),Watford FC (25),4-3,?,Bristol Rovers FC (42)
?,(Sat) 21 Sep 1929 (37),Watford FC (26),1-3,?,Coventry City FC (42)
?,(Sat) 23 Nov 1929 (46),Watford FC (27),1-1,?,Crystal Palace FC (42)
?,(Sat) 19 Apr 1930 (15),Watford FC (28),2-1,?,Exeter City FC (42)
?,(Sat) 9 Nov 1929 (44),Watford FC (29),0-0,?,Fulham FC (42)
?,(Sat) 5 Apr 1930 (13),Watford FC (30),4-1,?,Gillingham FC (42)
?,(Sat) 1 Feb 1930 (4),Watford FC (31),3-0,?,Leyton Orient FC (42)
?,(Sat) 14 Sep 1929 (36),Watford FC (32),0-4,?,Luton Town FC (42)
?,(Thu) 26 Dec 1929 (51),Watford FC (33),2-3,?,Merthyr Town FC (42)
?,(Sat) 4 Jan 1930 (0),Watford FC (34),2-3,?,Newport County AFC (42)
?,(Sat) 7 Dec 1929 (48),Watford FC (35),1-2,?,Northampton Town FC (42)
?,(Sat) 22 Mar 1930 (11),Watford FC (36),2-1,?,Norwich City FC (42)
?,(Wed) 25 Sep 1929 (38),Watford FC (37),0-2,?,Plymouth Argyle FC (42)
?,(Sat) 8 Mar 1930 (9),Watford FC (38),1-1,?,Queens Park Rangers FC (42)
?,(Sat) 21 Dec 1929 (50),Watford FC (39),2-1,?,Southend United FC (42)
?,(Mon) 21 Apr 1930 (16),Watford FC (40),4-1,?,Swindon Town FC (42)
?,(Sat) 31 Aug 1929 (34),Watford FC (41),2-0,?,Torquay United FC (42)
?,(Sat) 26 Oct 1929 (42),Watford FC (42),2-1,?,Walsall FC (42)
