Round,Date,Team 1,FT,HT,Team 2
?,(Sat) 27 Aug 1983 (34),Aldershot Town FC (1),1-4,?,Hereford United FC (1924-2014) (1)
?,(Sat) 27 Aug 1983 (34),Darlington FC (1),0-2,?,Colchester United FC (1)
?,(Sat) 27 Aug 1983 (34),Blackpool FC (1),1-0,?,Reading FC (1)
?,(Sat) 27 Aug 1983 (34),FC Halifax Town (1),2-2,?,Torquay United FC (1)
?,(Sat) 27 Aug 1983 (34),Chester FC (1),1-1,?,Northampton Town FC (1)
?,(Sat) 27 Aug 1983 (34),Bristol City FC (1),4-0,?,Mansfield Town FC (1)
?,(Sat) 27 Aug 1983 (34),Peterborough United FC (1),3-1,?,Hartlepool United FC (1)
?,(Sat) 27 Aug 1983 (34),Chesterfield FC (1),1-0,?,Swindon Town FC (1)
?,(Sat) 27 Aug 1983 (34),Stockport County FC (1),0-2,?,York City FC (1)
?,(Sat) 27 Aug 1983 (34),Doncaster Rovers FC (1),3-0,?,Wrexham AFC (1)
?,(Sat) 27 Aug 1983 (34),Tranmere Rovers FC (1),1-1,?,Bury FC (1)
?,(Sat) 27 Aug 1983 (34),Rochdale AFC (1),1-0,?,Crewe Alexandra FC (1)
?,(Sat) 3 Sep 1983 (35),Torquay United FC (2),1-1,?,Tranmere Rovers FC (2)
?,(Sat) 3 Sep 1983 (35),Bury FC (2),2-1,?,Bristol City FC (2)
?,(Sat) 3 Sep 1983 (35),York City FC (2),2-0,?,Rochdale AFC (2)
?,(Sat) 3 Sep 1983 (35),Wrexham AFC (2),2-2,?,Peterborough United FC (2)
?,(Sat) 3 Sep 1983 (35),Mansfield Town FC (2),1-2,?,Doncaster Rovers FC (2)
?,(Sat) 3 Sep 1983 (35),Crewe Alexandra FC (2),2-1,?,Chesterfield FC (2)
?,(Sat) 3 Sep 1983 (35),Hereford United FC (1924-2014) (2),0-0,?,FC Halifax Town (2)
?,(Sat) 3 Sep 1983 (35),Northampton Town FC (2),2-0,?,Darlington FC (2)
?,(Sat) 3 Sep 1983 (35),Hartlepool United FC (2),0-1,?,Aldershot Town FC (2)
?,(Sat) 3 Sep 1983 (35),Reading FC (2),6-2,?,Stockport County FC (2)
?,(Sat) 3 Sep 1983 (35),Colchester United FC (2),2-1,?,Blackpool FC (2)
?,(Sat) 3 Sep 1983 (35),Swindon Town FC (2),4-0,?,Chester FC (2)
?,(Tue) 6 Sep 1983 (36),York City FC (3),2-0,?,Peterborough United FC (3)
?,(Tue) 6 Sep 1983 (36),Northampton Town FC (3),0-0,?,Tranmere Rovers FC (3)
?,(Tue) 6 Sep 1983 (36),Swindon Town FC (3),2-3,?,FC Halifax Town (3)
?,(Tue) 6 Sep 1983 (36),Mansfield Town FC (3),1-2,?,Stockport County FC (3)
?,(Tue) 6 Sep 1983 (36),Bury FC (3),0-0,?,Blackpool FC (3)
?,(Tue) 6 Sep 1983 (36),Wrexham AFC (3),5-1,?,Rochdale AFC (3)
?,(Tue) 6 Sep 1983 (36),Colchester United FC (3),0-0,?,Bristol City FC (3)
?,(Tue) 6 Sep 1983 (36),Crewe Alexandra FC (3),0-0,?,Aldershot Town FC (3)
?,(Wed) 7 Sep 1983 (36),Torquay United FC (3),0-1,?,Darlington FC (3)
?,(Wed) 7 Sep 1983 (36),Hartlepool United FC (3),2-2,?,Chesterfield FC (3)
?,(Wed) 7 Sep 1983 (36),Hereford United FC (1924-2014) (3),2-1,?,Chester FC (3)
?,(Wed) 7 Sep 1983 (36),Reading FC (3),3-2,?,Doncaster Rovers FC (3)
?,(Fri) 9 Sep 1983 (36),FC Halifax Town (4),0-0,?,Mansfield Town FC (4)
?,(Fri) 9 Sep 1983 (36),Stockport County FC (4),0-0,?,Colchester United FC (4)
?,(Sat) 10 Sep 1983 (36),Peterborough United FC (4),5-0,?,Torquay United FC (4)
?,(Sat) 10 Sep 1983 (36),Rochdale AFC (4),4-1,?,Reading FC (4)
?,(Sat) 10 Sep 1983 (36),Chester FC (4),0-1,?,Crewe Alexandra FC (4)
?,(Sat) 10 Sep 1983 (36),Blackpool FC (4),2-3,?,Northampton Town FC (4)
?,(Sat) 10 Sep 1983 (36),Aldershot Town FC (4),1-2,?,Bury FC (4)
?,(Sat) 10 Sep 1983 (36),Chesterfield FC (4),2-1,?,York City FC (4)
?,(Sat) 10 Sep 1983 (36),Darlington FC (4),1-0,?,Swindon Town FC (4)
?,(Sat) 10 Sep 1983 (36),Tranmere Rovers FC (4),2-1,?,Wrexham AFC (4)
?,(Sat) 10 Sep 1983 (36),Bristol City FC (4),2-0,?,Hartlepool United FC (4)
?,(Sun) 11 Sep 1983 (36),Doncaster Rovers FC (4),3-0,?,Hereford United FC (1924-2014) (4)
?,(Fri) 16 Sep 1983 (37),Wrexham AFC (5),3-1,?,Bristol City FC (5)
?,(Sat) 17 Sep 1983 (37),Hereford United FC (1924-2014) (5),2-1,?,Peterborough United FC (5)
?,(Sat) 17 Sep 1983 (37),Reading FC (5),1-1,?,Chesterfield FC (5)
?,(Sat) 17 Sep 1983 (37),Torquay United FC (5),0-1,?,Aldershot Town FC (5)
?,(Sat) 17 Sep 1983 (37),Colchester United FC (5),4-0,?,Rochdale AFC (5)
?,(Sat) 17 Sep 1983 (37),Hartlepool United FC (5),1-0,?,Doncaster Rovers FC (5)
?,(Sat) 17 Sep 1983 (37),York City FC (5),4-1,?,Chester FC (5)
?,(Sat) 17 Sep 1983 (37),Crewe Alexandra FC (5),2-1,?,Darlington FC (5)
?,(Sat) 17 Sep 1983 (37),Mansfield Town FC (5),1-0,?,Tranmere Rovers FC (5)
?,(Sat) 17 Sep 1983 (37),Swindon Town FC (5),0-0,?,Blackpool FC (5)
?,(Sun) 18 Sep 1983 (37),Northampton Town FC (5),0-0,?,Stockport County FC (5)
?,(Sun) 18 Sep 1983 (37),Bury FC (5),3-0,?,FC Halifax Town (5)
?,(Fri) 23 Sep 1983 (38),Tranmere Rovers FC (6),0-1,?,Hereford United FC (1924-2014) (6)
?,(Fri) 23 Sep 1983 (38),FC Halifax Town (6),3-2,?,Hartlepool United FC (6)
?,(Fri) 23 Sep 1983 (38),Stockport County FC (6),1-3,?,Swindon Town FC (6)
?,(Sat) 24 Sep 1983 (38),Blackpool FC (6),3-0,?,Crewe Alexandra FC (6)
?,(Sat) 24 Sep 1983 (38),Doncaster Rovers FC (6),3-1,?,Bury FC (6)
?,(Sat) 24 Sep 1983 (38),Bristol City FC (6),5-0,?,Torquay United FC (6)
?,(Sat) 24 Sep 1983 (38),Aldershot Town FC (6),1-1,?,Wrexham AFC (6)
?,(Sat) 24 Sep 1983 (38),Darlington FC (6),0-0,?,York City FC (6)
?,(Sat) 24 Sep 1983 (38),Peterborough United FC (6),3-0,?,Mansfield Town FC (6)
?,(Sat) 24 Sep 1983 (38),Chester FC (6),2-1,?,Reading FC (6)
?,(Sat) 24 Sep 1983 (38),Rochdale AFC (6),1-1,?,Northampton Town FC (6)
?,(Sat) 24 Sep 1983 (38),Chesterfield FC (6),1-1,?,Colchester United FC (6)
?,(Mon) 26 Sep 1983 (39),Tranmere Rovers FC (7),2-1,?,Colchester United FC (7)
?,(Mon) 26 Sep 1983 (39),Stockport County FC (7),1-1,?,Wrexham AFC (7)
?,(Tue) 27 Sep 1983 (39),Bristol City FC (7),3-1,?,Reading FC (7)
?,(Tue) 27 Sep 1983 (39),Doncaster Rovers FC (7),2-2,?,York City FC (7)
?,(Tue) 27 Sep 1983 (39),Chesterfield FC (7),0-0,?,Hereford United FC (1924-2014) (7)
?,(Tue) 27 Sep 1983 (39),Aldershot Town FC (7),2-1,?,Swindon Town FC (7)
?,(Tue) 27 Sep 1983 (39),Rochdale AFC (7),2-0,?,Hartlepool United FC (7)
?,(Tue) 27 Sep 1983 (39),FC Halifax Town (7),2-2,?,Northampton Town FC (7)
?,(Tue) 27 Sep 1983 (39),Blackpool FC (7),2-0,?,Mansfield Town FC (7)
?,(Tue) 27 Sep 1983 (39),Darlington FC (7),1-2,?,Bury FC (7)
?,(Wed) 28 Sep 1983 (39),Peterborough United FC (7),1-0,?,Crewe Alexandra FC (7)
?,(Wed) 28 Sep 1983 (39),Chester FC (7),1-2,?,Torquay United FC (7)
?,(Fri) 30 Sep 1983 (39),Crewe Alexandra FC (8),0-3,?,Stockport County FC (8)
?,(Sat) 1 Oct 1983 (39),Colchester United FC (8),1-0,?,Chester FC (8)
?,(Sat) 1 Oct 1983 (39),Reading FC (8),1-0,?,Darlington FC (8)
?,(Sat) 1 Oct 1983 (39),Wrexham AFC (8),1-0,?,FC Halifax Town (8)
?,(Sat) 1 Oct 1983 (39),Mansfield Town FC (8),5-2,?,Aldershot Town FC (8)
?,(Sat) 1 Oct 1983 (39),Northampton Town FC (8),1-1,?,Chesterfield FC (8)
?,(Sat) 1 Oct 1983 (39),Hereford United FC (1924-2014) (8),0-2,?,Bristol City FC (8)
?,(Sat) 1 Oct 1983 (39),Swindon Town FC (8),2-1,?,Rochdale AFC (8)
?,(Sat) 1 Oct 1983 (39),York City FC (8),4-0,?,Blackpool FC (8)
?,(Sat) 1 Oct 1983 (39),Torquay United FC (8),4-1,?,Doncaster Rovers FC (8)
?,(Sat) 1 Oct 1983 (39),Hartlepool United FC (8),0-1,?,Tranmere Rovers FC (8)
?,(Fri) 7 Oct 1983 (40),York City FC (9),3-0,?,Colchester United FC (9)
?,(Sat) 8 Oct 1983 (40),Crewe Alexandra FC (9),2-0,?,Swindon Town FC (9)
?,(Sat) 8 Oct 1983 (40),Chesterfield FC (9),2-0,?,Stockport County FC (9)
?,(Sat) 8 Oct 1983 (40),Aldershot Town FC (9),1-1,?,Tranmere Rovers FC (9)
?,(Sat) 8 Oct 1983 (40),Blackpool FC (9),0-2,?,Rochdale AFC (9)
?,(Sat) 8 Oct 1983 (40),Bristol City FC (9),3-0,?,FC Halifax Town (9)
?,(Sat) 8 Oct 1983 (40),Darlington FC (9),2-1,?,Chester FC (9)
?,(Sat) 8 Oct 1983 (40),Wrexham AFC (9),0-0,?,Hereford United FC (1924-2014) (9)
?,(Sat) 8 Oct 1983 (40),Peterborough United FC (8),1-1,?,Doncaster Rovers FC (9)
?,(Sat) 8 Oct 1983 (40),Torquay United FC (9),0-0,?,Hartlepool United FC (9)
?,(Sat) 8 Oct 1983 (40),Bury FC (8),2-2,?,Mansfield Town FC (9)
?,(Sun) 9 Oct 1983 (40),Northampton Town FC (9),2-2,?,Reading FC (9)
?,(Fri) 14 Oct 1983 (41),Tranmere Rovers FC (10),2-0,?,Bristol City FC (10)
?,(Fri) 14 Oct 1983 (41),Reading FC (10),5-0,?,Crewe Alexandra FC (10)
?,(Sat) 15 Oct 1983 (41),Mansfield Town FC (10),1-3,?,Torquay United FC (10)
?,(Sat) 15 Oct 1983 (41),FC Halifax Town (10),2-1,?,Peterborough United FC (9)
?,(Sat) 15 Oct 1983 (41),Swindon Town FC (10),3-2,?,York City FC (10)
?,(Sat) 15 Oct 1983 (41),Colchester United FC (10),2-2,?,Northampton Town FC (10)
?,(Sat) 15 Oct 1983 (41),Hartlepool United FC (10),1-1,?,Wrexham AFC (10)
?,(Sat) 15 Oct 1983 (41),Rochdale AFC (10),2-4,?,Chesterfield FC (10)
?,(Sat) 15 Oct 1983 (41),Doncaster Rovers FC (10),3-1,?,Aldershot Town FC (10)
?,(Sat) 15 Oct 1983 (41),Stockport County FC (10),2-0,?,Darlington FC (10)
?,(Mon) 17 Oct 1983 (42),Stockport County FC (11),2-2,?,Aldershot Town FC (11)
?,(Mon) 17 Oct 1983 (42),Tranmere Rovers FC (11),2-1,?,Swindon Town FC (11)
?,(Tue) 18 Oct 1983 (42),Wrexham AFC (11),0-1,?,Blackpool FC (10)
?,(Tue) 18 Oct 1983 (42),Rochdale AFC (11),2-1,?,Peterborough United FC (10)
?,(Tue) 18 Oct 1983 (42),Colchester United FC (11),1-0,?,Bury FC (9)
?,(Tue) 18 Oct 1983 (42),Northampton Town FC (11),2-1,?,Torquay United FC (11)
?,(Tue) 18 Oct 1983 (42),Chesterfield FC (11),0-0,?,Doncaster Rovers FC (11)
?,(Tue) 18 Oct 1983 (42),FC Halifax Town (11),1-0,?,Crewe Alexandra FC (11)
?,(Tue) 18 Oct 1983 (42),Bristol City FC (11),1-0,?,York City FC (11)
?,(Wed) 19 Oct 1983 (42),Reading FC (11),4-0,?,Mansfield Town FC (11)
?,(Wed) 19 Oct 1983 (42),Hereford United FC (1924-2014) (10),1-0,?,Darlington FC (11)
?,(Wed) 19 Oct 1983 (42),Hartlepool United FC (11),1-1,?,Chester FC (10)
?,(Fri) 21 Oct 1983 (42),Doncaster Rovers FC (12),3-2,?,FC Halifax Town (12)
?,(Sat) 22 Oct 1983 (42),Blackpool FC (11),1-0,?,Chesterfield FC (12)
?,(Sat) 22 Oct 1983 (42),Torquay United FC (12),1-1,?,Hereford United FC (1924-2014) (11)
?,(Sat) 22 Oct 1983 (42),Mansfield Town FC (12),5-0,?,Hartlepool United FC (12)
?,(Sat) 22 Oct 1983 (42),Bury FC (10),2-0,?,Wrexham AFC (12)
?,(Sat) 22 Oct 1983 (42),Peterborough United FC (11),2-0,?,Tranmere Rovers FC (12)
?,(Sat) 22 Oct 1983 (42),Crewe Alexandra FC (12),3-2,?,Northampton Town FC (12)
?,(Sat) 22 Oct 1983 (42),York City FC (12),2-2,?,Reading FC (12)
?,(Sat) 22 Oct 1983 (42),Darlington FC (12),1-0,?,Rochdale AFC (12)
?,(Sat) 22 Oct 1983 (42),Chester FC (11),2-4,?,Stockport County FC (12)
?,(Sat) 22 Oct 1983 (42),Aldershot Town FC (12),1-0,?,Bristol City FC (12)
?,(Sat) 22 Oct 1983 (42),Swindon Town FC (12),2-1,?,Colchester United FC (12)
?,(Sat) 29 Oct 1983 (43),Bristol City FC (13),0-1,?,Peterborough United FC (12)
?,(Sat) 29 Oct 1983 (43),Wrexham AFC (13),2-2,?,Torquay United FC (13)
?,(Sat) 29 Oct 1983 (43),Hartlepool United FC (13),1-3,?,Bury FC (11)
?,(Sat) 29 Oct 1983 (43),Tranmere Rovers FC (13),1-1,?,Doncaster Rovers FC (13)
?,(Sat) 29 Oct 1983 (43),Northampton Town FC (13),1-2,?,York City FC (13)
?,(Sat) 29 Oct 1983 (43),Hereford United FC (1924-2014) (12),0-0,?,Mansfield Town FC (13)
?,(Sat) 29 Oct 1983 (43),FC Halifax Town (13),1-0,?,Aldershot Town FC (13)
?,(Sat) 29 Oct 1983 (43),Stockport County FC (13),1-2,?,Blackpool FC (12)
?,(Sat) 29 Oct 1983 (43),Rochdale AFC (13),1-1,?,Chester FC (12)
?,(Sat) 29 Oct 1983 (43),Chesterfield FC (13),1-1,?,Darlington FC (13)
?,(Sat) 29 Oct 1983 (43),Reading FC (13),2-2,?,Swindon Town FC (13)
?,(Sat) 29 Oct 1983 (43),Colchester United FC (13),2-0,?,Crewe Alexandra FC (13)
?,(Tue) 1 Nov 1983 (44),York City FC (14),3-2,?,Wrexham AFC (14)
?,(Tue) 1 Nov 1983 (44),Swindon Town FC (14),3-0,?,Hereford United FC (1924-2014) (13)
?,(Tue) 1 Nov 1983 (44),Darlington FC (14),1-0,?,Tranmere Rovers FC (14)
?,(Tue) 1 Nov 1983 (44),Doncaster Rovers FC (14),3-3,?,Colchester United FC (14)
?,(Tue) 1 Nov 1983 (44),Aldershot Town FC (14),1-0,?,Northampton Town FC (14)
?,(Tue) 1 Nov 1983 (44),Bury FC (12),2-1,?,Stockport County FC (14)
?,(Tue) 1 Nov 1983 (44),Blackpool FC (13),1-0,?,Bristol City FC (14)
?,(Tue) 1 Nov 1983 (44),Mansfield Town FC (14),3-0,?,Rochdale AFC (14)
?,(Tue) 1 Nov 1983 (44),Crewe Alexandra FC (14),2-0,?,Hartlepool United FC (14)
?,(Wed) 2 Nov 1983 (44),Chester FC (13),1-1,?,FC Halifax Town (14)
?,(Wed) 2 Nov 1983 (44),Peterborough United FC (13),3-3,?,Reading FC (14)
?,(Wed) 2 Nov 1983 (44),Torquay United FC (14),1-1,?,Chesterfield FC (14)
?,(Fri) 4 Nov 1983 (44),FC Halifax Town (15),1-2,?,Tranmere Rovers FC (15)
?,(Sat) 5 Nov 1983 (44),Northampton Town FC (15),2-0,?,Swindon Town FC (15)
?,(Sat) 5 Nov 1983 (44),Colchester United FC (15),3-0,?,Reading FC (15)
?,(Sat) 5 Nov 1983 (44),Bristol City FC (15),1-2,?,Doncaster Rovers FC (15)
?,(Sat) 5 Nov 1983 (44),Wrexham AFC (15),2-3,?,Mansfield Town FC (15)
?,(Sat) 5 Nov 1983 (44),Blackpool FC (14),3-1,?,Darlington FC (15)
?,(Sat) 5 Nov 1983 (44),Aldershot Town FC (15),3-2,?,Peterborough United FC (14)
?,(Sat) 5 Nov 1983 (44),Crewe Alexandra FC (15),0-3,?,York City FC (15)
?,(Sat) 5 Nov 1983 (44),Hartlepool United FC (15),0-0,?,Hereford United FC (1924-2014) (14)
?,(Sat) 5 Nov 1983 (44),Rochdale AFC (15),2-2,?,Stockport County FC (15)
?,(Sat) 5 Nov 1983 (44),Chesterfield FC (15),1-1,?,Chester FC (14)
?,(Sat) 5 Nov 1983 (44),Torquay United FC (15),2-0,?,Bury FC (13)
?,(Wed) 9 Nov 1983 (45),Chester FC (15),0-2,?,Blackpool FC (15)
?,(Fri) 11 Nov 1983 (45),Stockport County FC (16),4-0,?,FC Halifax Town (16)
?,(Sat) 12 Nov 1983 (45),Doncaster Rovers FC (16),2-1,?,Blackpool FC (16)
?,(Sat) 12 Nov 1983 (45),Mansfield Town FC (16),0-0,?,Colchester United FC (16)
?,(Sat) 12 Nov 1983 (45),York City FC (16),2-3,?,Torquay United FC (16)
?,(Sat) 12 Nov 1983 (45),Reading FC (16),4-1,?,Wrexham AFC (16)
?,(Sat) 12 Nov 1983 (45),Peterborough United FC (15),2-0,?,Chesterfield FC (16)
?,(Sat) 12 Nov 1983 (45),Tranmere Rovers FC (16),2-2,?,Rochdale AFC (16)
?,(Sat) 12 Nov 1983 (45),Swindon Town FC (16),3-2,?,Hartlepool United FC (16)
?,(Sat) 12 Nov 1983 (45),Darlington FC (16),0-1,?,Bristol City FC (16)
?,(Sat) 12 Nov 1983 (45),Chester FC (16),1-2,?,Aldershot Town FC (16)
?,(Sat) 12 Nov 1983 (45),Hereford United FC (1924-2014) (15),0-0,?,Northampton Town FC (16)
?,(Sun) 13 Nov 1983 (45),Bury FC (14),1-1,?,Crewe Alexandra FC (16)
?,(Fri) 25 Nov 1983 (47),FC Halifax Town (17),0-2,?,Darlington FC (17)
?,(Sat) 26 Nov 1983 (47),Wrexham AFC (17),0-1,?,Northampton Town FC (17)
?,(Sat) 26 Nov 1983 (47),Aldershot Town FC (17),2-1,?,Rochdale AFC (17)
?,(Sat) 26 Nov 1983 (47),Mansfield Town FC (17),2-2,?,Swindon Town FC (17)
?,(Sat) 26 Nov 1983 (47),Bristol City FC (17),2-0,?,Chesterfield FC (17)
?,(Sat) 26 Nov 1983 (47),Hartlepool United FC (17),2-3,?,York City FC (17)
?,(Sat) 26 Nov 1983 (47),Tranmere Rovers FC (17),2-3,?,Crewe Alexandra FC (17)
?,(Sat) 26 Nov 1983 (47),Peterborough United FC (16),2-0,?,Stockport County FC (17)
?,(Sat) 26 Nov 1983 (47),Hereford United FC (1924-2014) (16),1-2,?,Blackpool FC (17)
?,(Sat) 26 Nov 1983 (47),Doncaster Rovers FC (17),0-0,?,Chester FC (17)
?,(Sat) 26 Nov 1983 (47),Bury FC (15),2-3,?,Reading FC (17)
?,(Sat) 26 Nov 1983 (47),Torquay United FC (17),2-1,?,Colchester United FC (17)
?,(Tue) 29 Nov 1983 (48),Bury FC (16),2-2,?,Peterborough United FC (17)
?,(Fri) 2 Dec 1983 (48),Stockport County FC (18),2-1,?,Torquay United FC (18)
?,(Fri) 2 Dec 1983 (48),Reading FC (18),1-0,?,FC Halifax Town (18)
?,(Sat) 3 Dec 1983 (48),York City FC (18),2-0,?,Aldershot Town FC (18)
?,(Sat) 3 Dec 1983 (48),Chester FC (18),2-1,?,Bury FC (17)
?,(Sat) 3 Dec 1983 (48),Colchester United FC (18),6-0,?,Hartlepool United FC (18)
?,(Sat) 3 Dec 1983 (48),Darlington FC (18),3-0,?,Mansfield Town FC (18)
?,(Sat) 3 Dec 1983 (48),Northampton Town FC (18),1-0,?,Bristol City FC (18)
?,(Sat) 3 Dec 1983 (48),Blackpool FC (18),1-2,?,Peterborough United FC (18)
?,(Sat) 3 Dec 1983 (48),Rochdale AFC (18),3-3,?,Hereford United FC (1924-2014) (17)
?,(Sat) 3 Dec 1983 (48),Chesterfield FC (18),3-3,?,Tranmere Rovers FC (18)
?,(Sat) 3 Dec 1983 (48),Swindon Town FC (18),2-1,?,Doncaster Rovers FC (18)
?,(Sat) 10 Dec 1983 (49),Aldershot Town FC (19),1-1,?,Stockport County FC (19)
?,(Fri) 16 Dec 1983 (50),Stockport County FC (20),2-1,?,Tranmere Rovers FC (19)
?,(Sat) 17 Dec 1983 (50),Colchester United FC (19),4-1,?,FC Halifax Town (19)
?,(Sat) 17 Dec 1983 (50),Rochdale AFC (19),0-1,?,Bristol City FC (19)
?,(Sat) 17 Dec 1983 (50),Swindon Town FC (19),0-0,?,Bury FC (18)
?,(Sat) 17 Dec 1983 (50),Reading FC (19),5-1,?,Hartlepool United FC (19)
?,(Sat) 17 Dec 1983 (50),Blackpool FC (19),1-0,?,Torquay United FC (19)
?,(Sat) 17 Dec 1983 (50),Darlington FC (19),0-1,?,Aldershot Town FC (20)
?,(Sat) 17 Dec 1983 (50),Chesterfield FC (19),1-1,?,Wrexham AFC (18)
?,(Sat) 17 Dec 1983 (50),York City FC (19),4-0,?,Hereford United FC (1924-2014) (18)
?,(Sat) 17 Dec 1983 (50),Chester FC (19),1-1,?,Peterborough United FC (19)
?,(Sun) 18 Dec 1983 (50),Crewe Alexandra FC (18),1-1,?,Doncaster Rovers FC (19)
?,(Sun) 18 Dec 1983 (50),Northampton Town FC (19),2-1,?,Mansfield Town FC (19)
?,(Mon) 26 Dec 1983 (52),Doncaster Rovers FC (20),1-0,?,Northampton Town FC (20)
?,(Mon) 26 Dec 1983 (52),Torquay United FC (20),1-0,?,Swindon Town FC (20)
?,(Mon) 26 Dec 1983 (52),FC Halifax Town (20),1-2,?,York City FC (20)
?,(Mon) 26 Dec 1983 (52),Tranmere Rovers FC (20),3-2,?,Blackpool FC (20)
?,(Mon) 26 Dec 1983 (52),Aldershot Town FC (21),0-0,?,Reading FC (20)
?,(Mon) 26 Dec 1983 (52),Mansfield Town FC (20),0-1,?,Chesterfield FC (20)
?,(Mon) 26 Dec 1983 (52),Hereford United FC (1924-2014) (19),0-1,?,Crewe Alexandra FC (19)
?,(Mon) 26 Dec 1983 (52),Bury FC (19),3-1,?,Rochdale AFC (20)
?,(Mon) 26 Dec 1983 (52),Bristol City FC (20),3-1,?,Stockport County FC (21)
?,(Mon) 26 Dec 1983 (52),Wrexham AFC (19),2-0,?,Chester FC (20)
?,(Mon) 26 Dec 1983 (52),Hartlepool United FC (20),2-1,?,Darlington FC (20)
?,(Mon) 26 Dec 1983 (52),Peterborough United FC (20),2-0,?,Colchester United FC (20)
?,(Tue) 27 Dec 1983 (52),Rochdale AFC (21),1-1,?,FC Halifax Town (21)
?,(Tue) 27 Dec 1983 (52),York City FC (21),1-1,?,Tranmere Rovers FC (21)
?,(Tue) 27 Dec 1983 (52),Reading FC (21),2-2,?,Torquay United FC (21)
?,(Tue) 27 Dec 1983 (52),Darlington FC (21),1-2,?,Doncaster Rovers FC (21)
?,(Tue) 27 Dec 1983 (52),Swindon Town FC (21),0-1,?,Wrexham AFC (20)
?,(Tue) 27 Dec 1983 (52),Stockport County FC (22),1-0,?,Hereford United FC (1924-2014) (20)
?,(Tue) 27 Dec 1983 (52),Colchester United FC (21),4-1,?,Aldershot Town FC (22)
?,(Tue) 27 Dec 1983 (52),Chester FC (21),0-4,?,Mansfield Town FC (21)
?,(Tue) 27 Dec 1983 (52),Northampton Town FC (21),2-1,?,Peterborough United FC (21)
?,(Tue) 27 Dec 1983 (52),Blackpool FC (21),1-0,?,Hartlepool United FC (21)
?,(Tue) 27 Dec 1983 (52),Chesterfield FC (21),1-5,?,Bury FC (20)
?,(Wed) 28 Dec 1983 (52),Crewe Alexandra FC (20),2-2,?,Bristol City FC (21)
?,(Fri) 30 Dec 1983 (52),Tranmere Rovers FC (22),2-3,?,Reading FC (22)
?,(Sat) 31 Dec 1983 (52),Aldershot Town FC (23),2-1,?,Chesterfield FC (22)
?,(Sat) 31 Dec 1983 (52),Bury FC (21),1-3,?,York City FC (22)
?,(Sat) 31 Dec 1983 (52),Torquay United FC (22),4-2,?,Rochdale AFC (22)
?,(Sat) 31 Dec 1983 (52),FC Halifax Town (22),1-0,?,Blackpool FC (22)
?,(Sat) 31 Dec 1983 (52),Mansfield Town FC (22),3-3,?,Crewe Alexandra FC (21)
?,(Sat) 31 Dec 1983 (52),Wrexham AFC (21),1-1,?,Darlington FC (22)
?,(Sat) 31 Dec 1983 (52),Doncaster Rovers FC (22),2-1,?,Stockport County FC (23)
?,(Sat) 31 Dec 1983 (52),Hartlepool United FC (22),2-0,?,Northampton Town FC (22)
?,(Sat) 31 Dec 1983 (52),Peterborough United FC (22),1-1,?,Swindon Town FC (22)
?,(Sat) 31 Dec 1983 (52),Bristol City FC (22),4-2,?,Chester FC (22)
?,(Mon) 2 Jan 1984 (1),Crewe Alexandra FC (22),2-1,?,Torquay United FC (23)
?,(Mon) 2 Jan 1984 (1),Darlington FC (23),1-0,?,Peterborough United FC (23)
?,(Mon) 2 Jan 1984 (1),Stockport County FC (24),1-0,?,Hartlepool United FC (23)
?,(Mon) 2 Jan 1984 (1),Blackpool FC (23),5-0,?,Aldershot Town FC (24)
?,(Mon) 2 Jan 1984 (1),Northampton Town FC (23),1-0,?,Bury FC (22)
?,(Mon) 2 Jan 1984 (1),York City FC (23),2-1,?,Mansfield Town FC (23)
?,(Mon) 2 Jan 1984 (1),Chester FC (23),0-0,?,Tranmere Rovers FC (23)
?,(Mon) 2 Jan 1984 (1),Chesterfield FC (23),0-0,?,FC Halifax Town (23)
?,(Mon) 2 Jan 1984 (1),Reading FC (23),3-1,?,Hereford United FC (1924-2014) (21)
?,(Mon) 2 Jan 1984 (1),Colchester United FC (22),1-1,?,Wrexham AFC (22)
?,(Mon) 2 Jan 1984 (1),Rochdale AFC (23),3-3,?,Doncaster Rovers FC (23)
?,(Fri) 6 Jan 1984 (1),Stockport County FC (25),3-0,?,Reading FC (24)
?,(Sat) 7 Jan 1984 (1),Doncaster Rovers FC (24),3-1,?,Mansfield Town FC (24)
?,(Sat) 7 Jan 1984 (1),Tranmere Rovers FC (24),3-0,?,Torquay United FC (24)
?,(Sat) 7 Jan 1984 (1),Peterborough United FC (24),0-1,?,Wrexham AFC (23)
?,(Sat) 7 Jan 1984 (1),FC Halifax Town (24),2-1,?,Hereford United FC (1924-2014) (22)
?,(Sat) 7 Jan 1984 (1),Chesterfield FC (24),1-3,?,Crewe Alexandra FC (23)
?,(Sat) 7 Jan 1984 (1),Aldershot Town FC (25),2-1,?,Hartlepool United FC (24)
?,(Sat) 14 Jan 1984 (2),Northampton Town FC (24),2-1,?,Chester FC (24)
?,(Sat) 14 Jan 1984 (2),Torquay United FC (25),1-1,?,FC Halifax Town (25)
?,(Sat) 14 Jan 1984 (2),York City FC (24),3-1,?,Stockport County FC (26)
?,(Sat) 14 Jan 1984 (2),Wrexham AFC (24),1-2,?,Doncaster Rovers FC (25)
?,(Sat) 14 Jan 1984 (2),Colchester United FC (23),2-1,?,Darlington FC (24)
?,(Sat) 14 Jan 1984 (2),Reading FC (25),2-0,?,Blackpool FC (24)
?,(Sat) 14 Jan 1984 (2),Crewe Alexandra FC (24),0-1,?,Rochdale AFC (24)
?,(Sat) 14 Jan 1984 (2),Swindon Town FC (23),1-2,?,Chesterfield FC (25)
?,(Sat) 14 Jan 1984 (2),Hereford United FC (1924-2014) (23),2-1,?,Aldershot Town FC (26)
?,(Wed) 18 Jan 1984 (3),Hereford United FC (1924-2014) (24),1-2,?,Bury FC (23)
?,(Fri) 20 Jan 1984 (3),Stockport County FC (27),1-0,?,Northampton Town FC (25)
?,(Sat) 21 Jan 1984 (3),FC Halifax Town (26),0-0,?,Bury FC (24)
?,(Sat) 21 Jan 1984 (3),Aldershot Town FC (27),3-1,?,Torquay United FC (26)
?,(Sat) 21 Jan 1984 (3),Blackpool FC (25),1-1,?,Swindon Town FC (24)
?,(Sat) 21 Jan 1984 (3),Chesterfield FC (26),2-1,?,Reading FC (26)
?,(Sat) 21 Jan 1984 (3),Peterborough United FC (25),1-1,?,Hereford United FC (1924-2014) (25)
?,(Sat) 21 Jan 1984 (3),Bristol City FC (23),2-1,?,Wrexham AFC (25)
?,(Tue) 24 Jan 1984 (4),Swindon Town FC (25),1-1,?,Bristol City FC (24)
?,(Sat) 28 Jan 1984 (4),Hartlepool United FC (25),2-2,?,Bristol City FC (25)
?,(Sat) 28 Jan 1984 (4),Reading FC (27),0-0,?,Rochdale AFC (25)
?,(Sat) 28 Jan 1984 (4),Torquay United FC (27),1-0,?,Peterborough United FC (26)
?,(Sat) 28 Jan 1984 (4),Hereford United FC (1924-2014) (26),0-3,?,Doncaster Rovers FC (26)
?,(Sat) 28 Jan 1984 (4),Crewe Alexandra FC (25),1-1,?,Chester FC (25)
?,(Sat) 28 Jan 1984 (4),Colchester United FC (24),1-1,?,Stockport County FC (28)
?,(Mon) 30 Jan 1984 (5),Tranmere Rovers FC (25),1-0,?,Mansfield Town FC (25)
?,(Tue) 31 Jan 1984 (5),Bristol City FC (26),3-2,?,Bury FC (25)
?,(Tue) 31 Jan 1984 (5),York City FC (25),1-0,?,Chesterfield FC (27)
?,(Fri) 3 Feb 1984 (5),Stockport County FC (29),2-3,?,Crewe Alexandra FC (26)
?,(Fri) 3 Feb 1984 (5),Tranmere Rovers FC (26),0-1,?,Hartlepool United FC (26)
?,(Sat) 4 Feb 1984 (5),Bristol City FC (27),1-0,?,Hereford United FC (1924-2014) (27)
?,(Sat) 4 Feb 1984 (5),Darlington FC (25),1-1,?,Reading FC (28)
?,(Sat) 4 Feb 1984 (5),Blackpool FC (26),3-0,?,York City FC (26)
?,(Sat) 4 Feb 1984 (5),Peterborough United FC (27),2-1,?,Bury FC (26)
?,(Sat) 4 Feb 1984 (5),Doncaster Rovers FC (27),1-1,?,Torquay United FC (28)
?,(Sat) 4 Feb 1984 (5),FC Halifax Town (27),1-1,?,Wrexham AFC (26)
?,(Sat) 4 Feb 1984 (5),Rochdale AFC (26),3-3,?,Swindon Town FC (26)
?,(Sat) 4 Feb 1984 (5),Aldershot Town FC (28),7-1,?,Mansfield Town FC (26)
?,(Sat) 4 Feb 1984 (5),Chesterfield FC (28),2-1,?,Northampton Town FC (26)
?,(Sat) 4 Feb 1984 (5),Chester FC (26),1-4,?,Colchester United FC (25)
?,(Tue) 7 Feb 1984 (6),Bury FC (27),0-0,?,Tranmere Rovers FC (27)
?,(Wed) 8 Feb 1984 (6),Chester FC (27),0-3,?,Swindon Town FC (27)
?,(Sat) 11 Feb 1984 (6),Mansfield Town FC (27),0-0,?,Peterborough United FC (28)
?,(Sat) 11 Feb 1984 (6),Northampton Town FC (27),1-1,?,Rochdale AFC (27)
?,(Sat) 11 Feb 1984 (6),Torquay United FC (29),1-0,?,Bristol City FC (28)
?,(Sat) 11 Feb 1984 (6),Hereford United FC (1924-2014) (28),0-1,?,Tranmere Rovers FC (28)
?,(Sat) 11 Feb 1984 (6),Colchester United FC (26),2-0,?,Chesterfield FC (29)
?,(Sat) 11 Feb 1984 (6),Hartlepool United FC (27),3-0,?,FC Halifax Town (28)
?,(Sat) 11 Feb 1984 (6),Reading FC (29),1-0,?,Chester FC (28)
?,(Sat) 11 Feb 1984 (6),Wrexham AFC (27),1-1,?,Aldershot Town FC (29)
?,(Sat) 11 Feb 1984 (6),York City FC (27),2-0,?,Darlington FC (26)
?,(Sat) 11 Feb 1984 (6),Swindon Town FC (28),2-1,?,Stockport County FC (30)
?,(Sat) 11 Feb 1984 (6),Bury FC (28),2-3,?,Doncaster Rovers FC (28)
?,(Sat) 11 Feb 1984 (6),Crewe Alexandra FC (27),2-1,?,Blackpool FC (27)
?,(Mon) 13 Feb 1984 (7),Stockport County FC (31),1-1,?,Bury FC (29)
?,(Mon) 13 Feb 1984 (7),Tranmere Rovers FC (29),0-1,?,Darlington FC (27)
?,(Tue) 14 Feb 1984 (7),Rochdale AFC (28),0-0,?,Mansfield Town FC (28)
?,(Tue) 14 Feb 1984 (7),Colchester United FC (27),1-1,?,Doncaster Rovers FC (29)
?,(Tue) 14 Feb 1984 (7),FC Halifax Town (29),2-2,?,Chester FC (29)
?,(Tue) 14 Feb 1984 (7),Northampton Town FC (28),1-4,?,Aldershot Town FC (30)
?,(Tue) 14 Feb 1984 (7),Bristol City FC (29),1-1,?,Blackpool FC (28)
?,(Wed) 15 Feb 1984 (7),Hartlepool United FC (28),2-1,?,Crewe Alexandra FC (28)
?,(Wed) 15 Feb 1984 (7),Reading FC (30),1-1,?,Peterborough United FC (29)
?,(Wed) 15 Feb 1984 (7),Hereford United FC (1924-2014) (29),2-1,?,Swindon Town FC (29)
?,(Sat) 18 Feb 1984 (7),Crewe Alexandra FC (29),1-1,?,Colchester United FC (28)
?,(Sat) 18 Feb 1984 (7),Torquay United FC (30),1-0,?,Wrexham AFC (28)
?,(Sat) 18 Feb 1984 (7),Swindon Town FC (30),1-1,?,Reading FC (31)
?,(Sat) 18 Feb 1984 (7),Bury FC (30),3-0,?,Hartlepool United FC (29)
?,(Sat) 18 Feb 1984 (7),Peterborough United FC (30),4-1,?,Bristol City FC (30)
?,(Sat) 18 Feb 1984 (7),Mansfield Town FC (29),1-1,?,Hereford United FC (1924-2014) (30)
?,(Sat) 18 Feb 1984 (7),Chester FC (30),1-0,?,Rochdale AFC (29)
?,(Sat) 18 Feb 1984 (7),York City FC (28),3-0,?,Northampton Town FC (29)
?,(Sat) 18 Feb 1984 (7),Aldershot Town FC (31),5-2,?,FC Halifax Town (30)
?,(Sat) 18 Feb 1984 (7),Doncaster Rovers FC (30),1-1,?,Tranmere Rovers FC (30)
?,(Sat) 18 Feb 1984 (7),Darlington FC (28),2-1,?,Chesterfield FC (30)
?,(Fri) 24 Feb 1984 (8),Stockport County FC (32),2-1,?,Chester FC (31)
?,(Fri) 24 Feb 1984 (8),Tranmere Rovers FC (31),0-0,?,Peterborough United FC (31)
?,(Sat) 25 Feb 1984 (8),Bristol City FC (31),2-1,?,Aldershot Town FC (32)
?,(Sat) 25 Feb 1984 (8),Rochdale AFC (30),2-0,?,Darlington FC (29)
?,(Sat) 25 Feb 1984 (8),FC Halifax Town (31),1-2,?,Doncaster Rovers FC (31)
?,(Sat) 25 Feb 1984 (8),Reading FC (32),1-0,?,York City FC (29)
?,(Sat) 25 Feb 1984 (8),Wrexham AFC (29),3-0,?,Bury FC (31)
?,(Sat) 25 Feb 1984 (8),Hereford United FC (1924-2014) (31),1-1,?,Torquay United FC (31)
?,(Sat) 25 Feb 1984 (8),Hartlepool United FC (30),4-1,?,Mansfield Town FC (30)
?,(Sat) 25 Feb 1984 (8),Northampton Town FC (30),2-0,?,Crewe Alexandra FC (30)
?,(Sat) 25 Feb 1984 (8),Chesterfield FC (31),1-1,?,Blackpool FC (29)
?,(Sat) 25 Feb 1984 (8),Colchester United FC (29),0-0,?,Swindon Town FC (31)
?,(Tue) 28 Feb 1984 (9),Wrexham AFC (30),0-0,?,York City FC (30)
?,(Tue) 28 Feb 1984 (9),Darlington FC (30),5-3,?,Northampton Town FC (31)
?,(Sat) 3 Mar 1984 (9),Doncaster Rovers FC (32),2-1,?,Chesterfield FC (32)
?,(Sat) 3 Mar 1984 (9),Blackpool FC (30),4-0,?,Wrexham AFC (31)
?,(Sat) 3 Mar 1984 (9),Bury FC (32),1-1,?,Colchester United FC (30)
?,(Sat) 3 Mar 1984 (9),Torquay United FC (32),2-1,?,Northampton Town FC (32)
?,(Sat) 3 Mar 1984 (9),Peterborough United FC (32),2-0,?,Rochdale AFC (31)
?,(Sat) 3 Mar 1984 (9),Mansfield Town FC (31),2-0,?,Reading FC (33)
?,(Sat) 3 Mar 1984 (9),Swindon Town FC (32),1-1,?,Tranmere Rovers FC (32)
?,(Sat) 3 Mar 1984 (9),Chester FC (32),4-1,?,Hartlepool United FC (31)
?,(Sat) 3 Mar 1984 (9),Crewe Alexandra FC (31),6-1,?,FC Halifax Town (32)
?,(Sat) 3 Mar 1984 (9),Darlington FC (31),0-0,?,Hereford United FC (1924-2014) (32)
?,(Sat) 3 Mar 1984 (9),York City FC (31),1-1,?,Bristol City FC (32)
?,(Mon) 5 Mar 1984 (10),Tranmere Rovers FC (33),3-2,?,FC Halifax Town (33)
?,(Mon) 5 Mar 1984 (10),Stockport County FC (33),2-1,?,Rochdale AFC (32)
?,(Tue) 6 Mar 1984 (10),Bury FC (33),0-0,?,Torquay United FC (33)
?,(Tue) 6 Mar 1984 (10),Mansfield Town FC (32),3-4,?,Wrexham AFC (32)
?,(Tue) 6 Mar 1984 (10),York City FC (32),5-2,?,Crewe Alexandra FC (32)
?,(Tue) 6 Mar 1984 (10),Swindon Town FC (33),0-0,?,Northampton Town FC (33)
?,(Tue) 6 Mar 1984 (10),Doncaster Rovers FC (33),1-0,?,Bristol City FC (33)
?,(Wed) 7 Mar 1984 (10),Hereford United FC (1924-2014) (33),5-0,?,Hartlepool United FC (32)
?,(Wed) 7 Mar 1984 (10),Reading FC (34),1-0,?,Colchester United FC (31)
?,(Wed) 7 Mar 1984 (10),Chester FC (33),0-2,?,Chesterfield FC (33)
?,(Wed) 7 Mar 1984 (10),Peterborough United FC (33),1-2,?,Aldershot Town FC (33)
?,(Fri) 9 Mar 1984 (10),FC Halifax Town (34),2-0,?,Stockport County FC (34)
?,(Sat) 10 Mar 1984 (10),Colchester United FC (32),1-0,?,Mansfield Town FC (33)
?,(Sat) 10 Mar 1984 (10),Rochdale AFC (33),2-3,?,Tranmere Rovers FC (34)
?,(Sat) 10 Mar 1984 (10),Chesterfield FC (34),1-0,?,Peterborough United FC (34)
?,(Sat) 10 Mar 1984 (10),Wrexham AFC (33),0-3,?,Reading FC (35)
?,(Sat) 10 Mar 1984 (10),Blackpool FC (31),3-1,?,Doncaster Rovers FC (34)
?,(Sat) 10 Mar 1984 (10),Northampton Town FC (34),0-3,?,Hereford United FC (1924-2014) (34)
?,(Sat) 10 Mar 1984 (10),Crewe Alexandra FC (33),2-1,?,Bury FC (34)
?,(Sat) 10 Mar 1984 (10),Aldershot Town FC (34),5-2,?,Chester FC (34)
?,(Sat) 10 Mar 1984 (10),Hartlepool United FC (33),0-1,?,Swindon Town FC (34)
?,(Sat) 10 Mar 1984 (10),Bristol City FC (34),1-0,?,Darlington FC (32)
?,(Sat) 10 Mar 1984 (10),Torquay United FC (34),1-3,?,York City FC (33)
?,(Tue) 13 Mar 1984 (11),Bristol City FC (35),1-1,?,Rochdale AFC (34)
?,(Fri) 16 Mar 1984 (11),Stockport County FC (35),2-0,?,Chesterfield FC (35)
?,(Sat) 17 Mar 1984 (11),Hereford United FC (1924-2014) (35),3-0,?,Wrexham AFC (34)
?,(Sat) 17 Mar 1984 (11),Mansfield Town FC (34),1-1,?,Bury FC (35)
?,(Sat) 17 Mar 1984 (11),Hartlepool United FC (34),2-1,?,Torquay United FC (35)
?,(Sat) 17 Mar 1984 (11),Doncaster Rovers FC (35),1-1,?,Peterborough United FC (35)
?,(Sat) 17 Mar 1984 (11),FC Halifax Town (35),1-2,?,Bristol City FC (36)
?,(Sat) 17 Mar 1984 (11),Chester FC (35),2-1,?,Darlington FC (33)
?,(Sat) 17 Mar 1984 (11),Rochdale AFC (35),1-0,?,Blackpool FC (32)
?,(Sat) 17 Mar 1984 (11),Reading FC (36),3-0,?,Northampton Town FC (35)
?,(Sat) 17 Mar 1984 (11),Tranmere Rovers FC (35),3-0,?,Aldershot Town FC (35)
?,(Sat) 17 Mar 1984 (11),Colchester United FC (33),1-3,?,York City FC (34)
?,(Sun) 18 Mar 1984 (11),Swindon Town FC (35),1-0,?,Crewe Alexandra FC (34)
?,(Sun) 18 Mar 1984 (11),Chesterfield FC (36),3-2,?,Torquay United FC (36)
?,(Tue) 20 Mar 1984 (12),Northampton Town FC (36),1-5,?,Blackpool FC (33)
?,(Fri) 23 Mar 1984 (12),Crewe Alexandra FC (35),1-1,?,Reading FC (37)
?,(Sat) 24 Mar 1984 (12),Bury FC (36),1-4,?,Hereford United FC (1924-2014) (36)
?,(Sat) 24 Mar 1984 (12),Peterborough United FC (36),4-0,?,FC Halifax Town (36)
?,(Sat) 24 Mar 1984 (12),Torquay United FC (37),1-0,?,Mansfield Town FC (35)
?,(Sat) 24 Mar 1984 (12),Blackpool FC (34),3-3,?,Chester FC (36)
?,(Sat) 24 Mar 1984 (12),York City FC (35),2-0,?,Swindon Town FC (36)
?,(Sat) 24 Mar 1984 (12),Northampton Town FC (37),3-1,?,Colchester United FC (34)
?,(Sat) 24 Mar 1984 (12),Bristol City FC (37),1-1,?,Tranmere Rovers FC (36)
?,(Sat) 24 Mar 1984 (12),Wrexham AFC (35),1-4,?,Hartlepool United FC (35)
?,(Sat) 24 Mar 1984 (12),Chesterfield FC (37),3-0,?,Rochdale AFC (36)
?,(Sat) 24 Mar 1984 (12),Aldershot Town FC (36),2-1,?,Doncaster Rovers FC (36)
?,(Tue) 27 Mar 1984 (13),Rochdale AFC (37),0-2,?,York City FC (36)
?,(Tue) 27 Mar 1984 (13),Hartlepool United FC (36),1-1,?,Peterborough United FC (37)
?,(Tue) 27 Mar 1984 (13),Mansfield Town FC (36),0-1,?,Bristol City FC (38)
?,(Tue) 27 Mar 1984 (13),Darlington FC (34),2-0,?,Crewe Alexandra FC (36)
?,(Fri) 30 Mar 1984 (13),Tranmere Rovers FC (37),1-0,?,Northampton Town FC (38)
?,(Fri) 30 Mar 1984 (13),FC Halifax Town (37),2-1,?,Swindon Town FC (37)
?,(Fri) 30 Mar 1984 (13),Wrexham AFC (36),1-2,?,Stockport County FC (36)
?,(Sat) 31 Mar 1984 (13),Hartlepool United FC (37),1-2,?,Rochdale AFC (38)
?,(Sat) 31 Mar 1984 (13),Mansfield Town FC (37),1-1,?,Blackpool FC (35)
?,(Sat) 31 Mar 1984 (13),Hereford United FC (1924-2014) (37),3-1,?,Chesterfield FC (38)
?,(Sat) 31 Mar 1984 (13),Aldershot Town FC (37),0-0,?,Crewe Alexandra FC (37)
?,(Sat) 31 Mar 1984 (13),Bristol City FC (39),4-1,?,Colchester United FC (35)
?,(Sun) 1 Apr 1984 (13),Peterborough United FC (38),0-2,?,York City FC (37)
?,(Sun) 1 Apr 1984 (13),Bury FC (37),0-3,?,Darlington FC (35)
?,(Wed) 4 Apr 1984 (14),Hereford United FC (1924-2014) (38),1-1,?,Colchester United FC (36)
?,(Fri) 6 Apr 1984 (14),Stockport County FC (37),0-4,?,Mansfield Town FC (38)
?,(Sat) 7 Apr 1984 (14),Chesterfield FC (39),4-1,?,Hartlepool United FC (38)
?,(Sat) 7 Apr 1984 (14),Darlington FC (36),0-1,?,Torquay United FC (38)
?,(Sat) 7 Apr 1984 (14),Northampton Town FC (39),1-1,?,FC Halifax Town (38)
?,(Sat) 7 Apr 1984 (14),Crewe Alexandra FC (38),0-1,?,Peterborough United FC (39)
?,(Sat) 7 Apr 1984 (14),Colchester United FC (37),0-1,?,Tranmere Rovers FC (38)
?,(Sat) 7 Apr 1984 (14),Rochdale AFC (39),1-2,?,Wrexham AFC (37)
?,(Sat) 7 Apr 1984 (14),Reading FC (38),2-0,?,Bristol City FC (40)
?,(Sat) 7 Apr 1984 (14),Blackpool FC (36),1-1,?,Bury FC (38)
?,(Sat) 7 Apr 1984 (14),Swindon Town FC (38),0-2,?,Aldershot Town FC (38)
?,(Sat) 7 Apr 1984 (14),Chester FC (37),0-1,?,Hereford United FC (1924-2014) (39)
?,(Sun) 8 Apr 1984 (14),York City FC (38),1-1,?,Doncaster Rovers FC (37)
?,(Tue) 10 Apr 1984 (15),Blackpool FC (37),1-1,?,Stockport County FC (38)
?,(Tue) 10 Apr 1984 (15),Mansfield Town FC (39),7-1,?,FC Halifax Town (39)
?,(Tue) 10 Apr 1984 (15),Northampton Town FC (40),1-1,?,Hartlepool United FC (39)
?,(Fri) 13 Apr 1984 (15),FC Halifax Town (40),0-1,?,Reading FC (39)
?,(Sat) 14 Apr 1984 (15),Aldershot Town FC (39),1-4,?,York City FC (39)
?,(Sat) 14 Apr 1984 (15),Hereford United FC (1924-2014) (40),2-1,?,Rochdale AFC (40)
?,(Sat) 14 Apr 1984 (15),Wrexham AFC (38),0-1,?,Crewe Alexandra FC (39)
?,(Sat) 14 Apr 1984 (15),Bristol City FC (41),4-1,?,Northampton Town FC (41)
?,(Sat) 14 Apr 1984 (15),Torquay United FC (39),1-1,?,Stockport County FC (39)
?,(Sat) 14 Apr 1984 (15),Hartlepool United FC (40),0-0,?,Colchester United FC (38)
?,(Sat) 14 Apr 1984 (15),Bury FC (39),2-1,?,Chester FC (38)
?,(Sat) 14 Apr 1984 (15),Doncaster Rovers FC (38),3-0,?,Swindon Town FC (39)
?,(Sat) 14 Apr 1984 (15),Tranmere Rovers FC (39),0-3,?,Chesterfield FC (40)
?,(Sat) 14 Apr 1984 (15),Peterborough United FC (40),4-0,?,Blackpool FC (38)
?,(Sat) 14 Apr 1984 (15),Mansfield Town FC (40),1-0,?,Darlington FC (37)
?,(Tue) 17 Apr 1984 (16),Rochdale AFC (41),0-0,?,Colchester United FC (39)
?,(Tue) 17 Apr 1984 (16),Swindon Town FC (40),1-0,?,Darlington FC (38)
?,(Tue) 17 Apr 1984 (16),Bristol City FC (42),2-1,?,Crewe Alexandra FC (40)
?,(Wed) 18 Apr 1984 (16),Chester FC (39),1-1,?,York City FC (40)
?,(Fri) 20 Apr 1984 (16),Hartlepool United FC (41),0-1,?,Blackpool FC (39)
?,(Fri) 20 Apr 1984 (16),Wrexham AFC (39),0-3,?,Swindon Town FC (41)
?,(Fri) 20 Apr 1984 (16),York City FC (41),4-1,?,FC Halifax Town (41)
?,(Sat) 21 Apr 1984 (16),Crewe Alexandra FC (41),1-1,?,Hereford United FC (1924-2014) (41)
?,(Sat) 21 Apr 1984 (16),Colchester United FC (40),1-1,?,Peterborough United FC (41)
?,(Sat) 21 Apr 1984 (16),Northampton Town FC (42),1-4,?,Doncaster Rovers FC (39)
?,(Sat) 21 Apr 1984 (16),Reading FC (40),1-0,?,Aldershot Town FC (40)
?,(Sat) 21 Apr 1984 (16),Stockport County FC (40),0-0,?,Bristol City FC (43)
?,(Sat) 21 Apr 1984 (16),Blackpool FC (40),0-1,?,Tranmere Rovers FC (40)
?,(Sat) 21 Apr 1984 (16),Chester FC (40),1-0,?,Wrexham AFC (40)
?,(Sat) 21 Apr 1984 (16),Chesterfield FC (41),0-0,?,Mansfield Town FC (41)
?,(Sat) 21 Apr 1984 (16),Rochdale AFC (42),0-2,?,Bury FC (40)
?,(Sat) 21 Apr 1984 (16),Darlington FC (39),2-0,?,Hartlepool United FC (42)
?,(Sat) 21 Apr 1984 (16),Swindon Town FC (42),2-3,?,Torquay United FC (40)
?,(Mon) 23 Apr 1984 (17),Hereford United FC (1924-2014) (42),2-0,?,Stockport County FC (41)
?,(Mon) 23 Apr 1984 (17),Tranmere Rovers FC (41),0-1,?,York City FC (42)
?,(Mon) 23 Apr 1984 (17),Aldershot Town FC (41),5-1,?,Colchester United FC (41)
?,(Mon) 23 Apr 1984 (17),Torquay United FC (41),2-2,?,Reading FC (41)
?,(Mon) 23 Apr 1984 (17),FC Halifax Town (42),5-0,?,Rochdale AFC (43)
?,(Mon) 23 Apr 1984 (17),Bury FC (41),2-0,?,Chesterfield FC (42)
?,(Tue) 24 Apr 1984 (17),Mansfield Town FC (42),3-1,?,Chester FC (41)
?,(Tue) 24 Apr 1984 (17),Doncaster Rovers FC (40),3-2,?,Darlington FC (40)
?,(Tue) 24 Apr 1984 (17),Peterborough United FC (42),6-0,?,Northampton Town FC (43)
?,(Fri) 27 Apr 1984 (17),Stockport County FC (42),4-1,?,Peterborough United FC (43)
?,(Sat) 28 Apr 1984 (17),Chester FC (42),1-0,?,Doncaster Rovers FC (41)
?,(Sat) 28 Apr 1984 (17),Rochdale AFC (44),3-1,?,Aldershot Town FC (42)
?,(Sat) 28 Apr 1984 (17),Colchester United FC (42),3-0,?,Torquay United FC (42)
?,(Sat) 28 Apr 1984 (17),Reading FC (42),1-1,?,Bury FC (42)
?,(Sat) 28 Apr 1984 (17),Blackpool FC (41),3-1,?,Hereford United FC (1924-2014) (43)
?,(Sat) 28 Apr 1984 (17),Northampton Town FC (44),3-3,?,Wrexham AFC (41)
?,(Sat) 28 Apr 1984 (17),Crewe Alexandra FC (42),3-0,?,Tranmere Rovers FC (42)
?,(Sat) 28 Apr 1984 (17),Darlington FC (41),3-2,?,FC Halifax Town (43)
?,(Sat) 28 Apr 1984 (17),Chesterfield FC (43),1-1,?,Bristol City FC (44)
?,(Sat) 28 Apr 1984 (17),York City FC (43),2-0,?,Hartlepool United FC (43)
?,(Sun) 29 Apr 1984 (17),Swindon Town FC (43),1-1,?,Mansfield Town FC (43)
?,(Tue) 1 May 1984 (18),Bury FC (43),0-3,?,Aldershot Town FC (43)
?,(Tue) 1 May 1984 (18),Doncaster Rovers FC (42),2-3,?,Reading FC (43)
?,(Tue) 1 May 1984 (18),Blackpool FC (42),3-2,?,Colchester United FC (43)
?,(Wed) 2 May 1984 (18),Darlington FC (42),1-0,?,Stockport County FC (43)
?,(Wed) 2 May 1984 (18),Torquay United FC (43),1-0,?,Chester FC (43)
?,(Fri) 4 May 1984 (18),FC Halifax Town (44),2-1,?,Chesterfield FC (44)
?,(Sat) 5 May 1984 (18),Hereford United FC (1924-2014) (44),1-1,?,Reading FC (44)
?,(Sat) 5 May 1984 (18),Mansfield Town FC (44),0-1,?,York City FC (44)
?,(Sat) 5 May 1984 (18),Tranmere Rovers FC (43),2-2,?,Chester FC (44)
?,(Sat) 5 May 1984 (18),Bristol City FC (45),1-0,?,Swindon Town FC (44)
?,(Sat) 5 May 1984 (18),Bury FC (44),1-2,?,Northampton Town FC (45)
?,(Sat) 5 May 1984 (18),Torquay United FC (44),3-1,?,Crewe Alexandra FC (43)
?,(Sat) 5 May 1984 (18),Wrexham AFC (42),0-2,?,Colchester United FC (44)
?,(Sat) 5 May 1984 (18),Hartlepool United FC (44),1-2,?,Stockport County FC (44)
?,(Sat) 5 May 1984 (18),Peterborough United FC (44),2-2,?,Darlington FC (43)
?,(Sat) 5 May 1984 (18),Doncaster Rovers FC (43),3-0,?,Rochdale AFC (45)
?,(Sat) 5 May 1984 (18),Aldershot Town FC (44),3-2,?,Blackpool FC (43)
?,(Mon) 7 May 1984 (19),Blackpool FC (44),4-0,?,FC Halifax Town (45)
?,(Mon) 7 May 1984 (19),Reading FC (45),1-0,?,Tranmere Rovers FC (44)
?,(Mon) 7 May 1984 (19),Rochdale AFC (46),1-0,?,Torquay United FC (45)
?,(Mon) 7 May 1984 (19),Stockport County FC (45),0-2,?,Doncaster Rovers FC (44)
?,(Mon) 7 May 1984 (19),Colchester United FC (45),3-0,?,Hereford United FC (1924-2014) (45)
?,(Mon) 7 May 1984 (19),Swindon Town FC (45),2-0,?,Peterborough United FC (45)
?,(Mon) 7 May 1984 (19),York City FC (45),3-0,?,Bury FC (45)
?,(Mon) 7 May 1984 (19),Chesterfield FC (45),3-1,?,Aldershot Town FC (45)
?,(Mon) 7 May 1984 (19),Chester FC (45),1-2,?,Bristol City FC (46)
?,(Mon) 7 May 1984 (19),Crewe Alexandra FC (44),1-3,?,Mansfield Town FC (45)
?,(Tue) 8 May 1984 (19),Darlington FC (44),2-2,?,Wrexham AFC (43)
?,(Fri) 11 May 1984 (19),FC Halifax Town (46),4-1,?,Colchester United FC (46)
?,(Sat) 12 May 1984 (19),Hereford United FC (1924-2014) (46),2-1,?,York City FC (46)
?,(Sat) 12 May 1984 (19),Torquay United FC (46),1-0,?,Blackpool FC (45)
?,(Sat) 12 May 1984 (19),Bury FC (46),2-1,?,Swindon Town FC (46)
?,(Sat) 12 May 1984 (19),Hartlepool United FC (45),3-3,?,Reading FC (46)
?,(Sat) 12 May 1984 (19),Tranmere Rovers FC (45),1-0,?,Stockport County FC (46)
?,(Sat) 12 May 1984 (19),Mansfield Town FC (46),3-1,?,Northampton Town FC (46)
?,(Sat) 12 May 1984 (19),Doncaster Rovers FC (45),1-0,?,Crewe Alexandra FC (45)
?,(Sat) 12 May 1984 (19),Wrexham AFC (44),4-2,?,Chesterfield FC (46)
?,(Sat) 12 May 1984 (19),Aldershot Town FC (46),0-0,?,Darlington FC (45)
?,(Sat) 12 May 1984 (19),Peterborough United FC (46),1-0,?,Chester FC (46)
?,(Tue) 15 May 1984 (20),Doncaster Rovers FC (46),0-1,?,Hartlepool United FC (46)
?,(Tue) 15 May 1984 (20),Crewe Alexandra FC (46),1-1,?,Wrexham AFC (45)
?,(Tue) 15 May 1984 (20),Darlington FC (46),2-0,?,Blackpool FC (46)
?,(Mon) 21 May 1984 (21),Wrexham AFC (46),5-1,?,Tranmere Rovers FC (46)
