Matchday,Date,Team 1,FT,Team 2
1,Sat Aug 9 2008,Scunthorpe United FC,1-2,Leeds United FC
1,Sat Aug 9 2008,Yeovil Town FC,1-1,Walsall FC
1,Sat Aug 9 2008,Swindon Town FC,3-1,Tranmere Rovers FC
1,Sat Aug 9 2008,Southend United FC,1-0,Peterborough United FC
1,Sat Aug 9 2008,Oldham Athletic AFC,4-3,Millwall FC
1,Sat Aug 9 2008,Northampton Town FC,4-2,Cheltenham Town FC
1,Sat Aug 9 2008,Leyton Orient FC,2-1,Hereford FC (2014-)
1,Sat Aug 9 2008,Leicester City FC,2-0,Milton Keynes Dons FC
1,Sat Aug 9 2008,Huddersfield Town AFC,1-1,Stockport County FC
1,Sat Aug 9 2008,Hartlepool United FC,4-2,Colchester United FC
1,Sat Aug 9 2008,Crewe Alexandra FC,1-2,Brighton & Hove Albion FC
1,Sat Aug 9 2008,Bristol Rovers FC,2-3,Carlisle United FC
2,Sat Aug 16 2008,Walsall FC,2-1,Scunthorpe United FC
2,Sat Aug 16 2008,Tranmere Rovers FC,1-0,Hartlepool United FC
2,Sat Aug 16 2008,Stockport County FC,0-0,Leicester City FC
2,Sat Aug 16 2008,Peterborough United FC,3-0,Leyton Orient FC
2,Sat Aug 16 2008,Milton Keynes Dons FC,1-0,Northampton Town FC
2,Sat Aug 16 2008,Millwall FC,1-1,Southend United FC
2,Sat Aug 16 2008,Leeds United FC,0-2,Oldham Athletic AFC
2,Sat Aug 16 2008,Hereford FC (2014-),1-2,Yeovil Town FC
2,Sat Aug 16 2008,Colchester United FC,0-0,Huddersfield Town AFC
2,Sat Aug 16 2008,Cheltenham Town FC,2-0,Swindon Town FC
2,Sat Aug 16 2008,Carlisle United FC,4-2,Crewe Alexandra FC
2,Sat Aug 16 2008,Brighton & Hove Albion FC,1-1,Bristol Rovers FC
3,Fri Aug 22 2008,Southend United FC,0-2,Brighton & Hove Albion FC
3,Sat Aug 23 2008,Yeovil Town FC,1-1,Leeds United FC
3,Sat Aug 23 2008,Swindon Town FC,1-3,Colchester United FC
3,Sat Aug 23 2008,Scunthorpe United FC,1-0,Peterborough United FC
3,Sat Aug 23 2008,Oldham Athletic AFC,4-0,Cheltenham Town FC
3,Sat Aug 23 2008,Northampton Town FC,0-0,Millwall FC
3,Sat Aug 23 2008,Leyton Orient FC,0-0,Carlisle United FC
3,Sat Aug 23 2008,Leicester City FC,3-1,Tranmere Rovers FC
3,Sat Aug 23 2008,Huddersfield Town AFC,1-3,Milton Keynes Dons FC
3,Sat Aug 23 2008,Hartlepool United FC,0-1,Stockport County FC
3,Sat Aug 23 2008,Bristol Rovers FC,6-1,Hereford FC (2014-)
3,Sat Aug 23 2008,Crewe Alexandra FC,2-1,Walsall FC
4,Sat Aug 30 2008,Walsall FC,5-2,Southend United FC
4,Sat Aug 30 2008,Tranmere Rovers FC,4-1,Northampton Town FC
4,Sat Aug 30 2008,Stockport County FC,0-3,Scunthorpe United FC
4,Sat Aug 30 2008,Peterborough United FC,1-2,Hartlepool United FC
4,Sat Aug 30 2008,Milton Keynes Dons FC,1-2,Swindon Town FC
4,Sat Aug 30 2008,Millwall FC,2-1,Huddersfield Town AFC
4,Sat Aug 30 2008,Leeds United FC,2-2,Bristol Rovers FC
4,Sat Aug 30 2008,Hereford FC (2014-),2-0,Crewe Alexandra FC
4,Sat Aug 30 2008,Colchester United FC,2-2,Oldham Athletic AFC
4,Sat Aug 30 2008,Cheltenham Town FC,0-4,Leicester City FC
4,Sat Aug 30 2008,Carlisle United FC,4-1,Yeovil Town FC
4,Sat Aug 30 2008,Brighton & Hove Albion FC,0-0,Leyton Orient FC
5,Fri Sep 5 2008,Hereford FC (2014-),1-1,Swindon Town FC
5,Sat Sep 6 2008,Millwall FC,2-0,Hartlepool United FC
5,Sat Sep 6 2008,Walsall FC,0-2,Leyton Orient FC
5,Sat Sep 6 2008,Tranmere Rovers FC,0-1,Oldham Athletic AFC
5,Sat Sep 6 2008,Milton Keynes Dons FC,3-0,Yeovil Town FC
5,Sat Sep 6 2008,Brighton & Hove Albion FC,1-4,Scunthorpe United FC
5,Sat Sep 6 2008,Leeds United FC,5-2,Crewe Alexandra FC
5,Sat Sep 6 2008,Cheltenham Town FC,1-2,Huddersfield Town AFC
5,Sat Sep 6 2008,Carlisle United FC,2-1,Southend United FC
5,Sat Sep 6 2008,Peterborough United FC,5-4,Bristol Rovers FC
6,Fri Sep 12 2008,Hartlepool United FC,4-1,Cheltenham Town FC
6,Sat Sep 13 2008,Swindon Town FC,1-3,Leeds United FC
6,Sat Sep 13 2008,Oldham Athletic AFC,2-0,Milton Keynes Dons FC
6,Sat Sep 13 2008,Leicester City FC,0-1,Millwall FC
6,Sat Sep 13 2008,Yeovil Town FC,1-1,Brighton & Hove Albion FC
6,Sat Sep 13 2008,Crewe Alexandra FC,2-0,Colchester United FC
6,Sat Sep 13 2008,Southend United FC,1-0,Hereford FC (2014-)
6,Sat Sep 13 2008,Huddersfield Town AFC,1-2,Tranmere Rovers FC
6,Sat Sep 13 2008,Bristol Rovers FC,1-3,Walsall FC
6,Sat Sep 13 2008,Northampton Town FC,1-1,Peterborough United FC
6,Sat Sep 13 2008,Leyton Orient FC,0-3,Stockport County FC
6,Sat Sep 13 2008,Scunthorpe United FC,2-1,Carlisle United FC
5,Tue Sep 16 2008,Stockport County FC,1-1,Northampton Town FC
14,Tue Sep 16 2008,Cheltenham Town FC,2-1,Bristol Rovers FC
7,Sat Sep 20 2008,Huddersfield Town AFC,3-2,Northampton Town FC
7,Sat Sep 20 2008,Colchester United FC,0-3,Milton Keynes Dons FC
7,Sat Sep 20 2008,Crewe Alexandra FC,3-4,Southend United FC
7,Sat Sep 20 2008,Hartlepool United FC,3-3,Oldham Athletic AFC
7,Sat Sep 20 2008,Hereford FC (2014-),1-2,Scunthorpe United FC
7,Sat Sep 20 2008,Brighton & Hove Albion FC,0-1,Walsall FC
7,Sat Sep 20 2008,Leyton Orient FC,1-3,Leicester City FC
7,Sat Sep 20 2008,Yeovil Town FC,2-2,Bristol Rovers FC
7,Sat Sep 20 2008,Peterborough United FC,2-2,Tranmere Rovers FC
7,Sat Sep 20 2008,Stockport County FC,1-1,Swindon Town FC
7,Sat Sep 20 2008,Carlisle United FC,0-2,Leeds United FC
7,Sat Sep 20 2008,Millwall FC,2-0,Cheltenham Town FC
8,Fri Sep 26 2008,Southend United FC,3-0,Leyton Orient FC
8,Fri Sep 26 2008,Tranmere Rovers FC,3-4,Colchester United FC
8,Sat Sep 27 2008,Northampton Town FC,2-2,Brighton & Hove Albion FC
8,Sat Sep 27 2008,Scunthorpe United FC,2-0,Yeovil Town FC
8,Sat Sep 27 2008,Walsall FC,2-1,Carlisle United FC
8,Sat Sep 27 2008,Bristol Rovers FC,0-0,Crewe Alexandra FC
8,Sat Sep 27 2008,Leicester City FC,1-0,Hartlepool United FC
8,Sat Sep 27 2008,Oldham Athletic AFC,1-1,Huddersfield Town AFC
8,Sat Sep 27 2008,Cheltenham Town FC,2-2,Stockport County FC
8,Sat Sep 27 2008,Milton Keynes Dons FC,1-2,Peterborough United FC
8,Sat Sep 27 2008,Leeds United FC,1-0,Hereford FC (2014-)
8,Sun Sep 28 2008,Swindon Town FC,1-2,Millwall FC
5,Tue Sep 30 2008,Colchester United FC,0-1,Leicester City FC
9,Fri Oct 3 2008,Stockport County FC,3-1,Oldham Athletic AFC
9,Fri Oct 3 2008,Hartlepool United FC,3-3,Swindon Town FC
9,Sat Oct 4 2008,Huddersfield Town AFC,2-3,Leicester City FC
9,Sat Oct 4 2008,Brighton & Hove Albion FC,3-3,Cheltenham Town FC
9,Sat Oct 4 2008,Colchester United FC,0-1,Bristol Rovers FC
9,Sat Oct 4 2008,Crewe Alexandra FC,1-3,Northampton Town FC
9,Sat Oct 4 2008,Hereford FC (2014-),0-0,Walsall FC
9,Sat Oct 4 2008,Carlisle United FC,1-2,Tranmere Rovers FC
9,Sat Oct 4 2008,Yeovil Town FC,1-2,Southend United FC
9,Sat Oct 4 2008,Peterborough United FC,2-0,Leeds United FC
9,Sat Oct 4 2008,Millwall FC,0-4,Milton Keynes Dons FC
9,Sat Oct 4 2008,Leyton Orient FC,2-2,Scunthorpe United FC
10,Fri Oct 10 2008,Northampton Town FC,1-0,Hartlepool United FC
10,Sat Oct 11 2008,Southend United FC,1-1,Stockport County FC
10,Sat Oct 11 2008,Cheltenham Town FC,4-3,Colchester United FC
10,Sat Oct 11 2008,Milton Keynes Dons FC,3-1,Carlisle United FC
10,Sat Oct 11 2008,Walsall FC,1-2,Peterborough United FC
10,Sat Oct 11 2008,Tranmere Rovers FC,1-3,Millwall FC
10,Sat Oct 11 2008,Swindon Town FC,1-3,Huddersfield Town AFC
10,Sat Oct 11 2008,Bristol Rovers FC,2-1,Leyton Orient FC
10,Sat Oct 11 2008,Scunthorpe United FC,3-0,Crewe Alexandra FC
10,Sat Oct 11 2008,Leeds United FC,3-1,Brighton & Hove Albion FC
10,Sun Oct 12 2008,Oldham Athletic AFC,4-0,Hereford FC (2014-)
11,Sat Oct 18 2008,Leyton Orient FC,0-1,Tranmere Rovers FC
11,Sat Oct 18 2008,Carlisle United FC,3-3,Peterborough United FC
11,Sat Oct 18 2008,Cheltenham Town FC,1-2,Scunthorpe United FC
11,Sat Oct 18 2008,Crewe Alexandra FC,2-2,Milton Keynes Dons FC
11,Sat Oct 18 2008,Huddersfield Town AFC,1-1,Bristol Rovers FC
11,Sat Oct 18 2008,Walsall FC,2-3,Hartlepool United FC
11,Sat Oct 18 2008,Millwall FC,3-1,Leeds United FC
11,Sat Oct 18 2008,Stockport County FC,1-2,Colchester United FC
11,Sat Oct 18 2008,Northampton Town FC,3-0,Yeovil Town FC
11,Sat Oct 18 2008,Oldham Athletic AFC,1-1,Leicester City FC
11,Sat Oct 18 2008,Southend United FC,2-1,Swindon Town FC
11,Sat Oct 18 2008,Brighton & Hove Albion FC,0-0,Hereford FC (2014-)
12,Tue Oct 21 2008,Colchester United FC,1-2,Millwall FC
12,Tue Oct 21 2008,Milton Keynes Dons FC,1-2,Stockport County FC
12,Tue Oct 21 2008,Hartlepool United FC,5-3,Huddersfield Town AFC
12,Tue Oct 21 2008,Hereford FC (2014-),1-0,Carlisle United FC
12,Tue Oct 21 2008,Leeds United FC,2-1,Leyton Orient FC
12,Tue Oct 21 2008,Leicester City FC,2-2,Walsall FC
12,Tue Oct 21 2008,Bristol Rovers FC,2-0,Oldham Athletic AFC
12,Tue Oct 21 2008,Scunthorpe United FC,1-1,Southend United FC
12,Tue Oct 21 2008,Swindon Town FC,2-1,Northampton Town FC
12,Tue Oct 21 2008,Tranmere Rovers FC,2-0,Cheltenham Town FC
12,Tue Oct 21 2008,Yeovil Town FC,3-2,Crewe Alexandra FC
12,Tue Oct 21 2008,Peterborough United FC,0-0,Brighton & Hove Albion FC
13,Fri Oct 24 2008,Tranmere Rovers FC,2-0,Crewe Alexandra FC
13,Sat Oct 25 2008,Scunthorpe United FC,3-2,Millwall FC
13,Sat Oct 25 2008,Leicester City FC,0-0,Northampton Town FC
13,Sat Oct 25 2008,Milton Keynes Dons FC,3-1,Cheltenham Town FC
13,Sat Oct 25 2008,Peterborough United FC,4-0,Huddersfield Town AFC
13,Sat Oct 25 2008,Leeds United FC,3-0,Walsall FC
13,Sat Oct 25 2008,Swindon Town FC,2-0,Oldham Athletic AFC
13,Sat Oct 25 2008,Yeovil Town FC,0-0,Leyton Orient FC
13,Sat Oct 25 2008,Hereford FC (2014-),0-1,Stockport County FC
13,Sat Oct 25 2008,Bristol Rovers FC,4-2,Southend United FC
13,Sat Oct 25 2008,Colchester United FC,5-0,Carlisle United FC
13,Sat Oct 25 2008,Hartlepool United FC,1-0,Brighton & Hove Albion FC
14,Tue Oct 28 2008,Huddersfield Town AFC,0-0,Yeovil Town FC
14,Tue Oct 28 2008,Carlisle United FC,0-1,Hartlepool United FC
14,Tue Oct 28 2008,Crewe Alexandra FC,1-1,Peterborough United FC
14,Tue Oct 28 2008,Brighton & Hove Albion FC,3-2,Leicester City FC
14,Tue Oct 28 2008,Leyton Orient FC,1-2,Milton Keynes Dons FC
14,Tue Oct 28 2008,Millwall FC,1-0,Hereford FC (2014-)
14,Tue Oct 28 2008,Oldham Athletic AFC,3-0,Scunthorpe United FC
14,Tue Oct 28 2008,Southend United FC,1-0,Leeds United FC
14,Tue Oct 28 2008,Stockport County FC,0-0,Tranmere Rovers FC
15,Sat Nov 1 2008,Peterborough United FC,2-0,Hereford FC (2014-)
15,Sat Nov 1 2008,Cheltenham Town FC,0-1,Leeds United FC
15,Sat Nov 1 2008,Milton Keynes Dons FC,1-0,Tranmere Rovers FC
15,Sat Nov 1 2008,Southend United FC,3-3,Colchester United FC
15,Sat Nov 1 2008,Walsall FC,3-1,Northampton Town FC
15,Sat Nov 1 2008,Stockport County FC,3-0,Carlisle United FC
15,Sat Nov 1 2008,Scunthorpe United FC,3-3,Swindon Town FC
15,Sat Nov 1 2008,Huddersfield Town AFC,3-2,Crewe Alexandra FC
15,Sat Nov 1 2008,Oldham Athletic AFC,0-2,Yeovil Town FC
15,Sat Nov 1 2008,Brighton & Hove Albion FC,4-1,Millwall FC
15,Sat Nov 1 2008,Leyton Orient FC,1-0,Hartlepool United FC
15,Sat Nov 1 2008,Leicester City FC,2-1,Bristol Rovers FC
10,Tue Nov 11 2008,Leicester City FC,1-0,Yeovil Town FC
16,Fri Nov 14 2008,Bristol Rovers FC,1-2,Scunthorpe United FC
16,Sat Nov 15 2008,Swindon Town FC,2-2,Leicester City FC
16,Sat Nov 15 2008,Colchester United FC,0-2,Walsall FC
16,Sat Nov 15 2008,Leeds United FC,1-2,Huddersfield Town AFC
16,Sat Nov 15 2008,Yeovil Town FC,0-1,Peterborough United FC
16,Sat Nov 15 2008,Tranmere Rovers FC,2-2,Southend United FC
16,Sat Nov 15 2008,Carlisle United FC,3-1,Brighton & Hove Albion FC
16,Sat Nov 15 2008,Northampton Town FC,0-1,Oldham Athletic AFC
16,Sat Nov 15 2008,Millwall FC,1-0,Stockport County FC
16,Sat Nov 15 2008,Hereford FC (2014-),3-0,Cheltenham Town FC
16,Sat Nov 15 2008,Hartlepool United FC,1-3,Milton Keynes Dons FC
16,Sat Nov 15 2008,Crewe Alexandra FC,0-2,Leyton Orient FC
17,Sat Nov 22 2008,Scunthorpe United FC,1-2,Leicester City FC
17,Sat Nov 22 2008,Leeds United FC,4-1,Hartlepool United FC
17,Sat Nov 22 2008,Yeovil Town FC,1-0,Tranmere Rovers FC
17,Sat Nov 22 2008,Walsall FC,0-3,Milton Keynes Dons FC
17,Sat Nov 22 2008,Southend United FC,1-2,Oldham Athletic AFC
17,Sat Nov 22 2008,Bristol Rovers FC,2-2,Swindon Town FC
17,Sat Nov 22 2008,Peterborough United FC,2-1,Colchester United FC
17,Sat Nov 22 2008,Leyton Orient FC,0-0,Millwall FC
17,Sat Nov 22 2008,Brighton & Hove Albion FC,0-1,Huddersfield Town AFC
17,Sat Nov 22 2008,Hereford FC (2014-),0-2,Northampton Town FC
17,Sat Nov 22 2008,Crewe Alexandra FC,0-3,Stockport County FC
17,Sat Nov 22 2008,Carlisle United FC,1-0,Cheltenham Town FC
18,Tue Nov 25 2008,Colchester United FC,1-0,Yeovil Town FC
18,Tue Nov 25 2008,Leicester City FC,2-1,Crewe Alexandra FC
18,Tue Nov 25 2008,Hartlepool United FC,1-1,Bristol Rovers FC
18,Tue Nov 25 2008,Swindon Town FC,2-2,Peterborough United FC
18,Tue Nov 25 2008,Stockport County FC,2-0,Brighton & Hove Albion FC
18,Tue Nov 25 2008,Oldham Athletic AFC,3-2,Walsall FC
18,Tue Nov 25 2008,Northampton Town FC,2-1,Leeds United FC
18,Tue Nov 25 2008,Milton Keynes Dons FC,3-0,Hereford FC (2014-)
18,Tue Nov 25 2008,Millwall FC,1-0,Carlisle United FC
18,Tue Nov 25 2008,Cheltenham Town FC,0-0,Southend United FC
18,Tue Nov 25 2008,Huddersfield Town AFC,0-1,Leyton Orient FC
18,Tue Nov 25 2008,Tranmere Rovers FC,2-0,Scunthorpe United FC
14,Sat Nov 29 2008,Walsall FC,2-1,Swindon Town FC
14,Sat Nov 29 2008,Northampton Town FC,1-2,Colchester United FC
19,Sat Dec 6 2008,Leicester City FC,3-0,Southend United FC
19,Sat Dec 6 2008,Tranmere Rovers FC,2-1,Leeds United FC
19,Sat Dec 6 2008,Swindon Town FC,1-1,Carlisle United FC
19,Sat Dec 6 2008,Stockport County FC,1-3,Peterborough United FC
19,Sat Dec 6 2008,Oldham Athletic AFC,1-1,Brighton & Hove Albion FC
19,Sat Dec 6 2008,Northampton Town FC,1-1,Leyton Orient FC
19,Sat Dec 6 2008,Milton Keynes Dons FC,0-2,Scunthorpe United FC
19,Sat Dec 6 2008,Millwall FC,3-2,Bristol Rovers FC
19,Sat Dec 6 2008,Huddersfield Town AFC,2-1,Walsall FC
19,Sat Dec 6 2008,Hartlepool United FC,0-0,Yeovil Town FC
19,Sat Dec 6 2008,Colchester United FC,1-2,Hereford FC (2014-)
19,Sat Dec 6 2008,Cheltenham Town FC,1-0,Crewe Alexandra FC
20,Fri Dec 12 2008,Brighton & Hove Albion FC,2-4,Milton Keynes Dons FC
20,Sat Dec 13 2008,Yeovil Town FC,2-4,Stockport County FC
20,Sat Dec 13 2008,Walsall FC,1-2,Millwall FC
20,Sat Dec 13 2008,Southend United FC,0-1,Huddersfield Town AFC
20,Sat Dec 13 2008,Scunthorpe United FC,4-4,Northampton Town FC
20,Sat Dec 13 2008,Peterborough United FC,2-2,Oldham Athletic AFC
20,Sat Dec 13 2008,Leyton Orient FC,1-2,Cheltenham Town FC
20,Sat Dec 13 2008,Leeds United FC,1-2,Colchester United FC
20,Sat Dec 13 2008,Hereford FC (2014-),1-1,Hartlepool United FC
20,Sat Dec 13 2008,Crewe Alexandra FC,1-0,Swindon Town FC
20,Sat Dec 13 2008,Carlisle United FC,1-2,Leicester City FC
20,Sat Dec 13 2008,Bristol Rovers FC,2-0,Tranmere Rovers FC
21,Fri Dec 19 2008,Hartlepool United FC,3-0,Southend United FC
21,Sat Dec 20 2008,Oldham Athletic AFC,1-1,Leyton Orient FC
21,Sat Dec 20 2008,Swindon Town FC,2-3,Yeovil Town FC
21,Sat Dec 20 2008,Stockport County FC,3-1,Bristol Rovers FC
21,Sat Dec 20 2008,Cheltenham Town FC,0-0,Walsall FC
21,Sat Dec 20 2008,Northampton Town FC,1-0,Carlisle United FC
21,Sat Dec 20 2008,Milton Keynes Dons FC,3-1,Leeds United FC
21,Sat Dec 20 2008,Millwall FC,0-0,Crewe Alexandra FC
21,Sat Dec 20 2008,Leicester City FC,4-0,Peterborough United FC
21,Sat Dec 20 2008,Huddersfield Town AFC,2-0,Hereford FC (2014-)
21,Sat Dec 20 2008,Colchester United FC,0-0,Scunthorpe United FC
21,Sat Dec 20 2008,Tranmere Rovers FC,1-0,Brighton & Hove Albion FC
22,Fri Dec 26 2008,Peterborough United FC,1-0,Millwall FC
22,Fri Dec 26 2008,Bristol Rovers FC,1-2,Milton Keynes Dons FC
22,Fri Dec 26 2008,Yeovil Town FC,1-1,Cheltenham Town FC
22,Fri Dec 26 2008,Walsall FC,1-0,Stockport County FC
22,Fri Dec 26 2008,Southend United FC,1-0,Northampton Town FC
22,Fri Dec 26 2008,Scunthorpe United FC,3-0,Hartlepool United FC
22,Fri Dec 26 2008,Leyton Orient FC,1-2,Swindon Town FC
22,Fri Dec 26 2008,Leeds United FC,1-1,Leicester City FC
22,Fri Dec 26 2008,Hereford FC (2014-),2-2,Tranmere Rovers FC
22,Fri Dec 26 2008,Crewe Alexandra FC,0-3,Oldham Athletic AFC
22,Fri Dec 26 2008,Carlisle United FC,3-0,Huddersfield Town AFC
22,Fri Dec 26 2008,Brighton & Hove Albion FC,1-2,Colchester United FC
23,Sun Dec 28 2008,Stockport County FC,1-3,Leeds United FC
23,Sun Dec 28 2008,Oldham Athletic AFC,0-0,Carlisle United FC
23,Sun Dec 28 2008,Tranmere Rovers FC,2-1,Walsall FC
23,Sun Dec 28 2008,Swindon Town FC,0-2,Brighton & Hove Albion FC
23,Sun Dec 28 2008,Northampton Town FC,0-0,Bristol Rovers FC
23,Sun Dec 28 2008,Milton Keynes Dons FC,2-0,Southend United FC
23,Sun Dec 28 2008,Millwall FC,1-1,Yeovil Town FC
23,Sun Dec 28 2008,Leicester City FC,2-1,Hereford FC (2014-)
23,Sun Dec 28 2008,Huddersfield Town AFC,2-0,Scunthorpe United FC
23,Sun Dec 28 2008,Hartlepool United FC,1-4,Crewe Alexandra FC
23,Sun Dec 28 2008,Colchester United FC,1-0,Leyton Orient FC
23,Sun Dec 28 2008,Cheltenham Town FC,3-6,Peterborough United FC
24,Sat Jan 3 2009,Huddersfield Town AFC,1-1,Oldham Athletic AFC
25,Sat Jan 10 2009,Northampton Town FC,1-1,Huddersfield Town AFC
25,Sat Jan 10 2009,Leeds United FC,0-2,Carlisle United FC
25,Sat Jan 10 2009,Leicester City FC,3-0,Leyton Orient FC
25,Mon Jan 12 2009,Milton Keynes Dons FC,1-1,Colchester United FC
25,Mon Jan 12 2009,Oldham Athletic AFC,2-1,Hartlepool United FC
24,Tue Jan 13 2009,Yeovil Town FC,1-2,Scunthorpe United FC
25,Tue Jan 13 2009,Swindon Town FC,1-1,Stockport County FC
26,Fri Jan 16 2009,Hartlepool United FC,2-0,Northampton Town FC
26,Sat Jan 17 2009,Crewe Alexandra FC,3-2,Scunthorpe United FC
26,Sat Jan 17 2009,Brighton & Hove Albion FC,0-2,Leeds United FC
26,Sat Jan 17 2009,Stockport County FC,3-1,Southend United FC
26,Sat Jan 17 2009,Hereford FC (2014-),5-0,Oldham Athletic AFC
26,Sat Jan 17 2009,Huddersfield Town AFC,2-1,Swindon Town FC
26,Sat Jan 17 2009,Colchester United FC,3-1,Cheltenham Town FC
26,Sat Jan 17 2009,Carlisle United FC,3-2,Milton Keynes Dons FC
26,Sat Jan 17 2009,Peterborough United FC,1-0,Walsall FC
26,Sat Jan 17 2009,Millwall FC,1-0,Tranmere Rovers FC
26,Sat Jan 17 2009,Leyton Orient FC,1-2,Bristol Rovers FC
26,Mon Jan 19 2009,Yeovil Town FC,0-2,Leicester City FC
24,Tue Jan 20 2009,Leyton Orient FC,1-1,Southend United FC
24,Tue Jan 20 2009,Peterborough United FC,0-0,Milton Keynes Dons FC
27,Sat Jan 24 2009,Leeds United FC,3-1,Peterborough United FC
27,Sat Jan 24 2009,Scunthorpe United FC,2-1,Leyton Orient FC
27,Sat Jan 24 2009,Southend United FC,0-1,Yeovil Town FC
27,Sat Jan 24 2009,Oldham Athletic AFC,3-1,Stockport County FC
27,Sat Jan 24 2009,Walsall FC,1-1,Hereford FC (2014-)
27,Sat Jan 24 2009,Tranmere Rovers FC,4-1,Carlisle United FC
27,Sat Jan 24 2009,Northampton Town FC,5-1,Crewe Alexandra FC
27,Sat Jan 24 2009,Leicester City FC,4-2,Huddersfield Town AFC
27,Sat Jan 24 2009,Cheltenham Town FC,2-2,Brighton & Hove Albion FC
27,Sat Jan 24 2009,Bristol Rovers FC,0-0,Colchester United FC
28,Tue Jan 27 2009,Hartlepool United FC,2-2,Carlisle United FC
28,Tue Jan 27 2009,Hereford FC (2014-),0-2,Millwall FC
28,Tue Jan 27 2009,Scunthorpe United FC,2-0,Oldham Athletic AFC
28,Tue Jan 27 2009,Yeovil Town FC,1-0,Huddersfield Town AFC
28,Tue Jan 27 2009,Tranmere Rovers FC,2-1,Stockport County FC
28,Tue Jan 27 2009,Swindon Town FC,3-2,Walsall FC
28,Tue Jan 27 2009,Leeds United FC,2-0,Southend United FC
28,Tue Jan 27 2009,Colchester United FC,2-1,Northampton Town FC
28,Tue Jan 27 2009,Leicester City FC,0-0,Brighton & Hove Albion FC
28,Tue Jan 27 2009,Peterborough United FC,4-2,Crewe Alexandra FC
28,Tue Jan 27 2009,Milton Keynes Dons FC,1-2,Leyton Orient FC
28,Tue Jan 27 2009,Bristol Rovers FC,3-2,Cheltenham Town FC
29,Sat Jan 31 2009,Crewe Alexandra FC,2-1,Tranmere Rovers FC
29,Sat Jan 31 2009,Carlisle United FC,0-2,Colchester United FC
29,Sat Jan 31 2009,Cheltenham Town FC,3-5,Milton Keynes Dons FC
29,Sat Jan 31 2009,Brighton & Hove Albion FC,2-1,Hartlepool United FC
29,Sat Jan 31 2009,Huddersfield Town AFC,1-0,Peterborough United FC
29,Sat Jan 31 2009,Leyton Orient FC,0-1,Yeovil Town FC
29,Sat Jan 31 2009,Millwall FC,1-2,Scunthorpe United FC
29,Sat Jan 31 2009,Northampton Town FC,1-2,Leicester City FC
29,Sat Jan 31 2009,Walsall FC,1-0,Leeds United FC
29,Sat Jan 31 2009,Stockport County FC,4-1,Hereford FC (2014-)
29,Sat Jan 31 2009,Southend United FC,1-0,Bristol Rovers FC
29,Sat Jan 31 2009,Oldham Athletic AFC,0-0,Swindon Town FC
30,Tue Feb 3 2009,Huddersfield Town AFC,1-1,Hartlepool United FC
30,Tue Feb 3 2009,Walsall FC,1-4,Leicester City FC
30,Tue Feb 3 2009,Stockport County FC,0-1,Milton Keynes Dons FC
31,Sat Feb 7 2009,Hartlepool United FC,2-2,Walsall FC
31,Sat Feb 7 2009,Tranmere Rovers FC,0-0,Leyton Orient FC
31,Sat Feb 7 2009,Leicester City FC,0-0,Oldham Athletic AFC
31,Mon Feb 9 2009,Leeds United FC,2-0,Millwall FC
30,Tue Feb 10 2009,Brighton & Hove Albion FC,2-4,Peterborough United FC
24,Tue Feb 10 2009,Colchester United FC,0-1,Tranmere Rovers FC
24,Tue Feb 10 2009,Carlisle United FC,1-1,Walsall FC
32,Sat Feb 14 2009,Milton Keynes Dons FC,3-1,Hartlepool United FC
32,Sat Feb 14 2009,Walsall FC,2-0,Colchester United FC
32,Sat Feb 14 2009,Leyton Orient FC,1-0,Crewe Alexandra FC
32,Sat Feb 14 2009,Cheltenham Town FC,2-3,Hereford FC (2014-)
32,Sat Feb 14 2009,Stockport County FC,2-2,Millwall FC
32,Sat Feb 14 2009,Brighton & Hove Albion FC,0-2,Carlisle United FC
32,Sat Feb 14 2009,Huddersfield Town AFC,1-0,Leeds United FC
32,Sat Feb 14 2009,Oldham Athletic AFC,2-1,Northampton Town FC
32,Sat Feb 14 2009,Peterborough United FC,1-3,Yeovil Town FC
32,Sat Feb 14 2009,Southend United FC,2-1,Tranmere Rovers FC
32,Sat Feb 14 2009,Scunthorpe United FC,0-2,Bristol Rovers FC
32,Sat Feb 14 2009,Leicester City FC,1-1,Swindon Town FC
25,Tue Feb 17 2009,Southend United FC,0-1,Crewe Alexandra FC
25,Tue Feb 17 2009,Tranmere Rovers FC,1-1,Peterborough United FC
24,Tue Feb 17 2009,Hereford FC (2014-),2-0,Leeds United FC
24,Tue Feb 17 2009,Millwall FC,1-1,Swindon Town FC
24,Tue Feb 17 2009,Stockport County FC,1-0,Cheltenham Town FC
25,Tue Feb 17 2009,Bristol Rovers FC,3-0,Yeovil Town FC
24,Tue Feb 17 2009,Hartlepool United FC,2-2,Leicester City FC
33,Sat Feb 21 2009,Crewe Alexandra FC,3-1,Huddersfield Town AFC
33,Sat Feb 21 2009,Colchester United FC,0-1,Southend United FC
33,Sat Feb 21 2009,Carlisle United FC,1-2,Stockport County FC
33,Sat Feb 21 2009,Swindon Town FC,4-2,Scunthorpe United FC
33,Sat Feb 21 2009,Tranmere Rovers FC,1-1,Milton Keynes Dons FC
33,Sat Feb 21 2009,Yeovil Town FC,2-2,Oldham Athletic AFC
33,Sat Feb 21 2009,Bristol Rovers FC,0-1,Leicester City FC
33,Sat Feb 21 2009,Millwall FC,0-1,Brighton & Hove Albion FC
33,Sat Feb 21 2009,Leeds United FC,2-0,Cheltenham Town FC
33,Sat Feb 21 2009,Hereford FC (2014-),0-1,Peterborough United FC
33,Sat Feb 21 2009,Northampton Town FC,0-2,Walsall FC
33,Sat Feb 21 2009,Hartlepool United FC,0-1,Leyton Orient FC
31,Tue Feb 24 2009,Colchester United FC,1-0,Stockport County FC
24,Tue Feb 24 2009,Brighton & Hove Albion FC,1-1,Northampton Town FC
30,Tue Feb 24 2009,Oldham Athletic AFC,0-2,Bristol Rovers FC
30,Tue Feb 24 2009,Crewe Alexandra FC,2-0,Yeovil Town FC
30,Tue Feb 24 2009,Southend United FC,2-0,Scunthorpe United FC
25,Tue Feb 24 2009,Cheltenham Town FC,1-3,Millwall FC
31,Tue Feb 24 2009,Peterborough United FC,1-0,Carlisle United FC
27,Tue Feb 24 2009,Swindon Town FC,0-1,Hartlepool United FC
34,Sat Feb 28 2009,Walsall FC,2-0,Yeovil Town FC
34,Sat Feb 28 2009,Millwall FC,2-3,Oldham Athletic AFC
34,Sat Feb 28 2009,Leeds United FC,3-2,Scunthorpe United FC
34,Sat Feb 28 2009,Peterborough United FC,1-2,Southend United FC
34,Sat Feb 28 2009,Tranmere Rovers FC,1-0,Swindon Town FC
34,Sat Feb 28 2009,Hereford FC (2014-),2-1,Leyton Orient FC
34,Sat Feb 28 2009,Cheltenham Town FC,0-1,Northampton Town FC
34,Sat Feb 28 2009,Colchester United FC,1-1,Hartlepool United FC
34,Sat Feb 28 2009,Stockport County FC,1-1,Huddersfield Town AFC
34,Sat Feb 28 2009,Brighton & Hove Albion FC,0-4,Crewe Alexandra FC
34,Sat Feb 28 2009,Carlisle United FC,1-1,Bristol Rovers FC
34,Sat Feb 28 2009,Milton Keynes Dons FC,2-2,Leicester City FC
35,Mon Mar 2 2009,Oldham Athletic AFC,1-1,Leeds United FC
35,Tue Mar 3 2009,Scunthorpe United FC,1-1,Walsall FC
35,Tue Mar 3 2009,Swindon Town FC,2-2,Cheltenham Town FC
35,Tue Mar 3 2009,Southend United FC,0-1,Millwall FC
35,Tue Mar 3 2009,Leyton Orient FC,2-3,Peterborough United FC
35,Tue Mar 3 2009,Crewe Alexandra FC,1-2,Carlisle United FC
35,Tue Mar 3 2009,Hartlepool United FC,2-1,Tranmere Rovers FC
35,Tue Mar 3 2009,Leicester City FC,1-1,Stockport County FC
35,Tue Mar 3 2009,Huddersfield Town AFC,2-2,Colchester United FC
36,Sat Mar 7 2009,Leyton Orient FC,2-1,Brighton & Hove Albion FC
36,Sat Mar 7 2009,Scunthorpe United FC,2-1,Stockport County FC
36,Sat Mar 7 2009,Southend United FC,2-0,Walsall FC
36,Sat Mar 7 2009,Yeovil Town FC,1-1,Carlisle United FC
36,Sat Mar 7 2009,Swindon Town FC,1-1,Milton Keynes Dons FC
36,Sat Mar 7 2009,Northampton Town FC,1-1,Tranmere Rovers FC
36,Sat Mar 7 2009,Bristol Rovers FC,2-2,Leeds United FC
36,Sat Mar 7 2009,Leicester City FC,4-0,Cheltenham Town FC
36,Sat Mar 7 2009,Huddersfield Town AFC,1-2,Millwall FC
36,Sat Mar 7 2009,Hartlepool United FC,1-2,Peterborough United FC
36,Sat Mar 7 2009,Crewe Alexandra FC,2-1,Hereford FC (2014-)
36,Sat Mar 7 2009,Oldham Athletic AFC,0-1,Colchester United FC
37,Tue Mar 10 2009,Stockport County FC,2-1,Hartlepool United FC
37,Tue Mar 10 2009,Peterborough United FC,2-1,Scunthorpe United FC
37,Tue Mar 10 2009,Milton Keynes Dons FC,1-1,Huddersfield Town AFC
37,Tue Mar 10 2009,Millwall FC,1-0,Northampton Town FC
37,Tue Mar 10 2009,Leeds United FC,4-0,Yeovil Town FC
37,Tue Mar 10 2009,Brighton & Hove Albion FC,1-3,Southend United FC
37,Tue Mar 10 2009,Colchester United FC,3-2,Swindon Town FC
37,Tue Mar 10 2009,Carlisle United FC,1-3,Leyton Orient FC
37,Tue Mar 10 2009,Walsall FC,1-1,Crewe Alexandra FC
37,Tue Mar 10 2009,Hereford FC (2014-),0-3,Bristol Rovers FC
37,Wed Mar 11 2009,Tranmere Rovers FC,2-0,Leicester City FC
38,Sat Mar 14 2009,Cheltenham Town FC,2-0,Hartlepool United FC
38,Sat Mar 14 2009,Hereford FC (2014-),0-1,Southend United FC
38,Sat Mar 14 2009,Colchester United FC,0-1,Crewe Alexandra FC
38,Sat Mar 14 2009,Brighton & Hove Albion FC,5-0,Yeovil Town FC
38,Sat Mar 14 2009,Carlisle United FC,1-1,Scunthorpe United FC
38,Sat Mar 14 2009,Walsall FC,0-5,Bristol Rovers FC
38,Sat Mar 14 2009,Leeds United FC,1-0,Swindon Town FC
38,Sat Mar 14 2009,Tranmere Rovers FC,3-1,Huddersfield Town AFC
38,Sat Mar 14 2009,Stockport County FC,0-1,Leyton Orient FC
38,Sat Mar 14 2009,Peterborough United FC,1-0,Northampton Town FC
38,Sat Mar 14 2009,Milton Keynes Dons FC,6-2,Oldham Athletic AFC
38,Sat Mar 14 2009,Millwall FC,0-1,Leicester City FC
30,Tue Mar 17 2009,Cheltenham Town FC,1-0,Tranmere Rovers FC
31,Tue Mar 17 2009,Swindon Town FC,3-0,Southend United FC
27,Tue Mar 17 2009,Milton Keynes Dons FC,0-1,Millwall FC
25,Tue Mar 17 2009,Scunthorpe United FC,3-0,Hereford FC (2014-)
25,Tue Mar 17 2009,Walsall FC,3-0,Brighton & Hove Albion FC
24,Tue Mar 17 2009,Crewe Alexandra FC,1-1,Bristol Rovers FC
39,Sat Mar 21 2009,Crewe Alexandra FC,2-3,Leeds United FC
39,Sat Mar 21 2009,Northampton Town FC,4-0,Stockport County FC
39,Sat Mar 21 2009,Oldham Athletic AFC,0-2,Tranmere Rovers FC
39,Sat Mar 21 2009,Hartlepool United FC,2-3,Millwall FC
39,Sat Mar 21 2009,Huddersfield Town AFC,2-2,Cheltenham Town FC
39,Sat Mar 21 2009,Swindon Town FC,3-0,Hereford FC (2014-)
39,Sat Mar 21 2009,Southend United FC,3-0,Carlisle United FC
39,Sat Mar 21 2009,Bristol Rovers FC,0-1,Peterborough United FC
39,Sat Mar 21 2009,Leyton Orient FC,0-1,Walsall FC
39,Sat Mar 21 2009,Leicester City FC,1-1,Colchester United FC
39,Sat Mar 21 2009,Yeovil Town FC,0-0,Milton Keynes Dons FC
39,Sat Mar 21 2009,Scunthorpe United FC,2-0,Brighton & Hove Albion FC
37,Tue Mar 24 2009,Cheltenham Town FC,1-1,Oldham Athletic AFC
31,Tue Mar 24 2009,Milton Keynes Dons FC,2-2,Crewe Alexandra FC
30,Tue Mar 24 2009,Northampton Town FC,3-4,Swindon Town FC
30,Tue Mar 24 2009,Carlisle United FC,1-2,Hereford FC (2014-)
40,Fri Mar 27 2009,Southend United FC,3-2,Hartlepool United FC
40,Sat Mar 28 2009,Carlisle United FC,1-1,Northampton Town FC
40,Sat Mar 28 2009,Walsall FC,1-1,Cheltenham Town FC
40,Sat Mar 28 2009,Peterborough United FC,2-0,Leicester City FC
40,Sat Mar 28 2009,Leyton Orient FC,2-1,Oldham Athletic AFC
40,Sat Mar 28 2009,Leeds United FC,2-0,Milton Keynes Dons FC
40,Sat Mar 28 2009,Hereford FC (2014-),0-1,Huddersfield Town AFC
40,Sat Mar 28 2009,Crewe Alexandra FC,0-1,Millwall FC
40,Sat Mar 28 2009,Bristol Rovers FC,2-0,Stockport County FC
40,Sat Mar 28 2009,Brighton & Hove Albion FC,0-0,Tranmere Rovers FC
40,Sat Mar 28 2009,Scunthorpe United FC,3-0,Colchester United FC
40,Sat Mar 28 2009,Yeovil Town FC,1-0,Swindon Town FC
30,Tue Mar 31 2009,Millwall FC,0-1,Colchester United FC
31,Tue Mar 31 2009,Bristol Rovers FC,1-2,Huddersfield Town AFC
31,Tue Mar 31 2009,Yeovil Town FC,1-0,Northampton Town FC
41,Sat Apr 4 2009,Huddersfield Town AFC,0-1,Southend United FC
41,Sat Apr 4 2009,Hartlepool United FC,4-2,Hereford FC (2014-)
41,Sat Apr 4 2009,Colchester United FC,0-1,Leeds United FC
41,Sat Apr 4 2009,Leicester City FC,2-2,Carlisle United FC
41,Sat Apr 4 2009,Swindon Town FC,0-0,Crewe Alexandra FC
41,Sat Apr 4 2009,Millwall FC,3-1,Walsall FC
41,Sat Apr 4 2009,Milton Keynes Dons FC,2-0,Brighton & Hove Albion FC
41,Sat Apr 4 2009,Stockport County FC,0-0,Yeovil Town FC
41,Sat Apr 4 2009,Cheltenham Town FC,0-1,Leyton Orient FC
41,Sat Apr 4 2009,Oldham Athletic AFC,1-2,Peterborough United FC
41,Sun Apr 5 2009,Tranmere Rovers FC,2-0,Bristol Rovers FC
31,Tue Apr 7 2009,Hereford FC (2014-),1-2,Brighton & Hove Albion FC
30,Tue Apr 7 2009,Leyton Orient FC,2-2,Leeds United FC
42,Fri Apr 10 2009,Bristol Rovers FC,1-0,Northampton Town FC
42,Fri Apr 10 2009,Carlisle United FC,1-1,Oldham Athletic AFC
42,Fri Apr 10 2009,Yeovil Town FC,2-0,Millwall FC
42,Fri Apr 10 2009,Peterborough United FC,1-1,Cheltenham Town FC
42,Fri Apr 10 2009,Southend United FC,0-2,Milton Keynes Dons FC
42,Fri Apr 10 2009,Scunthorpe United FC,1-2,Huddersfield Town AFC
42,Sat Apr 11 2009,Leyton Orient FC,2-1,Colchester United FC
42,Sat Apr 11 2009,Leeds United FC,1-0,Stockport County FC
42,Sat Apr 11 2009,Hereford FC (2014-),1-3,Leicester City FC
42,Sat Apr 11 2009,Crewe Alexandra FC,0-0,Hartlepool United FC
42,Sat Apr 11 2009,Brighton & Hove Albion FC,2-3,Swindon Town FC
42,Sat Apr 11 2009,Walsall FC,0-1,Tranmere Rovers FC
43,Mon Apr 13 2009,Swindon Town FC,0-1,Leyton Orient FC
43,Mon Apr 13 2009,Cheltenham Town FC,1-0,Yeovil Town FC
43,Mon Apr 13 2009,Hartlepool United FC,2-3,Scunthorpe United FC
43,Mon Apr 13 2009,Colchester United FC,0-1,Brighton & Hove Albion FC
43,Mon Apr 13 2009,Millwall FC,2-0,Peterborough United FC
43,Mon Apr 13 2009,Milton Keynes Dons FC,2-1,Bristol Rovers FC
43,Mon Apr 13 2009,Tranmere Rovers FC,2-1,Hereford FC (2014-)
43,Mon Apr 13 2009,Leicester City FC,1-0,Leeds United FC
43,Mon Apr 13 2009,Stockport County FC,1-2,Walsall FC
43,Mon Apr 13 2009,Oldham Athletic AFC,1-1,Crewe Alexandra FC
43,Mon Apr 13 2009,Northampton Town FC,2-3,Southend United FC
43,Mon Apr 13 2009,Huddersfield Town AFC,1-0,Carlisle United FC
44,Sat Apr 18 2009,Hereford FC (2014-),0-2,Colchester United FC
44,Sat Apr 18 2009,Crewe Alexandra FC,1-2,Cheltenham Town FC
44,Sat Apr 18 2009,Carlisle United FC,1-1,Swindon Town FC
44,Sat Apr 18 2009,Leeds United FC,3-1,Tranmere Rovers FC
44,Sat Apr 18 2009,Bristol Rovers FC,4-2,Millwall FC
44,Sat Apr 18 2009,Yeovil Town FC,2-3,Hartlepool United FC
44,Sat Apr 18 2009,Walsall FC,2-3,Huddersfield Town AFC
44,Sat Apr 18 2009,Southend United FC,0-2,Leicester City FC
44,Sat Apr 18 2009,Scunthorpe United FC,0-1,Milton Keynes Dons FC
44,Sat Apr 18 2009,Peterborough United FC,1-0,Stockport County FC
44,Sat Apr 18 2009,Leyton Orient FC,1-3,Northampton Town FC
44,Sat Apr 18 2009,Brighton & Hove Albion FC,3-1,Oldham Athletic AFC
41,Tue Apr 21 2009,Northampton Town FC,3-3,Scunthorpe United FC
35,Tue Apr 21 2009,Bristol Rovers FC,1-2,Brighton & Hove Albion FC
35,Tue Apr 21 2009,Yeovil Town FC,2-2,Hereford FC (2014-)
45,Fri Apr 24 2009,Leicester City FC,2-2,Scunthorpe United FC
45,Fri Apr 24 2009,Stockport County FC,4-3,Crewe Alexandra FC
45,Sat Apr 25 2009,Cheltenham Town FC,1-1,Carlisle United FC
45,Sat Apr 25 2009,Colchester United FC,0-1,Peterborough United FC
45,Sat Apr 25 2009,Oldham Athletic AFC,1-1,Southend United FC
45,Sat Apr 25 2009,Tranmere Rovers FC,1-1,Yeovil Town FC
45,Sat Apr 25 2009,Swindon Town FC,2-1,Bristol Rovers FC
45,Sat Apr 25 2009,Northampton Town FC,2-1,Hereford FC (2014-)
45,Sat Apr 25 2009,Milton Keynes Dons FC,0-1,Walsall FC
45,Sat Apr 25 2009,Millwall FC,2-1,Leyton Orient FC
45,Sat Apr 25 2009,Huddersfield Town AFC,2-2,Brighton & Hove Albion FC
45,Sat Apr 25 2009,Hartlepool United FC,0-1,Leeds United FC
31,Tue Apr 28 2009,Scunthorpe United FC,3-0,Cheltenham Town FC
35,Tue Apr 28 2009,Northampton Town FC,0-1,Milton Keynes Dons FC
46,Sat May 2 2009,Yeovil Town FC,0-2,Colchester United FC
46,Sat May 2 2009,Walsall FC,1-2,Oldham Athletic AFC
46,Sat May 2 2009,Southend United FC,2-0,Cheltenham Town FC
46,Sat May 2 2009,Scunthorpe United FC,1-1,Tranmere Rovers FC
46,Sat May 2 2009,Peterborough United FC,2-2,Swindon Town FC
46,Sat May 2 2009,Leyton Orient FC,1-1,Huddersfield Town AFC
46,Sat May 2 2009,Leeds United FC,3-0,Northampton Town FC
46,Sat May 2 2009,Hereford FC (2014-),0-1,Milton Keynes Dons FC
46,Sat May 2 2009,Crewe Alexandra FC,0-3,Leicester City FC
46,Sat May 2 2009,Carlisle United FC,2-0,Millwall FC
46,Sat May 2 2009,Bristol Rovers FC,4-1,Hartlepool United FC
46,Sat May 2 2009,Brighton & Hove Albion FC,1-0,Stockport County FC
