Round,Date,Team 1,FT,HT,Team 2
?,(Sat) 11 Oct 1986 (40),Aldershot Town FC (1),2-0,?,Burnley FC (1)
?,(Tue) 21 Oct 1986 (42),Aldershot Town FC (2),4-1,?,Cambridge United FC (1)
?,(Sat) 9 May 1987 (18),Aldershot Town FC (3),1-2,?,Cardiff City FC (1)
?,(Sat) 27 Dec 1986 (51),Aldershot Town FC (4),1-0,?,Colchester United FC (1)
?,(Sat) 20 Dec 1986 (50),Aldershot Town FC (5),1-0,?,Crewe Alexandra FC (1)
?,(Sat) 2 May 1987 (17),Aldershot Town FC (6),2-1,?,Exeter City FC (1)
?,(Tue) 24 Mar 1987 (12),Aldershot Town FC (7),4-1,?,FC Halifax Town (1)
?,(Sat) 25 Oct 1986 (42),Aldershot Town FC (8),1-1,?,Hartlepool United FC (1)
?,(Tue) 3 Mar 1987 (9),Aldershot Town FC (9),1-0,?,Hereford United FC (1924-2014) (1)
?,(Mon) 20 Apr 1987 (16),Aldershot Town FC (10),1-2,?,Leyton Orient FC (1)
?,(Sat) 13 Sep 1986 (36),Aldershot Town FC (11),4-0,?,Lincoln City FC (1)
?,(Wed) 6 May 1987 (18),Aldershot Town FC (12),3-3,?,Northampton Town FC (1)
?,(Sat) 24 Jan 1987 (3),Aldershot Town FC (13),1-1,?,Peterborough United FC (1)
?,(Sat) 14 Mar 1987 (10),Aldershot Town FC (14),0-0,?,Preston North End FC (1)
?,(Sat) 22 Nov 1986 (46),Aldershot Town FC (15),2-1,?,Rochdale AFC (1)
?,(Tue) 16 Sep 1986 (37),Aldershot Town FC (16),2-1,?,Scunthorpe United FC (1)
?,(Thu) 1 Jan 1987 (0),Aldershot Town FC (17),0-1,?,Southend United FC (1)
?,(Sun) 9 Nov 1986 (44),Aldershot Town FC (18),3-1,?,Stockport County FC (1)
?,(Sat) 28 Feb 1987 (8),Aldershot Town FC (19),4-1,?,Swansea City AFC (1)
?,(Sat) 14 Feb 1987 (6),Aldershot Town FC (20),1-1,?,Torquay United FC (1)
?,(Sat) 27 Sep 1986 (38),Aldershot Town FC (21),0-2,?,Tranmere Rovers FC (1)
?,(Sat) 30 Aug 1986 (34),Aldershot Town FC (22),1-2,?,Wolverhampton Wanderers FC (1)
?,(Sat) 11 Apr 1987 (14),Aldershot Town FC (23),1-0,?,Wrexham AFC (1)
?,(Sat) 21 Mar 1987 (11),Burnley FC (2),0-1,?,Aldershot Town FC (24)
?,(Sat) 4 Apr 1987 (13),Burnley FC (3),0-2,?,Cambridge United FC (2)
?,(Fri) 19 Dec 1986 (50),Burnley FC (4),1-3,?,Cardiff City FC (2)
?,(Tue) 4 Nov 1986 (44),Burnley FC (5),2-1,?,Colchester United FC (2)
?,(Sat) 27 Dec 1986 (51),Burnley FC (6),4-0,?,Crewe Alexandra FC (2)
?,(Sat) 7 Mar 1987 (9),Burnley FC (7),0-0,?,Exeter City FC (2)
?,(Sat) 27 Sep 1986 (38),Burnley FC (8),3-0,?,FC Halifax Town (2)
?,(Sat) 13 Sep 1986 (36),Burnley FC (9),1-1,?,Hartlepool United FC (2)
?,(Sat) 24 Jan 1987 (3),Burnley FC (10),0-6,?,Hereford United FC (1924-2014) (2)
?,(Sat) 9 May 1987 (18),Burnley FC (11),2-1,?,Leyton Orient FC (2)
?,(Sat) 22 Nov 1986 (46),Burnley FC (12),3-1,?,Lincoln City FC (2)
?,(Tue) 17 Mar 1987 (11),Burnley FC (13),2-1,?,Northampton Town FC (2)
?,(Sat) 1 Nov 1986 (43),Burnley FC (14),0-0,?,Peterborough United FC (2)
?,(Sat) 4 Oct 1986 (39),Burnley FC (15),1-4,?,Preston North End FC (2)
?,(Thu) 1 Jan 1987 (0),Burnley FC (16),0-3,?,Rochdale AFC (2)
?,(Sat) 30 Aug 1986 (34),Burnley FC (17),1-0,?,Scunthorpe United FC (2)
?,(Sat) 2 May 1987 (17),Burnley FC (18),2-1,?,Southend United FC (2)
?,(Sat) 18 Oct 1986 (41),Burnley FC (19),2-0,?,Stockport County FC (2)
?,(Tue) 16 Sep 1986 (37),Burnley FC (20),1-1,?,Swansea City AFC (2)
?,(Tue) 14 Apr 1987 (15),Burnley FC (21),2-2,?,Torquay United FC (2)
?,(Sat) 28 Feb 1987 (8),Burnley FC (22),2-2,?,Tranmere Rovers FC (2)
?,(Sat) 14 Feb 1987 (6),Burnley FC (23),2-5,?,Wolverhampton Wanderers FC (2)
?,(Mon) 20 Apr 1987 (16),Burnley FC (24),0-0,?,Wrexham AFC (2)
?,(Tue) 17 Mar 1987 (11),Cambridge United FC (3),0-3,?,Aldershot Town FC (25)
?,(Sat) 8 Nov 1986 (44),Cambridge United FC (4),3-1,?,Burnley FC (25)
?,(Fri) 1 May 1987 (17),Cambridge United FC (5),2-1,?,Cardiff City FC (3)
?,(Tue) 21 Apr 1987 (16),Cambridge United FC (6),0-1,?,Colchester United FC (3)
?,(Fri) 31 Oct 1986 (43),Cambridge United FC (7),0-3,?,Crewe Alexandra FC (3)
?,(Sat) 13 Sep 1986 (36),Cambridge United FC (8),2-2,?,Exeter City FC (3)
?,(Sat) 30 Aug 1986 (34),Cambridge United FC (9),1-0,?,FC Halifax Town (3)
?,(Sat) 24 Jan 1987 (3),Cambridge United FC (10),3-0,?,Hartlepool United FC (3)
?,(Sat) 9 May 1987 (18),Cambridge United FC (11),2-1,?,Hereford United FC (1924-2014) (3)
?,(Tue) 10 Mar 1987 (10),Cambridge United FC (12),2-0,?,Leyton Orient FC (3)
?,(Sat) 27 Sep 1986 (38),Cambridge United FC (13),1-1,?,Lincoln City FC (3)
?,(Fri) 17 Oct 1986 (41),Cambridge United FC (14),2-3,?,Northampton Town FC (3)
?,(Sat) 22 Nov 1986 (46),Cambridge United FC (15),1-1,?,Peterborough United FC (3)
?,(Sat) 21 Mar 1987 (11),Cambridge United FC (16),2-0,?,Preston North End FC (3)
?,(Sat) 20 Dec 1986 (50),Cambridge United FC (17),3-0,?,Rochdale AFC (3)
?,(Sat) 28 Feb 1987 (8),Cambridge United FC (18),1-0,?,Scunthorpe United FC (3)
?,(Sun) 28 Dec 1986 (51),Cambridge United FC (19),1-2,?,Southend United FC (3)
?,(Fri) 3 Oct 1986 (39),Cambridge United FC (20),5-0,?,Stockport County FC (3)
?,(Sat) 11 Apr 1987 (14),Cambridge United FC (21),1-0,?,Swansea City AFC (3)
?,(Tue) 16 Sep 1986 (37),Cambridge United FC (22),3-3,?,Torquay United FC (3)
?,(Sat) 14 Feb 1987 (6),Cambridge United FC (23),1-1,?,Tranmere Rovers FC (3)
?,(Sat) 10 Jan 1987 (1),Cambridge United FC (24),0-0,?,Wolverhampton Wanderers FC (3)
?,(Sat) 7 Mar 1987 (9),Cambridge United FC (25),1-0,?,Wrexham AFC (3)
?,(Sat) 13 Dec 1986 (49),Cardiff City FC (4),2-0,?,Aldershot Town FC (26)
?,(Sat) 25 Apr 1987 (16),Cardiff City FC (5),1-0,?,Burnley FC (26)
?,(Sat) 29 Nov 1986 (47),Cardiff City FC (6),3-0,?,Cambridge United FC (26)
?,(Sat) 14 Mar 1987 (10),Cardiff City FC (7),0-2,?,Colchester United FC (4)
?,(Sat) 4 Oct 1986 (39),Cardiff City FC (8),1-1,?,Crewe Alexandra FC (4)
?,(Tue) 31 Mar 1987 (13),Cardiff City FC (9),0-0,?,Exeter City FC (4)
?,(Tue) 3 Mar 1987 (9),Cardiff City FC (10),0-0,?,FC Halifax Town (4)
?,(Thu) 7 May 1987 (18),Cardiff City FC (11),4-0,?,Hartlepool United FC (4)
?,(Sat) 27 Sep 1986 (38),Cardiff City FC (12),4-1,?,Hereford United FC (1924-2014) (4)
?,(Tue) 24 Mar 1987 (12),Cardiff City FC (13),1-1,?,Leyton Orient FC (4)
?,(Tue) 16 Sep 1986 (37),Cardiff City FC (14),1-1,?,Lincoln City FC (4)
?,(Mon) 4 May 1987 (18),Cardiff City FC (15),1-1,?,Northampton Town FC (4)
?,(Sat) 28 Feb 1987 (8),Cardiff City FC (16),0-1,?,Peterborough United FC (4)
?,(Sat) 11 Apr 1987 (14),Cardiff City FC (17),1-1,?,Preston North End FC (4)
?,(Sat) 30 Aug 1986 (34),Cardiff City FC (18),0-0,?,Rochdale AFC (4)
?,(Sat) 25 Oct 1986 (42),Cardiff City FC (19),1-1,?,Scunthorpe United FC (4)
?,(Sat) 8 Nov 1986 (44),Cardiff City FC (20),0-2,?,Southend United FC (4)
?,(Sat) 3 Jan 1987 (0),Cardiff City FC (21),1-1,?,Stockport County FC (4)
?,(Fri) 26 Dec 1986 (51),Cardiff City FC (22),0-0,?,Swansea City AFC (4)
?,(Sat) 18 Apr 1987 (15),Cardiff City FC (23),3-1,?,Torquay United FC (4)
?,(Sat) 13 Sep 1986 (36),Cardiff City FC (24),0-2,?,Tranmere Rovers FC (4)
?,(Sat) 24 Jan 1987 (3),Cardiff City FC (25),0-2,?,Wolverhampton Wanderers FC (4)
?,(Sat) 21 Mar 1987 (11),Cardiff City FC (26),0-0,?,Wrexham AFC (4)
?,(Mon) 4 May 1987 (18),Colchester United FC (5),0-1,?,Aldershot Town FC (27)
?,(Fri) 10 Apr 1987 (14),Colchester United FC (6),1-0,?,Burnley FC (27)
?,(Fri) 26 Dec 1986 (51),Colchester United FC (7),1-2,?,Cambridge United FC (27)
?,(Fri) 17 Oct 1986 (41),Colchester United FC (8),3-1,?,Cardiff City FC (27)
?,(Tue) 17 Mar 1987 (11),Colchester United FC (9),2-1,?,Crewe Alexandra FC (5)
?,(Fri) 29 Aug 1986 (34),Colchester United FC (10),1-1,?,Exeter City FC (5)
?,(Fri) 28 Nov 1986 (47),Colchester United FC (11),3-1,?,FC Halifax Town (5)
?,(Tue) 16 Sep 1986 (37),Colchester United FC (12),2-1,?,Hartlepool United FC (5)
?,(Fri) 27 Feb 1987 (8),Colchester United FC (13),2-0,?,Hereford United FC (1924-2014) (5)
?,(Fri) 7 Nov 1986 (44),Colchester United FC (14),0-0,?,Leyton Orient FC (5)
?,(Sat) 10 Jan 1987 (1),Colchester United FC (15),2-0,?,Lincoln City FC (5)
?,(Fri) 17 Apr 1987 (15),Colchester United FC (16),3-1,?,Northampton Town FC (5)
?,(Sat) 27 Sep 1986 (38),Colchester United FC (17),1-3,?,Peterborough United FC (5)
?,(Sat) 13 Dec 1986 (49),Colchester United FC (18),0-2,?,Preston North End FC (5)
?,(Fri) 13 Feb 1987 (6),Colchester United FC (19),2-0,?,Rochdale AFC (5)
?,(Sat) 3 Jan 1987 (0),Colchester United FC (20),1-0,?,Scunthorpe United FC (5)
?,(Fri) 20 Mar 1987 (11),Colchester United FC (21),1-2,?,Southend United FC (5)
?,(Fri) 6 Mar 1987 (9),Colchester United FC (22),5-1,?,Stockport County FC (5)
?,(Fri) 24 Apr 1987 (16),Colchester United FC (23),2-1,?,Swansea City AFC (5)
?,(Fri) 12 Sep 1986 (36),Colchester United FC (24),3-0,?,Torquay United FC (5)
?,(Fri) 23 Jan 1987 (3),Colchester United FC (25),1-1,?,Tranmere Rovers FC (5)
?,(Fri) 31 Oct 1986 (43),Colchester United FC (26),3-0,?,Wolverhampton Wanderers FC (5)
?,(Fri) 3 Oct 1986 (39),Colchester United FC (27),2-1,?,Wrexham AFC (5)
?,(Sat) 25 Apr 1987 (16),Crewe Alexandra FC (6),1-3,?,Aldershot Town FC (28)
?,(Mon) 4 May 1987 (18),Crewe Alexandra FC (7),1-0,?,Burnley FC (28)
?,(Tue) 3 Mar 1987 (9),Crewe Alexandra FC (8),0-0,?,Cambridge United FC (28)
?,(Sat) 28 Mar 1987 (12),Crewe Alexandra FC (9),1-2,?,Cardiff City FC (28)
?,(Tue) 21 Oct 1986 (42),Crewe Alexandra FC (10),1-1,?,Colchester United FC (28)
?,(Tue) 16 Sep 1986 (37),Crewe Alexandra FC (11),2-2,?,Exeter City FC (6)
?,(Sat) 25 Oct 1986 (42),Crewe Alexandra FC (12),2-2,?,FC Halifax Town (6)
?,(Sat) 28 Feb 1987 (8),Crewe Alexandra FC (13),1-0,?,Hartlepool United FC (6)
?,(Sat) 30 Aug 1986 (34),Crewe Alexandra FC (14),1-2,?,Hereford United FC (1924-2014) (6)
?,(Fri) 10 Oct 1986 (40),Crewe Alexandra FC (15),3-2,?,Leyton Orient FC (6)
?,(Sat) 11 Apr 1987 (14),Crewe Alexandra FC (16),1-2,?,Lincoln City FC (6)
?,(Fri) 28 Nov 1986 (47),Crewe Alexandra FC (17),0-5,?,Northampton Town FC (6)
?,(Sat) 14 Feb 1987 (6),Crewe Alexandra FC (18),1-3,?,Peterborough United FC (6)
?,(Fri) 26 Dec 1986 (51),Crewe Alexandra FC (19),2-2,?,Preston North End FC (6)
?,(Tue) 31 Mar 1987 (13),Crewe Alexandra FC (20),5-1,?,Rochdale AFC (6)
?,(Sat) 24 Jan 1987 (3),Crewe Alexandra FC (21),2-2,?,Scunthorpe United FC (6)
?,(Fri) 13 Mar 1987 (10),Crewe Alexandra FC (22),2-1,?,Southend United FC (6)
?,(Fri) 17 Apr 1987 (15),Crewe Alexandra FC (23),5-0,?,Stockport County FC (6)
?,(Sat) 27 Sep 1986 (38),Crewe Alexandra FC (24),1-1,?,Swansea City AFC (6)
?,(Sat) 13 Dec 1986 (49),Crewe Alexandra FC (25),1-0,?,Torquay United FC (6)
?,(Sat) 3 Jan 1987 (0),Crewe Alexandra FC (26),3-2,?,Tranmere Rovers FC (6)
?,(Sat) 13 Sep 1986 (36),Crewe Alexandra FC (27),1-1,?,Wolverhampton Wanderers FC (6)
?,(Sat) 8 Nov 1986 (44),Crewe Alexandra FC (28),1-1,?,Wrexham AFC (6)
?,(Sat) 29 Nov 1986 (47),Exeter City FC (7),4-0,?,Aldershot Town FC (29)
?,(Sat) 25 Oct 1986 (42),Exeter City FC (8),3-0,?,Burnley FC (29)
?,(Sat) 31 Jan 1987 (4),Exeter City FC (9),1-1,?,Cambridge United FC (29)
?,(Sat) 20 Sep 1986 (37),Exeter City FC (10),0-0,?,Cardiff City FC (29)
?,(Sat) 17 Jan 1987 (2),Exeter City FC (11),2-0,?,Colchester United FC (29)
?,(Sat) 7 Feb 1987 (5),Exeter City FC (12),1-0,?,Crewe Alexandra FC (29)
?,(Sat) 11 Apr 1987 (14),Exeter City FC (13),2-2,?,FC Halifax Town (7)
?,(Wed) 22 Oct 1986 (42),Exeter City FC (14),2-0,?,Hartlepool United FC (7)
?,(Sat) 14 Mar 1987 (10),Exeter City FC (15),1-0,?,Hereford United FC (1924-2014) (7)
?,(Sat) 23 Aug 1986 (33),Exeter City FC (16),1-0,?,Leyton Orient FC (7)
?,(Sat) 11 Oct 1986 (40),Exeter City FC (17),2-0,?,Lincoln City FC (7)
?,(Sat) 3 Jan 1987 (0),Exeter City FC (18),1-1,?,Northampton Town FC (7)
?,(Sat) 8 Nov 1986 (44),Exeter City FC (19),1-1,?,Peterborough United FC (7)
?,(Wed) 4 Mar 1987 (9),Exeter City FC (20),1-2,?,Preston North End FC (7)
?,(Sat) 28 Mar 1987 (12),Exeter City FC (21),1-1,?,Rochdale AFC (7)
?,(Sat) 25 Apr 1987 (16),Exeter City FC (22),0-0,?,Scunthorpe United FC (7)
?,(Wed) 1 Oct 1986 (39),Exeter City FC (23),0-0,?,Southend United FC (7)
?,(Sat) 6 Sep 1986 (35),Exeter City FC (24),4-0,?,Stockport County FC (7)
?,(Sat) 18 Apr 1987 (15),Exeter City FC (25),2-2,?,Swansea City AFC (7)
?,(Fri) 26 Dec 1986 (51),Exeter City FC (26),2-2,?,Torquay United FC (7)
?,(Sat) 13 Dec 1986 (49),Exeter City FC (27),1-0,?,Tranmere Rovers FC (7)
?,(Mon) 4 May 1987 (18),Exeter City FC (28),1-3,?,Wolverhampton Wanderers FC (7)
?,(Sat) 21 Feb 1987 (7),Exeter City FC (29),4-2,?,Wrexham AFC (7)
?,(Sat) 23 Aug 1986 (33),FC Halifax Town (8),1-0,?,Aldershot Town FC (30)
?,(Sat) 21 Feb 1987 (7),FC Halifax Town (9),2-2,?,Burnley FC (30)
?,(Tue) 14 Apr 1987 (15),FC Halifax Town (10),1-0,?,Cambridge United FC (30)
?,(Fri) 31 Oct 1986 (43),FC Halifax Town (11),1-1,?,Cardiff City FC (30)
?,(Wed) 29 Apr 1987 (17),FC Halifax Town (12),0-0,?,Colchester United FC (30)
?,(Sat) 7 Mar 1987 (9),FC Halifax Town (13),0-3,?,Crewe Alexandra FC (30)
?,(Tue) 4 Nov 1986 (44),FC Halifax Town (14),2-0,?,Exeter City FC (30)
?,(Mon) 20 Apr 1987 (16),FC Halifax Town (15),1-0,?,Hartlepool United FC (8)
?,(Fri) 19 Dec 1986 (50),FC Halifax Town (16),2-1,?,Hereford United FC (1924-2014) (8)
?,(Fri) 21 Nov 1986 (46),FC Halifax Town (17),4-0,?,Leyton Orient FC (8)
?,(Tue) 24 Feb 1987 (8),FC Halifax Town (18),1-2,?,Lincoln City FC (8)
?,(Tue) 30 Sep 1986 (39),FC Halifax Town (19),3-6,?,Northampton Town FC (8)
?,(Sat) 9 May 1987 (18),FC Halifax Town (20),1-0,?,Peterborough United FC (8)
?,(Sat) 7 Feb 1987 (5),FC Halifax Town (21),1-3,?,Preston North End FC (8)
?,(Sat) 27 Dec 1986 (51),FC Halifax Town (22),3-1,?,Rochdale AFC (8)
?,(Fri) 3 Apr 1987 (13),FC Halifax Town (23),1-1,?,Scunthorpe United FC (8)
?,(Fri) 5 Sep 1986 (35),FC Halifax Town (24),0-1,?,Southend United FC (8)
?,(Fri) 19 Sep 1986 (37),FC Halifax Town (25),0-2,?,Stockport County FC (8)
?,(Sat) 4 Oct 1986 (39),FC Halifax Town (26),1-0,?,Swansea City AFC (8)
?,(Sat) 21 Mar 1987 (11),FC Halifax Town (27),2-4,?,Torquay United FC (8)
?,(Fri) 17 Oct 1986 (41),FC Halifax Town (28),0-0,?,Tranmere Rovers FC (8)
?,(Tue) 17 Mar 1987 (11),FC Halifax Town (29),3-4,?,Wolverhampton Wanderers FC (8)
?,(Sat) 31 Jan 1987 (4),FC Halifax Town (30),2-1,?,Wrexham AFC (8)
?,(Sat) 7 Mar 1987 (9),Hartlepool United FC (9),1-1,?,Aldershot Town FC (31)
?,(Sat) 31 Jan 1987 (4),Hartlepool United FC (10),2-2,?,Burnley FC (31)
?,(Sat) 6 Sep 1986 (35),Hartlepool United FC (11),2-2,?,Cambridge United FC (31)
?,(Sat) 23 Aug 1986 (33),Hartlepool United FC (12),1-1,?,Cardiff City FC (31)
?,(Fri) 6 Feb 1987 (5),Hartlepool United FC (13),1-0,?,Colchester United FC (31)
?,(Wed) 1 Oct 1986 (39),Hartlepool United FC (14),0-5,?,Crewe Alexandra FC (31)
?,(Wed) 18 Mar 1987 (11),Hartlepool United FC (15),1-0,?,Exeter City FC (31)
?,(Fri) 26 Dec 1986 (51),Hartlepool United FC (16),0-0,?,FC Halifax Town (31)
?,(Sat) 11 Oct 1986 (40),Hartlepool United FC (17),0-0,?,Hereford United FC (1924-2014) (9)
?,(Sat) 21 Feb 1987 (7),Hartlepool United FC (18),1-3,?,Leyton Orient FC (9)
?,(Sun) 29 Mar 1987 (12),Hartlepool United FC (19),2-1,?,Lincoln City FC (9)
?,(Sat) 1 Nov 1986 (43),Hartlepool United FC (20),3-3,?,Northampton Town FC (9)
?,(Sat) 18 Oct 1986 (41),Hartlepool United FC (21),1-2,?,Peterborough United FC (9)
?,(Mon) 4 May 1987 (18),Hartlepool United FC (22),2-2,?,Preston North End FC (9)
?,(Sat) 4 Apr 1987 (13),Hartlepool United FC (23),1-1,?,Rochdale AFC (9)
?,(Fri) 17 Apr 1987 (15),Hartlepool United FC (24),0-2,?,Scunthorpe United FC (9)
?,(Tue) 14 Apr 1987 (15),Hartlepool United FC (25),1-0,?,Southend United FC (9)
?,(Fri) 28 Nov 1986 (47),Hartlepool United FC (26),1-0,?,Stockport County FC (9)
?,(Sat) 3 Jan 1987 (0),Hartlepool United FC (27),1-1,?,Swansea City AFC (9)
?,(Tue) 4 Nov 1986 (44),Hartlepool United FC (28),2-1,?,Torquay United FC (9)
?,(Fri) 24 Apr 1987 (16),Hartlepool United FC (29),1-1,?,Tranmere Rovers FC (9)
?,(Sat) 13 Dec 1986 (49),Hartlepool United FC (30),0-1,?,Wolverhampton Wanderers FC (9)
?,(Sun) 21 Sep 1986 (37),Hartlepool United FC (31),0-1,?,Wrexham AFC (9)
?,(Sat) 1 Nov 1986 (43),Hereford United FC (1924-2014) (10),1-0,?,Aldershot Town FC (32)
?,(Sat) 6 Sep 1986 (35),Hereford United FC (1924-2014) (11),2-0,?,Burnley FC (32)
?,(Sat) 13 Dec 1986 (49),Hereford United FC (1924-2014) (12),2-3,?,Cambridge United FC (32)
?,(Sat) 21 Feb 1987 (7),Hereford United FC (1924-2014) (13),0-2,?,Cardiff City FC (32)
?,(Wed) 1 Oct 1986 (39),Hereford United FC (1924-2014) (14),2-3,?,Colchester United FC (32)
?,(Wed) 28 Jan 1987 (4),Hereford United FC (1924-2014) (15),2-0,?,Crewe Alexandra FC (32)
?,(Sat) 18 Oct 1986 (41),Hereford United FC (1924-2014) (16),1-1,?,Exeter City FC (32)
?,(Sun) 26 Apr 1987 (16),Hereford United FC (1924-2014) (17),1-0,?,FC Halifax Town (32)
?,(Sat) 21 Mar 1987 (11),Hereford United FC (1924-2014) (18),4-0,?,Hartlepool United FC (32)
?,(Sat) 20 Sep 1986 (37),Hereford United FC (1924-2014) (19),1-1,?,Leyton Orient FC (10)
?,(Sat) 8 Nov 1986 (44),Hereford United FC (1924-2014) (20),0-0,?,Lincoln City FC (10)
?,(Wed) 8 Apr 1987 (14),Hereford United FC (1924-2014) (21),3-2,?,Northampton Town FC (10)
?,(Sat) 4 Oct 1986 (39),Hereford United FC (1924-2014) (22),2-0,?,Peterborough United FC (10)
?,(Wed) 25 Feb 1987 (8),Hereford United FC (1924-2014) (23),2-3,?,Preston North End FC (10)
?,(Wed) 18 Mar 1987 (11),Hereford United FC (1924-2014) (24),0-1,?,Rochdale AFC (10)
?,(Sat) 29 Nov 1986 (47),Hereford United FC (1924-2014) (25),2-2,?,Scunthorpe United FC (10)
?,(Sat) 7 Feb 1987 (5),Hereford United FC (1924-2014) (26),0-1,?,Southend United FC (10)
?,(Sat) 11 Apr 1987 (14),Hereford United FC (1924-2014) (27),1-2,?,Stockport County FC (10)
?,(Mon) 4 May 1987 (18),Hereford United FC (1924-2014) (28),2-0,?,Swansea City AFC (10)
?,(Sat) 3 Jan 1987 (0),Hereford United FC (1924-2014) (29),2-2,?,Torquay United FC (10)
?,(Sat) 18 Apr 1987 (15),Hereford United FC (1924-2014) (30),1-0,?,Tranmere Rovers FC (10)
?,(Fri) 26 Dec 1986 (51),Hereford United FC (1924-2014) (31),2-0,?,Wolverhampton Wanderers FC (10)
?,(Sat) 23 Aug 1986 (33),Hereford United FC (1924-2014) (32),0-0,?,Wrexham AFC (10)
?,(Fri) 26 Dec 1986 (51),Leyton Orient FC (11),1-3,?,Aldershot Town FC (33)
?,(Sat) 13 Dec 1986 (49),Leyton Orient FC (12),2-0,?,Burnley FC (33)
?,(Sat) 18 Apr 1987 (15),Leyton Orient FC (13),3-0,?,Cambridge United FC (33)
?,(Tue) 17 Mar 1987 (11),Leyton Orient FC (14),2-0,?,Cardiff City FC (33)
?,(Fri) 3 Apr 1987 (13),Leyton Orient FC (15),1-0,?,Colchester United FC (33)
?,(Sat) 21 Mar 1987 (11),Leyton Orient FC (16),1-1,?,Crewe Alexandra FC (33)
?,(Tue) 7 Apr 1987 (14),Leyton Orient FC (17),2-0,?,Exeter City FC (33)
?,(Sat) 3 Jan 1987 (0),Leyton Orient FC (18),1-3,?,FC Halifax Town (33)
?,(Sat) 27 Sep 1986 (38),Leyton Orient FC (19),2-0,?,Hartlepool United FC (33)
?,(Sat) 14 Feb 1987 (6),Leyton Orient FC (20),2-0,?,Hereford United FC (1924-2014) (33)
?,(Sat) 28 Feb 1987 (8),Leyton Orient FC (21),2-1,?,Lincoln City FC (11)
?,(Tue) 4 Nov 1986 (44),Leyton Orient FC (22),0-1,?,Northampton Town FC (11)
?,(Sat) 30 Aug 1986 (34),Leyton Orient FC (23),1-0,?,Peterborough United FC (11)
?,(Sat) 25 Apr 1987 (16),Leyton Orient FC (24),1-2,?,Preston North End FC (11)
?,(Tue) 16 Sep 1986 (37),Leyton Orient FC (25),3-0,?,Rochdale AFC (11)
?,(Sat) 13 Sep 1986 (36),Leyton Orient FC (26),3-1,?,Scunthorpe United FC (11)
?,(Sat) 4 Oct 1986 (39),Leyton Orient FC (27),1-0,?,Southend United FC (11)
?,(Fri) 31 Oct 1986 (43),Leyton Orient FC (28),1-0,?,Stockport County FC (11)
?,(Sat) 24 Jan 1987 (3),Leyton Orient FC (29),1-4,?,Swansea City AFC (11)
?,(Mon) 4 May 1987 (18),Leyton Orient FC (30),3-2,?,Torquay United FC (11)
?,(Sat) 29 Nov 1986 (47),Leyton Orient FC (31),2-2,?,Tranmere Rovers FC (11)
?,(Sat) 7 Mar 1987 (9),Leyton Orient FC (32),3-1,?,Wolverhampton Wanderers FC (11)
?,(Sat) 18 Oct 1986 (41),Leyton Orient FC (33),2-4,?,Wrexham AFC (11)
?,(Tue) 31 Mar 1987 (13),Lincoln City FC (12),0-2,?,Aldershot Town FC (34)
?,(Sat) 3 Jan 1987 (0),Lincoln City FC (13),2-1,?,Burnley FC (34)
?,(Sun) 22 Feb 1987 (7),Lincoln City FC (14),0-3,?,Cambridge United FC (34)
?,(Sat) 7 Feb 1987 (5),Lincoln City FC (15),0-1,?,Cardiff City FC (34)
?,(Sat) 23 Aug 1986 (33),Lincoln City FC (16),3-1,?,Colchester United FC (34)
?,(Tue) 4 Nov 1986 (44),Lincoln City FC (17),2-1,?,Crewe Alexandra FC (34)
?,(Sat) 21 Mar 1987 (11),Lincoln City FC (18),1-1,?,Exeter City FC (34)
?,(Sat) 18 Apr 1987 (15),Lincoln City FC (19),0-0,?,FC Halifax Town (34)
?,(Sun) 5 Oct 1986 (39),Lincoln City FC (20),1-4,?,Hartlepool United FC (34)
?,(Sat) 4 Apr 1987 (13),Lincoln City FC (21),0-0,?,Hereford United FC (1924-2014) (34)
?,(Tue) 30 Sep 1986 (39),Lincoln City FC (22),2-0,?,Leyton Orient FC (34)
?,(Sun) 26 Apr 1987 (16),Lincoln City FC (23),3-1,?,Northampton Town FC (12)
?,(Sun) 8 Mar 1987 (9),Lincoln City FC (24),1-2,?,Peterborough United FC (12)
?,(Sat) 6 Sep 1986 (35),Lincoln City FC (25),1-1,?,Preston North End FC (12)
?,(Sat) 18 Oct 1986 (41),Lincoln City FC (26),1-1,?,Rochdale AFC (12)
?,(Mon) 4 May 1987 (18),Lincoln City FC (27),1-2,?,Scunthorpe United FC (12)
?,(Sat) 20 Sep 1986 (37),Lincoln City FC (28),1-3,?,Southend United FC (12)
?,(Fri) 26 Dec 1986 (51),Lincoln City FC (29),0-0,?,Stockport County FC (12)
?,(Sat) 13 Dec 1986 (49),Lincoln City FC (30),4-0,?,Swansea City AFC (12)
?,(Tue) 17 Mar 1987 (11),Lincoln City FC (31),1-1,?,Torquay United FC (12)
?,(Sat) 1 Nov 1986 (43),Lincoln City FC (32),3-1,?,Tranmere Rovers FC (12)
?,(Sat) 29 Nov 1986 (47),Lincoln City FC (33),3-0,?,Wolverhampton Wanderers FC (12)
?,(Tue) 14 Apr 1987 (15),Lincoln City FC (34),0-1,?,Wrexham AFC (12)
?,(Sat) 4 Oct 1986 (39),Northampton Town FC (13),4-2,?,Aldershot Town FC (35)
?,(Wed) 22 Oct 1986 (42),Northampton Town FC (14),4-2,?,Burnley FC (35)
?,(Sat) 14 Mar 1987 (10),Northampton Town FC (15),3-0,?,Cambridge United FC (35)
?,(Sun) 28 Dec 1986 (51),Northampton Town FC (16),4-1,?,Cardiff City FC (35)
?,(Thu) 1 Jan 1987 (0),Northampton Town FC (17),3-2,?,Colchester United FC (35)
?,(Wed) 29 Apr 1987 (17),Northampton Town FC (18),2-1,?,Crewe Alexandra FC (35)
?,(Tue) 2 Dec 1986 (48),Northampton Town FC (19),4-0,?,Exeter City FC (35)
?,(Fri) 27 Feb 1987 (8),Northampton Town FC (20),1-0,?,FC Halifax Town (35)
?,(Wed) 4 Mar 1987 (9),Northampton Town FC (21),1-1,?,Hartlepool United FC (35)
?,(Sat) 25 Oct 1986 (42),Northampton Town FC (22),3-2,?,Hereford United FC (1924-2014) (35)
?,(Sun) 12 Apr 1987 (14),Northampton Town FC (23),2-0,?,Leyton Orient FC (35)
?,(Sun) 21 Dec 1986 (50),Northampton Town FC (24),3-1,?,Lincoln City FC (35)
?,(Sun) 14 Sep 1986 (36),Northampton Town FC (25),2-1,?,Peterborough United FC (13)
?,(Sat) 8 Nov 1986 (44),Northampton Town FC (26),3-1,?,Preston North End FC (13)
?,(Sat) 24 Jan 1987 (3),Northampton Town FC (27),5-0,?,Rochdale AFC (13)
?,(Wed) 11 Mar 1987 (10),Northampton Town FC (28),1-0,?,Scunthorpe United FC (13)
?,(Mon) 20 Apr 1987 (16),Northampton Town FC (29),2-1,?,Southend United FC (13)
?,(Sat) 21 Mar 1987 (11),Northampton Town FC (30),2-1,?,Stockport County FC (13)
?,(Sat) 14 Feb 1987 (6),Northampton Town FC (31),0-1,?,Swansea City AFC (13)
?,(Sun) 31 Aug 1986 (34),Northampton Town FC (32),1-0,?,Torquay United FC (13)
?,(Wed) 17 Sep 1986 (37),Northampton Town FC (33),2-0,?,Tranmere Rovers FC (13)
?,(Sat) 27 Sep 1986 (38),Northampton Town FC (34),2-1,?,Wolverhampton Wanderers FC (13)
?,(Sat) 13 Dec 1986 (49),Northampton Town FC (35),2-2,?,Wrexham AFC (13)
?,(Sat) 6 Sep 1986 (35),Peterborough United FC (14),1-1,?,Aldershot Town FC (36)
?,(Wed) 4 Mar 1987 (9),Peterborough United FC (15),1-1,?,Burnley FC (36)
?,(Sun) 4 Jan 1987 (0),Peterborough United FC (16),2-1,?,Cambridge United FC (36)
?,(Wed) 1 Oct 1986 (39),Peterborough United FC (17),1-2,?,Cardiff City FC (36)
?,(Sat) 21 Feb 1987 (7),Peterborough United FC (18),2-0,?,Colchester United FC (36)
?,(Sat) 20 Sep 1986 (37),Peterborough United FC (19),1-2,?,Crewe Alexandra FC (36)
?,(Sat) 4 Apr 1987 (13),Peterborough United FC (20),2-2,?,Exeter City FC (36)
?,(Sat) 13 Dec 1986 (49),Peterborough United FC (21),2-0,?,FC Halifax Town (36)
?,(Sat) 14 Mar 1987 (10),Peterborough United FC (22),3-1,?,Hartlepool United FC (36)
?,(Sat) 28 Mar 1987 (12),Peterborough United FC (23),2-1,?,Hereford United FC (1924-2014) (36)
?,(Sat) 17 Jan 1987 (2),Peterborough United FC (24),0-1,?,Leyton Orient FC (36)
?,(Sat) 25 Oct 1986 (42),Peterborough United FC (25),0-1,?,Lincoln City FC (36)
?,(Sat) 31 Jan 1987 (4),Peterborough United FC (26),0-1,?,Northampton Town FC (36)
?,(Sat) 29 Nov 1986 (47),Peterborough United FC (27),2-1,?,Preston North End FC (14)
?,(Sat) 11 Oct 1986 (40),Peterborough United FC (28),1-1,?,Rochdale AFC (14)
?,(Fri) 26 Dec 1986 (51),Peterborough United FC (29),1-1,?,Scunthorpe United FC (14)
?,(Sat) 23 Aug 1986 (33),Peterborough United FC (30),2-0,?,Southend United FC (14)
?,(Mon) 4 May 1987 (18),Peterborough United FC (31),0-0,?,Stockport County FC (14)
?,(Wed) 22 Oct 1986 (42),Peterborough United FC (32),1-1,?,Swansea City AFC (14)
?,(Sat) 25 Apr 1987 (16),Peterborough United FC (33),2-1,?,Torquay United FC (14)
?,(Wed) 5 Nov 1986 (44),Peterborough United FC (34),2-1,?,Tranmere Rovers FC (14)
?,(Sat) 18 Apr 1987 (15),Peterborough United FC (35),0-1,?,Wolverhampton Wanderers FC (14)
?,(Sat) 7 Feb 1987 (5),Peterborough United FC (36),1-0,?,Wrexham AFC (14)
?,(Sat) 18 Oct 1986 (41),Preston North End FC (15),1-2,?,Aldershot Town FC (37)
?,(Sat) 28 Mar 1987 (12),Preston North End FC (16),2-1,?,Burnley FC (37)
?,(Sat) 11 Oct 1986 (40),Preston North End FC (17),1-0,?,Cambridge United FC (37)
?,(Tue) 4 Nov 1986 (44),Preston North End FC (18),0-1,?,Cardiff City FC (37)
?,(Sat) 9 May 1987 (18),Preston North End FC (19),1-0,?,Colchester United FC (37)
?,(Mon) 20 Apr 1987 (16),Preston North End FC (20),2-1,?,Crewe Alexandra FC (37)
?,(Sat) 1 Nov 1986 (43),Preston North End FC (21),2-1,?,Exeter City FC (37)
?,(Tue) 16 Sep 1986 (37),Preston North End FC (22),3-2,?,FC Halifax Town (37)
?,(Sat) 27 Dec 1986 (51),Preston North End FC (23),0-0,?,Hartlepool United FC (37)
?,(Sat) 13 Sep 1986 (36),Preston North End FC (24),2-1,?,Hereford United FC (1924-2014) (37)
?,(Sat) 20 Dec 1986 (50),Preston North End FC (25),1-0,?,Leyton Orient FC (37)
?,(Sat) 24 Jan 1987 (3),Preston North End FC (26),3-0,?,Lincoln City FC (37)
?,(Fri) 3 Apr 1987 (13),Preston North End FC (27),1-0,?,Northampton Town FC (37)
?,(Sat) 2 May 1987 (17),Preston North End FC (28),0-0,?,Peterborough United FC (37)
?,(Tue) 14 Apr 1987 (15),Preston North End FC (29),2-4,?,Rochdale AFC (15)
?,(Sat) 14 Feb 1987 (6),Preston North End FC (30),2-1,?,Scunthorpe United FC (15)
?,(Sat) 22 Nov 1986 (46),Preston North End FC (31),2-0,?,Southend United FC (15)
?,(Tue) 17 Mar 1987 (11),Preston North End FC (32),3-0,?,Stockport County FC (15)
?,(Sat) 30 Aug 1986 (34),Preston North End FC (33),2-1,?,Swansea City AFC (15)
?,(Sat) 27 Sep 1986 (38),Preston North End FC (34),1-1,?,Torquay United FC (15)
?,(Tue) 28 Apr 1987 (17),Preston North End FC (35),2-0,?,Tranmere Rovers FC (15)
?,(Sat) 28 Feb 1987 (8),Preston North End FC (36),2-2,?,Wolverhampton Wanderers FC (15)
?,(Thu) 1 Jan 1987 (0),Preston North End FC (37),1-0,?,Wrexham AFC (15)
?,(Tue) 24 Feb 1987 (8),Rochdale AFC (16),3-1,?,Aldershot Town FC (38)
?,(Sat) 18 Apr 1987 (15),Rochdale AFC (17),0-2,?,Burnley FC (38)
?,(Sat) 25 Apr 1987 (16),Rochdale AFC (18),2-0,?,Cambridge United FC (38)
?,(Tue) 10 Mar 1987 (10),Rochdale AFC (19),0-0,?,Cardiff City FC (38)
?,(Sat) 20 Sep 1986 (37),Rochdale AFC (20),1-0,?,Colchester United FC (38)
?,(Sat) 23 Aug 1986 (33),Rochdale AFC (21),1-1,?,Crewe Alexandra FC (38)
?,(Sat) 4 Oct 1986 (39),Rochdale AFC (22),0-0,?,Exeter City FC (38)
?,(Mon) 4 May 1987 (18),Rochdale AFC (23),5-3,?,FC Halifax Town (38)
?,(Sat) 8 Nov 1986 (44),Rochdale AFC (24),0-2,?,Hartlepool United FC (38)
?,(Tue) 21 Oct 1986 (42),Rochdale AFC (25),2-0,?,Hereford United FC (1924-2014) (38)
?,(Sat) 7 Feb 1987 (5),Rochdale AFC (26),0-0,?,Leyton Orient FC (38)
?,(Sat) 14 Mar 1987 (10),Rochdale AFC (27),1-1,?,Lincoln City FC (38)
?,(Sat) 6 Sep 1986 (35),Rochdale AFC (28),1-2,?,Northampton Town FC (38)
?,(Sat) 21 Mar 1987 (11),Rochdale AFC (29),3-2,?,Peterborough United FC (38)
?,(Tue) 7 Apr 1987 (14),Rochdale AFC (30),0-2,?,Preston North End FC (38)
?,(Sat) 13 Dec 1986 (49),Rochdale AFC (31),1-1,?,Scunthorpe United FC (16)
?,(Sat) 21 Feb 1987 (7),Rochdale AFC (32),1-2,?,Southend United FC (16)
?,(Wed) 6 May 1987 (18),Rochdale AFC (33),2-1,?,Stockport County FC (16)
?,(Wed) 29 Apr 1987 (17),Rochdale AFC (34),2-0,?,Swansea City AFC (16)
?,(Sat) 29 Nov 1986 (47),Rochdale AFC (35),3-3,?,Torquay United FC (16)
?,(Fri) 26 Dec 1986 (51),Rochdale AFC (36),0-1,?,Tranmere Rovers FC (16)
?,(Sat) 11 Apr 1987 (14),Rochdale AFC (37),0-3,?,Wolverhampton Wanderers FC (16)
?,(Wed) 25 Mar 1987 (12),Rochdale AFC (38),3-3,?,Wrexham AFC (16)
?,(Sat) 7 Feb 1987 (5),Scunthorpe United FC (17),2-0,?,Aldershot Town FC (39)
?,(Tue) 28 Apr 1987 (17),Scunthorpe United FC (18),2-1,?,Burnley FC (39)
?,(Tue) 30 Sep 1986 (39),Scunthorpe United FC (19),1-1,?,Cambridge United FC (39)
?,(Sat) 7 Mar 1987 (9),Scunthorpe United FC (20),1-3,?,Cardiff City FC (39)
?,(Fri) 21 Nov 1986 (46),Scunthorpe United FC (21),5-2,?,Colchester United FC (39)
?,(Sun) 7 Sep 1986 (35),Scunthorpe United FC (22),2-1,?,Crewe Alexandra FC (39)
?,(Fri) 19 Dec 1986 (50),Scunthorpe United FC (23),3-1,?,Exeter City FC (39)
?,(Sun) 9 Nov 1986 (44),Scunthorpe United FC (24),2-1,?,FC Halifax Town (39)
?,(Thu) 1 Jan 1987 (0),Scunthorpe United FC (25),1-2,?,Hartlepool United FC (39)
?,(Fri) 1 May 1987 (17),Scunthorpe United FC (26),3-1,?,Hereford United FC (1924-2014) (39)
?,(Tue) 10 Feb 1987 (6),Scunthorpe United FC (27),0-2,?,Leyton Orient FC (39)
?,(Sat) 27 Dec 1986 (51),Scunthorpe United FC (28),2-1,?,Lincoln City FC (39)
?,(Sat) 23 Aug 1986 (33),Scunthorpe United FC (29),2-2,?,Northampton Town FC (39)
?,(Mon) 20 Apr 1987 (16),Scunthorpe United FC (30),2-0,?,Peterborough United FC (39)
?,(Fri) 19 Sep 1986 (37),Scunthorpe United FC (31),4-0,?,Preston North End FC (39)
?,(Sat) 9 May 1987 (18),Scunthorpe United FC (32),2-0,?,Rochdale AFC (39)
?,(Sat) 11 Apr 1987 (14),Scunthorpe United FC (33),3-0,?,Southend United FC (17)
?,(Sat) 21 Feb 1987 (7),Scunthorpe United FC (34),1-2,?,Stockport County FC (17)
?,(Sat) 21 Mar 1987 (11),Scunthorpe United FC (35),3-2,?,Swansea City AFC (17)
?,(Fri) 17 Oct 1986 (41),Scunthorpe United FC (36),2-0,?,Torquay United FC (17)
?,(Sat) 31 Jan 1987 (4),Scunthorpe United FC (37),6-0,?,Tranmere Rovers FC (17)
?,(Sun) 5 Oct 1986 (39),Scunthorpe United FC (38),0-2,?,Wolverhampton Wanderers FC (17)
?,(Sat) 1 Nov 1986 (43),Scunthorpe United FC (39),3-3,?,Wrexham AFC (17)
?,(Sat) 18 Apr 1987 (15),Southend United FC (18),2-0,?,Aldershot Town FC (40)
?,(Fri) 28 Nov 1986 (47),Southend United FC (19),2-1,?,Burnley FC (40)
?,(Tue) 5 May 1987 (18),Southend United FC (20),3-1,?,Cambridge United FC (40)
?,(Fri) 3 Apr 1987 (13),Southend United FC (21),2-0,?,Cardiff City FC (40)
?,(Fri) 10 Oct 1986 (40),Southend United FC (22),1-1,?,Colchester United FC (40)
?,(Sat) 18 Oct 1986 (41),Southend United FC (23),3-1,?,Crewe Alexandra FC (40)
?,(Fri) 27 Feb 1987 (8),Southend United FC (24),2-1,?,Exeter City FC (40)
?,(Tue) 3 Feb 1987 (5),Southend United FC (25),2-3,?,FC Halifax Town (40)
?,(Fri) 29 Aug 1986 (34),Southend United FC (26),1-1,?,Hartlepool United FC (40)
?,(Tue) 16 Sep 1986 (37),Southend United FC (27),2-0,?,Hereford United FC (1924-2014) (40)
?,(Fri) 27 Mar 1987 (12),Southend United FC (28),2-1,?,Leyton Orient FC (40)
?,(Sat) 14 Feb 1987 (6),Southend United FC (29),1-0,?,Lincoln City FC (40)
?,(Fri) 26 Dec 1986 (51),Southend United FC (30),0-4,?,Northampton Town FC (40)
?,(Sat) 10 Jan 1987 (1),Southend United FC (31),2-2,?,Peterborough United FC (40)
?,(Sat) 3 Jan 1987 (0),Southend United FC (32),1-2,?,Preston North End FC (40)
?,(Fri) 26 Sep 1986 (38),Southend United FC (33),5-3,?,Rochdale AFC (40)
?,(Tue) 4 Nov 1986 (44),Southend United FC (34),3-1,?,Scunthorpe United FC (40)
?,(Sat) 13 Dec 1986 (49),Southend United FC (35),0-0,?,Stockport County FC (18)
?,(Fri) 12 Sep 1986 (36),Southend United FC (36),1-2,?,Swansea City AFC (18)
?,(Fri) 31 Oct 1986 (43),Southend United FC (37),4-0,?,Torquay United FC (18)
?,(Fri) 6 Mar 1987 (9),Southend United FC (38),3-0,?,Tranmere Rovers FC (18)
?,(Fri) 24 Apr 1987 (16),Southend United FC (39),1-0,?,Wolverhampton Wanderers FC (18)
?,(Tue) 17 Mar 1987 (11),Southend United FC (40),0-3,?,Wrexham AFC (18)
?,(Fri) 3 Apr 1987 (13),Stockport County FC (19),0-0,?,Aldershot Town FC (41)
?,(Fri) 13 Mar 1987 (10),Stockport County FC (20),0-1,?,Burnley FC (41)
?,(Fri) 27 Mar 1987 (12),Stockport County FC (21),3-2,?,Cambridge United FC (41)
?,(Sat) 22 Nov 1986 (46),Stockport County FC (22),2-0,?,Cardiff City FC (41)
?,(Fri) 24 Oct 1986 (42),Stockport County FC (23),1-1,?,Colchester United FC (41)
?,(Thu) 1 Jan 1987 (0),Stockport County FC (24),2-1,?,Crewe Alexandra FC (41)
?,(Fri) 23 Jan 1987 (3),Stockport County FC (25),0-0,?,Exeter City FC (41)
?,(Sat) 14 Feb 1987 (6),Stockport County FC (26),2-0,?,FC Halifax Town (41)
?,(Fri) 1 May 1987 (17),Stockport County FC (27),0-2,?,Hartlepool United FC (41)
?,(Mon) 3 Nov 1986 (44),Stockport County FC (28),1-2,?,Hereford United FC (1924-2014) (41)
?,(Mon) 2 Mar 1987 (9),Stockport County FC (29),2-2,?,Leyton Orient FC (41)
?,(Mon) 20 Apr 1987 (16),Stockport County FC (30),1-0,?,Lincoln City FC (41)
?,(Mon) 27 Oct 1986 (43),Stockport County FC (31),0-3,?,Northampton Town FC (41)
?,(Sat) 27 Dec 1986 (51),Stockport County FC (32),3-1,?,Peterborough United FC (41)
?,(Mon) 20 Oct 1986 (42),Stockport County FC (33),1-3,?,Preston North End FC (41)
?,(Fri) 12 Sep 1986 (36),Stockport County FC (34),1-1,?,Rochdale AFC (41)
?,(Mon) 13 Apr 1987 (15),Stockport County FC (35),1-0,?,Scunthorpe United FC (41)
?,(Fri) 8 May 1987 (18),Stockport County FC (36),0-2,?,Southend United FC (41)
?,(Mon) 27 Apr 1987 (17),Stockport County FC (37),3-1,?,Swansea City AFC (19)
?,(Fri) 27 Feb 1987 (8),Stockport County FC (38),0-0,?,Torquay United FC (19)
?,(Fri) 29 Aug 1986 (34),Stockport County FC (39),0-2,?,Tranmere Rovers FC (19)
?,(Mon) 15 Sep 1986 (37),Stockport County FC (40),0-2,?,Wolverhampton Wanderers FC (19)
?,(Fri) 19 Dec 1986 (50),Stockport County FC (41),2-1,?,Wrexham AFC (19)
?,(Tue) 30 Sep 1986 (39),Swansea City AFC (20),2-1,?,Aldershot Town FC (42)
?,(Fri) 6 Feb 1987 (5),Swansea City AFC (21),2-2,?,Burnley FC (42)
?,(Tue) 4 Nov 1986 (44),Swansea City AFC (22),2-0,?,Cambridge United FC (42)
?,(Mon) 20 Apr 1987 (16),Swansea City AFC (23),2-0,?,Cardiff City FC (42)
?,(Sat) 20 Dec 1986 (50),Swansea City AFC (24),1-2,?,Colchester United FC (42)
?,(Sat) 21 Feb 1987 (7),Swansea City AFC (25),1-1,?,Crewe Alexandra FC (42)
?,(Thu) 1 Jan 1987 (0),Swansea City AFC (26),1-0,?,Exeter City FC (42)
?,(Sun) 29 Mar 1987 (12),Swansea City AFC (27),0-2,?,FC Halifax Town (42)
?,(Sat) 22 Nov 1986 (46),Swansea City AFC (28),1-0,?,Hartlepool United FC (42)
?,(Sat) 27 Dec 1986 (51),Swansea City AFC (29),1-3,?,Hereford United FC (1924-2014) (42)
?,(Sat) 6 Sep 1986 (35),Swansea City AFC (30),4-1,?,Leyton Orient FC (42)
?,(Sat) 9 May 1987 (18),Swansea City AFC (31),2-0,?,Lincoln City FC (42)
?,(Sat) 20 Sep 1986 (37),Swansea City AFC (32),2-1,?,Northampton Town FC (42)
?,(Tue) 17 Mar 1987 (11),Swansea City AFC (33),0-1,?,Peterborough United FC (42)
?,(Sat) 17 Jan 1987 (2),Swansea City AFC (34),1-1,?,Preston North End FC (42)
?,(Sat) 1 Nov 1986 (43),Swansea City AFC (35),1-0,?,Rochdale AFC (42)
?,(Sat) 11 Oct 1986 (40),Swansea City AFC (36),1-2,?,Scunthorpe United FC (42)
?,(Sat) 31 Jan 1987 (4),Swansea City AFC (37),1-0,?,Southend United FC (42)
?,(Sat) 23 Aug 1986 (33),Swansea City AFC (38),3-0,?,Stockport County FC (42)
?,(Tue) 7 Apr 1987 (14),Swansea City AFC (39),0-1,?,Torquay United FC (20)
?,(Fri) 3 Apr 1987 (13),Swansea City AFC (40),2-0,?,Tranmere Rovers FC (20)
?,(Sat) 18 Oct 1986 (41),Swansea City AFC (41),1-0,?,Wolverhampton Wanderers FC (20)
?,(Sat) 2 May 1987 (17),Swansea City AFC (42),0-3,?,Wrexham AFC (20)
?,(Sat) 20 Sep 1986 (37),Torquay United FC (21),2-2,?,Aldershot Town FC (43)
?,(Sat) 23 Aug 1986 (33),Torquay United FC (22),1-1,?,Burnley FC (43)
?,(Sat) 7 Feb 1987 (5),Torquay United FC (23),1-0,?,Cambridge United FC (43)
?,(Tue) 28 Apr 1987 (17),Torquay United FC (24),1-0,?,Cardiff City FC (43)
?,(Sat) 31 Jan 1987 (4),Torquay United FC (25),3-1,?,Colchester United FC (43)
?,(Sat) 9 May 1987 (18),Torquay United FC (26),2-2,?,Crewe Alexandra FC (43)
?,(Mon) 20 Apr 1987 (16),Torquay United FC (27),1-1,?,Exeter City FC (43)
?,(Sat) 11 Oct 1986 (40),Torquay United FC (28),1-0,?,FC Halifax Town (43)
?,(Sat) 11 Apr 1987 (14),Torquay United FC (29),0-1,?,Hartlepool United FC (43)
?,(Sat) 22 Nov 1986 (46),Torquay United FC (30),1-1,?,Hereford United FC (1924-2014) (43)
?,(Sat) 27 Dec 1986 (51),Torquay United FC (31),2-2,?,Leyton Orient FC (43)
?,(Tue) 21 Oct 1986 (42),Torquay United FC (32),0-1,?,Lincoln City FC (43)
?,(Tue) 24 Feb 1987 (8),Torquay United FC (33),0-1,?,Northampton Town FC (43)
?,(Tue) 31 Mar 1987 (13),Torquay United FC (34),1-0,?,Peterborough United FC (43)
?,(Sat) 21 Feb 1987 (7),Torquay United FC (35),0-2,?,Preston North End FC (43)
?,(Sat) 2 May 1987 (17),Torquay United FC (36),2-1,?,Rochdale AFC (43)
?,(Sat) 14 Mar 1987 (10),Torquay United FC (37),2-2,?,Scunthorpe United FC (43)
?,(Tue) 3 Mar 1987 (9),Torquay United FC (38),2-1,?,Southend United FC (43)
?,(Tue) 30 Sep 1986 (39),Torquay United FC (39),0-0,?,Stockport County FC (43)
?,(Sat) 25 Oct 1986 (42),Torquay United FC (40),3-5,?,Swansea City AFC (43)
?,(Sat) 28 Mar 1987 (12),Torquay United FC (41),0-2,?,Tranmere Rovers FC (21)
?,(Sat) 8 Nov 1986 (44),Torquay United FC (42),1-2,?,Wolverhampton Wanderers FC (21)
?,(Sat) 6 Sep 1986 (35),Torquay United FC (43),2-1,?,Wrexham AFC (21)
?,(Sat) 21 Feb 1987 (7),Tranmere Rovers FC (22),1-1,?,Aldershot Town FC (44)
?,(Tue) 30 Sep 1986 (39),Tranmere Rovers FC (23),2-1,?,Burnley FC (44)
?,(Sat) 20 Sep 1986 (37),Tranmere Rovers FC (24),1-1,?,Cambridge United FC (44)
?,(Tue) 24 Feb 1987 (8),Tranmere Rovers FC (25),2-1,?,Cardiff City FC (44)
?,(Fri) 5 Sep 1986 (35),Tranmere Rovers FC (26),3-4,?,Colchester United FC (44)
?,(Sat) 22 Nov 1986 (46),Tranmere Rovers FC (27),3-2,?,Crewe Alexandra FC (44)
?,(Fri) 8 May 1987 (18),Tranmere Rovers FC (28),1-0,?,Exeter City FC (44)
?,(Fri) 13 Mar 1987 (10),Tranmere Rovers FC (29),3-4,?,FC Halifax Town (44)
?,(Sat) 10 Jan 1987 (1),Tranmere Rovers FC (30),1-1,?,Hartlepool United FC (44)
?,(Thu) 1 Jan 1987 (0),Tranmere Rovers FC (31),3-3,?,Hereford United FC (1924-2014) (44)
?,(Fri) 1 May 1987 (17),Tranmere Rovers FC (32),1-3,?,Leyton Orient FC (44)
?,(Tue) 3 Mar 1987 (9),Tranmere Rovers FC (33),2-0,?,Lincoln City FC (44)
?,(Fri) 6 Feb 1987 (5),Tranmere Rovers FC (34),1-1,?,Northampton Town FC (44)
?,(Sat) 11 Apr 1987 (14),Tranmere Rovers FC (35),1-1,?,Peterborough United FC (44)
?,(Sat) 23 Aug 1986 (33),Tranmere Rovers FC (36),1-1,?,Preston North End FC (44)
?,(Mon) 20 Apr 1987 (16),Tranmere Rovers FC (37),1-1,?,Rochdale AFC (44)
?,(Tue) 21 Oct 1986 (42),Tranmere Rovers FC (38),1-0,?,Scunthorpe United FC (44)
?,(Fri) 24 Oct 1986 (42),Tranmere Rovers FC (39),1-3,?,Southend United FC (44)
?,(Tue) 7 Apr 1987 (14),Tranmere Rovers FC (40),0-3,?,Stockport County FC (44)
?,(Sat) 8 Nov 1986 (44),Tranmere Rovers FC (41),1-1,?,Swansea City AFC (44)
?,(Fri) 3 Oct 1986 (39),Tranmere Rovers FC (42),2-2,?,Torquay United FC (44)
?,(Sat) 21 Mar 1987 (11),Tranmere Rovers FC (43),0-1,?,Wolverhampton Wanderers FC (22)
?,(Sat) 27 Dec 1986 (51),Tranmere Rovers FC (44),0-2,?,Wrexham AFC (22)
?,(Tue) 17 Feb 1987 (7),Wolverhampton Wanderers FC (23),3-0,?,Aldershot Town FC (45)
?,(Sat) 20 Sep 1986 (37),Wolverhampton Wanderers FC (24),0-1,?,Burnley FC (45)
?,(Sat) 23 Aug 1986 (33),Wolverhampton Wanderers FC (25),1-2,?,Cambridge United FC (45)
?,(Sat) 6 Sep 1986 (35),Wolverhampton Wanderers FC (26),0-1,?,Cardiff City FC (45)
?,(Tue) 3 Mar 1987 (9),Wolverhampton Wanderers FC (27),2-0,?,Colchester United FC (45)
?,(Sat) 31 Jan 1987 (4),Wolverhampton Wanderers FC (28),2-3,?,Crewe Alexandra FC (45)
?,(Sat) 27 Dec 1986 (51),Wolverhampton Wanderers FC (29),2-2,?,Exeter City FC (45)
?,(Tue) 21 Oct 1986 (42),Wolverhampton Wanderers FC (30),1-2,?,FC Halifax Town (45)
?,(Sat) 9 May 1987 (18),Wolverhampton Wanderers FC (31),4-1,?,Hartlepool United FC (45)
?,(Mon) 20 Apr 1987 (16),Wolverhampton Wanderers FC (32),1-0,?,Hereford United FC (1924-2014) (45)
?,(Sat) 25 Oct 1986 (42),Wolverhampton Wanderers FC (33),3-1,?,Leyton Orient FC (45)
?,(Sat) 2 May 1987 (17),Wolverhampton Wanderers FC (34),3-0,?,Lincoln City FC (45)
?,(Sat) 21 Feb 1987 (7),Wolverhampton Wanderers FC (35),1-1,?,Northampton Town FC (45)
?,(Thu) 1 Jan 1987 (0),Wolverhampton Wanderers FC (36),0-3,?,Peterborough United FC (45)
?,(Tue) 30 Sep 1986 (39),Wolverhampton Wanderers FC (37),1-0,?,Preston North End FC (45)
?,(Tue) 4 Nov 1986 (44),Wolverhampton Wanderers FC (38),0-0,?,Rochdale AFC (45)
?,(Sat) 28 Mar 1987 (12),Wolverhampton Wanderers FC (39),1-0,?,Scunthorpe United FC (45)
?,(Sat) 20 Dec 1986 (50),Wolverhampton Wanderers FC (40),1-2,?,Southend United FC (45)
?,(Sat) 7 Feb 1987 (5),Wolverhampton Wanderers FC (41),3-1,?,Stockport County FC (45)
?,(Sat) 14 Mar 1987 (10),Wolverhampton Wanderers FC (42),4-0,?,Swansea City AFC (45)
?,(Sat) 4 Apr 1987 (13),Wolverhampton Wanderers FC (43),1-0,?,Torquay United FC (45)
?,(Sat) 11 Oct 1986 (40),Wolverhampton Wanderers FC (44),2-1,?,Tranmere Rovers FC (45)
?,(Sat) 22 Nov 1986 (46),Wolverhampton Wanderers FC (45),0-3,?,Wrexham AFC (23)
?,(Tue) 28 Oct 1986 (43),Wrexham AFC (24),3-0,?,Aldershot Town FC (46)
?,(Fri) 26 Dec 1986 (51),Wrexham AFC (25),2-2,?,Burnley FC (46)
?,(Wed) 10 Dec 1986 (49),Wrexham AFC (26),2-1,?,Cambridge United FC (46)
?,(Sat) 11 Oct 1986 (40),Wrexham AFC (27),5-1,?,Cardiff City FC (46)
?,(Sat) 28 Mar 1987 (12),Wrexham AFC (28),0-1,?,Colchester United FC (46)
?,(Sat) 4 Apr 1987 (13),Wrexham AFC (29),2-1,?,Crewe Alexandra FC (46)
?,(Sat) 27 Sep 1986 (38),Wrexham AFC (30),0-0,?,Exeter City FC (46)
?,(Fri) 12 Sep 1986 (36),Wrexham AFC (31),3-1,?,FC Halifax Town (46)
?,(Sat) 14 Feb 1987 (6),Wrexham AFC (32),1-1,?,Hartlepool United FC (46)
?,(Wed) 6 May 1987 (18),Wrexham AFC (33),2-2,?,Hereford United FC (1924-2014) (46)
?,(Sat) 14 Mar 1987 (10),Wrexham AFC (34),1-1,?,Leyton Orient FC (46)
?,(Sat) 30 Aug 1986 (34),Wrexham AFC (35),1-1,?,Lincoln City FC (46)
?,(Sat) 9 May 1987 (18),Wrexham AFC (36),1-3,?,Northampton Town FC (46)
?,(Tue) 14 Oct 1986 (41),Wrexham AFC (37),4-3,?,Peterborough United FC (46)
?,(Sat) 18 Apr 1987 (15),Wrexham AFC (38),1-1,?,Preston North End FC (46)
?,(Sat) 28 Feb 1987 (8),Wrexham AFC (39),2-2,?,Rochdale AFC (46)
?,(Tue) 3 Mar 1987 (9),Wrexham AFC (40),1-1,?,Scunthorpe United FC (46)
?,(Thu) 30 Apr 1987 (17),Wrexham AFC (41),4-0,?,Southend United FC (46)
?,(Sat) 25 Apr 1987 (16),Wrexham AFC (42),0-0,?,Stockport County FC (46)
?,(Sat) 29 Nov 1986 (47),Wrexham AFC (43),0-0,?,Swansea City AFC (46)
?,(Sat) 24 Jan 1987 (3),Wrexham AFC (44),2-1,?,Torquay United FC (46)
?,(Mon) 4 May 1987 (18),Wrexham AFC (45),1-1,?,Tranmere Rovers FC (46)
?,(Sat) 3 Jan 1987 (0),Wrexham AFC (46),0-0,?,Wolverhampton Wanderers FC (46)
