Round,Date,Team 1,FT,HT,Team 2
?,(Sat) 19 Aug 1978 (33),Exeter City FC (1),0-0,?,Mansfield Town FC (1)
?,(Sat) 19 Aug 1978 (33),Chesterfield FC (1),1-3,?,Plymouth Argyle FC (1)
?,(Sat) 19 Aug 1978 (33),Swindon Town FC (1),2-1,?,Bury FC (1)
?,(Sat) 19 Aug 1978 (33),Lincoln City FC (1),2-1,?,Tranmere Rovers FC (1)
?,(Sat) 19 Aug 1978 (33),Blackpool FC (1),1-0,?,Oxford United FC (1)
?,(Sat) 19 Aug 1978 (33),Southend United FC (1),0-1,?,Chester FC (1)
?,(Sat) 19 Aug 1978 (33),Shrewsbury Town FC (1),1-0,?,Brentford FC (1)
?,(Sat) 19 Aug 1978 (33),Peterborough United FC (1),2-0,?,Sheffield Wednesday FC (1)
?,(Sat) 19 Aug 1978 (33),Walsall FC (1),2-4,?,Watford FC (1)
?,(Sat) 19 Aug 1978 (33),Gillingham FC (1),0-0,?,Rotherham United FC (1)
?,(Sat) 19 Aug 1978 (33),Colchester United FC (1),2-2,?,Swansea City AFC (1)
?,(Sat) 19 Aug 1978 (33),Hull City AFC (1),1-1,?,Carlisle United FC (1)
?,(Mon) 21 Aug 1978 (34),Brentford FC (2),1-0,?,Colchester United FC (2)
?,(Mon) 21 Aug 1978 (34),Tranmere Rovers FC (2),1-1,?,Swindon Town FC (2)
?,(Mon) 21 Aug 1978 (34),Mansfield Town FC (2),1-1,?,Gillingham FC (2)
?,(Tue) 22 Aug 1978 (34),Bury FC (2),3-3,?,Southend United FC (2)
?,(Tue) 22 Aug 1978 (34),Watford FC (2),5-1,?,Blackpool FC (2)
?,(Tue) 22 Aug 1978 (34),Swansea City AFC (2),3-0,?,Lincoln City FC (2)
?,(Tue) 22 Aug 1978 (34),Carlisle United FC (2),1-1,?,Chesterfield FC (2)
?,(Wed) 23 Aug 1978 (34),Chester FC (2),2-1,?,Walsall FC (2)
?,(Wed) 23 Aug 1978 (34),Oxford United FC (2),0-1,?,Shrewsbury Town FC (2)
?,(Sat) 26 Aug 1978 (34),Tranmere Rovers FC (3),1-3,?,Hull City AFC (2)
?,(Sat) 26 Aug 1978 (34),Plymouth Argyle FC (2),2-1,?,Lincoln City FC (3)
?,(Sat) 26 Aug 1978 (34),Watford FC (3),1-2,?,Peterborough United FC (2)
?,(Sat) 26 Aug 1978 (34),Rotherham United FC (2),2-1,?,Blackpool FC (3)
?,(Sat) 26 Aug 1978 (34),Sheffield Wednesday FC (2),0-0,?,Colchester United FC (3)
?,(Sat) 26 Aug 1978 (34),Shrewsbury Town FC (3),0-0,?,Swindon Town FC (3)
?,(Sat) 26 Aug 1978 (34),Brentford FC (3),0-3,?,Chesterfield FC (3)
?,(Sat) 26 Aug 1978 (34),Mansfield Town FC (3),1-1,?,Southend United FC (3)
?,(Sat) 26 Aug 1978 (34),Bury FC (3),2-2,?,Gillingham FC (3)
?,(Sat) 26 Aug 1978 (34),Oxford United FC (3),0-2,?,Swansea City AFC (3)
?,(Sat) 26 Aug 1978 (34),Chester FC (3),3-0,?,Exeter City FC (2)
?,(Sat) 26 Aug 1978 (34),Carlisle United FC (3),1-0,?,Walsall FC (3)
?,(Fri) 1 Sep 1978 (35),Southend United FC (4),2-1,?,Plymouth Argyle FC (3)
?,(Sat) 2 Sep 1978 (35),Hull City AFC (3),3-0,?,Chester FC (4)
?,(Sat) 2 Sep 1978 (35),Lincoln City FC (4),1-2,?,Sheffield Wednesday FC (3)
?,(Sat) 2 Sep 1978 (35),Swansea City AFC (4),2-0,?,Bury FC (4)
?,(Sat) 2 Sep 1978 (35),Blackpool FC (4),3-1,?,Carlisle United FC (4)
?,(Sat) 2 Sep 1978 (35),Chesterfield FC (4),1-1,?,Oxford United FC (4)
?,(Sat) 2 Sep 1978 (35),Colchester United FC (4),0-0,?,Rotherham United FC (3)
?,(Sat) 2 Sep 1978 (35),Exeter City FC (3),2-2,?,Brentford FC (4)
?,(Sat) 2 Sep 1978 (35),Walsall FC (4),1-1,?,Shrewsbury Town FC (4)
?,(Sat) 2 Sep 1978 (35),Peterborough United FC (3),1-0,?,Tranmere Rovers FC (4)
?,(Sat) 2 Sep 1978 (35),Swindon Town FC (4),1-0,?,Mansfield Town FC (4)
?,(Sat) 2 Sep 1978 (35),Gillingham FC (4),2-3,?,Watford FC (4)
?,(Tue) 5 Sep 1978 (36),Rotherham United FC (4),0-2,?,Hull City AFC (4)
?,(Fri) 8 Sep 1978 (36),Chester FC (5),1-1,?,Peterborough United FC (4)
?,(Fri) 8 Sep 1978 (36),Carlisle United FC (5),4-0,?,Colchester United FC (5)
?,(Sat) 9 Sep 1978 (36),Chesterfield FC (5),0-1,?,Exeter City FC (4)
?,(Sat) 9 Sep 1978 (36),Tranmere Rovers FC (5),1-1,?,Gillingham FC (5)
?,(Sat) 9 Sep 1978 (36),Rotherham United FC (5),2-0,?,Lincoln City FC (5)
?,(Sat) 9 Sep 1978 (36),Shrewsbury Town FC (5),2-0,?,Blackpool FC (5)
?,(Sat) 9 Sep 1978 (36),Walsall FC (5),4-1,?,Swindon Town FC (5)
?,(Sat) 9 Sep 1978 (36),Plymouth Argyle FC (4),1-4,?,Mansfield Town FC (5)
?,(Sat) 9 Sep 1978 (36),Watford FC (5),0-2,?,Swansea City AFC (5)
?,(Sat) 9 Sep 1978 (36),Oxford United FC (5),0-0,?,Bury FC (5)
?,(Sat) 9 Sep 1978 (36),Brentford FC (5),1-0,?,Hull City AFC (5)
?,(Sat) 9 Sep 1978 (36),Sheffield Wednesday FC (4),3-2,?,Southend United FC (5)
?,(Mon) 11 Sep 1978 (37),Southend United FC (6),2-0,?,Oxford United FC (6)
?,(Tue) 12 Sep 1978 (37),Bury FC (6),1-2,?,Plymouth Argyle FC (5)
?,(Tue) 12 Sep 1978 (37),Blackpool FC (6),0-0,?,Chesterfield FC (6)
?,(Tue) 12 Sep 1978 (37),Swindon Town FC (6),2-0,?,Brentford FC (6)
?,(Tue) 12 Sep 1978 (37),Colchester United FC (6),2-1,?,Chester FC (6)
?,(Tue) 12 Sep 1978 (37),Gillingham FC (6),0-0,?,Sheffield Wednesday FC (5)
?,(Tue) 12 Sep 1978 (37),Peterborough United FC (5),0-0,?,Carlisle United FC (6)
?,(Tue) 12 Sep 1978 (37),Swansea City AFC (6),4-4,?,Rotherham United FC (6)
?,(Tue) 12 Sep 1978 (37),Hull City AFC (6),4-1,?,Walsall FC (6)
?,(Wed) 13 Sep 1978 (37),Lincoln City FC (6),0-5,?,Watford FC (6)
?,(Wed) 13 Sep 1978 (37),Exeter City FC (5),0-1,?,Shrewsbury Town FC (6)
?,(Fri) 15 Sep 1978 (37),Colchester United FC (7),1-0,?,Shrewsbury Town FC (7)
?,(Fri) 15 Sep 1978 (37),Southend United FC (7),2-1,?,Rotherham United FC (7)
?,(Sat) 16 Sep 1978 (37),Gillingham FC (7),1-0,?,Chester FC (7)
?,(Sat) 16 Sep 1978 (37),Hull City AFC (7),1-1,?,Chesterfield FC (7)
?,(Sat) 16 Sep 1978 (37),Oxford United FC (7),3-2,?,Exeter City FC (6)
?,(Sat) 16 Sep 1978 (37),Plymouth Argyle FC (6),2-0,?,Swindon Town FC (7)
?,(Sat) 16 Sep 1978 (37),Bury FC (7),1-2,?,Watford FC (7)
?,(Sat) 16 Sep 1978 (37),Lincoln City FC (7),1-1,?,Carlisle United FC (7)
?,(Sat) 16 Sep 1978 (37),Mansfield Town FC (6),1-1,?,Sheffield Wednesday FC (6)
?,(Sat) 16 Sep 1978 (37),Blackpool FC (7),2-1,?,Walsall FC (7)
?,(Sat) 16 Sep 1978 (37),Peterborough United FC (6),3-1,?,Brentford FC (7)
?,(Sat) 16 Sep 1978 (37),Swansea City AFC (7),4-3,?,Tranmere Rovers FC (6)
?,(Fri) 22 Sep 1978 (38),Tranmere Rovers FC (7),0-0,?,Bury FC (8)
?,(Sat) 23 Sep 1978 (38),Chesterfield FC (8),3-1,?,Peterborough United FC (7)
?,(Sat) 23 Sep 1978 (38),Brentford FC (8),0-2,?,Gillingham FC (8)
?,(Sat) 23 Sep 1978 (38),Swindon Town FC (8),0-1,?,Blackpool FC (8)
?,(Sat) 23 Sep 1978 (38),Rotherham United FC (8),2-0,?,Mansfield Town FC (7)
?,(Sat) 23 Sep 1978 (38),Carlisle United FC (8),0-0,?,Southend United FC (8)
?,(Sat) 23 Sep 1978 (38),Chester FC (8),2-0,?,Swansea City AFC (8)
?,(Sat) 23 Sep 1978 (38),Walsall FC (8),2-2,?,Colchester United FC (8)
?,(Sat) 23 Sep 1978 (38),Sheffield Wednesday FC (7),2-3,?,Plymouth Argyle FC (7)
?,(Sat) 23 Sep 1978 (38),Exeter City FC (7),3-1,?,Hull City AFC (8)
?,(Sat) 23 Sep 1978 (38),Shrewsbury Town FC (8),2-0,?,Lincoln City FC (8)
?,(Sat) 23 Sep 1978 (38),Watford FC (8),4-2,?,Oxford United FC (8)
?,(Mon) 25 Sep 1978 (39),Tranmere Rovers FC (8),2-1,?,Plymouth Argyle FC (8)
?,(Mon) 25 Sep 1978 (39),Brentford FC (9),2-1,?,Lincoln City FC (9)
?,(Mon) 25 Sep 1978 (39),Carlisle United FC (9),2-0,?,Swansea City AFC (9)
?,(Tue) 26 Sep 1978 (39),Shrewsbury Town FC (9),1-0,?,Hull City AFC (9)
?,(Tue) 26 Sep 1978 (39),Blackpool FC (9),2-0,?,Gillingham FC (9)
?,(Tue) 26 Sep 1978 (39),Walsall FC (9),4-1,?,Peterborough United FC (8)
?,(Tue) 26 Sep 1978 (39),Rotherham United FC (9),2-1,?,Watford FC (9)
?,(Tue) 26 Sep 1978 (39),Sheffield Wednesday FC (8),0-0,?,Bury FC (9)
?,(Wed) 27 Sep 1978 (39),Oxford United FC (9),3-2,?,Mansfield Town FC (8)
?,(Wed) 27 Sep 1978 (39),Chester FC (9),2-0,?,Swindon Town FC (9)
?,(Wed) 27 Sep 1978 (39),Chesterfield FC (9),3-2,?,Southend United FC (9)
?,(Wed) 27 Sep 1978 (39),Exeter City FC (8),2-1,?,Colchester United FC (9)
?,(Fri) 29 Sep 1978 (39),Southend United FC (10),0-1,?,Shrewsbury Town FC (10)
?,(Fri) 29 Sep 1978 (39),Lincoln City FC (10),1-1,?,Walsall FC (10)
?,(Sat) 30 Sep 1978 (39),Peterborough United FC (9),1-1,?,Exeter City FC (9)
?,(Sat) 30 Sep 1978 (39),Colchester United FC (10),3-1,?,Blackpool FC (10)
?,(Sat) 30 Sep 1978 (39),Watford FC (10),4-0,?,Tranmere Rovers FC (9)
?,(Sat) 30 Sep 1978 (39),Hull City AFC (10),0-1,?,Oxford United FC (10)
?,(Sat) 30 Sep 1978 (39),Gillingham FC (10),2-1,?,Chesterfield FC (10)
?,(Sat) 30 Sep 1978 (39),Plymouth Argyle FC (9),2-0,?,Rotherham United FC (10)
?,(Sat) 30 Sep 1978 (39),Mansfield Town FC (9),1-0,?,Carlisle United FC (10)
?,(Sat) 30 Sep 1978 (39),Swindon Town FC (10),3-0,?,Sheffield Wednesday FC (9)
?,(Sat) 30 Sep 1978 (39),Swansea City AFC (10),2-1,?,Brentford FC (10)
?,(Sat) 30 Sep 1978 (39),Bury FC (10),1-1,?,Chester FC (10)
?,(Fri) 6 Oct 1978 (40),Colchester United FC (11),3-2,?,Swindon Town FC (11)
?,(Sat) 7 Oct 1978 (40),Chester FC (11),2-1,?,Watford FC (11)
?,(Sat) 7 Oct 1978 (40),Oxford United FC (11),0-0,?,Tranmere Rovers FC (10)
?,(Sat) 7 Oct 1978 (40),Exeter City FC (10),0-0,?,Gillingham FC (11)
?,(Sat) 7 Oct 1978 (40),Blackpool FC (11),2-0,?,Lincoln City FC (11)
?,(Sat) 7 Oct 1978 (40),Chesterfield FC (11),2-1,?,Swansea City AFC (11)
?,(Sat) 7 Oct 1978 (40),Rotherham United FC (11),0-1,?,Sheffield Wednesday FC (10)
?,(Sat) 7 Oct 1978 (40),Shrewsbury Town FC (11),2-2,?,Mansfield Town FC (10)
?,(Sat) 7 Oct 1978 (40),Walsall FC (11),1-1,?,Southend United FC (11)
?,(Sat) 7 Oct 1978 (40),Hull City AFC (11),1-1,?,Peterborough United FC (10)
?,(Sat) 7 Oct 1978 (40),Carlisle United FC (11),1-1,?,Plymouth Argyle FC (10)
?,(Sat) 7 Oct 1978 (40),Brentford FC (11),0-1,?,Bury FC (11)
?,(Fri) 13 Oct 1978 (41),Lincoln City FC (12),0-0,?,Colchester United FC (12)
?,(Fri) 13 Oct 1978 (41),Tranmere Rovers FC (11),6-2,?,Chester FC (12)
?,(Sat) 14 Oct 1978 (41),Peterborough United FC (11),1-1,?,Oxford United FC (12)
?,(Sat) 14 Oct 1978 (41),Southend United FC (12),4-0,?,Blackpool FC (12)
?,(Sat) 14 Oct 1978 (41),Bury FC (12),3-1,?,Chesterfield FC (12)
?,(Sat) 14 Oct 1978 (41),Plymouth Argyle FC (11),1-1,?,Shrewsbury Town FC (12)
?,(Sat) 14 Oct 1978 (41),Watford FC (12),2-0,?,Brentford FC (12)
?,(Sat) 14 Oct 1978 (41),Sheffield Wednesday FC (11),0-0,?,Carlisle United FC (12)
?,(Sat) 14 Oct 1978 (41),Swindon Town FC (12),1-0,?,Rotherham United FC (12)
?,(Sat) 14 Oct 1978 (41),Swansea City AFC (12),1-0,?,Exeter City FC (11)
?,(Sat) 14 Oct 1978 (41),Gillingham FC (12),2-0,?,Hull City AFC (12)
?,(Sat) 14 Oct 1978 (41),Mansfield Town FC (11),1-3,?,Walsall FC (12)
?,(Mon) 16 Oct 1978 (42),Tranmere Rovers FC (12),2-2,?,Shrewsbury Town FC (13)
?,(Tue) 17 Oct 1978 (42),Watford FC (13),2-1,?,Carlisle United FC (13)
?,(Tue) 17 Oct 1978 (42),Rotherham United FC (13),1-0,?,Brentford FC (13)
?,(Tue) 17 Oct 1978 (42),Swansea City AFC (13),3-2,?,Mansfield Town FC (12)
?,(Tue) 17 Oct 1978 (42),Gillingham FC (13),4-2,?,Lincoln City FC (13)
?,(Tue) 17 Oct 1978 (42),Bury FC (13),1-1,?,Walsall FC (13)
?,(Tue) 17 Oct 1978 (42),Swindon Town FC (13),3-1,?,Peterborough United FC (12)
?,(Tue) 17 Oct 1978 (42),Sheffield Wednesday FC (12),1-1,?,Oxford United FC (13)
?,(Wed) 18 Oct 1978 (42),Exeter City FC (12),3-0,?,Blackpool FC (13)
?,(Wed) 18 Oct 1978 (42),Chester FC (13),0-0,?,Plymouth Argyle FC (12)
?,(Wed) 18 Oct 1978 (42),Chesterfield FC (13),2-1,?,Colchester United FC (13)
?,(Fri) 20 Oct 1978 (42),Colchester United FC (14),1-1,?,Southend United FC (13)
?,(Sat) 21 Oct 1978 (42),Walsall FC (14),2-1,?,Plymouth Argyle FC (13)
?,(Sat) 21 Oct 1978 (42),Peterborough United FC (13),1-1,?,Gillingham FC (14)
?,(Sat) 21 Oct 1978 (42),Carlisle United FC (14),1-1,?,Rotherham United FC (14)
?,(Sat) 21 Oct 1978 (42),Brentford FC (14),2-0,?,Tranmere Rovers FC (13)
?,(Sat) 21 Oct 1978 (42),Lincoln City FC (14),0-3,?,Swindon Town FC (14)
?,(Sat) 21 Oct 1978 (42),Blackpool FC (14),2-0,?,Mansfield Town FC (13)
?,(Sat) 21 Oct 1978 (42),Exeter City FC (13),2-1,?,Bury FC (14)
?,(Sat) 21 Oct 1978 (42),Chesterfield FC (14),0-2,?,Watford FC (14)
?,(Sat) 21 Oct 1978 (42),Oxford United FC (14),0-0,?,Chester FC (14)
?,(Sat) 21 Oct 1978 (42),Hull City AFC (13),2-2,?,Swansea City AFC (14)
?,(Sat) 21 Oct 1978 (42),Shrewsbury Town FC (14),2-2,?,Sheffield Wednesday FC (13)
?,(Mon) 23 Oct 1978 (43),Southend United FC (14),3-0,?,Hull City AFC (14)
?,(Tue) 24 Oct 1978 (43),Sheffield Wednesday FC (14),2-1,?,Exeter City FC (14)
?,(Fri) 27 Oct 1978 (43),Southend United FC (15),2-0,?,Lincoln City FC (15)
?,(Fri) 27 Oct 1978 (43),Tranmere Rovers FC (14),1-1,?,Chesterfield FC (15)
?,(Sat) 28 Oct 1978 (43),Sheffield Wednesday FC (15),0-2,?,Walsall FC (15)
?,(Sat) 28 Oct 1978 (43),Bury FC (15),1-1,?,Hull City AFC (15)
?,(Sat) 28 Oct 1978 (43),Oxford United FC (15),1-1,?,Gillingham FC (15)
?,(Sat) 28 Oct 1978 (43),Swansea City AFC (15),4-1,?,Peterborough United FC (14)
?,(Sat) 28 Oct 1978 (43),Watford FC (15),1-0,?,Exeter City FC (15)
?,(Sat) 28 Oct 1978 (43),Carlisle United FC (15),2-0,?,Swindon Town FC (15)
?,(Sat) 28 Oct 1978 (43),Rotherham United FC (15),1-2,?,Shrewsbury Town FC (15)
?,(Sat) 28 Oct 1978 (43),Chester FC (15),3-1,?,Brentford FC (15)
?,(Sat) 28 Oct 1978 (43),Plymouth Argyle FC (14),0-0,?,Blackpool FC (15)
?,(Sat) 28 Oct 1978 (43),Mansfield Town FC (14),1-1,?,Colchester United FC (15)
?,(Fri) 3 Nov 1978 (44),Colchester United FC (16),2-1,?,Plymouth Argyle FC (15)
?,(Sat) 4 Nov 1978 (44),Brentford FC (16),3-0,?,Oxford United FC (16)
?,(Sat) 4 Nov 1978 (44),Swindon Town FC (16),1-0,?,Southend United FC (16)
?,(Sat) 4 Nov 1978 (44),Exeter City FC (16),3-0,?,Tranmere Rovers FC (15)
?,(Sat) 4 Nov 1978 (44),Gillingham FC (16),2-0,?,Swansea City AFC (16)
?,(Sat) 4 Nov 1978 (44),Hull City AFC (16),4-0,?,Watford FC (16)
?,(Sat) 4 Nov 1978 (44),Blackpool FC (16),0-1,?,Sheffield Wednesday FC (16)
?,(Sat) 4 Nov 1978 (44),Chesterfield FC (16),3-1,?,Chester FC (16)
?,(Sat) 4 Nov 1978 (44),Shrewsbury Town FC (16),0-0,?,Carlisle United FC (16)
?,(Sat) 4 Nov 1978 (44),Peterborough United FC (15),2-2,?,Bury FC (16)
?,(Sat) 4 Nov 1978 (44),Walsall FC (16),0-1,?,Rotherham United FC (16)
?,(Sat) 4 Nov 1978 (44),Lincoln City FC (16),0-1,?,Mansfield Town FC (15)
?,(Fri) 10 Nov 1978 (45),Shrewsbury Town FC (17),1-1,?,Walsall FC (17)
?,(Fri) 10 Nov 1978 (45),Tranmere Rovers FC (16),1-0,?,Peterborough United FC (16)
?,(Sat) 11 Nov 1978 (45),Carlisle United FC (17),1-1,?,Blackpool FC (17)
?,(Sat) 11 Nov 1978 (45),Oxford United FC (17),1-1,?,Chesterfield FC (17)
?,(Sat) 11 Nov 1978 (45),Chester FC (17),2-1,?,Hull City AFC (17)
?,(Sat) 11 Nov 1978 (45),Rotherham United FC (17),1-0,?,Colchester United FC (17)
?,(Sat) 11 Nov 1978 (45),Sheffield Wednesday FC (17),0-0,?,Lincoln City FC (17)
?,(Sat) 11 Nov 1978 (45),Bury FC (17),0-1,?,Swansea City AFC (17)
?,(Sat) 11 Nov 1978 (45),Brentford FC (17),0-0,?,Exeter City FC (17)
?,(Sat) 11 Nov 1978 (45),Watford FC (17),1-0,?,Gillingham FC (17)
?,(Sat) 11 Nov 1978 (45),Plymouth Argyle FC (16),1-1,?,Southend United FC (17)
?,(Sat) 11 Nov 1978 (45),Mansfield Town FC (16),0-1,?,Swindon Town FC (17)
?,(Mon) 13 Nov 1978 (46),Mansfield Town FC (17),0-0,?,Tranmere Rovers FC (17)
?,(Tue) 14 Nov 1978 (46),Plymouth Argyle FC (17),3-2,?,Peterborough United FC (17)
?,(Fri) 17 Nov 1978 (46),Southend United FC (18),1-1,?,Mansfield Town FC (18)
?,(Sat) 18 Nov 1978 (46),Exeter City FC (18),0-1,?,Chester FC (18)
?,(Sat) 18 Nov 1978 (46),Chesterfield FC (18),0-0,?,Brentford FC (18)
?,(Sat) 18 Nov 1978 (46),Swansea City AFC (18),1-1,?,Oxford United FC (18)
?,(Sat) 18 Nov 1978 (46),Hull City AFC (18),2-1,?,Tranmere Rovers FC (18)
?,(Sat) 18 Nov 1978 (46),Walsall FC (18),1-2,?,Carlisle United FC (18)
?,(Sat) 18 Nov 1978 (46),Lincoln City FC (18),3-3,?,Plymouth Argyle FC (18)
?,(Sat) 18 Nov 1978 (46),Swindon Town FC (18),2-1,?,Shrewsbury Town FC (18)
?,(Sat) 18 Nov 1978 (46),Blackpool FC (18),1-2,?,Rotherham United FC (18)
?,(Sat) 18 Nov 1978 (46),Colchester United FC (18),1-0,?,Sheffield Wednesday FC (18)
?,(Sat) 18 Nov 1978 (46),Gillingham FC (18),3-3,?,Bury FC (18)
?,(Sat) 18 Nov 1978 (46),Peterborough United FC (18),0-1,?,Watford FC (18)
?,(Sat) 2 Dec 1978 (48),Brentford FC (19),1-0,?,Walsall FC (19)
?,(Sat) 2 Dec 1978 (48),Oxford United FC (19),1-0,?,Rotherham United FC (19)
?,(Sat) 2 Dec 1978 (48),Watford FC (19),1-1,?,Mansfield Town FC (19)
?,(Sat) 2 Dec 1978 (48),Swansea City AFC (19),4-2,?,Sheffield Wednesday FC (19)
?,(Sat) 2 Dec 1978 (48),Exeter City FC (19),0-0,?,Southend United FC (19)
?,(Sat) 2 Dec 1978 (48),Gillingham FC (19),0-0,?,Carlisle United FC (19)
?,(Wed) 6 Dec 1978 (49),Peterborough United FC (19),0-2,?,Shrewsbury Town FC (19)
?,(Fri) 8 Dec 1978 (49),Southend United FC (20),0-2,?,Swansea City AFC (20)
?,(Sat) 9 Dec 1978 (49),Rotherham United FC (20),1-0,?,Chesterfield FC (19)
?,(Sat) 9 Dec 1978 (49),Plymouth Argyle FC (19),1-1,?,Watford FC (20)
?,(Sat) 9 Dec 1978 (49),Walsall FC (20),2-0,?,Tranmere Rovers FC (19)
?,(Sat) 9 Dec 1978 (49),Carlisle United FC (20),1-1,?,Exeter City FC (20)
?,(Sat) 9 Dec 1978 (49),Swindon Town FC (19),2-0,?,Hull City AFC (19)
?,(Sat) 9 Dec 1978 (49),Mansfield Town FC (20),2-1,?,Brentford FC (20)
?,(Sat) 9 Dec 1978 (49),Colchester United FC (19),0-0,?,Bury FC (19)
?,(Sat) 9 Dec 1978 (49),Sheffield Wednesday FC (20),0-0,?,Chester FC (19)
?,(Sat) 9 Dec 1978 (49),Blackpool FC (19),0-0,?,Peterborough United FC (20)
?,(Sat) 9 Dec 1978 (49),Lincoln City FC (19),2-2,?,Oxford United FC (20)
?,(Sat) 9 Dec 1978 (49),Shrewsbury Town FC (20),1-1,?,Gillingham FC (20)
?,(Sat) 16 Dec 1978 (50),Plymouth Argyle FC (20),1-1,?,Chesterfield FC (20)
?,(Sat) 23 Dec 1978 (51),Lincoln City FC (20),0-1,?,Chesterfield FC (21)
?,(Sat) 23 Dec 1978 (51),Blackpool FC (20),3-0,?,Chester FC (20)
?,(Sat) 23 Dec 1978 (51),Colchester United FC (20),0-1,?,Watford FC (21)
?,(Sat) 23 Dec 1978 (51),Shrewsbury Town FC (21),3-0,?,Swansea City AFC (21)
?,(Sat) 23 Dec 1978 (51),Southend United FC (21),1-1,?,Brentford FC (21)
?,(Sat) 23 Dec 1978 (51),Rotherham United FC (21),3-2,?,Tranmere Rovers FC (20)
?,(Sat) 23 Dec 1978 (51),Mansfield Town FC (21),1-1,?,Peterborough United FC (21)
?,(Tue) 26 Dec 1978 (52),Gillingham FC (21),1-0,?,Southend United FC (22)
?,(Tue) 26 Dec 1978 (52),Chester FC (21),1-2,?,Carlisle United FC (21)
?,(Tue) 26 Dec 1978 (52),Brentford FC (22),2-1,?,Plymouth Argyle FC (21)
?,(Tue) 26 Dec 1978 (52),Hull City AFC (20),3-0,?,Mansfield Town FC (22)
?,(Tue) 26 Dec 1978 (52),Swansea City AFC (22),1-2,?,Swindon Town FC (20)
?,(Tue) 26 Dec 1978 (52),Exeter City FC (21),3-1,?,Walsall FC (21)
?,(Tue) 26 Dec 1978 (52),Peterborough United FC (22),0-1,?,Lincoln City FC (21)
?,(Tue) 26 Dec 1978 (52),Tranmere Rovers FC (21),0-2,?,Blackpool FC (21)
?,(Tue) 26 Dec 1978 (52),Watford FC (22),2-2,?,Shrewsbury Town FC (22)
?,(Tue) 26 Dec 1978 (52),Bury FC (20),3-2,?,Rotherham United FC (22)
?,(Tue) 26 Dec 1978 (52),Oxford United FC (21),2-0,?,Colchester United FC (21)
?,(Tue) 26 Dec 1978 (52),Chesterfield FC (22),3-3,?,Sheffield Wednesday FC (21)
?,(Sat) 30 Dec 1978 (52),Bury FC (21),0-0,?,Mansfield Town FC (23)
?,(Sat) 30 Dec 1978 (52),Brentford FC (23),0-0,?,Carlisle United FC (22)
?,(Sat) 30 Dec 1978 (52),Gillingham FC (22),2-0,?,Plymouth Argyle FC (22)
?,(Sat) 30 Dec 1978 (52),Oxford United FC (22),2-1,?,Walsall FC (22)
?,(Sat) 30 Dec 1978 (52),Peterborough United FC (23),0-1,?,Southend United FC (23)
?,(Sat) 30 Dec 1978 (52),Swansea City AFC (23),1-0,?,Blackpool FC (22)
?,(Sat) 30 Dec 1978 (52),Exeter City FC (22),3-2,?,Lincoln City FC (22)
?,(Sat) 30 Dec 1978 (52),Watford FC (23),2-0,?,Swindon Town FC (21)
?,(Sat) 6 Jan 1979 (1),Watford FC (24),2-0,?,Lincoln City FC (23)
?,(Sat) 6 Jan 1979 (1),Walsall FC (23),1-2,?,Hull City AFC (21)
?,(Sat) 13 Jan 1979 (2),Gillingham FC (23),3-2,?,Tranmere Rovers FC (22)
?,(Sat) 13 Jan 1979 (2),Peterborough United FC (24),2-1,?,Chester FC (22)
?,(Sat) 13 Jan 1979 (2),Exeter City FC (23),3-1,?,Chesterfield FC (23)
?,(Tue) 16 Jan 1979 (3),Swindon Town FC (22),4-1,?,Walsall FC (24)
?,(Wed) 17 Jan 1979 (3),Chester FC (23),2-2,?,Colchester United FC (22)
?,(Fri) 19 Jan 1979 (3),Shrewsbury Town FC (23),2-0,?,Colchester United FC (23)
?,(Sat) 20 Jan 1979 (3),Watford FC (25),3-3,?,Bury FC (22)
?,(Sat) 20 Jan 1979 (3),Carlisle United FC (23),2-0,?,Lincoln City FC (24)
?,(Sat) 20 Jan 1979 (3),Exeter City FC (24),2-0,?,Oxford United FC (23)
?,(Sat) 20 Jan 1979 (3),Swindon Town FC (23),1-3,?,Plymouth Argyle FC (23)
?,(Sat) 20 Jan 1979 (3),Brentford FC (24),0-0,?,Peterborough United FC (25)
?,(Tue) 23 Jan 1979 (4),Colchester United FC (24),2-0,?,Lincoln City FC (25)
?,(Sat) 27 Jan 1979 (4),Oxford United FC (24),1-1,?,Watford FC (26)
?,(Sat) 27 Jan 1979 (4),Plymouth Argyle FC (24),2-0,?,Sheffield Wednesday FC (22)
?,(Sat) 27 Jan 1979 (4),Gillingham FC (24),0-0,?,Brentford FC (25)
?,(Tue) 30 Jan 1979 (5),Shrewsbury Town FC (24),1-0,?,Chester FC (24)
?,(Fri) 2 Feb 1979 (5),Southend United FC (24),2-0,?,Chesterfield FC (24)
?,(Fri) 2 Feb 1979 (5),Colchester United FC (25),2-2,?,Exeter City FC (25)
?,(Fri) 2 Feb 1979 (5),Swansea City AFC (24),0-0,?,Carlisle United FC (24)
?,(Sat) 3 Feb 1979 (5),Peterborough United FC (26),0-3,?,Walsall FC (25)
?,(Sat) 3 Feb 1979 (5),Plymouth Argyle FC (25),2-2,?,Tranmere Rovers FC (23)
?,(Sat) 3 Feb 1979 (5),Watford FC (27),2-2,?,Rotherham United FC (23)
?,(Sat) 3 Feb 1979 (5),Swindon Town FC (24),2-0,?,Chester FC (25)
?,(Sat) 3 Feb 1979 (5),Gillingham FC (25),2-0,?,Blackpool FC (23)
?,(Sat) 3 Feb 1979 (5),Hull City AFC (22),1-1,?,Shrewsbury Town FC (25)
?,(Tue) 6 Feb 1979 (6),Walsall FC (26),2-1,?,Blackpool FC (24)
?,(Tue) 6 Feb 1979 (6),Rotherham United FC (24),2-1,?,Southend United FC (25)
?,(Fri) 9 Feb 1979 (6),Shrewsbury Town FC (26),2-0,?,Southend United FC (26)
?,(Sat) 10 Feb 1979 (6),Rotherham United FC (25),1-0,?,Plymouth Argyle FC (26)
?,(Sat) 10 Feb 1979 (6),Tranmere Rovers FC (24),1-1,?,Watford FC (28)
?,(Sat) 10 Feb 1979 (6),Brentford FC (26),1-0,?,Swansea City AFC (25)
?,(Sat) 10 Feb 1979 (6),Chester FC (26),1-1,?,Bury FC (23)
?,(Sat) 10 Feb 1979 (6),Oxford United FC (25),1-0,?,Hull City AFC (23)
?,(Sat) 10 Feb 1979 (6),Exeter City FC (26),1-0,?,Peterborough United FC (27)
?,(Sat) 10 Feb 1979 (6),Blackpool FC (25),2-1,?,Colchester United FC (26)
?,(Sat) 10 Feb 1979 (6),Carlisle United FC (25),1-0,?,Mansfield Town FC (24)
?,(Tue) 13 Feb 1979 (7),Southend United FC (27),2-1,?,Sheffield Wednesday FC (23)
?,(Tue) 13 Feb 1979 (7),Carlisle United FC (26),1-2,?,Bury FC (24)
?,(Fri) 16 Feb 1979 (7),Tranmere Rovers FC (25),1-0,?,Oxford United FC (26)
?,(Sat) 17 Feb 1979 (7),Plymouth Argyle FC (27),2-0,?,Carlisle United FC (27)
?,(Mon) 19 Feb 1979 (8),Tranmere Rovers FC (26),1-1,?,Sheffield Wednesday FC (24)
?,(Tue) 20 Feb 1979 (8),Walsall FC (27),1-1,?,Swansea City AFC (26)
?,(Tue) 20 Feb 1979 (8),Plymouth Argyle FC (28),0-1,?,Oxford United FC (27)
?,(Tue) 20 Feb 1979 (8),Blackpool FC (26),3-1,?,Hull City AFC (24)
?,(Wed) 21 Feb 1979 (8),Chester FC (27),1-1,?,Gillingham FC (26)
?,(Sat) 24 Feb 1979 (8),Rotherham United FC (26),1-3,?,Swindon Town FC (25)
?,(Sat) 24 Feb 1979 (8),Exeter City FC (27),2-1,?,Swansea City AFC (27)
?,(Sat) 24 Feb 1979 (8),Carlisle United FC (28),0-0,?,Sheffield Wednesday FC (25)
?,(Sat) 24 Feb 1979 (8),Brentford FC (27),3-3,?,Watford FC (29)
?,(Sat) 24 Feb 1979 (8),Hull City AFC (25),0-1,?,Gillingham FC (27)
?,(Sat) 24 Feb 1979 (8),Chesterfield FC (25),2-1,?,Bury FC (25)
?,(Sat) 24 Feb 1979 (8),Walsall FC (28),1-1,?,Mansfield Town FC (25)
?,(Sat) 24 Feb 1979 (8),Chester FC (28),1-1,?,Tranmere Rovers FC (27)
?,(Sat) 24 Feb 1979 (8),Shrewsbury Town FC (27),2-0,?,Plymouth Argyle FC (29)
?,(Sat) 24 Feb 1979 (8),Blackpool FC (27),1-2,?,Southend United FC (28)
?,(Sat) 24 Feb 1979 (8),Oxford United FC (28),0-2,?,Peterborough United FC (28)
?,(Tue) 27 Feb 1979 (9),Swansea City AFC (28),2-2,?,Chester FC (29)
?,(Tue) 27 Feb 1979 (9),Plymouth Argyle FC (30),4-2,?,Exeter City FC (28)
?,(Tue) 27 Feb 1979 (9),Bury FC (26),1-0,?,Tranmere Rovers FC (28)
?,(Tue) 27 Feb 1979 (9),Colchester United FC (27),2-0,?,Walsall FC (29)
?,(Wed) 28 Feb 1979 (9),Chesterfield FC (26),1-1,?,Swindon Town FC (26)
?,(Fri) 2 Mar 1979 (9),Southend United FC (29),1-1,?,Colchester United FC (28)
?,(Fri) 2 Mar 1979 (9),Swansea City AFC (29),5-3,?,Hull City AFC (26)
?,(Sat) 3 Mar 1979 (9),Tranmere Rovers FC (29),0-1,?,Brentford FC (28)
?,(Sat) 3 Mar 1979 (9),Sheffield Wednesday FC (26),0-0,?,Shrewsbury Town FC (28)
?,(Sat) 3 Mar 1979 (9),Gillingham FC (28),1-0,?,Peterborough United FC (29)
?,(Sat) 3 Mar 1979 (9),Chester FC (30),4-1,?,Oxford United FC (29)
?,(Sat) 3 Mar 1979 (9),Rotherham United FC (27),1-3,?,Carlisle United FC (29)
?,(Sat) 3 Mar 1979 (9),Watford FC (30),2-0,?,Chesterfield FC (27)
?,(Sat) 3 Mar 1979 (9),Plymouth Argyle FC (31),1-0,?,Walsall FC (30)
?,(Sat) 3 Mar 1979 (9),Bury FC (27),4-2,?,Exeter City FC (29)
?,(Sat) 3 Mar 1979 (9),Mansfield Town FC (26),1-1,?,Blackpool FC (28)
?,(Sat) 3 Mar 1979 (9),Swindon Town FC (27),6-0,?,Lincoln City FC (26)
?,(Tue) 6 Mar 1979 (10),Sheffield Wednesday FC (27),2-1,?,Gillingham FC (29)
?,(Tue) 6 Mar 1979 (10),Bury FC (28),1-3,?,Blackpool FC (29)
?,(Tue) 6 Mar 1979 (10),Carlisle United FC (30),2-0,?,Tranmere Rovers FC (30)
?,(Tue) 6 Mar 1979 (10),Rotherham United FC (28),0-1,?,Swansea City AFC (30)
?,(Tue) 6 Mar 1979 (10),Hull City AFC (27),1-0,?,Brentford FC (29)
?,(Wed) 7 Mar 1979 (10),Chester FC (31),5-1,?,Lincoln City FC (27)
?,(Wed) 7 Mar 1979 (10),Oxford United FC (30),0-0,?,Southend United FC (30)
?,(Wed) 7 Mar 1979 (10),Chesterfield FC (28),2-1,?,Shrewsbury Town FC (29)
?,(Fri) 9 Mar 1979 (10),Colchester United FC (29),1-0,?,Mansfield Town FC (27)
?,(Sat) 10 Mar 1979 (10),Gillingham FC (30),2-1,?,Oxford United FC (31)
?,(Sat) 10 Mar 1979 (10),Walsall FC (31),0-2,?,Sheffield Wednesday FC (28)
?,(Sat) 10 Mar 1979 (10),Blackpool FC (30),0-0,?,Plymouth Argyle FC (32)
?,(Sat) 10 Mar 1979 (10),Hull City AFC (28),4-1,?,Bury FC (29)
?,(Sat) 10 Mar 1979 (10),Lincoln City FC (28),1-1,?,Southend United FC (31)
?,(Sat) 10 Mar 1979 (10),Swindon Town FC (28),0-0,?,Carlisle United FC (31)
?,(Sat) 10 Mar 1979 (10),Chesterfield FC (29),5-2,?,Tranmere Rovers FC (31)
?,(Sat) 10 Mar 1979 (10),Peterborough United FC (30),2-0,?,Swansea City AFC (31)
?,(Sat) 10 Mar 1979 (10),Exeter City FC (30),0-0,?,Watford FC (31)
?,(Sat) 10 Mar 1979 (10),Brentford FC (30),6-0,?,Chester FC (32)
?,(Mon) 12 Mar 1979 (11),Southend United FC (32),1-1,?,Carlisle United FC (32)
?,(Mon) 12 Mar 1979 (11),Mansfield Town FC (28),5-0,?,Plymouth Argyle FC (33)
?,(Tue) 13 Mar 1979 (11),Sheffield Wednesday FC (29),1-0,?,Brentford FC (31)
?,(Tue) 13 Mar 1979 (11),Walsall FC (32),4-1,?,Lincoln City FC (29)
?,(Tue) 13 Mar 1979 (11),Hull City AFC (29),1-0,?,Colchester United FC (30)
?,(Wed) 14 Mar 1979 (11),Chester FC (33),0-1,?,Rotherham United FC (29)
?,(Wed) 14 Mar 1979 (11),Chesterfield FC (30),1-3,?,Blackpool FC (31)
?,(Fri) 16 Mar 1979 (11),Swansea City AFC (32),3-1,?,Gillingham FC (31)
?,(Fri) 16 Mar 1979 (11),Southend United FC (33),5-3,?,Swindon Town FC (29)
?,(Fri) 16 Mar 1979 (11),Tranmere Rovers FC (32),2-2,?,Exeter City FC (31)
?,(Sat) 17 Mar 1979 (11),Carlisle United FC (33),1-1,?,Shrewsbury Town FC (30)
?,(Sat) 17 Mar 1979 (11),Plymouth Argyle FC (34),1-1,?,Colchester United FC (31)
?,(Tue) 20 Mar 1979 (12),Swansea City AFC (33),3-2,?,Watford FC (32)
?,(Tue) 20 Mar 1979 (12),Bury FC (30),1-1,?,Oxford United FC (32)
?,(Tue) 20 Mar 1979 (12),Blackpool FC (32),5-0,?,Shrewsbury Town FC (31)
?,(Tue) 20 Mar 1979 (12),Walsall FC (33),0-1,?,Gillingham FC (32)
?,(Tue) 20 Mar 1979 (12),Swindon Town FC (30),1-2,?,Colchester United FC (32)
?,(Tue) 20 Mar 1979 (12),Carlisle United FC (34),4-1,?,Peterborough United FC (31)
?,(Wed) 21 Mar 1979 (12),Lincoln City FC (30),1-0,?,Brentford FC (32)
?,(Wed) 21 Mar 1979 (12),Chester FC (34),0-1,?,Southend United FC (34)
?,(Sat) 24 Mar 1979 (12),Swindon Town FC (31),4-1,?,Tranmere Rovers FC (33)
?,(Sat) 24 Mar 1979 (12),Chesterfield FC (31),2-3,?,Carlisle United FC (35)
?,(Sat) 24 Mar 1979 (12),Exeter City FC (32),2-2,?,Sheffield Wednesday FC (30)
?,(Sat) 24 Mar 1979 (12),Walsall FC (34),2-1,?,Chester FC (35)
?,(Sat) 24 Mar 1979 (12),Blackpool FC (33),1-1,?,Watford FC (33)
?,(Sat) 24 Mar 1979 (12),Southend United FC (35),0-0,?,Bury FC (31)
?,(Sat) 24 Mar 1979 (12),Lincoln City FC (31),2-1,?,Swansea City AFC (34)
?,(Sat) 24 Mar 1979 (12),Hull City AFC (30),1-0,?,Rotherham United FC (30)
?,(Sat) 24 Mar 1979 (12),Gillingham FC (33),0-0,?,Mansfield Town FC (29)
?,(Sat) 24 Mar 1979 (12),Peterborough United FC (32),2-1,?,Plymouth Argyle FC (35)
?,(Sat) 24 Mar 1979 (12),Shrewsbury Town FC (32),0-0,?,Oxford United FC (33)
?,(Sat) 24 Mar 1979 (12),Colchester United FC (33),1-1,?,Brentford FC (33)
?,(Mon) 26 Mar 1979 (13),Tranmere Rovers FC (34),0-0,?,Lincoln City FC (32)
?,(Mon) 26 Mar 1979 (13),Brentford FC (34),2-3,?,Shrewsbury Town FC (33)
?,(Mon) 26 Mar 1979 (13),Mansfield Town FC (30),1-1,?,Exeter City FC (33)
?,(Tue) 27 Mar 1979 (13),Swansea City AFC (35),4-1,?,Colchester United FC (34)
?,(Tue) 27 Mar 1979 (13),Sheffield Wednesday FC (31),3-0,?,Peterborough United FC (33)
?,(Tue) 27 Mar 1979 (13),Bury FC (32),0-1,?,Swindon Town FC (32)
?,(Tue) 27 Mar 1979 (13),Rotherham United FC (31),1-1,?,Gillingham FC (34)
?,(Tue) 27 Mar 1979 (13),Carlisle United FC (36),2-2,?,Hull City AFC (31)
?,(Tue) 27 Mar 1979 (13),Watford FC (34),3-1,?,Walsall FC (35)
?,(Wed) 28 Mar 1979 (13),Chester FC (36),3-0,?,Chesterfield FC (32)
?,(Wed) 28 Mar 1979 (13),Oxford United FC (34),1-0,?,Blackpool FC (34)
?,(Fri) 30 Mar 1979 (13),Tranmere Rovers FC (35),1-2,?,Southend United FC (36)
?,(Sat) 31 Mar 1979 (13),Bury FC (33),3-0,?,Shrewsbury Town FC (34)
?,(Sat) 31 Mar 1979 (13),Chester FC (37),1-1,?,Mansfield Town FC (31)
?,(Sat) 31 Mar 1979 (13),Gillingham FC (35),2-2,?,Swindon Town FC (33)
?,(Sat) 31 Mar 1979 (13),Hull City AFC (32),0-0,?,Lincoln City FC (33)
?,(Sat) 31 Mar 1979 (13),Peterborough United FC (34),1-2,?,Colchester United FC (35)
?,(Sat) 31 Mar 1979 (13),Chesterfield FC (33),0-0,?,Walsall FC (36)
?,(Sat) 31 Mar 1979 (13),Brentford FC (35),3-2,?,Blackpool FC (35)
?,(Sat) 31 Mar 1979 (13),Watford FC (35),1-0,?,Sheffield Wednesday FC (32)
?,(Sat) 31 Mar 1979 (13),Exeter City FC (34),2-0,?,Rotherham United FC (32)
?,(Sat) 31 Mar 1979 (13),Oxford United FC (35),5-1,?,Carlisle United FC (37)
?,(Sat) 31 Mar 1979 (13),Swansea City AFC (36),2-1,?,Plymouth Argyle FC (36)
?,(Mon) 2 Apr 1979 (14),Colchester United FC (36),2-1,?,Carlisle United FC (38)
?,(Mon) 2 Apr 1979 (14),Southend United FC (37),1-0,?,Watford FC (36)
?,(Tue) 3 Apr 1979 (14),Sheffield Wednesday FC (33),1-2,?,Mansfield Town FC (32)
?,(Tue) 3 Apr 1979 (14),Tranmere Rovers FC (36),1-2,?,Swansea City AFC (37)
?,(Tue) 3 Apr 1979 (14),Plymouth Argyle FC (37),3-0,?,Bury FC (34)
?,(Tue) 3 Apr 1979 (14),Swindon Town FC (34),1-1,?,Exeter City FC (35)
?,(Wed) 4 Apr 1979 (14),Chesterfield FC (34),1-2,?,Hull City AFC (33)
?,(Wed) 4 Apr 1979 (14),Oxford United FC (36),0-1,?,Brentford FC (36)
?,(Wed) 4 Apr 1979 (14),Lincoln City FC (34),3-0,?,Rotherham United FC (33)
?,(Fri) 6 Apr 1979 (14),Southend United FC (38),0-1,?,Exeter City FC (36)
?,(Fri) 6 Apr 1979 (14),Colchester United FC (37),1-0,?,Tranmere Rovers FC (37)
?,(Sat) 7 Apr 1979 (14),Rotherham United FC (34),0-0,?,Oxford United FC (37)
?,(Sat) 7 Apr 1979 (14),Sheffield Wednesday FC (34),0-0,?,Swansea City AFC (38)
?,(Sat) 7 Apr 1979 (14),Carlisle United FC (39),1-0,?,Gillingham FC (36)
?,(Sat) 7 Apr 1979 (14),Plymouth Argyle FC (38),3-4,?,Hull City AFC (34)
?,(Sat) 7 Apr 1979 (14),Walsall FC (37),2-3,?,Brentford FC (37)
?,(Sat) 7 Apr 1979 (14),Mansfield Town FC (33),0-3,?,Watford FC (37)
?,(Sat) 7 Apr 1979 (14),Blackpool FC (36),1-2,?,Bury FC (35)
?,(Sat) 7 Apr 1979 (14),Shrewsbury Town FC (35),2-0,?,Peterborough United FC (35)
?,(Sat) 7 Apr 1979 (14),Lincoln City FC (35),0-0,?,Chester FC (38)
?,(Sat) 7 Apr 1979 (14),Swindon Town FC (35),1-0,?,Chesterfield FC (35)
?,(Tue) 10 Apr 1979 (15),Gillingham FC (37),3-1,?,Walsall FC (38)
?,(Tue) 10 Apr 1979 (15),Swansea City AFC (39),1-1,?,Shrewsbury Town FC (36)
?,(Wed) 11 Apr 1979 (15),Oxford United FC (38),3-2,?,Plymouth Argyle FC (39)
?,(Wed) 11 Apr 1979 (15),Exeter City FC (37),1-2,?,Swindon Town FC (36)
?,(Fri) 13 Apr 1979 (15),Chester FC (39),4-2,?,Blackpool FC (37)
?,(Fri) 13 Apr 1979 (15),Watford FC (38),0-3,?,Colchester United FC (38)
?,(Fri) 13 Apr 1979 (15),Hull City AFC (35),1-1,?,Sheffield Wednesday FC (35)
?,(Fri) 13 Apr 1979 (15),Bury FC (36),2-2,?,Carlisle United FC (40)
?,(Fri) 13 Apr 1979 (15),Brentford FC (38),3-0,?,Southend United FC (39)
?,(Sat) 14 Apr 1979 (15),Carlisle United FC (41),1-1,?,Chester FC (40)
?,(Sat) 14 Apr 1979 (15),Lincoln City FC (36),0-1,?,Peterborough United FC (36)
?,(Sat) 14 Apr 1979 (15),Sheffield Wednesday FC (36),4-0,?,Chesterfield FC (36)
?,(Sat) 14 Apr 1979 (15),Blackpool FC (38),2-0,?,Tranmere Rovers FC (38)
?,(Sat) 14 Apr 1979 (15),Colchester United FC (39),1-1,?,Oxford United FC (39)
?,(Sat) 14 Apr 1979 (15),Plymouth Argyle FC (40),2-1,?,Brentford FC (39)
?,(Sat) 14 Apr 1979 (15),Swindon Town FC (37),0-1,?,Swansea City AFC (40)
?,(Sat) 14 Apr 1979 (15),Mansfield Town FC (34),0-2,?,Hull City AFC (36)
?,(Sat) 14 Apr 1979 (15),Southend United FC (40),0-1,?,Gillingham FC (38)
?,(Sat) 14 Apr 1979 (15),Rotherham United FC (35),2-1,?,Bury FC (37)
?,(Sat) 14 Apr 1979 (15),Walsall FC (39),2-2,?,Exeter City FC (38)
?,(Sat) 14 Apr 1979 (15),Shrewsbury Town FC (37),1-1,?,Watford FC (39)
?,(Mon) 16 Apr 1979 (16),Chester FC (41),0-0,?,Shrewsbury Town FC (38)
?,(Mon) 16 Apr 1979 (16),Gillingham FC (39),3-0,?,Colchester United FC (40)
?,(Mon) 16 Apr 1979 (16),Tranmere Rovers FC (39),1-1,?,Carlisle United FC (42)
?,(Mon) 16 Apr 1979 (16),Oxford United FC (40),0-1,?,Swindon Town FC (38)
?,(Mon) 16 Apr 1979 (16),Chesterfield FC (37),1-0,?,Mansfield Town FC (35)
?,(Mon) 16 Apr 1979 (16),Hull City AFC (37),0-0,?,Blackpool FC (39)
?,(Mon) 16 Apr 1979 (16),Bury FC (38),2-2,?,Lincoln City FC (37)
?,(Mon) 16 Apr 1979 (16),Peterborough United FC (37),1-1,?,Rotherham United FC (36)
?,(Tue) 17 Apr 1979 (16),Watford FC (40),2-0,?,Southend United FC (41)
?,(Tue) 17 Apr 1979 (16),Peterborough United FC (38),1-2,?,Mansfield Town FC (36)
?,(Tue) 17 Apr 1979 (16),Swansea City AFC (41),2-2,?,Walsall FC (40)
?,(Tue) 17 Apr 1979 (16),Brentford FC (40),2-1,?,Sheffield Wednesday FC (37)
?,(Tue) 17 Apr 1979 (16),Exeter City FC (39),1-0,?,Plymouth Argyle FC (41)
?,(Tue) 17 Apr 1979 (16),Chesterfield FC (38),1-3,?,Lincoln City FC (38)
?,(Wed) 18 Apr 1979 (16),Tranmere Rovers FC (40),1-1,?,Rotherham United FC (37)
?,(Sat) 21 Apr 1979 (16),Colchester United FC (41),2-1,?,Hull City AFC (38)
?,(Sat) 21 Apr 1979 (16),Rotherham United FC (38),0-1,?,Chester FC (42)
?,(Sat) 21 Apr 1979 (16),Carlisle United FC (43),1-0,?,Brentford FC (41)
?,(Sat) 21 Apr 1979 (16),Lincoln City FC (39),0-1,?,Exeter City FC (40)
?,(Sat) 21 Apr 1979 (16),Sheffield Wednesday FC (38),1-2,?,Tranmere Rovers FC (41)
?,(Sat) 21 Apr 1979 (16),Blackpool FC (40),1-3,?,Swansea City AFC (42)
?,(Sat) 21 Apr 1979 (16),Shrewsbury Town FC (39),1-1,?,Chesterfield FC (39)
?,(Sat) 21 Apr 1979 (16),Walsall FC (41),0-1,?,Oxford United FC (41)
?,(Sat) 21 Apr 1979 (16),Southend United FC (42),0-0,?,Peterborough United FC (39)
?,(Sat) 21 Apr 1979 (16),Swindon Town FC (39),2-0,?,Watford FC (41)
?,(Sat) 21 Apr 1979 (16),Plymouth Argyle FC (42),2-1,?,Gillingham FC (40)
?,(Sat) 21 Apr 1979 (16),Mansfield Town FC (37),3-0,?,Bury FC (39)
?,(Mon) 23 Apr 1979 (17),Mansfield Town FC (38),2-2,?,Swansea City AFC (43)
?,(Mon) 23 Apr 1979 (17),Brentford FC (42),1-0,?,Rotherham United FC (39)
?,(Tue) 24 Apr 1979 (17),Blackpool FC (41),1-1,?,Exeter City FC (41)
?,(Tue) 24 Apr 1979 (17),Carlisle United FC (44),1-0,?,Watford FC (42)
?,(Tue) 24 Apr 1979 (17),Colchester United FC (42),0-0,?,Chesterfield FC (40)
?,(Tue) 24 Apr 1979 (17),Plymouth Argyle FC (43),2-2,?,Chester FC (43)
?,(Tue) 24 Apr 1979 (17),Hull City AFC (39),2-0,?,Southend United FC (43)
?,(Tue) 24 Apr 1979 (17),Walsall FC (42),0-1,?,Bury FC (40)
?,(Tue) 24 Apr 1979 (17),Shrewsbury Town FC (40),2-1,?,Tranmere Rovers FC (42)
?,(Tue) 24 Apr 1979 (17),Peterborough United FC (40),2-1,?,Swindon Town FC (40)
?,(Wed) 25 Apr 1979 (17),Lincoln City FC (40),2-4,?,Gillingham FC (41)
?,(Wed) 25 Apr 1979 (17),Oxford United FC (42),1-1,?,Sheffield Wednesday FC (39)
?,(Fri) 27 Apr 1979 (17),Tranmere Rovers FC (43),0-0,?,Walsall FC (43)
?,(Sat) 28 Apr 1979 (17),Hull City AFC (40),1-1,?,Swindon Town FC (41)
?,(Sat) 28 Apr 1979 (17),Chester FC (44),2-2,?,Sheffield Wednesday FC (40)
?,(Sat) 28 Apr 1979 (17),Watford FC (43),2-2,?,Plymouth Argyle FC (44)
?,(Sat) 28 Apr 1979 (17),Chesterfield FC (41),1-0,?,Rotherham United FC (40)
?,(Sat) 28 Apr 1979 (17),Bury FC (41),2-2,?,Colchester United FC (43)
?,(Sat) 28 Apr 1979 (17),Swansea City AFC (44),3-2,?,Southend United FC (44)
?,(Sat) 28 Apr 1979 (17),Peterborough United FC (41),1-2,?,Blackpool FC (42)
?,(Sat) 28 Apr 1979 (17),Exeter City FC (42),3-2,?,Carlisle United FC (45)
?,(Sat) 28 Apr 1979 (17),Gillingham FC (42),2-0,?,Shrewsbury Town FC (41)
?,(Sat) 28 Apr 1979 (17),Brentford FC (43),1-0,?,Mansfield Town FC (39)
?,(Sat) 28 Apr 1979 (17),Oxford United FC (43),2-1,?,Lincoln City FC (41)
?,(Mon) 30 Apr 1979 (18),Tranmere Rovers FC (44),1-2,?,Mansfield Town FC (40)
?,(Mon) 30 Apr 1979 (18),Southend United FC (45),1-0,?,Walsall FC (44)
?,(Tue) 1 May 1979 (18),Bury FC (42),0-0,?,Sheffield Wednesday FC (41)
?,(Tue) 1 May 1979 (18),Hull City AFC (41),2-1,?,Plymouth Argyle FC (45)
?,(Tue) 1 May 1979 (18),Rotherham United FC (41),1-1,?,Peterborough United FC (42)
?,(Wed) 2 May 1979 (18),Watford FC (44),1-0,?,Chester FC (45)
?,(Wed) 2 May 1979 (18),Lincoln City FC (42),1-2,?,Shrewsbury Town FC (42)
?,(Wed) 2 May 1979 (18),Swindon Town FC (42),2-0,?,Oxford United FC (44)
?,(Fri) 4 May 1979 (18),Southend United FC (46),0-1,?,Tranmere Rovers FC (45)
?,(Fri) 4 May 1979 (18),Colchester United FC (44),4-2,?,Peterborough United FC (43)
?,(Sat) 5 May 1979 (18),Swindon Town FC (43),3-1,?,Gillingham FC (43)
?,(Sat) 5 May 1979 (18),Lincoln City FC (43),4-2,?,Hull City AFC (42)
?,(Sat) 5 May 1979 (18),Walsall FC (45),0-1,?,Chesterfield FC (42)
?,(Sat) 5 May 1979 (18),Plymouth Argyle FC (46),2-2,?,Swansea City AFC (45)
?,(Sat) 5 May 1979 (18),Rotherham United FC (42),2-1,?,Exeter City FC (43)
?,(Sat) 5 May 1979 (18),Mansfield Town FC (41),2-0,?,Chester FC (46)
?,(Sat) 5 May 1979 (18),Sheffield Wednesday FC (42),2-3,?,Watford FC (45)
?,(Sat) 5 May 1979 (18),Shrewsbury Town FC (43),1-0,?,Bury FC (43)
?,(Sat) 5 May 1979 (18),Carlisle United FC (46),0-1,?,Oxford United FC (45)
?,(Sat) 5 May 1979 (18),Blackpool FC (43),0-1,?,Brentford FC (44)
?,(Mon) 7 May 1979 (19),Sheffield Wednesday FC (43),2-1,?,Rotherham United FC (43)
?,(Mon) 7 May 1979 (19),Colchester United FC (45),2-2,?,Gillingham FC (44)
?,(Mon) 7 May 1979 (19),Lincoln City FC (44),1-2,?,Blackpool FC (44)
?,(Mon) 7 May 1979 (19),Mansfield Town FC (42),2-2,?,Shrewsbury Town FC (44)
?,(Mon) 7 May 1979 (19),Hull City AFC (43),1-0,?,Exeter City FC (44)
?,(Tue) 8 May 1979 (19),Brentford FC (45),1-2,?,Swindon Town FC (44)
?,(Tue) 8 May 1979 (19),Peterborough United FC (44),0-0,?,Chesterfield FC (43)
?,(Wed) 9 May 1979 (19),Tranmere Rovers FC (46),1-5,?,Colchester United FC (46)
?,(Wed) 9 May 1979 (19),Lincoln City FC (45),1-4,?,Bury FC (44)
?,(Thu) 10 May 1979 (19),Shrewsbury Town FC (45),3-1,?,Rotherham United FC (44)
?,(Fri) 11 May 1979 (19),Sheffield Wednesday FC (44),2-1,?,Swindon Town FC (45)
?,(Fri) 11 May 1979 (19),Swansea City AFC (46),2-1,?,Chesterfield FC (44)
?,(Fri) 11 May 1979 (19),Peterborough United FC (45),3-0,?,Hull City AFC (44)
?,(Fri) 11 May 1979 (19),Mansfield Town FC (43),2-0,?,Lincoln City FC (46)
?,(Mon) 14 May 1979 (20),Watford FC (46),4-0,?,Hull City AFC (45)
?,(Mon) 14 May 1979 (20),Mansfield Town FC (44),1-1,?,Oxford United FC (46)
?,(Mon) 14 May 1979 (20),Rotherham United FC (45),4-1,?,Walsall FC (46)
?,(Mon) 14 May 1979 (20),Gillingham FC (45),2-0,?,Exeter City FC (45)
?,(Tue) 15 May 1979 (20),Bury FC (45),2-3,?,Brentford FC (46)
?,(Tue) 15 May 1979 (20),Blackpool FC (45),5-2,?,Swindon Town FC (46)
?,(Thu) 17 May 1979 (20),Sheffield Wednesday FC (45),2-0,?,Blackpool FC (46)
?,(Thu) 17 May 1979 (20),Shrewsbury Town FC (46),4-1,?,Exeter City FC (46)
?,(Sat) 19 May 1979 (20),Sheffield Wednesday FC (46),2-3,?,Hull City AFC (46)
?,(Sat) 19 May 1979 (20),Mansfield Town FC (45),0-1,?,Rotherham United FC (46)
?,(Sat) 19 May 1979 (20),Bury FC (46),1-0,?,Peterborough United FC (46)
?,(Sat) 19 May 1979 (20),Chesterfield FC (45),0-2,?,Gillingham FC (46)
?,(Mon) 21 May 1979 (21),Mansfield Town FC (46),2-1,?,Chesterfield FC (46)
