Round,Date,Team 1,FT,HT,Team 2
?,(Sat) 29 Aug 1981 (34),Gillingham FC (1),3-1,?,Burnley FC (1)
?,(Sat) 29 Aug 1981 (34),Doncaster Rovers FC (1),0-1,?,Reading FC (1)
?,(Sat) 29 Aug 1981 (34),Plymouth Argyle FC (1),0-1,?,Oxford United FC (1)
?,(Sat) 29 Aug 1981 (34),Fulham FC (1),1-2,?,Brentford FC (1)
?,(Sat) 29 Aug 1981 (34),Huddersfield Town AFC (1),1-1,?,Exeter City FC (1)
?,(Sat) 29 Aug 1981 (34),Carlisle United FC (1),2-2,?,Bristol City FC (1)
?,(Sat) 29 Aug 1981 (34),Bristol Rovers FC (1),2-2,?,Chester FC (1)
?,(Sat) 29 Aug 1981 (34),Newport County AFC (1),1-0,?,Chesterfield FC (1)
?,(Sat) 29 Aug 1981 (34),Millwall FC (1),2-1,?,Preston North End FC (1)
?,(Sat) 29 Aug 1981 (34),Swindon Town FC (1),4-1,?,Wimbledon FC (1)
?,(Sat) 29 Aug 1981 (34),Walsall FC (1),0-1,?,Southend United FC (1)
?,(Sat) 29 Aug 1981 (34),Portsmouth FC (1),1-1,?,Lincoln City FC (1)
?,(Fri) 4 Sep 1981 (35),Southend United FC (2),0-4,?,Newport County AFC (2)
?,(Sat) 5 Sep 1981 (35),Bristol City FC (2),2-2,?,Doncaster Rovers FC (2)
?,(Sat) 5 Sep 1981 (35),Reading FC (2),3-2,?,Gillingham FC (2)
?,(Sat) 5 Sep 1981 (35),Oxford United FC (2),1-0,?,Huddersfield Town AFC (2)
?,(Sat) 5 Sep 1981 (35),Wimbledon FC (2),1-3,?,Millwall FC (2)
?,(Sat) 5 Sep 1981 (35),Burnley FC (2),1-0,?,Plymouth Argyle FC (2)
?,(Sat) 5 Sep 1981 (35),Preston North End FC (2),1-0,?,Portsmouth FC (2)
?,(Sat) 5 Sep 1981 (35),Chesterfield FC (2),2-0,?,Bristol Rovers FC (2)
?,(Sat) 5 Sep 1981 (35),Chester FC (2),0-0,?,Swindon Town FC (2)
?,(Sat) 5 Sep 1981 (35),Brentford FC (2),0-0,?,Walsall FC (2)
?,(Sat) 5 Sep 1981 (35),Exeter City FC (2),2-1,?,Carlisle United FC (2)
?,(Sat) 5 Sep 1981 (35),Lincoln City FC (2),1-1,?,Fulham FC (2)
?,(Fri) 11 Sep 1981 (36),Doncaster Rovers FC (3),3-0,?,Exeter City FC (3)
?,(Sat) 12 Sep 1981 (36),Walsall FC (3),1-1,?,Chesterfield FC (3)
?,(Sat) 12 Sep 1981 (36),Swindon Town FC (3),4-0,?,Preston North End FC (3)
?,(Sat) 12 Sep 1981 (36),Fulham FC (3),2-1,?,Bristol City FC (3)
?,(Sat) 12 Sep 1981 (36),Bristol Rovers FC (3),2-1,?,Burnley FC (3)
?,(Sat) 12 Sep 1981 (36),Portsmouth FC (3),2-2,?,Brentford FC (3)
?,(Sat) 12 Sep 1981 (36),Huddersfield Town AFC (3),1-1,?,Wimbledon FC (3)
?,(Sat) 12 Sep 1981 (36),Gillingham FC (3),0-1,?,Chester FC (3)
?,(Sat) 12 Sep 1981 (36),Plymouth Argyle FC (3),0-2,?,Lincoln City FC (3)
?,(Sat) 12 Sep 1981 (36),Newport County AFC (3),3-2,?,Oxford United FC (3)
?,(Sat) 12 Sep 1981 (36),Carlisle United FC (3),3-2,?,Southend United FC (3)
?,(Sun) 13 Sep 1981 (36),Millwall FC (3),0-1,?,Reading FC (3)
?,(Sat) 19 Sep 1981 (37),Bristol City FC (4),2-1,?,Newport County AFC (4)
?,(Sat) 19 Sep 1981 (37),Chesterfield FC (4),3-0,?,Fulham FC (4)
?,(Sat) 19 Sep 1981 (37),Burnley FC (4),0-0,?,Huddersfield Town AFC (4)
?,(Sat) 19 Sep 1981 (37),Southend United FC (4),2-0,?,Portsmouth FC (4)
?,(Sat) 19 Sep 1981 (37),Lincoln City FC (4),0-0,?,Carlisle United FC (4)
?,(Sat) 19 Sep 1981 (37),Chester FC (4),0-0,?,Millwall FC (4)
?,(Sat) 19 Sep 1981 (37),Reading FC (4),0-3,?,Bristol Rovers FC (4)
?,(Sat) 19 Sep 1981 (37),Brentford FC (4),0-0,?,Plymouth Argyle FC (4)
?,(Sat) 19 Sep 1981 (37),Wimbledon FC (4),0-1,?,Doncaster Rovers FC (4)
?,(Sat) 19 Sep 1981 (37),Oxford United FC (4),0-1,?,Walsall FC (4)
?,(Sat) 19 Sep 1981 (37),Preston North End FC (4),1-1,?,Gillingham FC (4)
?,(Sat) 19 Sep 1981 (37),Exeter City FC (4),1-2,?,Swindon Town FC (4)
?,(Mon) 21 Sep 1981 (38),Brentford FC (5),0-1,?,Gillingham FC (5)
?,(Mon) 21 Sep 1981 (38),Southend United FC (5),0-0,?,Swindon Town FC (5)
?,(Tue) 22 Sep 1981 (38),Burnley FC (5),0-1,?,Doncaster Rovers FC (5)
?,(Tue) 22 Sep 1981 (38),Preston North End FC (5),1-1,?,Huddersfield Town AFC (5)
?,(Tue) 22 Sep 1981 (38),Bristol City FC (5),3-2,?,Plymouth Argyle FC (5)
?,(Tue) 22 Sep 1981 (38),Wimbledon FC (5),1-3,?,Fulham FC (5)
?,(Tue) 22 Sep 1981 (38),Chesterfield FC (5),1-0,?,Carlisle United FC (5)
?,(Wed) 23 Sep 1981 (38),Reading FC (5),2-1,?,Newport County AFC (5)
?,(Wed) 23 Sep 1981 (38),Lincoln City FC (5),0-1,?,Millwall FC (5)
?,(Wed) 23 Sep 1981 (38),Chester FC (5),0-0,?,Walsall FC (5)
?,(Wed) 23 Sep 1981 (38),Exeter City FC (5),1-3,?,Bristol Rovers FC (5)
?,(Wed) 23 Sep 1981 (38),Oxford United FC (5),0-2,?,Portsmouth FC (5)
?,(Sat) 26 Sep 1981 (38),Millwall FC (6),4-3,?,Burnley FC (6)
?,(Sat) 26 Sep 1981 (38),Carlisle United FC (6),2-1,?,Oxford United FC (6)
?,(Sat) 26 Sep 1981 (38),Huddersfield Town AFC (6),3-2,?,Southend United FC (6)
?,(Sat) 26 Sep 1981 (38),Plymouth Argyle FC (6),0-2,?,Chesterfield FC (6)
?,(Sat) 26 Sep 1981 (38),Gillingham FC (6),2-3,?,Exeter City FC (6)
?,(Sat) 26 Sep 1981 (38),Swindon Town FC (6),0-2,?,Reading FC (6)
?,(Sat) 26 Sep 1981 (38),Bristol Rovers FC (6),0-2,?,Lincoln City FC (6)
?,(Sat) 26 Sep 1981 (38),Doncaster Rovers FC (6),1-0,?,Brentford FC (6)
?,(Sat) 26 Sep 1981 (38),Walsall FC (6),1-0,?,Wimbledon FC (6)
?,(Sat) 26 Sep 1981 (38),Fulham FC (6),2-0,?,Chester FC (6)
?,(Sat) 26 Sep 1981 (38),Newport County AFC (6),1-1,?,Preston North End FC (6)
?,(Sat) 26 Sep 1981 (38),Portsmouth FC (6),2-0,?,Bristol City FC (6)
?,(Tue) 29 Sep 1981 (39),Carlisle United FC (7),1-0,?,Burnley FC (7)
?,(Tue) 29 Sep 1981 (39),Fulham FC (7),2-1,?,Southend United FC (7)
?,(Tue) 29 Sep 1981 (39),Newport County AFC (7),0-1,?,Brentford FC (7)
?,(Tue) 29 Sep 1981 (39),Gillingham FC (7),1-1,?,Bristol City FC (7)
?,(Tue) 29 Sep 1981 (39),Millwall FC (7),1-2,?,Oxford United FC (7)
?,(Tue) 29 Sep 1981 (39),Swindon Town FC (7),1-2,?,Chesterfield FC (7)
?,(Tue) 29 Sep 1981 (39),Huddersfield Town AFC (7),1-2,?,Chester FC (7)
?,(Tue) 29 Sep 1981 (39),Bristol Rovers FC (7),2-2,?,Wimbledon FC (7)
?,(Tue) 29 Sep 1981 (39),Portsmouth FC (7),2-0,?,Exeter City FC (7)
?,(Tue) 29 Sep 1981 (39),Doncaster Rovers FC (7),1-0,?,Preston North End FC (7)
?,(Tue) 29 Sep 1981 (39),Plymouth Argyle FC (7),1-1,?,Reading FC (7)
?,(Tue) 29 Sep 1981 (39),Walsall FC (7),2-1,?,Lincoln City FC (7)
?,(Sat) 3 Oct 1981 (39),Bristol City FC (8),0-1,?,Walsall FC (8)
?,(Sat) 3 Oct 1981 (39),Chesterfield FC (8),2-2,?,Portsmouth FC (8)
?,(Sat) 3 Oct 1981 (39),Oxford United FC (8),2-0,?,Fulham FC (8)
?,(Sat) 3 Oct 1981 (39),Exeter City FC (8),5-4,?,Millwall FC (8)
?,(Sat) 3 Oct 1981 (39),Lincoln City FC (8),2-2,?,Newport County AFC (8)
?,(Sat) 3 Oct 1981 (39),Burnley FC (8),0-2,?,Swindon Town FC (8)
?,(Sat) 3 Oct 1981 (39),Wimbledon FC (8),0-2,?,Gillingham FC (8)
?,(Sat) 3 Oct 1981 (39),Preston North End FC (8),0-1,?,Bristol Rovers FC (8)
?,(Sat) 3 Oct 1981 (39),Brentford FC (8),1-2,?,Carlisle United FC (8)
?,(Sat) 3 Oct 1981 (39),Reading FC (8),1-2,?,Huddersfield Town AFC (8)
?,(Sat) 3 Oct 1981 (39),Southend United FC (8),3-0,?,Plymouth Argyle FC (8)
?,(Wed) 7 Oct 1981 (40),Doncaster Rovers FC (8),1-0,?,Millwall FC (9)
?,(Fri) 9 Oct 1981 (40),Southend United FC (9),1-0,?,Bristol Rovers FC (9)
?,(Sat) 10 Oct 1981 (40),Lincoln City FC (9),5-1,?,Wimbledon FC (9)
?,(Sat) 10 Oct 1981 (40),Huddersfield Town AFC (9),1-0,?,Fulham FC (9)
?,(Sat) 10 Oct 1981 (40),Exeter City FC (9),3-1,?,Brentford FC (9)
?,(Sat) 10 Oct 1981 (40),Newport County AFC (9),1-0,?,Doncaster Rovers FC (9)
?,(Sat) 10 Oct 1981 (40),Reading FC (9),0-2,?,Chesterfield FC (9)
?,(Sat) 10 Oct 1981 (40),Plymouth Argyle FC (9),1-2,?,Gillingham FC (9)
?,(Sat) 10 Oct 1981 (40),Swindon Town FC (9),2-1,?,Carlisle United FC (9)
?,(Sat) 10 Oct 1981 (40),Portsmouth FC (9),1-2,?,Burnley FC (9)
?,(Sat) 10 Oct 1981 (40),Chester FC (8),2-2,?,Oxford United FC (9)
?,(Sat) 10 Oct 1981 (40),Bristol City FC (9),0-0,?,Preston North End FC (9)
?,(Sun) 11 Oct 1981 (40),Millwall FC (10),2-0,?,Walsall FC (9)
?,(Sat) 17 Oct 1981 (41),Brentford FC (10),3-1,?,Lincoln City FC (10)
?,(Sat) 17 Oct 1981 (41),Bristol Rovers FC (10),1-4,?,Swindon Town FC (10)
?,(Sat) 17 Oct 1981 (41),Chesterfield FC (10),1-2,?,Southend United FC (10)
?,(Sat) 17 Oct 1981 (41),Carlisle United FC (10),3-1,?,Plymouth Argyle FC (10)
?,(Sat) 17 Oct 1981 (41),Burnley FC (10),3-3,?,Exeter City FC (10)
?,(Sat) 17 Oct 1981 (41),Oxford United FC (10),1-0,?,Bristol City FC (10)
?,(Sat) 17 Oct 1981 (41),Gillingham FC (10),3-2,?,Huddersfield Town AFC (10)
?,(Sat) 17 Oct 1981 (41),Preston North End FC (10),0-0,?,Reading FC (10)
?,(Sat) 17 Oct 1981 (41),Fulham FC (10),3-1,?,Newport County AFC (10)
?,(Sat) 17 Oct 1981 (41),Wimbledon FC (10),1-0,?,Chester FC (9)
?,(Sat) 17 Oct 1981 (41),Walsall FC (10),3-1,?,Portsmouth FC (10)
?,(Mon) 19 Oct 1981 (42),Brentford FC (11),0-1,?,Southend United FC (11)
?,(Tue) 20 Oct 1981 (42),Doncaster Rovers FC (10),4-1,?,Lincoln City FC (11)
?,(Tue) 20 Oct 1981 (42),Newport County AFC (11),1-1,?,Millwall FC (11)
?,(Tue) 20 Oct 1981 (42),Walsall FC (11),5-0,?,Swindon Town FC (11)
?,(Tue) 20 Oct 1981 (42),Huddersfield Town AFC (11),2-1,?,Carlisle United FC (11)
?,(Tue) 20 Oct 1981 (42),Fulham FC (11),4-1,?,Exeter City FC (11)
?,(Tue) 20 Oct 1981 (42),Preston North End FC (11),1-1,?,Burnley FC (11)
?,(Tue) 20 Oct 1981 (42),Wimbledon FC (11),2-1,?,Plymouth Argyle FC (11)
?,(Tue) 20 Oct 1981 (42),Bristol City FC (11),2-0,?,Reading FC (11)
?,(Tue) 20 Oct 1981 (42),Gillingham FC (11),4-2,?,Portsmouth FC (11)
?,(Wed) 21 Oct 1981 (42),Oxford United FC (11),1-1,?,Bristol Rovers FC (11)
?,(Wed) 21 Oct 1981 (42),Chester FC (10),0-2,?,Chesterfield FC (11)
?,(Sat) 24 Oct 1981 (42),Burnley FC (12),2-2,?,Fulham FC (12)
?,(Sat) 24 Oct 1981 (42),Swindon Town FC (12),2-2,?,Doncaster Rovers FC (11)
?,(Sat) 24 Oct 1981 (42),Millwall FC (12),1-2,?,Gillingham FC (12)
?,(Sat) 24 Oct 1981 (42),Bristol Rovers FC (12),3-2,?,Huddersfield Town AFC (12)
?,(Sat) 24 Oct 1981 (42),Carlisle United FC (12),2-1,?,Walsall FC (12)
?,(Sat) 24 Oct 1981 (42),Lincoln City FC (12),1-2,?,Bristol City FC (12)
?,(Sat) 24 Oct 1981 (42),Plymouth Argyle FC (12),5-1,?,Chester FC (11)
?,(Sat) 24 Oct 1981 (42),Chesterfield FC (12),0-2,?,Brentford FC (12)
?,(Sat) 24 Oct 1981 (42),Exeter City FC (12),4-3,?,Preston North End FC (12)
?,(Sat) 24 Oct 1981 (42),Portsmouth FC (12),0-0,?,Newport County AFC (12)
?,(Sat) 24 Oct 1981 (42),Southend United FC (12),0-1,?,Oxford United FC (12)
?,(Sat) 24 Oct 1981 (42),Reading FC (12),2-1,?,Wimbledon FC (12)
?,(Sat) 31 Oct 1981 (43),Newport County AFC (13),2-0,?,Carlisle United FC (13)
?,(Sat) 31 Oct 1981 (43),Walsall FC (13),0-1,?,Plymouth Argyle FC (13)
?,(Sat) 31 Oct 1981 (43),Brentford FC (13),0-0,?,Burnley FC (13)
?,(Sat) 31 Oct 1981 (43),Doncaster Rovers FC (12),4-2,?,Bristol Rovers FC (13)
?,(Sat) 31 Oct 1981 (43),Fulham FC (13),1-1,?,Portsmouth FC (13)
?,(Sat) 31 Oct 1981 (43),Gillingham FC (13),1-0,?,Swindon Town FC (13)
?,(Sat) 31 Oct 1981 (43),Bristol City FC (13),0-0,?,Chesterfield FC (13)
?,(Sat) 31 Oct 1981 (43),Wimbledon FC (13),1-1,?,Exeter City FC (13)
?,(Sat) 31 Oct 1981 (43),Huddersfield Town AFC (13),1-2,?,Millwall FC (13)
?,(Sat) 31 Oct 1981 (43),Oxford United FC (13),1-1,?,Lincoln City FC (13)
?,(Sat) 31 Oct 1981 (43),Preston North End FC (13),1-0,?,Southend United FC (13)
?,(Sat) 31 Oct 1981 (43),Chester FC (12),2-3,?,Reading FC (13)
?,(Mon) 2 Nov 1981 (44),Southend United FC (14),3-0,?,Gillingham FC (14)
?,(Tue) 3 Nov 1981 (44),Plymouth Argyle FC (14),3-1,?,Fulham FC (14)
?,(Tue) 3 Nov 1981 (44),Millwall FC (14),2-0,?,Bristol City FC (14)
?,(Tue) 3 Nov 1981 (44),Portsmouth FC (14),1-0,?,Wimbledon FC (14)
?,(Tue) 3 Nov 1981 (44),Chesterfield FC (14),1-0,?,Huddersfield Town AFC (14)
?,(Tue) 3 Nov 1981 (44),Bristol Rovers FC (14),2-0,?,Newport County AFC (14)
?,(Tue) 3 Nov 1981 (44),Carlisle United FC (14),2-0,?,Doncaster Rovers FC (13)
?,(Tue) 3 Nov 1981 (44),Burnley FC (14),1-0,?,Chester FC (13)
?,(Tue) 3 Nov 1981 (44),Swindon Town FC (14),0-3,?,Brentford FC (14)
?,(Wed) 4 Nov 1981 (44),Reading FC (14),0-0,?,Walsall FC (14)
?,(Wed) 4 Nov 1981 (44),Lincoln City FC (14),1-2,?,Preston North End FC (14)
?,(Wed) 4 Nov 1981 (44),Exeter City FC (14),1-2,?,Oxford United FC (14)
?,(Fri) 6 Nov 1981 (44),Doncaster Rovers FC (14),1-2,?,Huddersfield Town AFC (15)
?,(Sat) 7 Nov 1981 (44),Exeter City FC (15),4-3,?,Reading FC (15)
?,(Sat) 7 Nov 1981 (44),Walsall FC (15),3-1,?,Newport County AFC (15)
?,(Sat) 7 Nov 1981 (44),Swindon Town FC (15),1-2,?,Millwall FC (15)
?,(Sat) 7 Nov 1981 (44),Brentford FC (15),0-1,?,Bristol City FC (15)
?,(Sat) 7 Nov 1981 (44),Chesterfield FC (15),2-2,?,Oxford United FC (15)
?,(Sat) 7 Nov 1981 (44),Southend United FC (15),0-2,?,Lincoln City FC (15)
?,(Sat) 7 Nov 1981 (44),Bristol Rovers FC (15),2-0,?,Gillingham FC (15)
?,(Sat) 7 Nov 1981 (44),Preston North End FC (15),0-1,?,Chester FC (14)
?,(Sat) 7 Nov 1981 (44),Carlisle United FC (15),1-2,?,Fulham FC (15)
?,(Sat) 7 Nov 1981 (44),Burnley FC (15),2-2,?,Wimbledon FC (15)
?,(Sat) 7 Nov 1981 (44),Plymouth Argyle FC (15),0-0,?,Portsmouth FC (15)
?,(Sat) 14 Nov 1981 (45),Portsmouth FC (16),1-2,?,Carlisle United FC (16)
?,(Sat) 14 Nov 1981 (45),Newport County AFC (16),0-1,?,Plymouth Argyle FC (16)
?,(Sat) 14 Nov 1981 (45),Reading FC (16),1-1,?,Burnley FC (16)
?,(Sat) 14 Nov 1981 (45),Chester FC (15),0-2,?,Exeter City FC (16)
?,(Sat) 14 Nov 1981 (45),Millwall FC (16),0-0,?,Bristol Rovers FC (16)
?,(Sat) 14 Nov 1981 (45),Bristol City FC (16),0-2,?,Southend United FC (16)
?,(Sat) 14 Nov 1981 (45),Lincoln City FC (16),2-1,?,Chesterfield FC (16)
?,(Sat) 14 Nov 1981 (45),Fulham FC (16),1-1,?,Walsall FC (16)
?,(Sat) 14 Nov 1981 (45),Huddersfield Town AFC (16),3-0,?,Swindon Town FC (16)
?,(Sat) 14 Nov 1981 (45),Wimbledon FC (16),3-2,?,Preston North End FC (16)
?,(Sat) 14 Nov 1981 (45),Gillingham FC (16),3-0,?,Doncaster Rovers FC (15)
?,(Sat) 14 Nov 1981 (45),Oxford United FC (16),1-2,?,Brentford FC (16)
?,(Fri) 27 Nov 1981 (47),Southend United FC (17),2-0,?,Reading FC (17)
?,(Sat) 28 Nov 1981 (47),Portsmouth FC (17),2-1,?,Huddersfield Town AFC (17)
?,(Sat) 28 Nov 1981 (47),Brentford FC (17),1-0,?,Chester FC (16)
?,(Sat) 28 Nov 1981 (47),Oxford United FC (17),3-0,?,Preston North End FC (17)
?,(Sat) 28 Nov 1981 (47),Fulham FC (17),0-0,?,Millwall FC (17)
?,(Sat) 28 Nov 1981 (47),Lincoln City FC (17),2-0,?,Swindon Town FC (17)
?,(Sat) 28 Nov 1981 (47),Bristol City FC (17),2-3,?,Burnley FC (17)
?,(Sat) 28 Nov 1981 (47),Carlisle United FC (17),2-0,?,Gillingham FC (17)
?,(Sat) 28 Nov 1981 (47),Plymouth Argyle FC (17),4-2,?,Doncaster Rovers FC (16)
?,(Sat) 28 Nov 1981 (47),Chesterfield FC (17),2-0,?,Wimbledon FC (17)
?,(Sat) 28 Nov 1981 (47),Walsall FC (17),2-1,?,Bristol Rovers FC (17)
?,(Sat) 28 Nov 1981 (47),Newport County AFC (17),1-1,?,Exeter City FC (17)
?,(Wed) 2 Dec 1981 (48),Chester FC (17),1-1,?,Doncaster Rovers FC (17)
?,(Sat) 5 Dec 1981 (48),Chester FC (18),1-1,?,Southend United FC (18)
?,(Sat) 5 Dec 1981 (48),Doncaster Rovers FC (18),0-0,?,Portsmouth FC (18)
?,(Sat) 5 Dec 1981 (48),Millwall FC (18),1-2,?,Carlisle United FC (18)
?,(Sat) 5 Dec 1981 (48),Bristol Rovers FC (18),1-2,?,Fulham FC (18)
?,(Sat) 5 Dec 1981 (48),Reading FC (18),3-2,?,Lincoln City FC (18)
?,(Sat) 5 Dec 1981 (48),Burnley FC (18),2-1,?,Oxford United FC (18)
?,(Sat) 5 Dec 1981 (48),Swindon Town FC (18),0-0,?,Bristol City FC (18)
?,(Sat) 5 Dec 1981 (48),Exeter City FC (18),0-3,?,Chesterfield FC (18)
?,(Sat) 5 Dec 1981 (48),Huddersfield Town AFC (18),0-0,?,Plymouth Argyle FC (18)
?,(Sat) 5 Dec 1981 (48),Gillingham FC (18),1-4,?,Walsall FC (18)
?,(Sat) 5 Dec 1981 (48),Wimbledon FC (18),2-3,?,Newport County AFC (18)
?,(Sat) 5 Dec 1981 (48),Preston North End FC (18),1-3,?,Brentford FC (18)
?,(Sat) 19 Dec 1981 (50),Bristol Rovers FC (19),0-1,?,Carlisle United FC (19)
?,(Sat) 26 Dec 1981 (51),Portsmouth FC (19),0-0,?,Bristol Rovers FC (20)
?,(Sat) 26 Dec 1981 (51),Newport County AFC (19),0-1,?,Chester FC (19)
?,(Sat) 26 Dec 1981 (51),Plymouth Argyle FC (19),2-1,?,Swindon Town FC (19)
?,(Mon) 28 Dec 1981 (52),Exeter City FC (19),1-1,?,Plymouth Argyle FC (20)
?,(Mon) 28 Dec 1981 (52),Millwall FC (19),0-1,?,Brentford FC (19)
?,(Mon) 28 Dec 1981 (52),Gillingham FC (19),1-1,?,Newport County AFC (20)
?,(Tue) 29 Dec 1981 (52),Bristol Rovers FC (21),1-0,?,Bristol City FC (19)
?,(Wed) 30 Dec 1981 (52),Swindon Town FC (20),1-4,?,Fulham FC (19)
?,(Fri) 1 Jan 1982 (0),Southend United FC (19),2-1,?,Exeter City FC (20)
?,(Sat) 2 Jan 1982 (0),Brentford FC (20),0-1,?,Huddersfield Town AFC (19)
?,(Sat) 2 Jan 1982 (0),Plymouth Argyle FC (21),4-0,?,Bristol Rovers FC (22)
?,(Sat) 2 Jan 1982 (0),Bristol City FC (20),1-3,?,Wimbledon FC (19)
?,(Sat) 2 Jan 1982 (0),Newport County AFC (21),3-1,?,Reading FC (19)
?,(Tue) 5 Jan 1982 (1),Chesterfield FC (19),0-0,?,Preston North End FC (19)
?,(Wed) 6 Jan 1982 (1),Reading FC (20),2-1,?,Portsmouth FC (20)
?,(Sat) 9 Jan 1982 (1),Huddersfield Town AFC (20),2-0,?,Oxford United FC (19)
?,(Sat) 9 Jan 1982 (1),Plymouth Argyle FC (22),1-1,?,Burnley FC (19)
?,(Sat) 16 Jan 1982 (2),Preston North End FC (20),1-0,?,Plymouth Argyle FC (23)
?,(Sat) 16 Jan 1982 (2),Southend United FC (20),1-1,?,Doncaster Rovers FC (19)
?,(Sat) 16 Jan 1982 (2),Lincoln City FC (19),2-0,?,Gillingham FC (20)
?,(Sat) 16 Jan 1982 (2),Exeter City FC (21),2-0,?,Walsall FC (19)
?,(Sat) 16 Jan 1982 (2),Burnley FC (20),2-1,?,Newport County AFC (22)
?,(Sat) 16 Jan 1982 (2),Bristol City FC (21),0-0,?,Huddersfield Town AFC (21)
?,(Tue) 19 Jan 1982 (3),Walsall FC (20),3-0,?,Brentford FC (21)
?,(Tue) 19 Jan 1982 (3),Bristol Rovers FC (23),1-0,?,Chesterfield FC (20)
?,(Tue) 19 Jan 1982 (3),Chester FC (20),3-2,?,Portsmouth FC (21)
?,(Wed) 20 Jan 1982 (3),Reading FC (21),0-3,?,Fulham FC (20)
?,(Sat) 23 Jan 1982 (3),Preston North End FC (21),1-0,?,Millwall FC (20)
?,(Sat) 23 Jan 1982 (3),Chesterfield FC (21),1-0,?,Newport County AFC (23)
?,(Sat) 23 Jan 1982 (3),Lincoln City FC (20),1-1,?,Portsmouth FC (22)
?,(Sat) 23 Jan 1982 (3),Chester FC (21),1-1,?,Bristol Rovers FC (24)
?,(Sat) 23 Jan 1982 (3),Southend United FC (21),3-2,?,Walsall FC (21)
?,(Sat) 23 Jan 1982 (3),Wimbledon FC (20),1-1,?,Swindon Town FC (21)
?,(Sat) 23 Jan 1982 (3),Brentford FC (22),0-1,?,Fulham FC (21)
?,(Sat) 23 Jan 1982 (3),Reading FC (22),2-2,?,Plymouth Argyle FC (24)
?,(Wed) 27 Jan 1982 (4),Reading FC (23),4-1,?,Brentford FC (23)
?,(Fri) 29 Jan 1982 (4),Doncaster Rovers FC (20),1-3,?,Wimbledon FC (21)
?,(Sat) 30 Jan 1982 (4),Fulham FC (22),1-0,?,Chesterfield FC (22)
?,(Sat) 30 Jan 1982 (4),Plymouth Argyle FC (25),1-0,?,Brentford FC (24)
?,(Sat) 30 Jan 1982 (4),Huddersfield Town AFC (22),1-2,?,Burnley FC (21)
?,(Sat) 30 Jan 1982 (4),Walsall FC (22),1-3,?,Oxford United FC (20)
?,(Sat) 30 Jan 1982 (4),Millwall FC (21),2-1,?,Chester FC (22)
?,(Sat) 30 Jan 1982 (4),Carlisle United FC (20),1-0,?,Lincoln City FC (21)
?,(Sat) 30 Jan 1982 (4),Bristol Rovers FC (25),1-1,?,Reading FC (24)
?,(Sat) 30 Jan 1982 (4),Gillingham FC (21),0-2,?,Preston North End FC (22)
?,(Sat) 30 Jan 1982 (4),Portsmouth FC (23),0-0,?,Southend United FC (22)
?,(Sat) 30 Jan 1982 (4),Newport County AFC (24),1-1,?,Bristol City FC (22)
?,(Sun) 31 Jan 1982 (4),Swindon Town FC (22),3-2,?,Exeter City FC (22)
?,(Mon) 1 Feb 1982 (5),Southend United FC (23),2-2,?,Millwall FC (22)
?,(Tue) 2 Feb 1982 (5),Carlisle United FC (21),1-0,?,Preston North End FC (23)
?,(Tue) 2 Feb 1982 (5),Chesterfield FC (23),3-1,?,Doncaster Rovers FC (21)
?,(Tue) 2 Feb 1982 (5),Burnley FC (22),1-0,?,Gillingham FC (22)
?,(Wed) 3 Feb 1982 (5),Oxford United FC (21),1-0,?,Reading FC (25)
?,(Wed) 3 Feb 1982 (5),Lincoln City FC (22),3-0,?,Chester FC (23)
?,(Sat) 6 Feb 1982 (5),Chester FC (24),0-0,?,Gillingham FC (23)
?,(Sat) 6 Feb 1982 (5),Oxford United FC (22),1-1,?,Newport County AFC (25)
?,(Sat) 6 Feb 1982 (5),Chesterfield FC (24),1-0,?,Walsall FC (23)
?,(Sat) 6 Feb 1982 (5),Preston North End FC (24),0-0,?,Swindon Town FC (23)
?,(Sat) 6 Feb 1982 (5),Reading FC (26),4-0,?,Millwall FC (23)
?,(Sat) 6 Feb 1982 (5),Southend United FC (24),1-1,?,Carlisle United FC (22)
?,(Sat) 6 Feb 1982 (5),Bristol City FC (23),0-0,?,Fulham FC (23)
?,(Sat) 6 Feb 1982 (5),Brentford FC (25),2-2,?,Portsmouth FC (24)
?,(Sat) 6 Feb 1982 (5),Lincoln City FC (23),2-0,?,Plymouth Argyle FC (26)
?,(Sat) 6 Feb 1982 (5),Wimbledon FC (22),2-0,?,Huddersfield Town AFC (23)
?,(Sat) 6 Feb 1982 (5),Exeter City FC (23),2-1,?,Doncaster Rovers FC (22)
?,(Sat) 6 Feb 1982 (5),Burnley FC (23),4-0,?,Bristol Rovers FC (26)
?,(Tue) 9 Feb 1982 (6),Walsall FC (24),2-1,?,Chester FC (25)
?,(Tue) 9 Feb 1982 (6),Bristol Rovers FC (27),3-2,?,Exeter City FC (24)
?,(Tue) 9 Feb 1982 (6),Fulham FC (24),4-1,?,Wimbledon FC (23)
?,(Tue) 9 Feb 1982 (6),Carlisle United FC (23),3-0,?,Chesterfield FC (25)
?,(Tue) 9 Feb 1982 (6),Gillingham FC (24),1-1,?,Brentford FC (26)
?,(Tue) 9 Feb 1982 (6),Huddersfield Town AFC (24),2-3,?,Preston North End FC (25)
?,(Tue) 9 Feb 1982 (6),Portsmouth FC (25),1-1,?,Oxford United FC (23)
?,(Tue) 9 Feb 1982 (6),Doncaster Rovers FC (23),0-1,?,Burnley FC (24)
?,(Tue) 9 Feb 1982 (6),Plymouth Argyle FC (27),2-1,?,Bristol City FC (24)
?,(Tue) 9 Feb 1982 (6),Millwall FC (24),1-1,?,Lincoln City FC (24)
?,(Tue) 9 Feb 1982 (6),Swindon Town FC (24),0-0,?,Southend United FC (25)
?,(Sat) 13 Feb 1982 (6),Doncaster Rovers FC (24),4-3,?,Chester FC (26)
?,(Sat) 13 Feb 1982 (6),Newport County AFC (26),0-0,?,Lincoln City FC (25)
?,(Sat) 13 Feb 1982 (6),Plymouth Argyle FC (28),0-0,?,Southend United FC (26)
?,(Sat) 13 Feb 1982 (6),Swindon Town FC (25),1-2,?,Burnley FC (25)
?,(Sat) 13 Feb 1982 (6),Portsmouth FC (26),5-1,?,Chesterfield FC (26)
?,(Sat) 13 Feb 1982 (6),Huddersfield Town AFC (25),6-1,?,Reading FC (27)
?,(Sat) 13 Feb 1982 (6),Walsall FC (25),0-1,?,Bristol City FC (25)
?,(Sat) 13 Feb 1982 (6),Gillingham FC (25),6-1,?,Wimbledon FC (24)
?,(Sat) 13 Feb 1982 (6),Bristol Rovers FC (28),2-0,?,Preston North End FC (26)
?,(Sat) 13 Feb 1982 (6),Carlisle United FC (24),1-0,?,Brentford FC (27)
?,(Sun) 14 Feb 1982 (6),Millwall FC (25),5-1,?,Exeter City FC (25)
?,(Tue) 16 Feb 1982 (7),Walsall FC (26),1-1,?,Huddersfield Town AFC (26)
?,(Wed) 17 Feb 1982 (7),Reading FC (28),3-3,?,Doncaster Rovers FC (25)
?,(Fri) 19 Feb 1982 (7),Southend United FC (27),0-0,?,Fulham FC (25)
?,(Sat) 20 Feb 1982 (7),Chester FC (27),3-1,?,Huddersfield Town AFC (27)
?,(Sat) 20 Feb 1982 (7),Chesterfield FC (27),2-2,?,Plymouth Argyle FC (29)
?,(Sat) 20 Feb 1982 (7),Oxford United FC (24),2-1,?,Carlisle United FC (25)
?,(Sat) 20 Feb 1982 (7),Wimbledon FC (25),1-0,?,Bristol Rovers FC (29)
?,(Sat) 20 Feb 1982 (7),Reading FC (29),1-1,?,Swindon Town FC (26)
?,(Sat) 20 Feb 1982 (7),Bristol City FC (26),0-1,?,Portsmouth FC (27)
?,(Sat) 20 Feb 1982 (7),Preston North End FC (27),3-1,?,Doncaster Rovers FC (26)
?,(Sat) 20 Feb 1982 (7),Lincoln City FC (26),1-1,?,Walsall FC (27)
?,(Sat) 20 Feb 1982 (7),Burnley FC (26),1-1,?,Millwall FC (26)
?,(Sat) 20 Feb 1982 (7),Brentford FC (28),2-0,?,Newport County AFC (27)
?,(Sat) 20 Feb 1982 (7),Exeter City FC (26),1-1,?,Gillingham FC (26)
?,(Tue) 23 Feb 1982 (8),Fulham FC (26),0-0,?,Oxford United FC (25)
?,(Tue) 23 Feb 1982 (8),Swindon Town FC (27),2-0,?,Portsmouth FC (28)
?,(Tue) 23 Feb 1982 (8),Bristol City FC (27),3-2,?,Exeter City FC (27)
?,(Wed) 24 Feb 1982 (8),Millwall FC (27),2-1,?,Wimbledon FC (26)
?,(Sat) 27 Feb 1982 (8),Preston North End FC (28),1-3,?,Bristol City FC (28)
?,(Sat) 27 Feb 1982 (8),Walsall FC (28),1-1,?,Millwall FC (28)
?,(Sat) 27 Feb 1982 (8),Doncaster Rovers FC (27),0-2,?,Newport County AFC (28)
?,(Sat) 27 Feb 1982 (8),Burnley FC (27),3-0,?,Portsmouth FC (29)
?,(Sat) 27 Feb 1982 (8),Carlisle United FC (26),1-1,?,Swindon Town FC (28)
?,(Sat) 27 Feb 1982 (8),Oxford United FC (26),3-1,?,Chester FC (28)
?,(Sat) 27 Feb 1982 (8),Gillingham FC (27),3-2,?,Plymouth Argyle FC (30)
?,(Sat) 27 Feb 1982 (8),Bristol Rovers FC (30),2-1,?,Southend United FC (28)
?,(Sat) 27 Feb 1982 (8),Chesterfield FC (28),2-1,?,Reading FC (30)
?,(Sat) 27 Feb 1982 (8),Wimbledon FC (27),1-1,?,Lincoln City FC (27)
?,(Sat) 27 Feb 1982 (8),Fulham FC (27),2-2,?,Huddersfield Town AFC (28)
?,(Sat) 27 Feb 1982 (8),Brentford FC (29),2-0,?,Exeter City FC (28)
?,(Tue) 2 Mar 1982 (9),Walsall FC (29),1-1,?,Burnley FC (28)
?,(Tue) 2 Mar 1982 (9),Huddersfield Town AFC (29),0-2,?,Lincoln City FC (28)
?,(Fri) 5 Mar 1982 (9),Southend United FC (29),0-2,?,Chesterfield FC (29)
?,(Sat) 6 Mar 1982 (9),Exeter City FC (29),2-1,?,Burnley FC (29)
?,(Sat) 6 Mar 1982 (9),Reading FC (31),2-1,?,Preston North End FC (29)
?,(Sat) 6 Mar 1982 (9),Huddersfield Town AFC (30),2-0,?,Gillingham FC (28)
?,(Sat) 6 Mar 1982 (9),Swindon Town FC (29),5-2,?,Bristol Rovers FC (31)
?,(Sat) 6 Mar 1982 (9),Lincoln City FC (29),1-0,?,Brentford FC (30)
?,(Sat) 6 Mar 1982 (9),Plymouth Argyle FC (31),1-0,?,Carlisle United FC (27)
?,(Sat) 6 Mar 1982 (9),Bristol City FC (29),0-2,?,Oxford United FC (27)
?,(Sat) 6 Mar 1982 (9),Millwall FC (29),0-2,?,Doncaster Rovers FC (28)
?,(Sat) 6 Mar 1982 (9),Portsmouth FC (30),1-0,?,Walsall FC (30)
?,(Sun) 7 Mar 1982 (9),Newport County AFC (29),1-3,?,Fulham FC (28)
?,(Mon) 8 Mar 1982 (10),Southend United FC (30),1-1,?,Brentford FC (31)
?,(Tue) 9 Mar 1982 (10),Millwall FC (30),1-0,?,Newport County AFC (30)
?,(Tue) 9 Mar 1982 (10),Portsmouth FC (31),1-0,?,Gillingham FC (29)
?,(Tue) 9 Mar 1982 (10),Chesterfield FC (30),3-5,?,Chester FC (29)
?,(Tue) 9 Mar 1982 (10),Carlisle United FC (28),2-2,?,Huddersfield Town AFC (31)
?,(Tue) 9 Mar 1982 (10),Swindon Town FC (30),2-2,?,Walsall FC (31)
?,(Wed) 10 Mar 1982 (10),Lincoln City FC (30),5-0,?,Doncaster Rovers FC (29)
?,(Wed) 10 Mar 1982 (10),Reading FC (32),3-1,?,Bristol City FC (30)
?,(Wed) 10 Mar 1982 (10),Exeter City FC (30),1-0,?,Fulham FC (29)
?,(Fri) 12 Mar 1982 (10),Gillingham FC (30),1-1,?,Millwall FC (31)
?,(Fri) 12 Mar 1982 (10),Doncaster Rovers FC (30),0-0,?,Swindon Town FC (31)
?,(Sat) 13 Mar 1982 (10),Preston North End FC (30),1-0,?,Exeter City FC (31)
?,(Sat) 13 Mar 1982 (10),Chester FC (30),0-3,?,Plymouth Argyle FC (32)
?,(Sat) 13 Mar 1982 (10),Bristol City FC (31),0-1,?,Lincoln City FC (31)
?,(Sat) 13 Mar 1982 (10),Huddersfield Town AFC (32),0-2,?,Bristol Rovers FC (32)
?,(Sat) 13 Mar 1982 (10),Fulham FC (30),1-1,?,Burnley FC (30)
?,(Sat) 13 Mar 1982 (10),Walsall FC (32),1-1,?,Carlisle United FC (29)
?,(Sat) 13 Mar 1982 (10),Brentford FC (32),2-0,?,Chesterfield FC (31)
?,(Sat) 13 Mar 1982 (10),Wimbledon FC (28),0-0,?,Reading FC (33)
?,(Sat) 13 Mar 1982 (10),Newport County AFC (31),1-1,?,Portsmouth FC (32)
?,(Sat) 13 Mar 1982 (10),Oxford United FC (28),0-2,?,Southend United FC (31)
?,(Tue) 16 Mar 1982 (11),Walsall FC (33),1-2,?,Reading FC (34)
?,(Tue) 16 Mar 1982 (11),Preston North End FC (31),1-1,?,Lincoln City FC (32)
?,(Tue) 16 Mar 1982 (11),Gillingham FC (31),2-0,?,Southend United FC (32)
?,(Tue) 16 Mar 1982 (11),Newport County AFC (32),1-1,?,Bristol Rovers FC (33)
?,(Tue) 16 Mar 1982 (11),Doncaster Rovers FC (31),1-1,?,Carlisle United FC (30)
?,(Tue) 16 Mar 1982 (11),Fulham FC (31),1-3,?,Plymouth Argyle FC (33)
?,(Wed) 17 Mar 1982 (11),Oxford United FC (29),0-0,?,Exeter City FC (32)
?,(Wed) 17 Mar 1982 (11),Chester FC (31),0-1,?,Burnley FC (31)
?,(Fri) 19 Mar 1982 (11),Southend United FC (33),2-2,?,Preston North End FC (32)
?,(Sat) 20 Mar 1982 (11),Chesterfield FC (32),1-0,?,Bristol City FC (32)
?,(Sat) 20 Mar 1982 (11),Portsmouth FC (33),1-1,?,Fulham FC (32)
?,(Sat) 20 Mar 1982 (11),Carlisle United FC (31),2-2,?,Newport County AFC (33)
?,(Sat) 20 Mar 1982 (11),Burnley FC (32),0-0,?,Brentford FC (33)
?,(Sat) 20 Mar 1982 (11),Lincoln City FC (33),2-1,?,Oxford United FC (30)
?,(Sat) 20 Mar 1982 (11),Swindon Town FC (32),0-1,?,Gillingham FC (32)
?,(Sat) 20 Mar 1982 (11),Exeter City FC (33),2-1,?,Wimbledon FC (29)
?,(Sat) 20 Mar 1982 (11),Bristol Rovers FC (34),3-0,?,Doncaster Rovers FC (32)
?,(Sat) 20 Mar 1982 (11),Plymouth Argyle FC (34),4-1,?,Walsall FC (34)
?,(Sat) 20 Mar 1982 (11),Reading FC (35),4-1,?,Chester FC (32)
?,(Mon) 22 Mar 1982 (12),Brentford FC (34),1-0,?,Bristol Rovers FC (35)
?,(Tue) 23 Mar 1982 (12),Huddersfield Town AFC (33),1-1,?,Chesterfield FC (33)
?,(Tue) 23 Mar 1982 (12),Carlisle United FC (32),2-1,?,Reading FC (36)
?,(Tue) 23 Mar 1982 (12),Wimbledon FC (30),3-0,?,Southend United FC (34)
?,(Tue) 23 Mar 1982 (12),Doncaster Rovers FC (33),1-1,?,Oxford United FC (31)
?,(Wed) 24 Mar 1982 (12),Exeter City FC (34),1-2,?,Lincoln City FC (34)
?,(Sat) 27 Mar 1982 (12),Fulham FC (33),4-1,?,Carlisle United FC (33)
?,(Sat) 27 Mar 1982 (12),Chester FC (33),0-1,?,Preston North End FC (33)
?,(Sat) 27 Mar 1982 (12),Newport County AFC (34),2-2,?,Walsall FC (35)
?,(Sat) 27 Mar 1982 (12),Huddersfield Town AFC (34),1-2,?,Doncaster Rovers FC (34)
?,(Sat) 27 Mar 1982 (12),Wimbledon FC (31),0-0,?,Burnley FC (33)
?,(Sat) 27 Mar 1982 (12),Bristol City FC (33),0-1,?,Brentford FC (35)
?,(Sat) 27 Mar 1982 (12),Gillingham FC (33),2-0,?,Bristol Rovers FC (36)
?,(Sat) 27 Mar 1982 (12),Portsmouth FC (34),1-0,?,Plymouth Argyle FC (35)
?,(Sat) 27 Mar 1982 (12),Oxford United FC (32),1-1,?,Chesterfield FC (34)
?,(Sat) 27 Mar 1982 (12),Lincoln City FC (35),1-1,?,Southend United FC (35)
?,(Sat) 27 Mar 1982 (12),Reading FC (37),4-0,?,Exeter City FC (35)
?,(Sun) 28 Mar 1982 (12),Millwall FC (32),0-0,?,Swindon Town FC (33)
?,(Tue) 30 Mar 1982 (13),Huddersfield Town AFC (35),2-0,?,Newport County AFC (35)
?,(Wed) 31 Mar 1982 (13),Chester FC (34),1-1,?,Wimbledon FC (32)
?,(Wed) 31 Mar 1982 (13),Lincoln City FC (36),1-1,?,Burnley FC (34)
?,(Wed) 31 Mar 1982 (13),Oxford United FC (33),1-1,?,Gillingham FC (34)
?,(Fri) 2 Apr 1982 (13),Plymouth Argyle FC (36),1-2,?,Newport County AFC (36)
?,(Sat) 3 Apr 1982 (13),Brentford FC (36),1-2,?,Oxford United FC (34)
?,(Sat) 3 Apr 1982 (13),Burnley FC (35),3-0,?,Reading FC (38)
?,(Sat) 3 Apr 1982 (13),Doncaster Rovers FC (35),1-1,?,Gillingham FC (35)
?,(Sat) 3 Apr 1982 (13),Swindon Town FC (34),1-5,?,Huddersfield Town AFC (36)
?,(Sat) 3 Apr 1982 (13),Exeter City FC (36),3-0,?,Chester FC (35)
?,(Sat) 3 Apr 1982 (13),Southend United FC (36),3-0,?,Bristol City FC (34)
?,(Sat) 3 Apr 1982 (13),Chesterfield FC (35),0-2,?,Lincoln City FC (37)
?,(Sat) 3 Apr 1982 (13),Preston North End FC (34),3-2,?,Wimbledon FC (33)
?,(Sat) 3 Apr 1982 (13),Walsall FC (36),1-1,?,Fulham FC (34)
?,(Sat) 3 Apr 1982 (13),Carlisle United FC (34),2-0,?,Portsmouth FC (35)
?,(Sat) 3 Apr 1982 (13),Bristol Rovers FC (37),0-1,?,Millwall FC (33)
?,(Tue) 6 Apr 1982 (14),Millwall FC (34),1-3,?,Huddersfield Town AFC (37)
?,(Tue) 6 Apr 1982 (14),Bristol City FC (35),1-1,?,Carlisle United FC (35)
?,(Tue) 6 Apr 1982 (14),Gillingham FC (36),3-2,?,Chesterfield FC (36)
?,(Tue) 6 Apr 1982 (14),Portsmouth FC (36),1-1,?,Preston North End FC (35)
?,(Tue) 6 Apr 1982 (14),Fulham FC (35),3-1,?,Doncaster Rovers FC (36)
?,(Wed) 7 Apr 1982 (14),Oxford United FC (35),5-0,?,Swindon Town FC (35)
?,(Fri) 9 Apr 1982 (14),Brentford FC (37),4-1,?,Millwall FC (35)
?,(Fri) 9 Apr 1982 (14),Southend United FC (37),2-0,?,Wimbledon FC (34)
?,(Fri) 9 Apr 1982 (14),Plymouth Argyle FC (37),2-1,?,Exeter City FC (37)
?,(Sat) 10 Apr 1982 (14),Preston North End FC (36),0-1,?,Carlisle United FC (36)
?,(Sat) 10 Apr 1982 (14),Swindon Town FC (36),0-2,?,Plymouth Argyle FC (38)
?,(Sat) 10 Apr 1982 (14),Bristol Rovers FC (38),1-1,?,Portsmouth FC (37)
?,(Sat) 10 Apr 1982 (14),Doncaster Rovers FC (37),0-0,?,Chesterfield FC (37)
?,(Sat) 10 Apr 1982 (14),Huddersfield Town AFC (38),2-1,?,Walsall FC (37)
?,(Sat) 10 Apr 1982 (14),Gillingham FC (37),2-0,?,Fulham FC (36)
?,(Sat) 10 Apr 1982 (14),Exeter City FC (38),4-0,?,Bristol City FC (36)
?,(Sat) 10 Apr 1982 (14),Reading FC (39),0-3,?,Oxford United FC (36)
?,(Sat) 10 Apr 1982 (14),Burnley FC (36),1-0,?,Lincoln City FC (38)
?,(Sat) 10 Apr 1982 (14),Chester FC (36),0-2,?,Newport County AFC (37)
?,(Mon) 12 Apr 1982 (15),Wimbledon FC (35),1-2,?,Brentford FC (38)
?,(Mon) 12 Apr 1982 (15),Bristol City FC (37),1-2,?,Bristol Rovers FC (39)
?,(Mon) 12 Apr 1982 (15),Millwall FC (36),1-1,?,Southend United FC (38)
?,(Mon) 12 Apr 1982 (15),Portsmouth FC (38),3-0,?,Reading FC (40)
?,(Mon) 12 Apr 1982 (15),Newport County AFC (38),4-2,?,Gillingham FC (38)
?,(Mon) 12 Apr 1982 (15),Oxford United FC (37),3-1,?,Doncaster Rovers FC (38)
?,(Mon) 12 Apr 1982 (15),Chesterfield FC (38),1-2,?,Burnley FC (37)
?,(Mon) 12 Apr 1982 (15),Lincoln City FC (39),2-0,?,Huddersfield Town AFC (39)
?,(Tue) 13 Apr 1982 (15),Walsall FC (38),0-3,?,Preston North End FC (37)
?,(Tue) 13 Apr 1982 (15),Carlisle United FC (37),3-0,?,Chester FC (37)
?,(Tue) 13 Apr 1982 (15),Fulham FC (37),2-0,?,Swindon Town FC (37)
?,(Wed) 14 Apr 1982 (15),Plymouth Argyle FC (39),2-0,?,Wimbledon FC (36)
?,(Sat) 17 Apr 1982 (15),Chesterfield FC (39),2-1,?,Exeter City FC (39)
?,(Sat) 17 Apr 1982 (15),Carlisle United FC (38),2-1,?,Millwall FC (37)
?,(Sat) 17 Apr 1982 (15),Oxford United FC (38),0-0,?,Burnley FC (38)
?,(Sat) 17 Apr 1982 (15),Newport County AFC (39),0-0,?,Wimbledon FC (37)
?,(Sat) 17 Apr 1982 (15),Brentford FC (39),0-0,?,Preston North End FC (38)
?,(Sat) 17 Apr 1982 (15),Plymouth Argyle FC (40),1-1,?,Huddersfield Town AFC (40)
?,(Sat) 17 Apr 1982 (15),Fulham FC (38),4-2,?,Bristol Rovers FC (40)
?,(Sat) 17 Apr 1982 (15),Walsall FC (39),1-0,?,Gillingham FC (39)
?,(Sat) 17 Apr 1982 (15),Bristol City FC (38),0-3,?,Swindon Town FC (38)
?,(Sat) 17 Apr 1982 (15),Southend United FC (39),2-0,?,Chester FC (38)
?,(Sat) 17 Apr 1982 (15),Lincoln City FC (40),2-1,?,Reading FC (41)
?,(Sat) 17 Apr 1982 (15),Portsmouth FC (39),0-0,?,Doncaster Rovers FC (39)
?,(Mon) 19 Apr 1982 (16),Brentford FC (40),4-2,?,Swindon Town FC (39)
?,(Tue) 20 Apr 1982 (16),Millwall FC (38),2-1,?,Plymouth Argyle FC (41)
?,(Tue) 20 Apr 1982 (16),Doncaster Rovers FC (40),1-0,?,Walsall FC (40)
?,(Tue) 20 Apr 1982 (16),Wimbledon FC (38),2-3,?,Oxford United FC (39)
?,(Tue) 20 Apr 1982 (16),Preston North End FC (39),1-3,?,Fulham FC (39)
?,(Tue) 20 Apr 1982 (16),Burnley FC (39),3-5,?,Southend United FC (40)
?,(Tue) 20 Apr 1982 (16),Carlisle United FC (39),3-2,?,Exeter City FC (40)
?,(Wed) 21 Apr 1982 (16),Chester FC (39),0-0,?,Bristol City FC (39)
?,(Sat) 24 Apr 1982 (16),Preston North End FC (40),2-2,?,Oxford United FC (40)
?,(Sat) 24 Apr 1982 (16),Burnley FC (40),2-0,?,Bristol City FC (40)
?,(Sat) 24 Apr 1982 (16),Exeter City FC (41),1-0,?,Newport County AFC (40)
?,(Sat) 24 Apr 1982 (16),Gillingham FC (40),0-0,?,Carlisle United FC (40)
?,(Sat) 24 Apr 1982 (16),Huddersfield Town AFC (41),0-1,?,Portsmouth FC (40)
?,(Sat) 24 Apr 1982 (16),Swindon Town FC (40),1-0,?,Lincoln City FC (41)
?,(Sat) 24 Apr 1982 (16),Bristol Rovers FC (41),2-1,?,Walsall FC (41)
?,(Sat) 24 Apr 1982 (16),Reading FC (42),0-2,?,Southend United FC (41)
?,(Sat) 24 Apr 1982 (16),Wimbledon FC (39),3-1,?,Chesterfield FC (40)
?,(Sat) 24 Apr 1982 (16),Doncaster Rovers FC (41),2-2,?,Plymouth Argyle FC (42)
?,(Sat) 24 Apr 1982 (16),Chester FC (40),1-2,?,Brentford FC (41)
?,(Sun) 25 Apr 1982 (16),Millwall FC (39),4-3,?,Fulham FC (40)
?,(Mon) 26 Apr 1982 (17),Brentford FC (42),2-3,?,Wimbledon FC (40)
?,(Tue) 27 Apr 1982 (17),Preston North End FC (41),1-0,?,Walsall FC (42)
?,(Tue) 27 Apr 1982 (17),Swindon Town FC (41),3-0,?,Chester FC (41)
?,(Tue) 27 Apr 1982 (17),Chesterfield FC (41),0-1,?,Millwall FC (40)
?,(Wed) 28 Apr 1982 (17),Oxford United FC (41),1-0,?,Plymouth Argyle FC (43)
?,(Sat) 1 May 1982 (17),Southend United FC (42),4-0,?,Huddersfield Town AFC (42)
?,(Sat) 1 May 1982 (17),Plymouth Argyle FC (44),0-3,?,Preston North End FC (42)
?,(Sat) 1 May 1982 (17),Portsmouth FC (41),2-0,?,Chester FC (42)
?,(Sat) 1 May 1982 (17),Newport County AFC (41),0-0,?,Burnley FC (41)
?,(Sat) 1 May 1982 (17),Bristol City FC (41),2-1,?,Gillingham FC (41)
?,(Sat) 1 May 1982 (17),Brentford FC (43),2-2,?,Doncaster Rovers FC (42)
?,(Sat) 1 May 1982 (17),Carlisle United FC (41),2-1,?,Wimbledon FC (41)
?,(Sat) 1 May 1982 (17),Fulham FC (41),2-2,?,Reading FC (43)
?,(Sat) 1 May 1982 (17),Oxford United FC (42),0-0,?,Millwall FC (41)
?,(Sat) 1 May 1982 (17),Walsall FC (43),2-1,?,Exeter City FC (42)
?,(Sat) 1 May 1982 (17),Lincoln City FC (42),1-0,?,Bristol Rovers FC (42)
?,(Sat) 1 May 1982 (17),Chesterfield FC (42),2-1,?,Swindon Town FC (42)
?,(Mon) 3 May 1982 (18),Bristol Rovers FC (43),1-2,?,Brentford FC (44)
?,(Tue) 4 May 1982 (18),Wimbledon FC (42),2-0,?,Walsall FC (44)
?,(Tue) 4 May 1982 (18),Preston North End FC (43),2-1,?,Newport County AFC (42)
?,(Tue) 4 May 1982 (18),Burnley FC (42),1-0,?,Carlisle United FC (42)
?,(Tue) 4 May 1982 (18),Millwall FC (42),3-2,?,Chesterfield FC (43)
?,(Tue) 4 May 1982 (18),Huddersfield Town AFC (43),5-0,?,Bristol City FC (42)
?,(Tue) 4 May 1982 (18),Doncaster Rovers FC (43),1-1,?,Southend United FC (43)
?,(Tue) 4 May 1982 (18),Swindon Town FC (43),3-2,?,Oxford United FC (43)
?,(Tue) 4 May 1982 (18),Gillingham FC (42),1-0,?,Lincoln City FC (43)
?,(Wed) 5 May 1982 (18),Chester FC (43),0-2,?,Fulham FC (42)
?,(Wed) 5 May 1982 (18),Exeter City FC (43),3-3,?,Portsmouth FC (42)
?,(Sat) 8 May 1982 (18),Swindon Town FC (44),1-1,?,Newport County AFC (43)
?,(Sat) 8 May 1982 (18),Millwall FC (43),1-0,?,Portsmouth FC (43)
?,(Sat) 8 May 1982 (18),Chester FC (44),1-2,?,Lincoln City FC (44)
?,(Sat) 8 May 1982 (18),Exeter City FC (44),1-1,?,Southend United FC (44)
?,(Sat) 8 May 1982 (18),Burnley FC (43),2-1,?,Walsall FC (45)
?,(Sat) 8 May 1982 (18),Preston North End FC (44),2-0,?,Chesterfield FC (44)
?,(Sat) 8 May 1982 (18),Wimbledon FC (43),0-0,?,Bristol City FC (43)
?,(Sat) 8 May 1982 (18),Doncaster Rovers FC (44),2-1,?,Fulham FC (43)
?,(Sat) 8 May 1982 (18),Bristol Rovers FC (44),2-3,?,Plymouth Argyle FC (45)
?,(Sat) 8 May 1982 (18),Gillingham FC (43),2-1,?,Oxford United FC (44)
?,(Sat) 8 May 1982 (18),Huddersfield Town AFC (44),1-1,?,Brentford FC (45)
?,(Sat) 8 May 1982 (18),Reading FC (44),2-2,?,Carlisle United FC (43)
?,(Tue) 11 May 1982 (19),Fulham FC (44),0-0,?,Gillingham FC (44)
?,(Tue) 11 May 1982 (19),Wimbledon FC (44),3-1,?,Carlisle United FC (44)
?,(Tue) 11 May 1982 (19),Newport County AFC (44),3-2,?,Southend United FC (45)
?,(Tue) 11 May 1982 (19),Bristol Rovers FC (45),1-0,?,Oxford United FC (45)
?,(Tue) 11 May 1982 (19),Burnley FC (44),2-0,?,Preston North End FC (45)
?,(Wed) 12 May 1982 (19),Exeter City FC (45),1-0,?,Huddersfield Town AFC (45)
?,(Wed) 12 May 1982 (19),Bristol City FC (44),4-1,?,Millwall FC (44)
?,(Fri) 14 May 1982 (19),Southend United FC (46),1-4,?,Burnley FC (45)
?,(Sat) 15 May 1982 (19),Lincoln City FC (45),2-0,?,Exeter City FC (46)
?,(Sat) 15 May 1982 (19),Walsall FC (46),0-0,?,Doncaster Rovers FC (45)
?,(Sat) 15 May 1982 (19),Bristol City FC (45),1-0,?,Chester FC (45)
?,(Sat) 15 May 1982 (19),Plymouth Argyle FC (46),2-1,?,Millwall FC (45)
?,(Sat) 15 May 1982 (19),Oxford United FC (46),0-3,?,Wimbledon FC (45)
?,(Sat) 15 May 1982 (19),Brentford FC (46),1-2,?,Reading FC (45)
?,(Sat) 15 May 1982 (19),Fulham FC (45),3-0,?,Preston North End FC (46)
?,(Sat) 15 May 1982 (19),Chesterfield FC (45),1-3,?,Gillingham FC (45)
?,(Sat) 15 May 1982 (19),Portsmouth FC (44),3-0,?,Swindon Town FC (45)
?,(Sat) 15 May 1982 (19),Carlisle United FC (45),1-2,?,Bristol Rovers FC (46)
?,(Sat) 15 May 1982 (19),Newport County AFC (45),1-0,?,Huddersfield Town AFC (46)
?,(Tue) 18 May 1982 (20),Fulham FC (46),1-1,?,Lincoln City FC (46)
?,(Tue) 18 May 1982 (20),Burnley FC (46),1-1,?,Chesterfield FC (46)
?,(Tue) 18 May 1982 (20),Wimbledon FC (46),3-2,?,Portsmouth FC (45)
?,(Tue) 18 May 1982 (20),Doncaster Rovers FC (46),2-2,?,Bristol City FC (46)
?,(Tue) 18 May 1982 (20),Newport County AFC (46),1-0,?,Swindon Town FC (46)
?,(Tue) 18 May 1982 (20),Gillingham FC (46),2-1,?,Reading FC (46)
?,(Wed) 19 May 1982 (20),Chester FC (46),0-1,?,Carlisle United FC (46)
?,(Fri) 21 May 1982 (20),Portsmouth FC (46),2-2,?,Millwall FC (46)
