Round,Date,Team 1,FT,HT,Team 2
?,(Sat) 6 Aug 2011 (31),Brentford FC (1),2-0,1-0,Yeovil Town FC (1)
?,(Sat) 6 Aug 2011 (31),Carlisle United FC (1),0-3,0-3,Notts County FC (1)
?,(Sat) 6 Aug 2011 (31),Charlton Athletic FC (1),3-0,1-0,AFC Bournemouth (1)
?,(Sat) 6 Aug 2011 (31),Huddersfield Town AFC (1),1-1,0-0,Bury FC (1)
?,(Sat) 6 Aug 2011 (31),Milton Keynes Dons FC (1),2-2,0-1,Hartlepool United FC (1)
?,(Sat) 6 Aug 2011 (31),Oldham Athletic AFC (1),0-2,0-0,Sheffield United FC (1)
?,(Sat) 6 Aug 2011 (31),Preston North End FC (1),2-4,0-1,Colchester United FC (1)
?,(Sat) 6 Aug 2011 (31),Sheffield Wednesday FC (1),2-0,1-0,Rochdale AFC (1)
?,(Sat) 6 Aug 2011 (31),Stevenage FC (1),0-0,0-0,Exeter City FC (1)
?,(Sat) 6 Aug 2011 (31),Tranmere Rovers FC (1),1-0,0-0,Chesterfield FC (1)
?,(Sat) 6 Aug 2011 (31),Walsall FC (1),1-0,1-0,Leyton Orient FC (1)
?,(Sat) 6 Aug 2011 (31),Wycombe Wanderers FC (1),1-1,1-1,Scunthorpe United FC (1)
?,(Sat) 13 Aug 2011 (32),AFC Bournemouth (2),2-0,1-0,Sheffield Wednesday FC (2)
?,(Sat) 13 Aug 2011 (32),Bury FC (2),0-2,0-0,Carlisle United FC (2)
?,(Sat) 13 Aug 2011 (32),Chesterfield FC (2),1-1,0-1,Stevenage FC (2)
?,(Sat) 13 Aug 2011 (32),Colchester United FC (2),1-1,1-0,Wycombe Wanderers FC (2)
?,(Sat) 13 Aug 2011 (32),Exeter City FC (2),0-2,0-1,Milton Keynes Dons FC (2)
?,(Sat) 13 Aug 2011 (32),Hartlepool United FC (2),1-1,1-1,Walsall FC (2)
?,(Sat) 13 Aug 2011 (32),Leyton Orient FC (2),0-1,0-0,Tranmere Rovers FC (2)
?,(Sat) 13 Aug 2011 (32),Notts County FC (2),1-2,0-2,Charlton Athletic FC (2)
?,(Sat) 13 Aug 2011 (32),Rochdale AFC (2),2-2,1-1,Huddersfield Town AFC (2)
?,(Sat) 13 Aug 2011 (32),Scunthorpe United FC (2),1-1,0-1,Preston North End FC (2)
?,(Sat) 13 Aug 2011 (32),Sheffield United FC (2),2-0,0-0,Brentford FC (2)
?,(Sat) 13 Aug 2011 (32),Yeovil Town FC (2),3-1,0-0,Oldham Athletic AFC (2)
?,(Tue) 16 Aug 2011 (33),AFC Bournemouth (3),1-3,0-1,Stevenage FC (3)
?,(Tue) 16 Aug 2011 (33),Bury FC (3),2-1,2-0,Sheffield Wednesday FC (3)
?,(Tue) 16 Aug 2011 (33),Chesterfield FC (3),0-2,0-1,Preston North End FC (3)
?,(Tue) 16 Aug 2011 (33),Colchester United FC (3),0-2,0-2,Charlton Athletic FC (3)
?,(Tue) 16 Aug 2011 (33),Exeter City FC (3),1-2,0-2,Brentford FC (3)
?,(Tue) 16 Aug 2011 (33),Hartlepool United FC (3),0-0,0-0,Huddersfield Town AFC (3)
?,(Tue) 16 Aug 2011 (33),Leyton Orient FC (3),1-3,1-2,Wycombe Wanderers FC (3)
?,(Tue) 16 Aug 2011 (33),Notts County FC (3),3-2,0-1,Tranmere Rovers FC (3)
?,(Tue) 16 Aug 2011 (33),Rochdale AFC (3),0-0,0-0,Carlisle United FC (3)
?,(Tue) 16 Aug 2011 (33),Scunthorpe United FC (3),1-2,0-1,Oldham Athletic AFC (3)
?,(Tue) 16 Aug 2011 (33),Sheffield United FC (3),3-2,0-0,Walsall FC (3)
?,(Tue) 16 Aug 2011 (33),Yeovil Town FC (3),0-1,0-1,Milton Keynes Dons FC (3)
?,(Sat) 20 Aug 2011 (33),Brentford FC (4),5-0,1-0,Leyton Orient FC (4)
?,(Sat) 20 Aug 2011 (33),Carlisle United FC (4),2-1,0-0,AFC Bournemouth (4)
?,(Sat) 20 Aug 2011 (33),Charlton Athletic FC (4),2-2,1-0,Scunthorpe United FC (4)
?,(Sat) 20 Aug 2011 (33),Huddersfield Town AFC (4),3-2,1-2,Colchester United FC (4)
?,(Sat) 20 Aug 2011 (33),Milton Keynes Dons FC (4),6-2,1-1,Chesterfield FC (4)
?,(Sat) 20 Aug 2011 (33),Oldham Athletic AFC (4),2-0,2-0,Rochdale AFC (4)
?,(Sat) 20 Aug 2011 (33),Preston North End FC (4),1-0,1-0,Exeter City FC (4)
?,(Sat) 20 Aug 2011 (33),Sheffield Wednesday FC (4),2-1,0-1,Notts County FC (4)
?,(Sat) 20 Aug 2011 (33),Stevenage FC (4),2-2,0-2,Hartlepool United FC (4)
?,(Sat) 20 Aug 2011 (33),Tranmere Rovers FC (4),1-1,0-1,Sheffield United FC (4)
?,(Sat) 20 Aug 2011 (33),Walsall FC (4),1-1,1-1,Yeovil Town FC (4)
?,(Sat) 20 Aug 2011 (33),Wycombe Wanderers FC (4),0-2,0-1,Bury FC (4)
?,(Sat) 27 Aug 2011 (34),AFC Bournemouth (5),0-2,0-1,Walsall FC (5)
?,(Sat) 27 Aug 2011 (34),Brentford FC (5),0-2,0-1,Tranmere Rovers FC (5)
?,(Sat) 27 Aug 2011 (34),Bury FC (5),1-2,1-0,Charlton Athletic FC (5)
?,(Sat) 27 Aug 2011 (34),Colchester United FC (5),4-1,2-1,Oldham Athletic AFC (5)
?,(Sat) 27 Aug 2011 (34),Exeter City FC (5),2-1,1-1,Chesterfield FC (5)
?,(Sat) 27 Aug 2011 (34),Huddersfield Town AFC (5),3-0,0-0,Wycombe Wanderers FC (5)
?,(Sat) 27 Aug 2011 (34),Leyton Orient FC (5),1-2,0-0,Carlisle United FC (5)
?,(Sat) 27 Aug 2011 (34),Milton Keynes Dons FC (5),1-0,0-0,Stevenage FC (5)
?,(Sat) 27 Aug 2011 (34),Preston North End FC (5),2-0,0-0,Notts County FC (5)
?,(Sat) 27 Aug 2011 (34),Rochdale AFC (5),1-3,1-1,Hartlepool United FC (5)
?,(Sat) 27 Aug 2011 (34),Sheffield Wednesday FC (5),3-2,2-0,Scunthorpe United FC (5)
?,(Sat) 27 Aug 2011 (34),Yeovil Town FC (5),0-1,0-1,Sheffield United FC (5)
?,(Sat) 3 Sep 2011 (35),Carlisle United FC (6),1-3,0-1,Milton Keynes Dons FC (6)
?,(Sat) 3 Sep 2011 (35),Chesterfield FC (6),0-0,0-0,Leyton Orient FC (6)
?,(Sat) 3 Sep 2011 (35),Hartlepool United FC (6),2-0,1-0,Exeter City FC (6)
?,(Sat) 3 Sep 2011 (35),Notts County FC (6),3-1,1-0,AFC Bournemouth (6)
?,(Sat) 3 Sep 2011 (35),Oldham Athletic AFC (6),1-1,1-1,Huddersfield Town AFC (6)
?,(Sat) 3 Sep 2011 (35),Scunthorpe United FC (6),1-1,1-0,Colchester United FC (6)
?,(Sat) 3 Sep 2011 (35),Sheffield United FC (6),4-0,1-0,Bury FC (6)
?,(Sat) 3 Sep 2011 (35),Stevenage FC (6),4-2,3-1,Rochdale AFC (6)
?,(Sat) 3 Sep 2011 (35),Tranmere Rovers FC (6),0-0,0-0,Yeovil Town FC (6)
?,(Sat) 3 Sep 2011 (35),Walsall FC (6),0-1,0-1,Brentford FC (6)
?,(Mon) 5 Sep 2011 (36),Charlton Athletic FC (6),1-1,1-0,Sheffield Wednesday FC (6)
?,(Fri) 9 Sep 2011 (36),Preston North End FC (6),4-3,1-1,Yeovil Town FC (7)
?,(Sat) 10 Sep 2011 (36),AFC Bournemouth (7),0-3,0-1,Chesterfield FC (7)
?,(Sat) 10 Sep 2011 (36),Bury FC (7),2-4,1-3,Rochdale AFC (7)
?,(Sat) 10 Sep 2011 (36),Carlisle United FC (7),1-2,0-2,Hartlepool United FC (7)
?,(Sat) 10 Sep 2011 (36),Charlton Athletic FC (7),2-0,1-0,Exeter City FC (7)
?,(Sat) 10 Sep 2011 (36),Colchester United FC (7),1-1,1-0,Leyton Orient FC (7)
?,(Sat) 10 Sep 2011 (36),Huddersfield Town AFC (7),2-0,1-0,Tranmere Rovers FC (7)
?,(Sat) 10 Sep 2011 (36),Notts County FC (7),2-1,1-0,Walsall FC (7)
?,(Sat) 10 Sep 2011 (36),Oldham Athletic AFC (7),1-1,1-1,Stevenage FC (7)
?,(Sat) 10 Sep 2011 (36),Scunthorpe United FC (7),1-1,1-0,Sheffield United FC (7)
?,(Sat) 10 Sep 2011 (36),Sheffield Wednesday FC (7),3-1,0-0,Milton Keynes Dons FC (7)
?,(Sat) 10 Sep 2011 (36),Wycombe Wanderers FC (6),0-1,0-1,Brentford FC (7)
?,(Tue) 13 Sep 2011 (37),Brentford FC (8),1-1,0-0,Colchester United FC (8)
?,(Tue) 13 Sep 2011 (37),Chesterfield FC (8),1-0,0-0,Bury FC (8)
?,(Tue) 13 Sep 2011 (37),Exeter City FC (8),1-1,1-1,Notts County FC (8)
?,(Tue) 13 Sep 2011 (37),Leyton Orient FC (8),1-3,1-1,AFC Bournemouth (8)
?,(Tue) 13 Sep 2011 (37),Rochdale AFC (8),1-0,0-0,Scunthorpe United FC (8)
?,(Tue) 13 Sep 2011 (37),Sheffield United FC (8),0-3,0-3,Huddersfield Town AFC (8)
?,(Tue) 13 Sep 2011 (37),Stevenage FC (8),5-1,4-0,Sheffield Wednesday FC (8)
?,(Tue) 13 Sep 2011 (37),Tranmere Rovers FC (8),1-2,0-2,Carlisle United FC (8)
?,(Tue) 13 Sep 2011 (37),Walsall FC (8),0-1,0-1,Oldham Athletic AFC (8)
?,(Tue) 13 Sep 2011 (37),Yeovil Town FC (8),1-0,1-0,Wycombe Wanderers FC (7)
?,(Sat) 17 Sep 2011 (37),Brentford FC (9),1-3,1-2,Preston North End FC (7)
?,(Sat) 17 Sep 2011 (37),Chesterfield FC (9),4-1,2-1,Carlisle United FC (9)
?,(Sat) 17 Sep 2011 (37),Exeter City FC (9),0-2,0-1,AFC Bournemouth (9)
?,(Sat) 17 Sep 2011 (37),Hartlepool United FC (8),3-0,1-0,Bury FC (9)
?,(Sat) 17 Sep 2011 (37),Leyton Orient FC (9),1-3,1-0,Oldham Athletic AFC (9)
?,(Sat) 17 Sep 2011 (37),Milton Keynes Dons FC (8),1-1,0-1,Huddersfield Town AFC (9)
?,(Sat) 17 Sep 2011 (37),Rochdale AFC (9),2-3,0-2,Charlton Athletic FC (8)
?,(Sat) 17 Sep 2011 (37),Sheffield United FC (9),3-0,2-0,Colchester United FC (9)
?,(Sat) 17 Sep 2011 (37),Stevenage FC (9),0-2,0-1,Notts County FC (9)
?,(Sat) 17 Sep 2011 (37),Tranmere Rovers FC (9),2-0,1-0,Wycombe Wanderers FC (8)
?,(Sat) 17 Sep 2011 (37),Walsall FC (9),2-2,1-0,Scunthorpe United FC (9)
?,(Sat) 17 Sep 2011 (37),Yeovil Town FC (9),2-3,2-1,Sheffield Wednesday FC (9)
?,(Sat) 24 Sep 2011 (38),AFC Bournemouth (10),1-2,1-1,Hartlepool United FC (9)
?,(Sat) 24 Sep 2011 (38),Bury FC (10),0-0,0-0,Milton Keynes Dons FC (9)
?,(Sat) 24 Sep 2011 (38),Carlisle United FC (10),1-0,1-0,Stevenage FC (10)
?,(Sat) 24 Sep 2011 (38),Charlton Athletic FC (9),3-1,2-0,Chesterfield FC (10)
?,(Sat) 24 Sep 2011 (38),Colchester United FC (10),1-0,1-0,Walsall FC (10)
?,(Sat) 24 Sep 2011 (38),Huddersfield Town AFC (10),2-2,1-0,Leyton Orient FC (10)
?,(Sat) 24 Sep 2011 (38),Notts County FC (10),2-0,1-0,Rochdale AFC (10)
?,(Sat) 24 Sep 2011 (38),Oldham Athletic AFC (10),0-2,0-1,Brentford FC (10)
?,(Sat) 24 Sep 2011 (38),Preston North End FC (8),2-1,1-0,Tranmere Rovers FC (10)
?,(Sat) 24 Sep 2011 (38),Scunthorpe United FC (10),2-1,1-1,Yeovil Town FC (10)
?,(Sat) 24 Sep 2011 (38),Sheffield Wednesday FC (10),3-0,2-0,Exeter City FC (10)
?,(Sat) 24 Sep 2011 (38),Wycombe Wanderers FC (9),1-0,1-0,Sheffield United FC (10)
?,(Tue) 27 Sep 2011 (39),Milton Keynes Dons FC (10),1-1,1-0,Charlton Athletic FC (10)
?,(Tue) 27 Sep 2011 (39),Wycombe Wanderers FC (10),3-4,3-2,Preston North End FC (9)
?,(Sat) 1 Oct 2011 (39),Brentford FC (11),0-4,0-1,Huddersfield Town AFC (11)
?,(Sat) 1 Oct 2011 (39),Chesterfield FC (11),0-1,0-1,Colchester United FC (11)
?,(Sat) 1 Oct 2011 (39),Exeter City FC (11),2-0,1-0,Oldham Athletic AFC (11)
?,(Sat) 1 Oct 2011 (39),Hartlepool United FC (10),0-1,0-1,Sheffield Wednesday FC (11)
?,(Sat) 1 Oct 2011 (39),Leyton Orient FC (11),2-1,2-1,Preston North End FC (10)
?,(Sat) 1 Oct 2011 (39),Milton Keynes Dons FC (11),3-0,1-0,Notts County FC (11)
?,(Sat) 1 Oct 2011 (39),Rochdale AFC (11),2-1,1-1,Wycombe Wanderers FC (11)
?,(Sat) 1 Oct 2011 (39),Sheffield United FC (11),0-2,0-0,Charlton Athletic FC (11)
?,(Sat) 1 Oct 2011 (39),Stevenage FC (11),1-2,0-1,Scunthorpe United FC (11)
?,(Sat) 1 Oct 2011 (39),Tranmere Rovers FC (11),0-0,0-0,AFC Bournemouth (11)
?,(Sat) 1 Oct 2011 (39),Walsall FC (11),1-1,1-0,Carlisle United FC (11)
?,(Sat) 1 Oct 2011 (39),Yeovil Town FC (11),1-3,1-1,Bury FC (11)
?,(Sat) 8 Oct 2011 (40),AFC Bournemouth (12),1-1,0-1,Rochdale AFC (12)
?,(Sat) 8 Oct 2011 (40),Bury FC (12),2-0,1-0,Exeter City FC (12)
?,(Sat) 8 Oct 2011 (40),Carlisle United FC (12),2-2,1-1,Brentford FC (12)
?,(Sat) 8 Oct 2011 (40),Charlton Athletic FC (12),1-1,0-1,Tranmere Rovers FC (12)
?,(Sat) 8 Oct 2011 (40),Colchester United FC (12),2-2,1-1,Yeovil Town FC (12)
?,(Sat) 8 Oct 2011 (40),Huddersfield Town AFC (12),2-1,1-0,Stevenage FC (12)
?,(Sat) 8 Oct 2011 (40),Scunthorpe United FC (12),2-3,1-0,Leyton Orient FC (12)
?,(Sat) 8 Oct 2011 (40),Sheffield Wednesday FC (12),3-1,1-0,Chesterfield FC (12)
?,(Sat) 8 Oct 2011 (40),Wycombe Wanderers FC (12),1-1,0-0,Walsall FC (12)
?,(Sun) 9 Oct 2011 (40),Notts County FC (12),3-0,1-0,Hartlepool United FC (11)
?,(Mon) 10 Oct 2011 (41),Oldham Athletic AFC (12),2-1,1-0,Milton Keynes Dons FC (12)
?,(Sat) 15 Oct 2011 (41),Brentford FC (13),0-0,0-0,Scunthorpe United FC (13)
?,(Sat) 15 Oct 2011 (41),Chesterfield FC (13),1-3,0-2,Notts County FC (13)
?,(Sat) 15 Oct 2011 (41),Exeter City FC (13),0-4,0-2,Huddersfield Town AFC (13)
?,(Sat) 15 Oct 2011 (41),Hartlepool United FC (12),1-3,0-2,Wycombe Wanderers FC (13)
?,(Sat) 15 Oct 2011 (41),Leyton Orient FC (13),1-0,1-0,Bury FC (13)
?,(Sat) 15 Oct 2011 (41),Milton Keynes Dons FC (13),2-2,1-0,AFC Bournemouth (13)
?,(Sat) 15 Oct 2011 (41),Rochdale AFC (13),2-2,1-2,Colchester United FC (13)
?,(Sat) 15 Oct 2011 (41),Stevenage FC (13),1-0,1-0,Charlton Athletic FC (13)
?,(Sat) 15 Oct 2011 (41),Tranmere Rovers FC (13),1-0,1-0,Oldham Athletic AFC (13)
?,(Sat) 15 Oct 2011 (41),Walsall FC (13),1-0,1-0,Preston North End FC (11)
?,(Sat) 15 Oct 2011 (41),Yeovil Town FC (13),0-3,0-0,Carlisle United FC (13)
?,(Sun) 16 Oct 2011 (41),Sheffield United FC (12),2-2,2-0,Sheffield Wednesday FC (13)
?,(Wed) 19 Oct 2011 (42),Preston North End FC (12),2-4,1-2,Sheffield United FC (13)
?,(Sat) 22 Oct 2011 (42),AFC Bournemouth (14),1-2,1-1,Bury FC (14)
?,(Sat) 22 Oct 2011 (42),Charlton Athletic FC (14),4-0,3-0,Carlisle United FC (14)
?,(Sat) 22 Oct 2011 (42),Chesterfield FC (14),2-3,1-2,Hartlepool United FC (13)
?,(Sat) 22 Oct 2011 (42),Exeter City FC (14),3-1,1-1,Rochdale AFC (14)
?,(Sat) 22 Oct 2011 (42),Huddersfield Town AFC (14),3-1,2-0,Preston North End FC (13)
?,(Sat) 22 Oct 2011 (42),Leyton Orient FC (14),1-1,0-0,Sheffield United FC (14)
?,(Sat) 22 Oct 2011 (42),Milton Keynes Dons FC (14),0-0,0-0,Scunthorpe United FC (14)
?,(Sat) 22 Oct 2011 (42),Notts County FC (14),1-1,1-0,Brentford FC (14)
?,(Sat) 22 Oct 2011 (42),Oldham Athletic AFC (14),2-0,0-0,Wycombe Wanderers FC (14)
?,(Sat) 22 Oct 2011 (42),Sheffield Wednesday FC (14),2-0,0-0,Colchester United FC (14)
?,(Sat) 22 Oct 2011 (42),Stevenage FC (14),0-0,0-0,Yeovil Town FC (14)
?,(Sat) 22 Oct 2011 (42),Tranmere Rovers FC (14),2-1,0-0,Walsall FC (14)
?,(Tue) 25 Oct 2011 (43),Brentford FC (15),0-1,0-0,Stevenage FC (15)
?,(Tue) 25 Oct 2011 (43),Bury FC (15),2-2,1-1,Notts County FC (15)
?,(Tue) 25 Oct 2011 (43),Carlisle United FC (15),3-2,0-1,Sheffield Wednesday FC (15)
?,(Tue) 25 Oct 2011 (43),Colchester United FC (15),1-1,0-1,AFC Bournemouth (15)
?,(Tue) 25 Oct 2011 (43),Hartlepool United FC (14),0-2,0-0,Tranmere Rovers FC (15)
?,(Tue) 25 Oct 2011 (43),Preston North End FC (14),3-3,2-2,Oldham Athletic AFC (15)
?,(Tue) 25 Oct 2011 (43),Rochdale AFC (15),1-1,0-1,Chesterfield FC (15)
?,(Tue) 25 Oct 2011 (43),Scunthorpe United FC (15),2-2,1-1,Huddersfield Town AFC (15)
?,(Tue) 25 Oct 2011 (43),Sheffield United FC (15),2-1,1-0,Milton Keynes Dons FC (15)
?,(Tue) 25 Oct 2011 (43),Walsall FC (15),1-2,1-1,Exeter City FC (15)
?,(Tue) 25 Oct 2011 (43),Wycombe Wanderers FC (15),1-2,0-2,Charlton Athletic FC (15)
?,(Tue) 25 Oct 2011 (43),Yeovil Town FC (15),2-2,2-1,Leyton Orient FC (15)
?,(Sat) 29 Oct 2011 (43),Brentford FC (16),2-1,1-1,Chesterfield FC (16)
?,(Sat) 29 Oct 2011 (43),Bury FC (16),1-2,0-1,Stevenage FC (16)
?,(Sat) 29 Oct 2011 (43),Carlisle United FC (16),3-3,1-3,Oldham Athletic AFC (16)
?,(Sat) 29 Oct 2011 (43),Colchester United FC (16),4-2,0-0,Notts County FC (16)
?,(Sat) 29 Oct 2011 (43),Hartlepool United FC (15),0-4,0-2,Charlton Athletic FC (16)
?,(Sat) 29 Oct 2011 (43),Preston North End FC (15),1-3,1-0,AFC Bournemouth (16)
?,(Sat) 29 Oct 2011 (43),Rochdale AFC (16),0-2,0-1,Leyton Orient FC (16)
?,(Sat) 29 Oct 2011 (43),Scunthorpe United FC (16),4-2,2-2,Tranmere Rovers FC (16)
?,(Sat) 29 Oct 2011 (43),Sheffield United FC (16),4-4,1-2,Exeter City FC (16)
?,(Sat) 29 Oct 2011 (43),Walsall FC (16),0-2,0-2,Milton Keynes Dons FC (16)
?,(Sat) 29 Oct 2011 (43),Wycombe Wanderers FC (16),1-2,1-2,Sheffield Wednesday FC (16)
?,(Sat) 29 Oct 2011 (43),Yeovil Town FC (16),0-1,0-0,Huddersfield Town AFC (16)
?,(Sat) 5 Nov 2011 (44),AFC Bournemouth (17),2-0,1-0,Scunthorpe United FC (17)
?,(Sat) 5 Nov 2011 (44),Charlton Athletic FC (17),5-2,4-0,Preston North End FC (16)
?,(Sat) 5 Nov 2011 (44),Chesterfield FC (17),2-2,1-1,Yeovil Town FC (17)
?,(Sat) 5 Nov 2011 (44),Exeter City FC (17),0-0,0-0,Carlisle United FC (17)
?,(Sat) 5 Nov 2011 (44),Huddersfield Town AFC (17),1-1,0-0,Walsall FC (17)
?,(Sat) 5 Nov 2011 (44),Leyton Orient FC (17),1-1,1-0,Hartlepool United FC (16)
?,(Sat) 5 Nov 2011 (44),Milton Keynes Dons FC (17),3-1,3-1,Rochdale AFC (17)
?,(Sat) 5 Nov 2011 (44),Notts County FC (17),1-1,1-0,Wycombe Wanderers FC (17)
?,(Sat) 5 Nov 2011 (44),Oldham Athletic AFC (17),0-2,0-2,Bury FC (17)
?,(Sat) 5 Nov 2011 (44),Sheffield Wednesday FC (17),0-0,0-0,Brentford FC (17)
?,(Sat) 5 Nov 2011 (44),Stevenage FC (17),2-1,1-0,Sheffield United FC (17)
?,(Sat) 5 Nov 2011 (44),Tranmere Rovers FC (17),0-0,0-0,Colchester United FC (17)
?,(Sat) 19 Nov 2011 (46),Brentford FC (18),0-1,0-0,Charlton Athletic FC (18)
?,(Sat) 19 Nov 2011 (46),Colchester United FC (18),1-5,1-2,Milton Keynes Dons FC (18)
?,(Sat) 19 Nov 2011 (46),Huddersfield Town AFC (18),2-1,0-0,Notts County FC (18)
?,(Sat) 19 Nov 2011 (46),Leyton Orient FC (18),0-0,0-0,Stevenage FC (18)
?,(Sat) 19 Nov 2011 (46),Oldham Athletic AFC (18),5-2,4-1,Chesterfield FC (18)
?,(Sat) 19 Nov 2011 (46),Preston North End FC (17),0-1,0-0,Rochdale AFC (18)
?,(Sat) 19 Nov 2011 (46),Scunthorpe United FC (18),0-2,0-1,Hartlepool United FC (17)
?,(Sat) 19 Nov 2011 (46),Sheffield United FC (18),1-0,1-0,Carlisle United FC (18)
?,(Sat) 19 Nov 2011 (46),Tranmere Rovers FC (18),1-2,1-1,Sheffield Wednesday FC (18)
?,(Sat) 19 Nov 2011 (46),Walsall FC (18),2-4,1-1,Bury FC (18)
?,(Sat) 19 Nov 2011 (46),Wycombe Wanderers FC (18),0-1,0-1,AFC Bournemouth (18)
?,(Sat) 19 Nov 2011 (46),Yeovil Town FC (18),2-2,1-2,Exeter City FC (18)
?,(Sat) 26 Nov 2011 (47),AFC Bournemouth (19),0-0,0-0,Oldham Athletic AFC (19)
?,(Sat) 26 Nov 2011 (47),Bury FC (19),1-0,1-0,Preston North End FC (18)
?,(Sat) 26 Nov 2011 (47),Carlisle United FC (19),1-0,1-0,Colchester United FC (19)
?,(Sat) 26 Nov 2011 (47),Chesterfield FC (19),0-1,0-0,Sheffield United FC (19)
?,(Sat) 26 Nov 2011 (47),Exeter City FC (19),3-0,1-0,Tranmere Rovers FC (19)
?,(Sat) 26 Nov 2011 (47),Hartlepool United FC (18),0-1,0-1,Yeovil Town FC (19)
?,(Sat) 26 Nov 2011 (47),Milton Keynes Dons FC (19),4-3,1-0,Wycombe Wanderers FC (19)
?,(Sat) 26 Nov 2011 (47),Notts County FC (19),3-2,1-1,Scunthorpe United FC (19)
?,(Sat) 26 Nov 2011 (47),Rochdale AFC (19),1-2,0-1,Brentford FC (19)
?,(Sat) 26 Nov 2011 (47),Sheffield Wednesday FC (19),1-0,1-0,Leyton Orient FC (19)
?,(Sat) 26 Nov 2011 (47),Stevenage FC (19),0-0,0-0,Walsall FC (19)
?,(Mon) 28 Nov 2011 (48),Charlton Athletic FC (19),2-0,2-0,Huddersfield Town AFC (19)
?,(Tue) 29 Nov 2011 (48),Hartlepool United FC (19),0-1,0-1,Preston North End FC (19)
?,(Sat) 10 Dec 2011 (49),Brentford FC (20),2-1,0-0,Hartlepool United FC (20)
?,(Sat) 10 Dec 2011 (49),Colchester United FC (20),4-1,3-0,Bury FC (20)
?,(Sat) 10 Dec 2011 (49),Huddersfield Town AFC (20),0-1,0-1,AFC Bournemouth (20)
?,(Sat) 10 Dec 2011 (49),Leyton Orient FC (20),3-0,0-0,Exeter City FC (20)
?,(Sat) 10 Dec 2011 (49),Oldham Athletic AFC (20),0-2,0-0,Sheffield Wednesday FC (20)
?,(Sat) 10 Dec 2011 (49),Preston North End FC (20),0-0,0-0,Stevenage FC (20)
?,(Sat) 10 Dec 2011 (49),Scunthorpe United FC (20),1-2,1-0,Carlisle United FC (20)
?,(Sat) 10 Dec 2011 (49),Sheffield United FC (20),3-0,1-0,Rochdale AFC (20)
?,(Sat) 10 Dec 2011 (49),Tranmere Rovers FC (20),0-2,0-1,Milton Keynes Dons FC (20)
?,(Sat) 10 Dec 2011 (49),Walsall FC (20),1-1,1-1,Charlton Athletic FC (20)
?,(Sat) 10 Dec 2011 (49),Wycombe Wanderers FC (20),3-2,1-1,Chesterfield FC (20)
?,(Sat) 10 Dec 2011 (49),Yeovil Town FC (20),1-0,0-0,Notts County FC (20)
?,(Sat) 17 Dec 2011 (50),AFC Bournemouth (21),0-2,0-1,Sheffield United FC (21)
?,(Sat) 17 Dec 2011 (50),Bury FC (21),1-1,0-0,Brentford FC (21)
?,(Sat) 17 Dec 2011 (50),Carlisle United FC (21),2-2,1-2,Wycombe Wanderers FC (21)
?,(Sat) 17 Dec 2011 (50),Charlton Athletic FC (21),1-1,0-0,Oldham Athletic AFC (21)
?,(Sat) 17 Dec 2011 (50),Chesterfield FC (21),1-1,0-1,Walsall FC (21)
?,(Sat) 17 Dec 2011 (50),Exeter City FC (21),0-0,0-0,Scunthorpe United FC (21)
?,(Sat) 17 Dec 2011 (50),Hartlepool United FC (21),0-1,0-1,Colchester United FC (21)
?,(Sat) 17 Dec 2011 (50),Milton Keynes Dons FC (21),0-1,0-1,Preston North End FC (21)
?,(Sat) 17 Dec 2011 (50),Notts County FC (21),1-2,0-1,Leyton Orient FC (21)
?,(Sat) 17 Dec 2011 (50),Rochdale AFC (21),0-0,0-0,Yeovil Town FC (21)
?,(Sat) 17 Dec 2011 (50),Sheffield Wednesday FC (21),4-4,2-2,Huddersfield Town AFC (21)
?,(Sat) 17 Dec 2011 (50),Stevenage FC (21),2-1,1-0,Tranmere Rovers FC (21)
?,(Mon) 26 Dec 2011 (52),Brentford FC (22),1-1,0-1,AFC Bournemouth (22)
?,(Mon) 26 Dec 2011 (52),Colchester United FC (22),1-6,0-2,Stevenage FC (22)
?,(Mon) 26 Dec 2011 (52),Huddersfield Town AFC (22),1-0,1-0,Chesterfield FC (22)
?,(Mon) 26 Dec 2011 (52),Leyton Orient FC (22),0-3,0-1,Milton Keynes Dons FC (22)
?,(Mon) 26 Dec 2011 (52),Oldham Athletic AFC (22),0-1,0-1,Hartlepool United FC (22)
?,(Mon) 26 Dec 2011 (52),Preston North End FC (22),3-3,2-2,Carlisle United FC (22)
?,(Mon) 26 Dec 2011 (52),Scunthorpe United FC (22),1-3,1-0,Bury FC (22)
?,(Mon) 26 Dec 2011 (52),Walsall FC (22),2-1,0-0,Sheffield Wednesday FC (22)
?,(Mon) 26 Dec 2011 (52),Wycombe Wanderers FC (22),3-1,2-1,Exeter City FC (22)
?,(Mon) 26 Dec 2011 (52),Yeovil Town FC (22),2-3,1-1,Charlton Athletic FC (22)
?,(Tue) 27 Dec 2011 (52),Sheffield United FC (22),2-1,1-1,Notts County FC (22)
?,(Fri) 30 Dec 2011 (52),Huddersfield Town AFC (23),1-1,1-1,Carlisle United FC (23)
?,(Fri) 30 Dec 2011 (52),Tranmere Rovers FC (22),2-0,1-0,Bury FC (23)
?,(Sat) 31 Dec 2011 (52),Brentford FC (23),3-3,0-3,Milton Keynes Dons FC (23)
?,(Sat) 31 Dec 2011 (52),Colchester United FC (23),2-0,1-0,Exeter City FC (23)
?,(Sat) 31 Dec 2011 (52),Leyton Orient FC (23),1-0,1-0,Charlton Athletic FC (23)
?,(Sat) 31 Dec 2011 (52),Oldham Athletic AFC (23),3-2,1-2,Notts County FC (23)
?,(Sat) 31 Dec 2011 (52),Preston North End FC (23),0-2,0-2,Sheffield Wednesday FC (23)
?,(Sat) 31 Dec 2011 (52),Scunthorpe United FC (23),2-2,1-0,Chesterfield FC (23)
?,(Sat) 31 Dec 2011 (52),Sheffield United FC (23),3-1,3-0,Hartlepool United FC (23)
?,(Sat) 31 Dec 2011 (52),Walsall FC (23),0-0,0-0,Rochdale AFC (22)
?,(Sat) 31 Dec 2011 (52),Wycombe Wanderers FC (23),0-1,0-0,Stevenage FC (23)
?,(Sat) 31 Dec 2011 (52),Yeovil Town FC (23),1-3,0-2,AFC Bournemouth (23)
?,(Mon) 2 Jan 2012 (1),AFC Bournemouth (24),2-0,1-0,Wycombe Wanderers FC (24)
?,(Mon) 2 Jan 2012 (1),Bury FC (24),2-1,2-1,Walsall FC (24)
?,(Mon) 2 Jan 2012 (1),Carlisle United FC (24),3-2,2-2,Sheffield United FC (24)
?,(Mon) 2 Jan 2012 (1),Charlton Athletic FC (24),2-0,1-0,Brentford FC (24)
?,(Mon) 2 Jan 2012 (1),Chesterfield FC (24),1-1,1-1,Oldham Athletic AFC (24)
?,(Mon) 2 Jan 2012 (1),Exeter City FC (24),1-1,0-1,Yeovil Town FC (24)
?,(Mon) 2 Jan 2012 (1),Hartlepool United FC (24),1-2,0-1,Scunthorpe United FC (24)
?,(Mon) 2 Jan 2012 (1),Milton Keynes Dons FC (24),1-0,0-0,Colchester United FC (24)
?,(Mon) 2 Jan 2012 (1),Notts County FC (24),2-2,0-0,Huddersfield Town AFC (24)
?,(Mon) 2 Jan 2012 (1),Rochdale AFC (23),1-1,1-1,Preston North End FC (24)
?,(Mon) 2 Jan 2012 (1),Sheffield Wednesday FC (24),2-1,2-0,Tranmere Rovers FC (23)
?,(Mon) 2 Jan 2012 (1),Stevenage FC (24),0-1,0-1,Leyton Orient FC (24)
?,(Fri) 6 Jan 2012 (1),Wycombe Wanderers FC (25),0-6,0-3,Huddersfield Town AFC (25)
?,(Sat) 7 Jan 2012 (1),Carlisle United FC (25),4-1,3-0,Leyton Orient FC (25)
?,(Sat) 7 Jan 2012 (1),Chesterfield FC (25),0-2,0-0,Exeter City FC (25)
?,(Sat) 7 Jan 2012 (1),Hartlepool United FC (25),2-0,0-0,Rochdale AFC (24)
?,(Sat) 7 Jan 2012 (1),Tranmere Rovers FC (24),2-2,1-2,Brentford FC (25)
?,(Sat) 7 Jan 2012 (1),Walsall FC (25),2-2,2-0,AFC Bournemouth (25)
?,(Tue) 10 Jan 2012 (2),Sheffield United FC (25),4-0,2-0,Yeovil Town FC (25)
?,(Sat) 14 Jan 2012 (2),AFC Bournemouth (26),2-1,1-1,Notts County FC (25)
?,(Sat) 14 Jan 2012 (2),Brentford FC (26),0-0,0-0,Walsall FC (26)
?,(Sat) 14 Jan 2012 (2),Bury FC (25),0-3,0-0,Sheffield United FC (26)
?,(Sat) 14 Jan 2012 (2),Colchester United FC (25),1-1,1-1,Scunthorpe United FC (25)
?,(Sat) 14 Jan 2012 (2),Exeter City FC (26),0-0,0-0,Hartlepool United FC (26)
?,(Sat) 14 Jan 2012 (2),Huddersfield Town AFC (26),1-0,0-0,Oldham Athletic AFC (25)
?,(Sat) 14 Jan 2012 (2),Leyton Orient FC (26),1-1,1-0,Chesterfield FC (26)
?,(Sat) 14 Jan 2012 (2),Preston North End FC (25),3-2,1-1,Wycombe Wanderers FC (26)
?,(Sat) 14 Jan 2012 (2),Rochdale AFC (25),1-5,0-1,Stevenage FC (25)
?,(Sat) 14 Jan 2012 (2),Sheffield Wednesday FC (25),0-1,0-1,Charlton Athletic FC (25)
?,(Sat) 14 Jan 2012 (2),Yeovil Town FC (26),2-1,1-1,Tranmere Rovers FC (25)
?,(Tue) 17 Jan 2012 (3),Tranmere Rovers FC (26),0-0,0-0,Rochdale AFC (26)
?,(Sat) 21 Jan 2012 (3),AFC Bournemouth (27),2-1,2-1,Tranmere Rovers FC (27)
?,(Sat) 21 Jan 2012 (3),Bury FC (26),3-2,3-1,Yeovil Town FC (27)
?,(Sat) 21 Jan 2012 (3),Carlisle United FC (26),1-1,1-0,Walsall FC (27)
?,(Sat) 21 Jan 2012 (3),Charlton Athletic FC (26),1-0,1-0,Sheffield United FC (27)
?,(Sat) 21 Jan 2012 (3),Colchester United FC (26),1-2,1-2,Chesterfield FC (27)
?,(Sat) 21 Jan 2012 (3),Huddersfield Town AFC (27),3-2,2-2,Brentford FC (27)
?,(Sat) 21 Jan 2012 (3),Notts County FC (26),1-1,0-1,Milton Keynes Dons FC (25)
?,(Sat) 21 Jan 2012 (3),Oldham Athletic AFC (26),0-0,0-0,Exeter City FC (27)
?,(Sat) 21 Jan 2012 (3),Preston North End FC (26),0-2,0-0,Leyton Orient FC (27)
?,(Sat) 21 Jan 2012 (3),Scunthorpe United FC (26),1-1,0-0,Stevenage FC (26)
?,(Sat) 21 Jan 2012 (3),Sheffield Wednesday FC (26),2-2,0-0,Hartlepool United FC (27)
?,(Sat) 21 Jan 2012 (3),Wycombe Wanderers FC (27),3-0,1-0,Rochdale AFC (27)
?,(Tue) 24 Jan 2012 (4),Notts County FC (27),0-0,0-0,Preston North End FC (27)
?,(Tue) 24 Jan 2012 (4),Scunthorpe United FC (27),1-3,0-2,Sheffield Wednesday FC (27)
?,(Tue) 24 Jan 2012 (4),Stevenage FC (27),4-2,1-1,Milton Keynes Dons FC (26)
?,(Fri) 27 Jan 2012 (4),Chesterfield FC (28),1-0,0-0,AFC Bournemouth (28)
?,(Sat) 28 Jan 2012 (4),Brentford FC (28),5-2,3-0,Wycombe Wanderers FC (28)
?,(Sat) 28 Jan 2012 (4),Exeter City FC (28),0-1,0-0,Charlton Athletic FC (27)
?,(Sat) 28 Jan 2012 (4),Hartlepool United FC (28),4-0,2-0,Carlisle United FC (27)
?,(Sat) 28 Jan 2012 (4),Leyton Orient FC (28),0-1,0-1,Colchester United FC (27)
?,(Sat) 28 Jan 2012 (4),Rochdale AFC (28),3-0,2-0,Bury FC (27)
?,(Sat) 28 Jan 2012 (4),Tranmere Rovers FC (28),1-1,0-0,Huddersfield Town AFC (28)
?,(Sat) 28 Jan 2012 (4),Yeovil Town FC (28),2-1,1-0,Preston North End FC (28)
?,(Tue) 31 Jan 2012 (5),Charlton Athletic FC (28),1-1,0-1,Bury FC (28)
?,(Tue) 31 Jan 2012 (5),Milton Keynes Dons FC (27),1-1,1-1,Sheffield Wednesday FC (28)
?,(Tue) 31 Jan 2012 (5),Walsall FC (28),0-1,0-1,Notts County FC (28)
?,(Sat) 4 Feb 2012 (5),Carlisle United FC (28),2-1,0-1,Chesterfield FC (29)
?,(Sat) 4 Feb 2012 (5),Huddersfield Town AFC (29),1-1,1-0,Milton Keynes Dons FC (28)
?,(Sat) 4 Feb 2012 (5),Sheffield Wednesday FC (29),2-1,0-1,Yeovil Town FC (29)
?,(Sat) 4 Feb 2012 (5),Wycombe Wanderers FC (29),2-1,2-1,Tranmere Rovers FC (29)
?,(Tue) 7 Feb 2012 (6),AFC Bournemouth (29),2-0,0-0,Exeter City FC (29)
?,(Sat) 11 Feb 2012 (6),Exeter City FC (30),2-1,0-0,Sheffield Wednesday FC (30)
?,(Sat) 11 Feb 2012 (6),Hartlepool United FC (29),0-0,0-0,AFC Bournemouth (30)
?,(Sat) 11 Feb 2012 (6),Sheffield United FC (28),3-0,0-0,Wycombe Wanderers FC (30)
?,(Tue) 14 Feb 2012 (7),AFC Bournemouth (31),1-2,1-1,Leyton Orient FC (29)
?,(Tue) 14 Feb 2012 (7),Bury FC (29),1-1,0-1,Chesterfield FC (30)
?,(Tue) 14 Feb 2012 (7),Carlisle United FC (29),0-0,0-0,Tranmere Rovers FC (30)
?,(Tue) 14 Feb 2012 (7),Charlton Athletic FC (29),2-1,2-0,Milton Keynes Dons FC (29)
?,(Tue) 14 Feb 2012 (7),Colchester United FC (28),2-1,0-0,Brentford FC (29)
?,(Tue) 14 Feb 2012 (7),Huddersfield Town AFC (30),0-1,0-1,Sheffield United FC (29)
?,(Tue) 14 Feb 2012 (7),Notts County FC (29),2-1,2-1,Exeter City FC (31)
?,(Tue) 14 Feb 2012 (7),Oldham Athletic AFC (27),2-1,2-0,Walsall FC (29)
?,(Tue) 14 Feb 2012 (7),Preston North End FC (29),1-0,0-0,Hartlepool United FC (30)
?,(Tue) 14 Feb 2012 (7),Scunthorpe United FC (28),1-0,0-0,Rochdale AFC (29)
?,(Tue) 14 Feb 2012 (7),Sheffield Wednesday FC (31),0-1,0-1,Stevenage FC (28)
?,(Tue) 14 Feb 2012 (7),Wycombe Wanderers FC (31),2-3,1-0,Yeovil Town FC (30)
?,(Sat) 18 Feb 2012 (7),Chesterfield FC (31),1-0,0-0,Sheffield Wednesday FC (32)
?,(Sat) 18 Feb 2012 (7),Exeter City FC (32),3-2,3-1,Bury FC (30)
?,(Sat) 18 Feb 2012 (7),Hartlepool United FC (31),3-0,1-0,Notts County FC (30)
?,(Sat) 18 Feb 2012 (7),Leyton Orient FC (30),1-3,1-0,Scunthorpe United FC (29)
?,(Sat) 18 Feb 2012 (7),Milton Keynes Dons FC (30),5-0,1-0,Oldham Athletic AFC (28)
?,(Sat) 18 Feb 2012 (7),Rochdale AFC (30),1-0,0-0,AFC Bournemouth (32)
?,(Sat) 18 Feb 2012 (7),Sheffield United FC (30),2-1,1-1,Preston North End FC (30)
?,(Sat) 18 Feb 2012 (7),Tranmere Rovers FC (31),1-1,1-0,Charlton Athletic FC (30)
?,(Sat) 18 Feb 2012 (7),Walsall FC (30),2-0,0-0,Wycombe Wanderers FC (32)
?,(Sat) 18 Feb 2012 (7),Yeovil Town FC (31),3-2,0-1,Colchester United FC (29)
?,(Mon) 20 Feb 2012 (8),Brentford FC (30),4-0,3-0,Carlisle United FC (30)
?,(Tue) 21 Feb 2012 (8),Charlton Athletic FC (31),1-1,0-0,Rochdale AFC (31)
?,(Tue) 21 Feb 2012 (8),Milton Keynes Dons FC (31),2-1,2-1,Bury FC (31)
?,(Tue) 21 Feb 2012 (8),Scunthorpe United FC (30),0-1,0-1,Walsall FC (31)
?,(Wed) 22 Feb 2012 (8),Notts County FC (31),1-0,0-0,Stevenage FC (29)
?,(Sat) 25 Feb 2012 (8),AFC Bournemouth (33),0-1,0-1,Milton Keynes Dons FC (32)
?,(Sat) 25 Feb 2012 (8),Bury FC (32),1-1,0-1,Leyton Orient FC (31)
?,(Sat) 25 Feb 2012 (8),Carlisle United FC (31),3-2,1-0,Yeovil Town FC (32)
?,(Sat) 25 Feb 2012 (8),Charlton Athletic FC (32),2-0,0-0,Stevenage FC (30)
?,(Sat) 25 Feb 2012 (8),Colchester United FC (30),0-0,0-0,Rochdale AFC (32)
?,(Sat) 25 Feb 2012 (8),Huddersfield Town AFC (31),2-0,1-0,Exeter City FC (33)
?,(Sat) 25 Feb 2012 (8),Notts County FC (32),1-0,0-0,Chesterfield FC (32)
?,(Sat) 25 Feb 2012 (8),Oldham Athletic AFC (29),1-0,0-0,Tranmere Rovers FC (32)
?,(Sat) 25 Feb 2012 (8),Preston North End FC (31),0-0,0-0,Walsall FC (32)
?,(Sat) 25 Feb 2012 (8),Scunthorpe United FC (31),0-0,0-0,Brentford FC (31)
?,(Sat) 25 Feb 2012 (8),Wycombe Wanderers FC (33),5-0,3-0,Hartlepool United FC (32)
?,(Sun) 26 Feb 2012 (8),Sheffield Wednesday FC (33),1-0,0-0,Sheffield United FC (31)
?,(Tue) 28 Feb 2012 (9),Bury FC (33),1-2,0-1,Hartlepool United FC (33)
?,(Tue) 28 Feb 2012 (9),Chesterfield FC (33),0-4,0-1,Charlton Athletic FC (33)
?,(Tue) 28 Feb 2012 (9),Oldham Athletic AFC (30),1-1,1-0,Colchester United FC (31)
?,(Tue) 28 Feb 2012 (9),Rochdale AFC (33),0-1,0-1,Notts County FC (33)
?,(Tue) 28 Feb 2012 (9),Stevenage FC (31),2-2,0-0,Huddersfield Town AFC (32)
?,(Wed) 29 Feb 2012 (9),Sheffield United FC (32),2-1,0-1,Scunthorpe United FC (32)
?,(Sat) 3 Mar 2012 (9),AFC Bournemouth (34),0-1,0-0,Charlton Athletic FC (34)
?,(Sat) 3 Mar 2012 (9),Bury FC (34),3-3,1-3,Huddersfield Town AFC (33)
?,(Sat) 3 Mar 2012 (9),Chesterfield FC (34),1-0,0-0,Tranmere Rovers FC (33)
?,(Sat) 3 Mar 2012 (9),Colchester United FC (32),3-0,1-0,Preston North End FC (32)
?,(Sat) 3 Mar 2012 (9),Exeter City FC (34),1-1,1-0,Stevenage FC (32)
?,(Sat) 3 Mar 2012 (9),Hartlepool United FC (34),1-1,1-0,Milton Keynes Dons FC (33)
?,(Sat) 3 Mar 2012 (9),Leyton Orient FC (32),1-1,1-0,Walsall FC (33)
?,(Sat) 3 Mar 2012 (9),Notts County FC (34),2-0,2-0,Carlisle United FC (32)
?,(Sat) 3 Mar 2012 (9),Rochdale AFC (34),0-0,0-0,Sheffield Wednesday FC (34)
?,(Sat) 3 Mar 2012 (9),Scunthorpe United FC (33),4-1,2-0,Wycombe Wanderers FC (34)
?,(Sat) 3 Mar 2012 (9),Sheffield United FC (33),2-3,2-0,Oldham Athletic AFC (31)
?,(Sat) 3 Mar 2012 (9),Yeovil Town FC (33),2-1,0-1,Brentford FC (32)
?,(Tue) 6 Mar 2012 (10),Brentford FC (33),2-0,1-0,Exeter City FC (35)
?,(Tue) 6 Mar 2012 (10),Carlisle United FC (33),2-1,0-0,Rochdale AFC (35)
?,(Tue) 6 Mar 2012 (10),Charlton Athletic FC (35),0-2,0-1,Colchester United FC (33)
?,(Tue) 6 Mar 2012 (10),Huddersfield Town AFC (34),1-0,0-0,Hartlepool United FC (35)
?,(Tue) 6 Mar 2012 (10),Milton Keynes Dons FC (34),0-1,0-1,Yeovil Town FC (34)
?,(Tue) 6 Mar 2012 (10),Oldham Athletic AFC (32),1-2,0-0,Scunthorpe United FC (34)
?,(Tue) 6 Mar 2012 (10),Preston North End FC (33),0-0,0-0,Chesterfield FC (35)
?,(Tue) 6 Mar 2012 (10),Sheffield Wednesday FC (35),4-1,1-0,Bury FC (35)
?,(Tue) 6 Mar 2012 (10),Tranmere Rovers FC (34),1-1,0-1,Notts County FC (35)
?,(Tue) 6 Mar 2012 (10),Walsall FC (34),3-2,0-0,Sheffield United FC (34)
?,(Tue) 6 Mar 2012 (10),Wycombe Wanderers FC (35),4-2,4-0,Leyton Orient FC (33)
?,(Sat) 10 Mar 2012 (10),Brentford FC (34),0-2,0-1,Sheffield United FC (35)
?,(Sat) 10 Mar 2012 (10),Carlisle United FC (34),4-1,1-1,Bury FC (36)
?,(Sat) 10 Mar 2012 (10),Charlton Athletic FC (36),2-4,0-4,Notts County FC (36)
?,(Sat) 10 Mar 2012 (10),Huddersfield Town AFC (35),2-2,1-1,Rochdale AFC (36)
?,(Sat) 10 Mar 2012 (10),Milton Keynes Dons FC (35),3-0,2-0,Exeter City FC (36)
?,(Sat) 10 Mar 2012 (10),Oldham Athletic AFC (33),1-2,0-1,Yeovil Town FC (35)
?,(Sat) 10 Mar 2012 (10),Preston North End FC (34),0-0,0-0,Scunthorpe United FC (35)
?,(Sat) 10 Mar 2012 (10),Sheffield Wednesday FC (36),3-0,3-0,AFC Bournemouth (35)
?,(Sat) 10 Mar 2012 (10),Stevenage FC (33),2-2,0-2,Chesterfield FC (36)
?,(Sat) 10 Mar 2012 (10),Tranmere Rovers FC (35),2-0,2-0,Leyton Orient FC (34)
?,(Sat) 10 Mar 2012 (10),Walsall FC (35),0-0,0-0,Hartlepool United FC (36)
?,(Sat) 10 Mar 2012 (10),Wycombe Wanderers FC (36),0-0,0-0,Colchester United FC (34)
?,(Tue) 13 Mar 2012 (11),Colchester United FC (35),1-1,0-1,Sheffield United FC (36)
?,(Tue) 13 Mar 2012 (11),Stevenage FC (34),1-0,0-0,Oldham Athletic AFC (34)
?,(Tue) 13 Mar 2012 (11),Tranmere Rovers FC (36),2-1,1-1,Preston North End FC (35)
?,(Tue) 13 Mar 2012 (11),Yeovil Town FC (36),2-2,1-0,Scunthorpe United FC (36)
?,(Sat) 17 Mar 2012 (11),AFC Bournemouth (36),1-1,0-1,Carlisle United FC (35)
?,(Sat) 17 Mar 2012 (11),Bury FC (37),1-4,1-2,Wycombe Wanderers FC (37)
?,(Sat) 17 Mar 2012 (11),Chesterfield FC (37),1-1,1-0,Milton Keynes Dons FC (36)
?,(Sat) 17 Mar 2012 (11),Colchester United FC (36),1-1,1-0,Huddersfield Town AFC (36)
?,(Sat) 17 Mar 2012 (11),Exeter City FC (37),1-2,0-1,Preston North End FC (36)
?,(Sat) 17 Mar 2012 (11),Hartlepool United FC (37),0-0,0-0,Stevenage FC (35)
?,(Sat) 17 Mar 2012 (11),Leyton Orient FC (35),2-0,2-0,Brentford FC (35)
?,(Sat) 17 Mar 2012 (11),Notts County FC (37),1-2,0-0,Sheffield Wednesday FC (37)
?,(Sat) 17 Mar 2012 (11),Rochdale AFC (37),3-2,1-1,Oldham Athletic AFC (35)
?,(Sat) 17 Mar 2012 (11),Scunthorpe United FC (37),1-1,1-1,Charlton Athletic FC (37)
?,(Sat) 17 Mar 2012 (11),Sheffield United FC (37),1-1,1-0,Tranmere Rovers FC (37)
?,(Sat) 17 Mar 2012 (11),Yeovil Town FC (37),2-1,0-1,Walsall FC (36)
?,(Tue) 20 Mar 2012 (12),AFC Bournemouth (37),1-0,1-0,Brentford FC (36)
?,(Tue) 20 Mar 2012 (12),Bury FC (38),0-0,0-0,Scunthorpe United FC (38)
?,(Tue) 20 Mar 2012 (12),Carlisle United FC (36),0-0,0-0,Preston North End FC (37)
?,(Tue) 20 Mar 2012 (12),Charlton Athletic FC (38),3-0,1-0,Yeovil Town FC (38)
?,(Tue) 20 Mar 2012 (12),Chesterfield FC (38),0-2,0-2,Huddersfield Town AFC (37)
?,(Tue) 20 Mar 2012 (12),Exeter City FC (38),1-3,0-0,Wycombe Wanderers FC (38)
?,(Tue) 20 Mar 2012 (12),Hartlepool United FC (38),0-1,0-1,Oldham Athletic AFC (36)
?,(Tue) 20 Mar 2012 (12),Milton Keynes Dons FC (37),4-1,2-1,Leyton Orient FC (36)
?,(Tue) 20 Mar 2012 (12),Notts County FC (38),2-5,0-4,Sheffield United FC (38)
?,(Tue) 20 Mar 2012 (12),Rochdale AFC (38),0-2,0-1,Tranmere Rovers FC (38)
?,(Tue) 20 Mar 2012 (12),Sheffield Wednesday FC (38),2-2,0-0,Walsall FC (37)
?,(Tue) 20 Mar 2012 (12),Stevenage FC (36),0-0,0-0,Colchester United FC (37)
?,(Sat) 24 Mar 2012 (12),Brentford FC (37),2-0,1-0,Rochdale AFC (39)
?,(Sat) 24 Mar 2012 (12),Colchester United FC (38),1-1,0-0,Carlisle United FC (37)
?,(Sat) 24 Mar 2012 (12),Huddersfield Town AFC (38),1-0,1-0,Charlton Athletic FC (39)
?,(Sat) 24 Mar 2012 (12),Leyton Orient FC (37),0-1,0-0,Sheffield Wednesday FC (39)
?,(Sat) 24 Mar 2012 (12),Oldham Athletic AFC (37),1-0,0-0,AFC Bournemouth (38)
?,(Sat) 24 Mar 2012 (12),Preston North End FC (38),1-1,0-0,Bury FC (39)
?,(Sat) 24 Mar 2012 (12),Scunthorpe United FC (39),0-0,0-0,Notts County FC (39)
?,(Sat) 24 Mar 2012 (12),Tranmere Rovers FC (39),2-0,0-0,Exeter City FC (39)
?,(Sat) 24 Mar 2012 (12),Walsall FC (38),1-1,1-0,Stevenage FC (37)
?,(Sat) 24 Mar 2012 (12),Wycombe Wanderers FC (39),1-1,0-0,Milton Keynes Dons FC (38)
?,(Sat) 24 Mar 2012 (12),Yeovil Town FC (39),0-1,0-0,Hartlepool United FC (39)
?,(Tue) 27 Mar 2012 (13),Milton Keynes Dons FC (39),1-2,0-0,Carlisle United FC (38)
?,(Tue) 27 Mar 2012 (13),Oldham Athletic AFC (38),0-1,0-0,Leyton Orient FC (38)
?,(Tue) 27 Mar 2012 (13),Preston North End FC (39),1-3,1-2,Brentford FC (38)
?,(Tue) 27 Mar 2012 (13),Stevenage FC (38),2-2,2-2,AFC Bournemouth (39)
?,(Tue) 27 Mar 2012 (13),Walsall FC (39),3-1,2-1,Colchester United FC (39)
?,(Wed) 28 Mar 2012 (13),Sheffield United FC (39),4-1,1-1,Chesterfield FC (39)
?,(Sat) 31 Mar 2012 (13),AFC Bournemouth (40),0-0,0-0,Yeovil Town FC (40)
?,(Sat) 31 Mar 2012 (13),Bury FC (40),2-0,0-0,Tranmere Rovers FC (40)
?,(Sat) 31 Mar 2012 (13),Carlisle United FC (39),2-1,0-0,Huddersfield Town AFC (39)
?,(Sat) 31 Mar 2012 (13),Charlton Athletic FC (40),2-0,1-0,Leyton Orient FC (39)
?,(Sat) 31 Mar 2012 (13),Chesterfield FC (40),1-4,1-1,Scunthorpe United FC (40)
?,(Sat) 31 Mar 2012 (13),Exeter City FC (40),1-1,0-1,Colchester United FC (40)
?,(Sat) 31 Mar 2012 (13),Hartlepool United FC (40),0-1,0-0,Sheffield United FC (40)
?,(Sat) 31 Mar 2012 (13),Milton Keynes Dons FC (40),1-2,0-2,Brentford FC (39)
?,(Sat) 31 Mar 2012 (13),Notts County FC (40),1-0,0-0,Oldham Athletic AFC (39)
?,(Sat) 31 Mar 2012 (13),Rochdale AFC (40),3-3,0-2,Walsall FC (40)
?,(Sat) 31 Mar 2012 (13),Sheffield Wednesday FC (40),2-0,0-0,Preston North End FC (40)
?,(Sat) 31 Mar 2012 (13),Stevenage FC (39),1-1,0-0,Wycombe Wanderers FC (40)
?,(Tue) 3 Apr 2012 (14),Brentford FC (40),2-0,1-0,Oldham Athletic AFC (40)
?,(Tue) 3 Apr 2012 (14),Leyton Orient FC (40),1-3,1-2,Huddersfield Town AFC (40)
?,(Fri) 6 Apr 2012 (14),Colchester United FC (41),1-1,0-1,Hartlepool United FC (41)
?,(Fri) 6 Apr 2012 (14),Leyton Orient FC (41),0-3,0-0,Notts County FC (41)
?,(Fri) 6 Apr 2012 (14),Scunthorpe United FC (41),1-0,0-0,Exeter City FC (41)
?,(Fri) 6 Apr 2012 (14),Tranmere Rovers FC (41),3-0,2-0,Stevenage FC (40)
?,(Fri) 6 Apr 2012 (14),Wycombe Wanderers FC (41),1-1,0-0,Carlisle United FC (40)
?,(Sat) 7 Apr 2012 (14),Brentford FC (41),3-0,1-0,Bury FC (41)
?,(Sat) 7 Apr 2012 (14),Huddersfield Town AFC (41),0-2,0-0,Sheffield Wednesday FC (41)
?,(Sat) 7 Apr 2012 (14),Oldham Athletic AFC (41),0-1,0-0,Charlton Athletic FC (41)
?,(Sat) 7 Apr 2012 (14),Preston North End FC (41),1-1,0-1,Milton Keynes Dons FC (41)
?,(Sat) 7 Apr 2012 (14),Sheffield United FC (41),2-1,1-0,AFC Bournemouth (41)
?,(Sat) 7 Apr 2012 (14),Walsall FC (41),3-2,2-1,Chesterfield FC (41)
?,(Sat) 7 Apr 2012 (14),Yeovil Town FC (41),3-1,2-0,Rochdale AFC (41)
?,(Mon) 9 Apr 2012 (15),AFC Bournemouth (42),2-0,0-0,Huddersfield Town AFC (42)
?,(Mon) 9 Apr 2012 (15),Bury FC (42),4-1,2-0,Colchester United FC (42)
?,(Mon) 9 Apr 2012 (15),Carlisle United FC (41),0-0,0-0,Scunthorpe United FC (42)
?,(Mon) 9 Apr 2012 (15),Charlton Athletic FC (42),1-0,1-0,Walsall FC (42)
?,(Mon) 9 Apr 2012 (15),Chesterfield FC (42),4-0,1-0,Wycombe Wanderers FC (42)
?,(Mon) 9 Apr 2012 (15),Exeter City FC (42),3-0,1-0,Leyton Orient FC (42)
?,(Mon) 9 Apr 2012 (15),Hartlepool United FC (42),0-0,0-0,Brentford FC (42)
?,(Mon) 9 Apr 2012 (15),Milton Keynes Dons FC (42),3-0,2-0,Tranmere Rovers FC (42)
?,(Mon) 9 Apr 2012 (15),Notts County FC (42),3-1,1-0,Yeovil Town FC (42)
?,(Mon) 9 Apr 2012 (15),Sheffield Wednesday FC (42),3-0,1-0,Oldham Athletic AFC (42)
?,(Mon) 9 Apr 2012 (15),Stevenage FC (41),1-1,0-0,Preston North End FC (42)
?,(Tue) 10 Apr 2012 (15),Rochdale AFC (42),2-5,1-4,Sheffield United FC (42)
?,(Sat) 14 Apr 2012 (15),Brentford FC (43),0-0,0-0,Notts County FC (43)
?,(Sat) 14 Apr 2012 (15),Bury FC (43),1-0,1-0,AFC Bournemouth (43)
?,(Sat) 14 Apr 2012 (15),Carlisle United FC (42),0-1,0-0,Charlton Athletic FC (43)
?,(Sat) 14 Apr 2012 (15),Colchester United FC (43),1-1,1-0,Sheffield Wednesday FC (43)
?,(Sat) 14 Apr 2012 (15),Hartlepool United FC (43),1-2,1-0,Chesterfield FC (43)
?,(Sat) 14 Apr 2012 (15),Preston North End FC (43),1-0,0-0,Huddersfield Town AFC (43)
?,(Sat) 14 Apr 2012 (15),Rochdale AFC (43),3-2,0-1,Exeter City FC (43)
?,(Sat) 14 Apr 2012 (15),Scunthorpe United FC (43),0-3,0-1,Milton Keynes Dons FC (43)
?,(Sat) 14 Apr 2012 (15),Sheffield United FC (43),3-1,1-1,Leyton Orient FC (43)
?,(Sat) 14 Apr 2012 (15),Walsall FC (43),0-1,0-0,Tranmere Rovers FC (43)
?,(Sat) 14 Apr 2012 (15),Wycombe Wanderers FC (43),2-2,1-1,Oldham Athletic AFC (43)
?,(Sat) 14 Apr 2012 (15),Yeovil Town FC (43),0-6,0-2,Stevenage FC (42)
?,(Tue) 17 Apr 2012 (16),Stevenage FC (43),1-0,0-0,Carlisle United FC (43)
?,(Sat) 21 Apr 2012 (16),AFC Bournemouth (44),1-1,1-0,Colchester United FC (44)
?,(Sat) 21 Apr 2012 (16),Charlton Athletic FC (44),2-1,1-1,Wycombe Wanderers FC (44)
?,(Sat) 21 Apr 2012 (16),Chesterfield FC (44),2-1,0-0,Rochdale AFC (44)
?,(Sat) 21 Apr 2012 (16),Exeter City FC (44),4-2,0-1,Walsall FC (44)
?,(Sat) 21 Apr 2012 (16),Huddersfield Town AFC (44),1-0,0-0,Scunthorpe United FC (44)
?,(Sat) 21 Apr 2012 (16),Leyton Orient FC (44),2-2,1-0,Yeovil Town FC (44)
?,(Sat) 21 Apr 2012 (16),Milton Keynes Dons FC (44),1-0,1-0,Sheffield United FC (44)
?,(Sat) 21 Apr 2012 (16),Notts County FC (44),2-4,0-1,Bury FC (44)
?,(Sat) 21 Apr 2012 (16),Oldham Athletic AFC (44),1-1,0-0,Preston North End FC (44)
?,(Sat) 21 Apr 2012 (16),Sheffield Wednesday FC (44),2-1,1-0,Carlisle United FC (44)
?,(Sat) 21 Apr 2012 (16),Stevenage FC (44),2-1,0-0,Brentford FC (44)
?,(Sat) 21 Apr 2012 (16),Tranmere Rovers FC (44),1-1,1-0,Hartlepool United FC (44)
?,(Sat) 28 Apr 2012 (17),Brentford FC (45),1-2,0-1,Sheffield Wednesday FC (45)
?,(Sat) 28 Apr 2012 (17),Bury FC (45),0-0,0-0,Oldham Athletic AFC (45)
?,(Sat) 28 Apr 2012 (17),Carlisle United FC (45),4-1,2-1,Exeter City FC (45)
?,(Sat) 28 Apr 2012 (17),Colchester United FC (45),4-2,1-0,Tranmere Rovers FC (45)
?,(Sat) 28 Apr 2012 (17),Hartlepool United FC (45),2-1,1-1,Leyton Orient FC (45)
?,(Sat) 28 Apr 2012 (17),Preston North End FC (45),2-2,0-2,Charlton Athletic FC (45)
?,(Sat) 28 Apr 2012 (17),Rochdale AFC (45),1-2,0-1,Milton Keynes Dons FC (45)
?,(Sat) 28 Apr 2012 (17),Scunthorpe United FC (45),1-1,0-1,AFC Bournemouth (45)
?,(Sat) 28 Apr 2012 (17),Sheffield United FC (45),2-2,0-1,Stevenage FC (45)
?,(Sat) 28 Apr 2012 (17),Walsall FC (45),1-1,0-1,Huddersfield Town AFC (45)
?,(Sat) 28 Apr 2012 (17),Wycombe Wanderers FC (45),3-4,2-2,Notts County FC (45)
?,(Sat) 28 Apr 2012 (17),Yeovil Town FC (45),3-2,1-1,Chesterfield FC (45)
?,(Sat) 5 May 2012 (18),AFC Bournemouth (46),1-0,0-0,Preston North End FC (46)
?,(Sat) 5 May 2012 (18),Charlton Athletic FC (46),3-2,0-1,Hartlepool United FC (46)
?,(Sat) 5 May 2012 (18),Chesterfield FC (46),2-3,0-1,Brentford FC (46)
?,(Sat) 5 May 2012 (18),Exeter City FC (46),2-2,1-1,Sheffield United FC (46)
?,(Sat) 5 May 2012 (18),Huddersfield Town AFC (46),2-0,1-0,Yeovil Town FC (46)
?,(Sat) 5 May 2012 (18),Leyton Orient FC (46),2-1,2-0,Rochdale AFC (46)
?,(Sat) 5 May 2012 (18),Milton Keynes Dons FC (46),0-1,0-1,Walsall FC (46)
?,(Sat) 5 May 2012 (18),Notts County FC (46),4-1,3-0,Colchester United FC (46)
?,(Sat) 5 May 2012 (18),Oldham Athletic AFC (46),2-1,0-0,Carlisle United FC (46)
?,(Sat) 5 May 2012 (18),Sheffield Wednesday FC (46),2-0,1-0,Wycombe Wanderers FC (46)
?,(Sat) 5 May 2012 (18),Stevenage FC (46),3-0,1-0,Bury FC (46)
?,(Sat) 5 May 2012 (18),Tranmere Rovers FC (46),1-1,1-0,Scunthorpe United FC (46)
