Round,Date,Team 1,FT,HT,Team 2
?,(Fri) 12 Aug 2011 (W32),Forest Green Rovers FC (1),1-1,1-0,Stockport County FC (1)
?,(Sat) 13 Aug 2011 (W32),Barrow AFC (1),1-1,0-1,Tamworth FC (1)
?,(Sat) 13 Aug 2011 (W32),Darlington FC (1),1-0,0-0,Braintree Town FC (1)
?,(Sat) 13 Aug 2011 (W32),Ebbsfleet United FC (1),1-2,0-0,York City FC (1)
?,(Sat) 13 Aug 2011 (W32),Grimsby Town FC (1),0-2,0-0,Fleetwood Town FC (1)
?,(Sat) 13 Aug 2011 (W32),Hayes & Yeading United FC (1),3-1,2-0,Alfreton Town FC (1)
?,(Sat) 13 Aug 2011 (W32),Kettering Town FC (1),3-2,0-1,Newport County AFC (1)
?,(Sat) 13 Aug 2011 (W32),Kidderminster Harriers FC (1),2-3,2-2,Gateshead FC (1)
?,(Sat) 13 Aug 2011 (W32),Mansfield Town FC (1),1-1,1-1,Bath City FC (1)
?,(Sat) 13 Aug 2011 (W32),Southport FC (1),2-2,1-1,Lincoln City FC (1)
?,(Sat) 13 Aug 2011 (W32),Wrexham AFC (1),1-1,1-0,Cambridge United FC (1)
?,(Tue) 16 Aug 2011 (W33),Alfreton Town FC (2),0-0,0-0,Southport FC (2)
?,(Tue) 16 Aug 2011 (W33),Bath City FC (2),0-2,0-0,Wrexham AFC (2)
?,(Tue) 16 Aug 2011 (W33),Braintree Town FC (2),5-0,2-0,Grimsby Town FC (2)
?,(Tue) 16 Aug 2011 (W33),Cambridge United FC (2),1-0,0-0,AFC Telford United (1)
?,(Tue) 16 Aug 2011 (W33),Fleetwood Town FC (2),0-0,0-0,Darlington FC (2)
?,(Tue) 16 Aug 2011 (W33),Gateshead FC (2),3-0,2-0,Mansfield Town FC (2)
?,(Tue) 16 Aug 2011 (W33),Lincoln City FC (2),0-1,0-1,Kidderminster Harriers FC (2)
?,(Tue) 16 Aug 2011 (W33),Luton Town FC (1),1-1,0-0,Forest Green Rovers FC (2)
?,(Tue) 16 Aug 2011 (W33),Newport County AFC (2),4-0,1-0,Hayes & Yeading United FC (2)
?,(Tue) 16 Aug 2011 (W33),Stockport County FC (2),1-0,0-0,Kettering Town FC (2)
?,(Tue) 16 Aug 2011 (W33),Tamworth FC (2),1-0,0-0,Ebbsfleet United FC (2)
?,(Tue) 16 Aug 2011 (W33),York City FC (2),3-1,2-0,Barrow AFC (2)
?,(Fri) 19 Aug 2011 (W33),Lincoln City FC (3),1-2,1-1,Wrexham AFC (3)
?,(Sat) 20 Aug 2011 (W33),Alfreton Town FC (3),1-6,1-3,Forest Green Rovers FC (3)
?,(Sat) 20 Aug 2011 (W33),Bath City FC (3),0-1,0-0,Barrow AFC (3)
?,(Sat) 20 Aug 2011 (W33),Braintree Town FC (3),1-1,0-0,Mansfield Town FC (3)
?,(Sat) 20 Aug 2011 (W33),Cambridge United FC (3),1-2,0-2,Kidderminster Harriers FC (3)
?,(Sat) 20 Aug 2011 (W33),Fleetwood Town FC (3),1-0,0-0,Hayes & Yeading United FC (3)
?,(Sat) 20 Aug 2011 (W33),Gateshead FC (3),1-1,1-0,Kettering Town FC (3)
?,(Sat) 20 Aug 2011 (W33),Luton Town FC (2),5-1,1-1,Southport FC (3)
?,(Sat) 20 Aug 2011 (W33),Newport County AFC (3),0-0,0-0,Grimsby Town FC (3)
?,(Sat) 20 Aug 2011 (W33),Stockport County FC (3),1-1,0-0,Ebbsfleet United FC (3)
?,(Sat) 20 Aug 2011 (W33),Tamworth FC (3),1-0,0-0,Darlington FC (3)
?,(Sat) 20 Aug 2011 (W33),York City FC (3),0-1,0-0,AFC Telford United (2)
?,(Tue) 23 Aug 2011 (W34),AFC Telford United (3),1-2,0-0,Lincoln City FC (4)
?,(Tue) 23 Aug 2011 (W34),Barrow AFC (4),4-0,3-0,Fleetwood Town FC (4)
?,(Tue) 23 Aug 2011 (W34),Darlington FC (4),1-1,0-0,Alfreton Town FC (4)
?,(Tue) 23 Aug 2011 (W34),Ebbsfleet United FC (4),1-1,0-1,Newport County AFC (4)
?,(Tue) 23 Aug 2011 (W34),Forest Green Rovers FC (4),0-2,0-1,Braintree Town FC (4)
?,(Tue) 23 Aug 2011 (W34),Grimsby Town FC (4),2-1,1-1,Cambridge United FC (4)
?,(Tue) 23 Aug 2011 (W34),Hayes & Yeading United FC (4),1-1,1-0,Bath City FC (4)
?,(Tue) 23 Aug 2011 (W34),Kettering Town FC (4),1-5,1-4,York City FC (4)
?,(Tue) 23 Aug 2011 (W34),Kidderminster Harriers FC (4),1-1,0-1,Stockport County FC (4)
?,(Tue) 23 Aug 2011 (W34),Mansfield Town FC (4),1-1,1-0,Luton Town FC (3)
?,(Tue) 23 Aug 2011 (W34),Southport FC (4),1-3,1-1,Gateshead FC (4)
?,(Tue) 23 Aug 2011 (W34),Wrexham AFC (4),3-0,1-0,Tamworth FC (4)
?,(Fri) 26 Aug 2011 (W34),Fleetwood Town FC (5),0-0,0-0,York City FC (5)
?,(Fri) 26 Aug 2011 (W34),Lincoln City FC (5),1-1,1-1,Stockport County FC (5)
?,(Sat) 27 Aug 2011 (W34),AFC Telford United (4),2-1,1-1,Newport County AFC (5)
?,(Sat) 27 Aug 2011 (W34),Alfreton Town FC (5),1-4,1-2,Wrexham AFC (5)
?,(Sat) 27 Aug 2011 (W34),Barrow AFC (5),1-2,1-2,Gateshead FC (5)
?,(Sat) 27 Aug 2011 (W34),Bath City FC (5),0-2,0-1,Tamworth FC (5)
?,(Sat) 27 Aug 2011 (W34),Cambridge United FC (5),2-1,0-0,Hayes & Yeading United FC (5)
?,(Sat) 27 Aug 2011 (W34),Ebbsfleet United FC (5),1-1,1-0,Forest Green Rovers FC (5)
?,(Sat) 27 Aug 2011 (W34),Grimsby Town FC (5),1-2,0-2,Darlington FC (5)
?,(Sat) 27 Aug 2011 (W34),Kidderminster Harriers FC (5),2-0,0-0,Southport FC (5)
?,(Sat) 27 Aug 2011 (W34),Luton Town FC (4),3-1,3-1,Braintree Town FC (5)
?,(Sat) 27 Aug 2011 (W34),Mansfield Town FC (5),3-0,1-0,Kettering Town FC (5)
?,(Mon) 29 Aug 2011 (W35),Braintree Town FC (6),2-3,1-0,Ebbsfleet United FC (6)
?,(Mon) 29 Aug 2011 (W35),Darlington FC (6),3-1,1-0,Lincoln City FC (6)
?,(Mon) 29 Aug 2011 (W35),Forest Green Rovers FC (6),3-0,2-0,Bath City FC (6)
?,(Mon) 29 Aug 2011 (W35),Gateshead FC (6),1-0,0-0,Grimsby Town FC (6)
?,(Mon) 29 Aug 2011 (W35),Kettering Town FC (6),0-0,0-0,Cambridge United FC (6)
?,(Mon) 29 Aug 2011 (W35),Newport County AFC (6),1-3,0-0,Kidderminster Harriers FC (6)
?,(Mon) 29 Aug 2011 (W35),Southport FC (6),2-1,0-1,Barrow AFC (6)
?,(Mon) 29 Aug 2011 (W35),Stockport County FC (6),0-1,0-0,Mansfield Town FC (6)
?,(Mon) 29 Aug 2011 (W35),Tamworth FC (6),2-2,1-0,AFC Telford United (5)
?,(Mon) 29 Aug 2011 (W35),Wrexham AFC (6),2-0,1-0,Fleetwood Town FC (6)
?,(Mon) 29 Aug 2011 (W35),York City FC (6),0-1,0-1,Alfreton Town FC (6)
?,(Tue) 30 Aug 2011 (W35),Hayes & Yeading United FC (6),2-2,2-2,Luton Town FC (5)
?,(Fri) 2 Sep 2011 (W35),Stockport County FC (7),1-1,0-1,Luton Town FC (6)
?,(Sat) 3 Sep 2011 (W35),Braintree Town FC (7),1-0,1-0,Lincoln City FC (7)
?,(Sat) 3 Sep 2011 (W35),Darlington FC (7),0-2,0-2,Mansfield Town FC (7)
?,(Sat) 3 Sep 2011 (W35),Ebbsfleet United FC (7),1-2,1-1,Barrow AFC (7)
?,(Sat) 3 Sep 2011 (W35),Forest Green Rovers FC (7),0-1,0-1,Grimsby Town FC (7)
?,(Sat) 3 Sep 2011 (W35),Gateshead FC (7),2-0,0-0,Alfreton Town FC (7)
?,(Sat) 3 Sep 2011 (W35),Kettering Town FC (7),2-3,0-3,Fleetwood Town FC (7)
?,(Sat) 3 Sep 2011 (W35),Newport County AFC (7),0-1,0-1,Cambridge United FC (7)
?,(Sat) 3 Sep 2011 (W35),Southport FC (7),3-2,3-2,AFC Telford United (6)
?,(Sat) 3 Sep 2011 (W35),Wrexham AFC (7),2-0,1-0,Kidderminster Harriers FC (7)
?,(Sun) 4 Sep 2011 (W35),Hayes & Yeading United FC (7),1-0,0-0,Tamworth FC (7)
?,(Sat) 10 Sep 2011 (W36),AFC Telford United (7),1-1,0-0,Stockport County FC (8)
?,(Sat) 10 Sep 2011 (W36),Alfreton Town FC (8),0-1,0-1,Braintree Town FC (8)
?,(Sat) 10 Sep 2011 (W36),Barrow AFC (8),3-1,0-1,Wrexham AFC (8)
?,(Sat) 10 Sep 2011 (W36),Bath City FC (7),1-2,0-1,Southport FC (8)
?,(Sat) 10 Sep 2011 (W36),Cambridge United FC (8),1-1,0-1,Forest Green Rovers FC (8)
?,(Sat) 10 Sep 2011 (W36),Fleetwood Town FC (8),3-1,0-0,Gateshead FC (8)
?,(Sat) 10 Sep 2011 (W36),Grimsby Town FC (8),3-0,1-0,Hayes & Yeading United FC (8)
?,(Sat) 10 Sep 2011 (W36),Kidderminster Harriers FC (8),2-2,1-1,Ebbsfleet United FC (8)
?,(Sat) 10 Sep 2011 (W36),Lincoln City FC (8),0-2,0-0,Kettering Town FC (8)
?,(Sat) 10 Sep 2011 (W36),Luton Town FC (7),2-0,1-0,Darlington FC (8)
?,(Sat) 10 Sep 2011 (W36),Mansfield Town FC (8),5-0,2-0,Newport County AFC (8)
?,(Sat) 10 Sep 2011 (W36),Tamworth FC (8),2-1,0-0,York City FC (7)
?,(Tue) 13 Sep 2011 (W37),AFC Telford United (8),0-2,0-1,Luton Town FC (8)
?,(Tue) 13 Sep 2011 (W37),York City FC (8),1-0,0-0,Bath City FC (8)
?,(Sat) 17 Sep 2011 (W37),AFC Telford United (9),2-1,1-1,Bath City FC (9)
?,(Sat) 17 Sep 2011 (W37),Barrow AFC (9),2-3,1-2,Mansfield Town FC (9)
?,(Sat) 17 Sep 2011 (W37),Braintree Town FC (9),1-0,1-0,Newport County AFC (9)
?,(Sat) 17 Sep 2011 (W37),Darlington FC (9),1-1,0-0,Hayes & Yeading United FC (9)
?,(Sat) 17 Sep 2011 (W37),Ebbsfleet United FC (9),1-3,1-0,Fleetwood Town FC (9)
?,(Sat) 17 Sep 2011 (W37),Forest Green Rovers FC (9),2-3,0-1,Southport FC (9)
?,(Sat) 17 Sep 2011 (W37),Gateshead FC (9),1-1,1-1,Cambridge United FC (9)
?,(Sat) 17 Sep 2011 (W37),Kettering Town FC (9),0-2,0-1,Tamworth FC (9)
?,(Sat) 17 Sep 2011 (W37),Kidderminster Harriers FC (9),3-1,1-1,Alfreton Town FC (9)
?,(Sat) 17 Sep 2011 (W37),Luton Town FC (9),1-0,0-0,Lincoln City FC (9)
?,(Sat) 17 Sep 2011 (W37),Stockport County FC (9),2-0,1-0,Grimsby Town FC (9)
?,(Sat) 17 Sep 2011 (W37),Wrexham AFC (9),0-3,0-3,York City FC (9)
?,(Tue) 20 Sep 2011 (W38),Alfreton Town FC (10),2-1,0-1,Barrow AFC (10)
?,(Tue) 20 Sep 2011 (W38),Bath City FC (10),1-1,0-1,Luton Town FC (10)
?,(Tue) 20 Sep 2011 (W38),Cambridge United FC (10),2-0,2-0,Ebbsfleet United FC (10)
?,(Tue) 20 Sep 2011 (W38),Fleetwood Town FC (10),5-2,1-0,Kidderminster Harriers FC (10)
?,(Tue) 20 Sep 2011 (W38),Grimsby Town FC (10),2-1,0-1,Kettering Town FC (10)
?,(Tue) 20 Sep 2011 (W38),Hayes & Yeading United FC (10),1-2,1-1,Braintree Town FC (10)
?,(Tue) 20 Sep 2011 (W38),Lincoln City FC (10),1-0,0-0,Gateshead FC (10)
?,(Tue) 20 Sep 2011 (W38),Mansfield Town FC (10),1-1,0-0,AFC Telford United (10)
?,(Tue) 20 Sep 2011 (W38),Newport County AFC (10),1-1,1-0,Stockport County FC (10)
?,(Tue) 20 Sep 2011 (W38),Southport FC (10),0-0,0-0,Wrexham AFC (10)
?,(Tue) 20 Sep 2011 (W38),Tamworth FC (10),0-1,0-1,Forest Green Rovers FC (10)
?,(Tue) 20 Sep 2011 (W38),York City FC (10),2-2,1-2,Darlington FC (10)
?,(Sat) 24 Sep 2011 (W38),Alfreton Town FC (11),2-2,0-2,Ebbsfleet United FC (11)
?,(Sat) 24 Sep 2011 (W38),Bath City FC (11),0-1,0-1,Kettering Town FC (11)
?,(Sat) 24 Sep 2011 (W38),Cambridge United FC (11),2-0,1-0,Darlington FC (11)
?,(Sat) 24 Sep 2011 (W38),Fleetwood Town FC (11),2-2,0-1,AFC Telford United (11)
?,(Sat) 24 Sep 2011 (W38),Grimsby Town FC (11),1-3,1-1,Wrexham AFC (11)
?,(Sat) 24 Sep 2011 (W38),Hayes & Yeading United FC (11),2-3,0-3,Gateshead FC (11)
?,(Sat) 24 Sep 2011 (W38),Lincoln City FC (11),1-1,0-1,Forest Green Rovers FC (11)
?,(Sat) 24 Sep 2011 (W38),Mansfield Town FC (11),0-3,0-3,Kidderminster Harriers FC (11)
?,(Sat) 24 Sep 2011 (W38),Newport County AFC (11),2-2,1-1,Barrow AFC (11)
?,(Sat) 24 Sep 2011 (W38),Southport FC (11),0-4,0-2,Braintree Town FC (11)
?,(Sat) 24 Sep 2011 (W38),Tamworth FC (11),1-1,0-0,Stockport County FC (11)
?,(Sat) 24 Sep 2011 (W38),York City FC (11),3-0,3-0,Luton Town FC (11)
?,(Tue) 27 Sep 2011 (W39),AFC Telford United (12),1-0,0-0,Alfreton Town FC (12)
?,(Tue) 27 Sep 2011 (W39),Barrow AFC (12),1-0,1-0,Lincoln City FC (12)
?,(Tue) 27 Sep 2011 (W39),Braintree Town FC (12),3-1,1-1,Tamworth FC (12)
?,(Tue) 27 Sep 2011 (W39),Darlington FC (12),0-3,0-1,Southport FC (12)
?,(Tue) 27 Sep 2011 (W39),Ebbsfleet United FC (12),3-0,1-0,Bath City FC (12)
?,(Tue) 27 Sep 2011 (W39),Forest Green Rovers FC (12),1-1,0-1,Newport County AFC (12)
?,(Tue) 27 Sep 2011 (W39),Gateshead FC (12),3-2,2-1,York City FC (12)
?,(Tue) 27 Sep 2011 (W39),Kettering Town FC (12),3-5,1-3,Hayes & Yeading United FC (12)
?,(Tue) 27 Sep 2011 (W39),Kidderminster Harriers FC (12),1-1,1-0,Grimsby Town FC (12)
?,(Tue) 27 Sep 2011 (W39),Luton Town FC (12),0-1,0-0,Cambridge United FC (12)
?,(Tue) 27 Sep 2011 (W39),Stockport County FC (12),2-4,1-1,Fleetwood Town FC (12)
?,(Tue) 27 Sep 2011 (W39),Wrexham AFC (12),1-3,0-1,Mansfield Town FC (12)
?,(Sat) 1 Oct 2011 (W39),AFC Telford United (13),1-1,1-0,Hayes & Yeading United FC (13)
?,(Sat) 1 Oct 2011 (W39),Braintree Town FC (13),1-2,1-1,Fleetwood Town FC (13)
?,(Sat) 1 Oct 2011 (W39),Darlington FC (13),2-0,2-0,Newport County AFC (13)
?,(Sat) 1 Oct 2011 (W39),Forest Green Rovers FC (13),1-1,1-1,Mansfield Town FC (13)
?,(Sat) 1 Oct 2011 (W39),Gateshead FC (13),1-1,1-0,Tamworth FC (13)
?,(Sat) 1 Oct 2011 (W39),Grimsby Town FC (13),5-2,0-1,Alfreton Town FC (13)
?,(Sat) 1 Oct 2011 (W39),Kettering Town FC (13),0-1,0-1,Kidderminster Harriers FC (13)
?,(Sat) 1 Oct 2011 (W39),Lincoln City FC (13),2-0,2-0,Bath City FC (13)
?,(Sat) 1 Oct 2011 (W39),Luton Town FC (13),5-1,1-1,Barrow AFC (13)
?,(Sat) 1 Oct 2011 (W39),Southport FC (13),1-0,1-0,Cambridge United FC (13)
?,(Sat) 1 Oct 2011 (W39),Stockport County FC (13),1-2,0-0,York City FC (13)
?,(Sat) 1 Oct 2011 (W39),Wrexham AFC (13),1-0,0-0,Ebbsfleet United FC (13)
?,(Tue) 4 Oct 2011 (W40),Gateshead FC (14),1-4,0-1,Wrexham AFC (14)
?,(Thu) 6 Oct 2011 (W40),Cambridge United FC (14),2-2,1-1,Stockport County FC (14)
?,(Sat) 8 Oct 2011 (W40),Alfreton Town FC (14),1-1,1-0,Kettering Town FC (14)
?,(Sat) 8 Oct 2011 (W40),Barrow AFC (14),2-1,1-0,AFC Telford United (14)
?,(Sat) 8 Oct 2011 (W40),Bath City FC (14),2-0,0-0,Darlington FC (14)
?,(Sat) 8 Oct 2011 (W40),Ebbsfleet United FC (14),0-1,0-1,Gateshead FC (15)
?,(Sat) 8 Oct 2011 (W40),Fleetwood Town FC (14),0-0,0-0,Forest Green Rovers FC (14)
?,(Sat) 8 Oct 2011 (W40),Kidderminster Harriers FC (14),1-2,0-1,Luton Town FC (14)
?,(Sat) 8 Oct 2011 (W40),Mansfield Town FC (14),2-1,0-1,Grimsby Town FC (14)
?,(Sat) 8 Oct 2011 (W40),Newport County AFC (14),0-3,0-3,Southport FC (14)
?,(Sat) 8 Oct 2011 (W40),Tamworth FC (14),4-0,1-0,Lincoln City FC (14)
?,(Sat) 8 Oct 2011 (W40),York City FC (14),6-2,4-1,Braintree Town FC (14)
?,(Sun) 9 Oct 2011 (W40),Hayes & Yeading United FC (14),0-2,0-0,Wrexham AFC (15)
?,(Tue) 11 Oct 2011 (W41),Alfreton Town FC (15),1-3,1-3,Lincoln City FC (15)
?,(Tue) 11 Oct 2011 (W41),Bath City FC (15),3-4,2-2,Cambridge United FC (15)
?,(Tue) 11 Oct 2011 (W41),Ebbsfleet United FC (15),2-2,0-1,Luton Town FC (15)
?,(Tue) 11 Oct 2011 (W41),Fleetwood Town FC (15),1-4,1-3,Newport County AFC (15)
?,(Tue) 11 Oct 2011 (W41),Grimsby Town FC (15),5-2,2-1,Barrow AFC (15)
?,(Tue) 11 Oct 2011 (W41),Hayes & Yeading United FC (15),2-0,0-0,Forest Green Rovers FC (15)
?,(Tue) 11 Oct 2011 (W41),Kettering Town FC (15),2-1,0-0,Braintree Town FC (15)
?,(Tue) 11 Oct 2011 (W41),Kidderminster Harriers FC (15),2-2,2-1,AFC Telford United (15)
?,(Tue) 11 Oct 2011 (W41),Southport FC (15),1-1,0-0,York City FC (15)
?,(Tue) 11 Oct 2011 (W41),Stockport County FC (15),3-4,2-2,Darlington FC (15)
?,(Fri) 14 Oct 2011 (W41),Lincoln City FC (16),1-3,1-0,Fleetwood Town FC (16)
?,(Sat) 15 Oct 2011 (W41),AFC Telford United (16),0-2,0-1,Ebbsfleet United FC (16)
?,(Sat) 15 Oct 2011 (W41),Barrow AFC (16),3-1,2-0,Hayes & Yeading United FC (16)
?,(Sat) 15 Oct 2011 (W41),Braintree Town FC (16),3-3,2-1,Bath City FC (16)
?,(Sat) 15 Oct 2011 (W41),Cambridge United FC (16),3-0,2-0,Alfreton Town FC (16)
?,(Sat) 15 Oct 2011 (W41),Darlington FC (16),1-0,0-0,Kidderminster Harriers FC (16)
?,(Sat) 15 Oct 2011 (W41),Forest Green Rovers FC (16),0-1,0-0,Kettering Town FC (16)
?,(Sat) 15 Oct 2011 (W41),Luton Town FC (16),5-1,2-0,Gateshead FC (16)
?,(Sat) 15 Oct 2011 (W41),Mansfield Town FC (15),1-3,0-2,Southport FC (16)
?,(Sat) 15 Oct 2011 (W41),Newport County AFC (16),1-2,0-0,Tamworth FC (15)
?,(Sat) 15 Oct 2011 (W41),Wrexham AFC (16),4-0,2-0,Stockport County FC (16)
?,(Sat) 15 Oct 2011 (W41),York City FC (16),2-1,1-1,Grimsby Town FC (16)
?,(Tue) 18 Oct 2011 (W42),Alfreton Town FC (17),1-4,0-1,Fleetwood Town FC (17)
?,(Tue) 18 Oct 2011 (W42),Bath City FC (17),0-2,0-0,Stockport County FC (17)
?,(Tue) 18 Oct 2011 (W42),Darlington FC (17),0-1,0-1,Barrow AFC (17)
?,(Tue) 18 Oct 2011 (W42),Ebbsfleet United FC (17),3-1,2-1,Grimsby Town FC (17)
?,(Tue) 18 Oct 2011 (W42),Forest Green Rovers FC (17),2-1,1-0,AFC Telford United (17)
?,(Tue) 18 Oct 2011 (W42),Gateshead FC (17),2-3,2-0,Southport FC (17)
?,(Tue) 18 Oct 2011 (W42),Kidderminster Harriers FC (17),5-4,1-2,Braintree Town FC (17)
?,(Tue) 18 Oct 2011 (W42),Lincoln City FC (17),1-1,0-0,Mansfield Town FC (16)
?,(Tue) 18 Oct 2011 (W42),Luton Town FC (17),0-1,0-0,Wrexham AFC (17)
?,(Tue) 18 Oct 2011 (W42),Newport County AFC (17),3-1,1-1,Kettering Town FC (17)
?,(Tue) 18 Oct 2011 (W42),Tamworth FC (16),2-1,0-1,Hayes & Yeading United FC (17)
?,(Tue) 18 Oct 2011 (W42),York City FC (17),2-2,1-2,Cambridge United FC (17)
?,(Fri) 21 Oct 2011 (W42),Cambridge United FC (18),2-0,1-0,Lincoln City FC (18)
?,(Fri) 21 Oct 2011 (W42),Grimsby Town FC (18),0-1,0-0,Luton Town FC (18)
?,(Sat) 22 Oct 2011 (W42),AFC Telford United (18),1-2,0-1,Gateshead FC (18)
?,(Sat) 22 Oct 2011 (W42),Barrow AFC (18),3-1,3-1,Kidderminster Harriers FC (18)
?,(Sat) 22 Oct 2011 (W42),Braintree Town FC (18),3-1,1-0,Darlington FC (18)
?,(Sat) 22 Oct 2011 (W42),Fleetwood Town FC (18),4-1,2-0,Bath City FC (18)
?,(Sat) 22 Oct 2011 (W42),Hayes & Yeading United FC (18),2-4,1-2,York City FC (18)
?,(Sat) 22 Oct 2011 (W42),Kettering Town FC (18),2-2,1-2,Ebbsfleet United FC (18)
?,(Sat) 22 Oct 2011 (W42),Mansfield Town FC (17),3-2,0-2,Alfreton Town FC (18)
?,(Sat) 22 Oct 2011 (W42),Southport FC (18),1-1,1-0,Tamworth FC (17)
?,(Sat) 22 Oct 2011 (W42),Stockport County FC (18),0-1,0-1,Forest Green Rovers FC (18)
?,(Sat) 22 Oct 2011 (W42),Wrexham AFC (18),0-0,0-0,Newport County AFC (18)
?,(Sat) 5 Nov 2011 (W44),Bath City FC (19),2-2,0-1,Grimsby Town FC (19)
?,(Sat) 5 Nov 2011 (W44),Darlington FC (19),1-0,1-0,AFC Telford United (19)
?,(Sat) 5 Nov 2011 (W44),Forest Green Rovers FC (19),4-1,0-0,Alfreton Town FC (19)
?,(Sat) 5 Nov 2011 (W44),Gateshead FC (19),2-2,1-0,Braintree Town FC (19)
?,(Sat) 5 Nov 2011 (W44),Kettering Town FC (19),2-3,0-2,Southport FC (19)
?,(Sat) 5 Nov 2011 (W44),Kidderminster Harriers FC (19),2-0,2-0,Tamworth FC (18)
?,(Sat) 5 Nov 2011 (W44),Lincoln City FC (19),2-1,2-0,Barrow AFC (19)
?,(Sat) 5 Nov 2011 (W44),Luton Town FC (19),1-2,0-1,Fleetwood Town FC (19)
?,(Sat) 5 Nov 2011 (W44),Mansfield Town FC (18),1-2,0-0,Cambridge United FC (19)
?,(Sat) 5 Nov 2011 (W44),Newport County AFC (19),0-1,0-1,Ebbsfleet United FC (19)
?,(Sat) 5 Nov 2011 (W44),Stockport County FC (19),3-3,2-1,Hayes & Yeading United FC (19)
?,(Sat) 5 Nov 2011 (W44),York City FC (19),0-0,0-0,Wrexham AFC (19)
?,(Sat) 12 Nov 2011 (W45),Ebbsfleet United FC (20),2-1,0-1,Stockport County FC (20)
?,(Fri) 18 Nov 2011 (W46),Tamworth FC (19),2-2,1-2,Kettering Town FC (20)
?,(Sat) 19 Nov 2011 (W46),AFC Telford United (20),0-0,0-0,Mansfield Town FC (19)
?,(Sat) 19 Nov 2011 (W46),Alfreton Town FC (20),1-1,1-0,Gateshead FC (20)
?,(Sat) 19 Nov 2011 (W46),Barrow AFC (20),0-0,0-0,York City FC (20)
?,(Sat) 19 Nov 2011 (W46),Braintree Town FC (20),1-5,1-3,Forest Green Rovers FC (20)
?,(Sat) 19 Nov 2011 (W46),Cambridge United FC (20),1-1,0-1,Luton Town FC (20)
?,(Sat) 19 Nov 2011 (W46),Ebbsfleet United FC (21),1-3,0-1,Darlington FC (20)
?,(Sat) 19 Nov 2011 (W46),Fleetwood Town FC (20),2-1,0-0,Stockport County FC (21)
?,(Sat) 19 Nov 2011 (W46),Grimsby Town FC (20),2-2,0-2,Newport County AFC (20)
?,(Sat) 19 Nov 2011 (W46),Hayes & Yeading United FC (20),1-3,0-1,Kidderminster Harriers FC (20)
?,(Sat) 19 Nov 2011 (W46),Southport FC (20),2-1,0-0,Bath City FC (20)
?,(Sat) 19 Nov 2011 (W46),Wrexham AFC (20),2-0,1-0,Lincoln City FC (20)
?,(Sat) 26 Nov 2011 (W47),AFC Telford United (21),1-0,0-0,Barrow AFC (21)
?,(Sat) 26 Nov 2011 (W47),Alfreton Town FC (21),3-2,0-0,Hayes & Yeading United FC (21)
?,(Sat) 26 Nov 2011 (W47),Bath City FC (21),1-1,1-1,Mansfield Town FC (20)
?,(Sat) 26 Nov 2011 (W47),Braintree Town FC (21),0-0,0-0,Wrexham AFC (21)
?,(Sat) 26 Nov 2011 (W47),Darlington FC (21),2-0,0-0,Tamworth FC (20)
?,(Sat) 26 Nov 2011 (W47),Forest Green Rovers FC (21),1-1,0-0,York City FC (21)
?,(Sat) 26 Nov 2011 (W47),Gateshead FC (21),1-1,1-0,Fleetwood Town FC (21)
?,(Sat) 26 Nov 2011 (W47),Kettering Town FC (21),1-2,0-1,Grimsby Town FC (21)
?,(Sat) 26 Nov 2011 (W47),Kidderminster Harriers FC (21),0-0,0-0,Cambridge United FC (21)
?,(Sat) 26 Nov 2011 (W47),Lincoln City FC (21),3-0,1-0,Ebbsfleet United FC (22)
?,(Sat) 26 Nov 2011 (W47),Newport County AFC (21),0-1,0-0,Luton Town FC (21)
?,(Sat) 26 Nov 2011 (W47),Stockport County FC (22),0-1,0-0,Southport FC (21)
?,(Tue) 29 Nov 2011 (W48),Barrow AFC (22),1-0,1-0,Alfreton Town FC (22)
?,(Tue) 29 Nov 2011 (W48),Cambridge United FC (22),1-1,1-0,Bath City FC (22)
?,(Tue) 29 Nov 2011 (W48),Ebbsfleet United FC (23),3-3,0-1,Kidderminster Harriers FC (22)
?,(Tue) 29 Nov 2011 (W48),Fleetwood Town FC (22),3-0,2-0,Kettering Town FC (22)
?,(Tue) 29 Nov 2011 (W48),Grimsby Town FC (22),7-0,5-0,Stockport County FC (23)
?,(Tue) 29 Nov 2011 (W48),Hayes & Yeading United FC (22),0-4,0-3,Newport County AFC (22)
?,(Tue) 29 Nov 2011 (W48),Luton Town FC (22),1-1,1-0,AFC Telford United (22)
?,(Tue) 29 Nov 2011 (W48),Mansfield Town FC (21),1-1,1-0,Gateshead FC (22)
?,(Tue) 29 Nov 2011 (W48),Southport FC (22),1-3,0-3,Forest Green Rovers FC (22)
?,(Tue) 29 Nov 2011 (W48),Tamworth FC (21),1-0,0-0,Braintree Town FC (22)
?,(Tue) 29 Nov 2011 (W48),York City FC (22),2-0,1-0,Lincoln City FC (22)
?,(Wed) 30 Nov 2011 (W48),Wrexham AFC (22),2-1,0-1,Darlington FC (22)
?,(Sat) 3 Dec 2011 (W48),Barrow AFC (23),1-1,1-0,Ebbsfleet United FC (24)
?,(Sat) 3 Dec 2011 (W48),Bath City FC (23),3-1,1-1,AFC Telford United (23)
?,(Sat) 3 Dec 2011 (W48),Darlington FC (23),0-0,0-0,Forest Green Rovers FC (23)
?,(Sat) 3 Dec 2011 (W48),Mansfield Town FC (22),4-1,1-1,Braintree Town FC (23)
?,(Sat) 3 Dec 2011 (W48),Newport County AFC (23),1-0,1-0,Lincoln City FC (23)
?,(Sat) 3 Dec 2011 (W48),Southport FC (23),2-1,0-0,Alfreton Town FC (23)
?,(Sat) 3 Dec 2011 (W48),York City FC (23),7-0,4-0,Kettering Town FC (23)
?,(Tue) 6 Dec 2011 (W49),AFC Telford United (24),0-0,0-0,York City FC (24)
?,(Tue) 6 Dec 2011 (W49),Alfreton Town FC (24),3-2,2-1,Newport County AFC (24)
?,(Tue) 6 Dec 2011 (W49),Braintree Town FC (24),0-3,0-0,Hayes & Yeading United FC (23)
?,(Tue) 6 Dec 2011 (W49),Ebbsfleet United FC (25),0-0,0-0,Cambridge United FC (23)
?,(Tue) 6 Dec 2011 (W49),Forest Green Rovers FC (24),3-1,2-1,Tamworth FC (22)
?,(Tue) 6 Dec 2011 (W49),Grimsby Town FC (23),0-0,0-0,Mansfield Town FC (23)
?,(Tue) 6 Dec 2011 (W49),Kettering Town FC (24),0-0,0-0,Darlington FC (24)
?,(Tue) 6 Dec 2011 (W49),Kidderminster Harriers FC (23),4-1,2-1,Bath City FC (24)
?,(Tue) 6 Dec 2011 (W49),Lincoln City FC (24),1-1,0-1,Luton Town FC (23)
?,(Tue) 6 Dec 2011 (W49),Stockport County FC (24),0-1,0-0,Gateshead FC (23)
?,(Tue) 6 Dec 2011 (W49),Wrexham AFC (23),2-0,1-0,Southport FC (24)
?,(Sat) 17 Dec 2011 (W50),Braintree Town FC (25),2-1,1-1,AFC Telford United (25)
?,(Sat) 17 Dec 2011 (W50),Darlington FC (25),2-0,1-0,Cambridge United FC (24)
?,(Sat) 17 Dec 2011 (W50),Forest Green Rovers FC (25),0-2,0-1,Lincoln City FC (25)
?,(Sat) 17 Dec 2011 (W50),Grimsby Town FC (24),4-3,3-2,Ebbsfleet United FC (26)
?,(Sat) 17 Dec 2011 (W50),Hayes & Yeading United FC (24),1-1,1-1,Barrow AFC (24)
?,(Sat) 17 Dec 2011 (W50),Kettering Town FC (25),1-1,0-0,Bath City FC (25)
?,(Sat) 17 Dec 2011 (W50),Newport County AFC (25),0-1,0-0,Fleetwood Town FC (23)
?,(Sat) 17 Dec 2011 (W50),Southport FC (25),3-1,0-0,Mansfield Town FC (24)
?,(Sat) 17 Dec 2011 (W50),Stockport County FC (25),0-0,0-0,Alfreton Town FC (25)
?,(Sat) 17 Dec 2011 (W50),Tamworth FC (23),1-3,0-1,Luton Town FC (24)
?,(Sat) 17 Dec 2011 (W50),Wrexham AFC (24),2-1,2-1,Gateshead FC (24)
?,(Mon) 19 Dec 2011 (W51),York City FC (25),2-3,1-3,Kidderminster Harriers FC (24)
?,(Tue) 20 Dec 2011 (W51),Hayes & Yeading United FC (25),1-3,1-1,Fleetwood Town FC (24)
?,(Mon) 26 Dec 2011 (W52),AFC Telford United (26),0-2,0-1,Wrexham AFC (25)
?,(Mon) 26 Dec 2011 (W52),Alfreton Town FC (26),5-2,3-0,Tamworth FC (24)
?,(Mon) 26 Dec 2011 (W52),Barrow AFC (25),1-0,1-0,Stockport County FC (26)
?,(Mon) 26 Dec 2011 (W52),Cambridge United FC (25),2-0,1-0,Braintree Town FC (26)
?,(Mon) 26 Dec 2011 (W52),Ebbsfleet United FC (27),3-1,1-0,Hayes & Yeading United FC (26)
?,(Mon) 26 Dec 2011 (W52),Fleetwood Town FC (25),2-2,1-1,Southport FC (26)
?,(Mon) 26 Dec 2011 (W52),Gateshead FC (25),1-1,0-0,Darlington FC (26)
?,(Mon) 26 Dec 2011 (W52),Kidderminster Harriers FC (25),1-0,0-0,Forest Green Rovers FC (26)
?,(Mon) 26 Dec 2011 (W52),Lincoln City FC (26),1-2,1-0,Grimsby Town FC (25)
?,(Mon) 26 Dec 2011 (W52),Luton Town FC (25),5-0,2-0,Kettering Town FC (26)
?,(Mon) 26 Dec 2011 (W52),Mansfield Town FC (25),1-1,1-0,York City FC (26)
?,(Sun) 1 Jan 2012 (W52),Braintree Town FC (27),3-2,0-0,Cambridge United FC (26)
?,(Sun) 1 Jan 2012 (W52),Darlington FC (27),0-1,0-0,Gateshead FC (26)
?,(Sun) 1 Jan 2012 (W52),Forest Green Rovers FC (27),1-1,1-0,Kidderminster Harriers FC (26)
?,(Sun) 1 Jan 2012 (W52),Grimsby Town FC (26),3-1,2-0,Lincoln City FC (27)
?,(Sun) 1 Jan 2012 (W52),Kettering Town FC (27),0-5,0-2,Luton Town FC (26)
?,(Sun) 1 Jan 2012 (W52),Southport FC (27),0-6,0-3,Fleetwood Town FC (26)
?,(Sun) 1 Jan 2012 (W52),Stockport County FC (27),3-2,2-0,Barrow AFC (26)
?,(Sun) 1 Jan 2012 (W52),Tamworth FC (25),2-2,1-1,Alfreton Town FC (27)
?,(Sun) 1 Jan 2012 (W52),Wrexham AFC (26),4-0,2-0,AFC Telford United (27)
?,(Sun) 1 Jan 2012 (W52),York City FC (27),2-2,0-1,Mansfield Town FC (26)
?,(Tue) 3 Jan 2012 (W1),Bath City FC (26),3-2,2-1,Newport County AFC (26)
?,(Thu) 5 Jan 2012 (W1),Cambridge United FC (27),3-0,2-0,Southport FC (28)
?,(Sat) 7 Jan 2012 (W1),AFC Telford United (28),3-1,1-1,Kettering Town FC (28)
?,(Sat) 7 Jan 2012 (W1),Alfreton Town FC (28),2-5,1-3,Grimsby Town FC (27)
?,(Sat) 7 Jan 2012 (W1),Barrow AFC (27),3-0,2-0,Darlington FC (28)
?,(Sat) 7 Jan 2012 (W1),Bath City FC (27),1-1,1-0,Braintree Town FC (28)
?,(Sat) 7 Jan 2012 (W1),Gateshead FC (27),2-0,0-0,Stockport County FC (28)
?,(Sat) 7 Jan 2012 (W1),Kidderminster Harriers FC (27),3-1,0-1,Hayes & Yeading United FC (27)
?,(Sat) 7 Jan 2012 (W1),Lincoln City FC (28),0-2,0-0,York City FC (28)
?,(Sat) 7 Jan 2012 (W1),Luton Town FC (27),2-0,1-0,Newport County AFC (27)
?,(Sat) 7 Jan 2012 (W1),Mansfield Town FC (27),1-0,0-0,Forest Green Rovers FC (28)
?,(Tue) 10 Jan 2012 (W2),Cambridge United FC (28),0-1,0-1,Grimsby Town FC (28)
?,(Tue) 10 Jan 2012 (W2),Fleetwood Town FC (27),4-1,1-0,Barrow AFC (28)
?,(Tue) 10 Jan 2012 (W2),Gateshead FC (28),2-1,1-0,Kidderminster Harriers FC (28)
?,(Tue) 10 Jan 2012 (W2),Luton Town FC (28),1-0,0-0,Stockport County FC (29)
?,(Sat) 14 Jan 2012 (W2),Tamworth FC (26),1-2,0-2,Wrexham AFC (27)
?,(Tue) 17 Jan 2012 (W3),Hayes & Yeading United FC (28),1-2,0-1,Ebbsfleet United FC (28)
?,(Sat) 21 Jan 2012 (W3),AFC Telford United (29),1-2,0-1,Cambridge United FC (29)
?,(Sat) 21 Jan 2012 (W3),Alfreton Town FC (29),0-2,0-0,Kidderminster Harriers FC (29)
?,(Sat) 21 Jan 2012 (W3),Braintree Town FC (29),2-2,0-0,Stockport County FC (30)
?,(Sat) 21 Jan 2012 (W3),Darlington FC (29),0-1,0-1,Fleetwood Town FC (28)
?,(Sat) 21 Jan 2012 (W3),Gateshead FC (29),3-3,2-1,Lincoln City FC (29)
?,(Sat) 21 Jan 2012 (W3),Grimsby Town FC (29),6-0,2-0,Bath City FC (28)
?,(Sat) 21 Jan 2012 (W3),Mansfield Town FC (28),3-2,1-1,Hayes & Yeading United FC (29)
?,(Sat) 21 Jan 2012 (W3),Newport County AFC (28),0-0,0-0,Forest Green Rovers FC (29)
?,(Sat) 21 Jan 2012 (W3),Southport FC (29),3-3,2-2,Luton Town FC (29)
?,(Sat) 21 Jan 2012 (W3),Tamworth FC (27),2-3,1-1,Barrow AFC (29)
?,(Sat) 21 Jan 2012 (W3),Wrexham AFC (28),4-1,1-0,Kettering Town FC (29)
?,(Sat) 21 Jan 2012 (W3),York City FC (29),3-2,1-0,Ebbsfleet United FC (29)
?,(Tue) 24 Jan 2012 (W4),Barrow AFC (30),2-2,1-1,Grimsby Town FC (30)
?,(Tue) 24 Jan 2012 (W4),Bath City FC (29),0-3,0-1,Alfreton Town FC (30)
?,(Tue) 24 Jan 2012 (W4),Ebbsfleet United FC (30),3-0,0-0,Tamworth FC (28)
?,(Tue) 24 Jan 2012 (W4),Fleetwood Town FC (29),3-1,2-1,Braintree Town FC (30)
?,(Tue) 24 Jan 2012 (W4),Forest Green Rovers FC (30),1-0,0-0,Wrexham AFC (29)
?,(Tue) 24 Jan 2012 (W4),Hayes & Yeading United FC (30),3-2,2-0,Darlington FC (30)
?,(Tue) 24 Jan 2012 (W4),Kettering Town FC (30),2-1,0-0,Gateshead FC (30)
?,(Tue) 24 Jan 2012 (W4),Kidderminster Harriers FC (30),1-1,0-0,York City FC (30)
?,(Tue) 24 Jan 2012 (W4),Lincoln City FC (30),2-0,1-0,Southport FC (30)
?,(Tue) 24 Jan 2012 (W4),Stockport County FC (31),2-2,0-2,AFC Telford United (30)
?,(Wed) 25 Jan 2012 (W4),Luton Town FC (30),0-0,0-0,Mansfield Town FC (29)
?,(Sat) 28 Jan 2012 (W4),Braintree Town FC (31),1-0,0-0,Barrow AFC (31)
?,(Sat) 28 Jan 2012 (W4),Cambridge United FC (30),0-1,0-0,Tamworth FC (29)
?,(Sat) 28 Jan 2012 (W4),Darlington FC (31),2-2,1-0,York City FC (31)
?,(Sat) 28 Jan 2012 (W4),Ebbsfleet United FC (31),0-3,0-2,Mansfield Town FC (30)
?,(Sat) 28 Jan 2012 (W4),Forest Green Rovers FC (31),1-2,1-1,Fleetwood Town FC (30)
?,(Sat) 28 Jan 2012 (W4),Gateshead FC (31),2-3,1-0,Newport County AFC (29)
?,(Sat) 28 Jan 2012 (W4),Grimsby Town FC (31),2-0,0-0,AFC Telford United (31)
?,(Sat) 28 Jan 2012 (W4),Hayes & Yeading United FC (31),0-2,0-1,Southport FC (31)
?,(Sat) 28 Jan 2012 (W4),Kettering Town FC (31),1-0,1-0,Lincoln City FC (31)
?,(Sat) 28 Jan 2012 (W4),Luton Town FC (31),1-0,1-0,Alfreton Town FC (31)
?,(Sat) 28 Jan 2012 (W4),Stockport County FC (32),2-1,1-0,Kidderminster Harriers FC (31)
?,(Sat) 28 Jan 2012 (W4),Wrexham AFC (30),2-0,1-0,Bath City FC (30)
?,(Sat) 4 Feb 2012 (W5),Fleetwood Town FC (31),2-2,1-2,Tamworth FC (30)
?,(Sat) 11 Feb 2012 (W6),Stockport County FC (33),2-2,1-0,Newport County AFC (30)
?,(Tue) 14 Feb 2012 (W7),Lincoln City FC (32),3-3,1-1,Braintree Town FC (32)
?,(Tue) 14 Feb 2012 (W7),Newport County AFC (31),1-0,1-0,Bath City FC (31)
?,(Tue) 14 Feb 2012 (W7),Southport FC (32),2-0,1-0,Darlington FC (32)
?,(Fri) 17 Feb 2012 (W7),Southport FC (33),1-2,1-1,Grimsby Town FC (32)
?,(Sat) 18 Feb 2012 (W7),AFC Telford United (32),1-0,0-0,Braintree Town FC (33)
?,(Sat) 18 Feb 2012 (W7),Alfreton Town FC (32),3-1,1-1,Darlington FC (33)
?,(Sat) 18 Feb 2012 (W7),Barrow AFC (32),3-0,1-0,Kettering Town FC (32)
?,(Sat) 18 Feb 2012 (W7),Bath City FC (32),2-3,0-1,Ebbsfleet United FC (32)
?,(Sat) 18 Feb 2012 (W7),Fleetwood Town FC (32),1-0,1-0,Cambridge United FC (31)
?,(Sat) 18 Feb 2012 (W7),Forest Green Rovers FC (32),2-1,1-1,Gateshead FC (32)
?,(Sat) 18 Feb 2012 (W7),Kidderminster Harriers FC (32),1-1,0-1,Lincoln City FC (33)
?,(Sat) 18 Feb 2012 (W7),Luton Town FC (32),3-0,1-0,Tamworth FC (31)
?,(Sat) 18 Feb 2012 (W7),Newport County AFC (32),1-0,1-0,Mansfield Town FC (31)
?,(Sat) 18 Feb 2012 (W7),Wrexham AFC (31),4-1,2-0,Hayes & Yeading United FC (32)
?,(Sat) 18 Feb 2012 (W7),York City FC (32),2-1,0-0,Stockport County FC (34)
?,(Tue) 21 Feb 2012 (W8),Barrow AFC (33),1-0,0-0,Luton Town FC (33)
?,(Tue) 21 Feb 2012 (W8),Bath City FC (33),0-1,0-1,Hayes & Yeading United FC (33)
?,(Tue) 21 Feb 2012 (W8),Fleetwood Town FC (33),6-2,4-1,Ebbsfleet United FC (33)
?,(Tue) 21 Feb 2012 (W8),Kettering Town FC (33),1-3,0-2,Forest Green Rovers FC (33)
?,(Tue) 21 Feb 2012 (W8),Kidderminster Harriers FC (33),0-1,0-1,Wrexham AFC (32)
?,(Tue) 21 Feb 2012 (W8),Mansfield Town FC (32),5-2,2-1,Darlington FC (34)
?,(Tue) 21 Feb 2012 (W8),Tamworth FC (32),2-1,0-1,Newport County AFC (33)
?,(Wed) 22 Feb 2012 (W8),York City FC (33),1-2,0-1,Gateshead FC (33)
?,(Sat) 25 Feb 2012 (W8),Barrow AFC (34),1-1,0-1,Forest Green Rovers FC (34)
?,(Sat) 25 Feb 2012 (W8),Bath City FC (34),1-2,0-1,Kidderminster Harriers FC (34)
?,(Sat) 25 Feb 2012 (W8),Braintree Town FC (34),2-1,2-0,Kettering Town FC (34)
?,(Sat) 25 Feb 2012 (W8),Ebbsfleet United FC (34),1-2,1-1,Southport FC (34)
?,(Sat) 25 Feb 2012 (W8),Fleetwood Town FC (34),4-0,2-0,Alfreton Town FC (33)
?,(Sat) 25 Feb 2012 (W8),Lincoln City FC (34),1-1,1-1,AFC Telford United (33)
?,(Sat) 25 Feb 2012 (W8),Mansfield Town FC (33),2-1,0-0,Tamworth FC (33)
?,(Sat) 25 Feb 2012 (W8),Stockport County FC (35),1-0,1-0,Wrexham AFC (33)
?,(Sat) 3 Mar 2012 (W9),Alfreton Town FC (34),0-0,0-0,AFC Telford United (34)
?,(Sat) 3 Mar 2012 (W9),Darlington FC (35),0-1,0-0,Stockport County FC (36)
?,(Sat) 3 Mar 2012 (W9),Forest Green Rovers FC (35),2-1,0-0,Cambridge United FC (32)
?,(Sat) 3 Mar 2012 (W9),Gateshead FC (34),2-3,1-0,Ebbsfleet United FC (35)
?,(Sat) 3 Mar 2012 (W9),Grimsby Town FC (33),1-1,0-0,Braintree Town FC (35)
?,(Sat) 3 Mar 2012 (W9),Kettering Town FC (35),0-1,0-1,Wrexham AFC (34)
?,(Sat) 3 Mar 2012 (W9),Kidderminster Harriers FC (35),1-2,1-2,Barrow AFC (35)
?,(Sat) 3 Mar 2012 (W9),Luton Town FC (34),2-0,1-0,Bath City FC (35)
?,(Sat) 3 Mar 2012 (W9),Mansfield Town FC (34),2-1,0-0,Lincoln City FC (35)
?,(Sat) 3 Mar 2012 (W9),Southport FC (35),1-1,1-1,Newport County AFC (34)
?,(Sat) 3 Mar 2012 (W9),Tamworth FC (34),0-3,0-1,Fleetwood Town FC (35)
?,(Sat) 3 Mar 2012 (W9),York City FC (34),2-0,0-0,Hayes & Yeading United FC (34)
?,(Tue) 6 Mar 2012 (W10),Alfreton Town FC (35),6-1,3-0,Stockport County FC (37)
?,(Tue) 6 Mar 2012 (W10),Barrow AFC (36),0-1,0-1,Bath City FC (36)
?,(Tue) 6 Mar 2012 (W10),Cambridge United FC (33),1-2,1-1,Mansfield Town FC (35)
?,(Tue) 6 Mar 2012 (W10),Fleetwood Town FC (36),2-1,0-1,Grimsby Town FC (34)
?,(Tue) 6 Mar 2012 (W10),Gateshead FC (35),2-0,1-0,Hayes & Yeading United FC (35)
?,(Tue) 6 Mar 2012 (W10),Newport County AFC (35),3-4,2-3,Braintree Town FC (36)
?,(Tue) 6 Mar 2012 (W10),York City FC (35),0-0,0-0,Tamworth FC (35)
?,(Wed) 7 Mar 2012 (W10),Wrexham AFC (35),2-0,2-0,Luton Town FC (35)
?,(Fri) 9 Mar 2012 (W10),Kidderminster Harriers FC (36),0-2,0-0,Fleetwood Town FC (37)
?,(Sat) 10 Mar 2012 (W10),AFC Telford United (35),0-1,0-0,Southport FC (36)
?,(Sat) 10 Mar 2012 (W10),Braintree Town FC (37),3-1,2-0,Gateshead FC (36)
?,(Sat) 10 Mar 2012 (W10),Grimsby Town FC (35),2-1,1-1,Forest Green Rovers FC (36)
?,(Sat) 10 Mar 2012 (W10),Hayes & Yeading United FC (36),1-0,0-0,Kettering Town FC (36)
?,(Sat) 10 Mar 2012 (W10),Lincoln City FC (36),0-1,0-1,Alfreton Town FC (36)
?,(Sat) 10 Mar 2012 (W10),Stockport County FC (38),0-1,0-1,Cambridge United FC (34)
?,(Sat) 10 Mar 2012 (W10),Tamworth FC (36),0-1,0-1,Mansfield Town FC (36)
?,(Sat) 10 Mar 2012 (W10),Wrexham AFC (36),2-0,1-0,Barrow AFC (37)
?,(Tue) 13 Mar 2012 (W11),AFC Telford United (36),2-1,1-0,Kidderminster Harriers FC (37)
?,(Tue) 13 Mar 2012 (W11),Cambridge United FC (35),1-0,0-0,Barrow AFC (38)
?,(Tue) 13 Mar 2012 (W11),Darlington FC (36),1-1,0-0,Luton Town FC (36)
?,(Tue) 13 Mar 2012 (W11),Ebbsfleet United FC (36),0-5,0-2,Wrexham AFC (37)
?,(Tue) 13 Mar 2012 (W11),Grimsby Town FC (36),2-3,0-1,York City FC (36)
?,(Tue) 13 Mar 2012 (W11),Mansfield Town FC (37),1-1,0-0,Fleetwood Town FC (38)
?,(Tue) 13 Mar 2012 (W11),Southport FC (37),0-0,0-0,Kettering Town FC (37)
?,(Sat) 17 Mar 2012 (W11),AFC Telford United (37),1-4,0-2,Fleetwood Town FC (39)
?,(Sat) 17 Mar 2012 (W11),Bath City FC (37),2-1,2-0,Lincoln City FC (37)
?,(Sat) 17 Mar 2012 (W11),Braintree Town FC (38),1-4,1-1,Kidderminster Harriers FC (38)
?,(Sat) 17 Mar 2012 (W11),Cambridge United FC (36),0-1,0-0,Gateshead FC (37)
?,(Sat) 17 Mar 2012 (W11),Darlington FC (37),0-2,0-0,Ebbsfleet United FC (37)
?,(Sat) 17 Mar 2012 (W11),Forest Green Rovers FC (37),1-3,0-1,Hayes & Yeading United FC (37)
?,(Sat) 17 Mar 2012 (W11),Grimsby Town FC (37),0-0,0-0,Tamworth FC (37)
?,(Sat) 17 Mar 2012 (W11),Kettering Town FC (38),0-2,0-2,Alfreton Town FC (37)
?,(Sat) 17 Mar 2012 (W11),Mansfield Town FC (38),7-0,4-0,Barrow AFC (39)
?,(Sat) 17 Mar 2012 (W11),Southport FC (38),5-0,1-0,Stockport County FC (39)
?,(Tue) 20 Mar 2012 (W12),Alfreton Town FC (38),3-6,3-4,Mansfield Town FC (39)
?,(Tue) 20 Mar 2012 (W12),Cambridge United FC (37),1-1,1-0,Newport County AFC (36)
?,(Tue) 20 Mar 2012 (W12),Forest Green Rovers FC (38),3-0,1-0,Luton Town FC (37)
?,(Tue) 20 Mar 2012 (W12),Gateshead FC (38),1-0,0-0,Bath City FC (38)
?,(Tue) 20 Mar 2012 (W12),Hayes & Yeading United FC (38),1-2,0-1,Grimsby Town FC (38)
?,(Tue) 20 Mar 2012 (W12),Kettering Town FC (39),2-1,0-0,AFC Telford United (38)
?,(Tue) 20 Mar 2012 (W12),Tamworth FC (38),0-0,0-0,Kidderminster Harriers FC (39)
?,(Sat) 24 Mar 2012 (W12),Alfreton Town FC (39),2-1,1-1,Cambridge United FC (38)
?,(Sat) 24 Mar 2012 (W12),Barrow AFC (40),0-4,0-3,Braintree Town FC (39)
?,(Sat) 24 Mar 2012 (W12),Ebbsfleet United FC (38),1-0,1-0,Kettering Town FC (40)
?,(Sat) 24 Mar 2012 (W12),Fleetwood Town FC (40),2-0,0-0,Mansfield Town FC (40)
?,(Sat) 24 Mar 2012 (W12),Hayes & Yeading United FC (39),0-0,0-0,AFC Telford United (39)
?,(Sat) 24 Mar 2012 (W12),Kidderminster Harriers FC (40),3-1,1-1,Darlington FC (38)
?,(Sat) 24 Mar 2012 (W12),Lincoln City FC (38),2-0,2-0,Newport County AFC (37)
?,(Sat) 24 Mar 2012 (W12),Luton Town FC (38),1-1,0-0,Grimsby Town FC (39)
?,(Sat) 24 Mar 2012 (W12),Stockport County FC (40),4-0,1-0,Bath City FC (39)
?,(Sat) 24 Mar 2012 (W12),Tamworth FC (39),1-1,1-1,Gateshead FC (39)
?,(Sat) 24 Mar 2012 (W12),Wrexham AFC (38),1-2,1-0,Forest Green Rovers FC (39)
?,(Sat) 24 Mar 2012 (W12),York City FC (37),1-2,0-0,Southport FC (39)
?,(Tue) 27 Mar 2012 (W13),AFC Telford United (40),2-0,2-0,Forest Green Rovers FC (40)
?,(Tue) 27 Mar 2012 (W13),Bath City FC (40),0-1,0-0,York City FC (38)
?,(Tue) 27 Mar 2012 (W13),Braintree Town FC (40),0-0,0-0,Southport FC (40)
?,(Tue) 27 Mar 2012 (W13),Darlington FC (39),2-4,0-1,Wrexham AFC (39)
?,(Tue) 27 Mar 2012 (W13),Ebbsfleet United FC (39),1-2,1-1,Alfreton Town FC (40)
?,(Tue) 27 Mar 2012 (W13),Hayes & Yeading United FC (40),1-2,0-0,Lincoln City FC (39)
?,(Tue) 27 Mar 2012 (W13),Tamworth FC (40),1-1,0-0,Grimsby Town FC (40)
?,(Fri) 30 Mar 2012 (W13),Luton Town FC (39),1-2,1-0,York City FC (39)
?,(Sat) 31 Mar 2012 (W13),AFC Telford United (41),3-3,1-2,Darlington FC (40)
?,(Sat) 31 Mar 2012 (W13),Bath City FC (41),1-4,0-2,Fleetwood Town FC (41)
?,(Sat) 31 Mar 2012 (W13),Braintree Town FC (41),1-2,1-1,Alfreton Town FC (41)
?,(Sat) 31 Mar 2012 (W13),Cambridge United FC (39),1-1,0-0,Wrexham AFC (40)
?,(Sat) 31 Mar 2012 (W13),Forest Green Rovers FC (41),3-0,0-0,Barrow AFC (41)
?,(Sat) 31 Mar 2012 (W13),Grimsby Town FC (41),1-2,1-0,Kidderminster Harriers FC (41)
?,(Sat) 31 Mar 2012 (W13),Kettering Town FC (41),1-3,0-2,Stockport County FC (41)
?,(Sat) 31 Mar 2012 (W13),Lincoln City FC (40),4-0,2-0,Tamworth FC (41)
?,(Sat) 31 Mar 2012 (W13),Mansfield Town FC (41),1-0,0-0,Ebbsfleet United FC (40)
?,(Sat) 31 Mar 2012 (W13),Newport County AFC (38),1-0,1-0,Gateshead FC (40)
?,(Sat) 31 Mar 2012 (W13),Southport FC (41),1-2,0-1,Hayes & Yeading United FC (41)
?,(Tue) 3 Apr 2012 (W14),Lincoln City FC (41),0-1,0-0,Cambridge United FC (40)
?,(Tue) 3 Apr 2012 (W14),Newport County AFC (39),2-1,1-1,York City FC (40)
?,(Fri) 6 Apr 2012 (W14),Forest Green Rovers FC (42),3-1,0-1,Ebbsfleet United FC (41)
?,(Fri) 6 Apr 2012 (W14),Newport County AFC (40),0-0,0-0,AFC Telford United (42)
?,(Fri) 6 Apr 2012 (W14),Tamworth FC (42),0-1,0-0,Bath City FC (42)
?,(Fri) 6 Apr 2012 (W14),Wrexham AFC (41),0-1,0-1,Alfreton Town FC (42)
?,(Sat) 7 Apr 2012 (W14),Braintree Town FC (42),3-1,1-1,Luton Town FC (40)
?,(Sat) 7 Apr 2012 (W14),Darlington FC (41),0-0,0-0,Grimsby Town FC (42)
?,(Sat) 7 Apr 2012 (W14),Gateshead FC (41),2-0,1-0,Barrow AFC (42)
?,(Sat) 7 Apr 2012 (W14),Hayes & Yeading United FC (42),0-0,0-0,Cambridge United FC (41)
?,(Sat) 7 Apr 2012 (W14),Kettering Town FC (42),0-3,0-1,Mansfield Town FC (42)
?,(Sat) 7 Apr 2012 (W14),Southport FC (42),1-2,1-1,Kidderminster Harriers FC (42)
?,(Sat) 7 Apr 2012 (W14),Stockport County FC (42),4-0,2-0,Lincoln City FC (42)
?,(Sat) 7 Apr 2012 (W14),York City FC (41),0-1,0-0,Fleetwood Town FC (42)
?,(Mon) 9 Apr 2012 (W15),Alfreton Town FC (43),0-2,0-0,York City FC (42)
?,(Mon) 9 Apr 2012 (W15),Barrow AFC (43),2-2,1-1,Southport FC (43)
?,(Mon) 9 Apr 2012 (W15),Bath City FC (43),0-2,0-1,Forest Green Rovers FC (43)
?,(Mon) 9 Apr 2012 (W15),Cambridge United FC (42),2-0,1-0,Kettering Town FC (43)
?,(Mon) 9 Apr 2012 (W15),Ebbsfleet United FC (42),1-1,1-1,Braintree Town FC (43)
?,(Mon) 9 Apr 2012 (W15),Grimsby Town FC (43),2-0,1-0,Gateshead FC (42)
?,(Mon) 9 Apr 2012 (W15),Kidderminster Harriers FC (43),3-2,0-2,Newport County AFC (41)
?,(Mon) 9 Apr 2012 (W15),Lincoln City FC (43),5-0,4-0,Darlington FC (42)
?,(Mon) 9 Apr 2012 (W15),Luton Town FC (41),4-2,2-1,Hayes & Yeading United FC (43)
?,(Mon) 9 Apr 2012 (W15),Mansfield Town FC (43),2-1,0-0,Stockport County FC (43)
?,(Tue) 10 Apr 2012 (W15),Fleetwood Town FC (43),1-1,0-0,Wrexham AFC (42)
?,(Fri) 13 Apr 2012 (W15),Fleetwood Town FC (44),2-2,1-2,Lincoln City FC (44)
?,(Sat) 14 Apr 2012 (W15),Alfreton Town FC (44),0-0,0-0,Luton Town FC (42)
?,(Sat) 14 Apr 2012 (W15),Barrow AFC (44),1-3,1-2,Cambridge United FC (43)
?,(Sat) 14 Apr 2012 (W15),Darlington FC (43),2-2,1-0,Bath City FC (44)
?,(Sat) 14 Apr 2012 (W15),Ebbsfleet United FC (43),3-2,2-0,AFC Telford United (43)
?,(Sat) 14 Apr 2012 (W15),Gateshead FC (43),1-0,0-0,Forest Green Rovers FC (44)
?,(Sat) 14 Apr 2012 (W15),Hayes & Yeading United FC (44),1-3,1-1,Mansfield Town FC (44)
?,(Sat) 14 Apr 2012 (W15),Kidderminster Harriers FC (44),6-1,1-1,Kettering Town FC (44)
?,(Sat) 14 Apr 2012 (W15),Stockport County FC (44),1-1,1-0,Braintree Town FC (44)
?,(Sat) 14 Apr 2012 (W15),Tamworth FC (43),2-2,0-2,Southport FC (44)
?,(Sat) 14 Apr 2012 (W15),Wrexham AFC (43),2-2,1-0,Grimsby Town FC (44)
?,(Sat) 14 Apr 2012 (W15),York City FC (43),1-1,0-1,Newport County AFC (42)
?,(Tue) 17 Apr 2012 (W16),AFC Telford United (44),1-0,0-0,Tamworth FC (44)
?,(Tue) 17 Apr 2012 (W16),Cambridge United FC (44),0-1,0-0,York City FC (44)
?,(Tue) 17 Apr 2012 (W16),Luton Town FC (43),3-0,1-0,Ebbsfleet United FC (44)
?,(Tue) 17 Apr 2012 (W16),Newport County AFC (43),0-0,0-0,Darlington FC (44)
?,(Fri) 20 Apr 2012 (W16),Mansfield Town FC (45),2-0,1-0,Wrexham AFC (44)
?,(Sat) 21 Apr 2012 (W16),AFC Telford United (45),0-0,0-0,Grimsby Town FC (45)
?,(Sat) 21 Apr 2012 (W16),Bath City FC (45),4-2,3-0,Gateshead FC (44)
?,(Sat) 21 Apr 2012 (W16),Braintree Town FC (45),0-1,0-0,York City FC (45)
?,(Sat) 21 Apr 2012 (W16),Cambridge United FC (45),2-0,2-0,Fleetwood Town FC (45)
?,(Sat) 21 Apr 2012 (W16),Forest Green Rovers FC (45),2-0,1-0,Darlington FC (45)
?,(Sat) 21 Apr 2012 (W16),Kettering Town FC (45),1-1,1-0,Barrow AFC (45)
?,(Sat) 21 Apr 2012 (W16),Lincoln City FC (45),0-1,0-0,Hayes & Yeading United FC (45)
?,(Sat) 21 Apr 2012 (W16),Luton Town FC (44),1-0,0-0,Kidderminster Harriers FC (45)
?,(Sat) 21 Apr 2012 (W16),Newport County AFC (44),1-0,1-0,Alfreton Town FC (45)
?,(Sat) 21 Apr 2012 (W16),Southport FC (45),3-3,2-1,Ebbsfleet United FC (45)
?,(Sat) 21 Apr 2012 (W16),Stockport County FC (45),2-0,0-0,Tamworth FC (45)
?,(Tue) 24 Apr 2012 (W17),Gateshead FC (45),0-0,0-0,Luton Town FC (45)
?,(Tue) 24 Apr 2012 (W17),Newport County AFC (45),0-1,0-1,Wrexham AFC (45)
?,(Sat) 28 Apr 2012 (W17),Alfreton Town FC (46),2-1,2-1,Bath City FC (46)
?,(Sat) 28 Apr 2012 (W17),Barrow AFC (46),3-1,1-1,Newport County AFC (46)
?,(Sat) 28 Apr 2012 (W17),Darlington FC (46),3-1,1-0,Kettering Town FC (46)
?,(Sat) 28 Apr 2012 (W17),Ebbsfleet United FC (46),2-3,1-3,Lincoln City FC (46)
?,(Sat) 28 Apr 2012 (W17),Fleetwood Town FC (46),0-2,0-1,Luton Town FC (46)
?,(Sat) 28 Apr 2012 (W17),Gateshead FC (46),3-0,0-0,AFC Telford United (46)
?,(Sat) 28 Apr 2012 (W17),Grimsby Town FC (46),0-1,0-0,Southport FC (46)
?,(Sat) 28 Apr 2012 (W17),Hayes & Yeading United FC (46),1-2,1-1,Stockport County FC (46)
?,(Sat) 28 Apr 2012 (W17),Kidderminster Harriers FC (46),0-3,0-0,Mansfield Town FC (46)
?,(Sat) 28 Apr 2012 (W17),Tamworth FC (46),2-2,1-1,Cambridge United FC (46)
?,(Sat) 28 Apr 2012 (W17),Wrexham AFC (46),5-1,2-0,Braintree Town FC (46)
?,(Sat) 28 Apr 2012 (W17),York City FC (46),1-0,0-0,Forest Green Rovers FC (46)
