Round,Date,Team 1,FT,HT,Team 2
?,(Sat) 18 Aug 1979 (33),Everton FC (1),2-4,?,Norwich City FC (1)
?,(Sat) 18 Aug 1979 (33),Brighton & Hove Albion FC (1),0-4,?,Arsenal FC (1)
?,(Sat) 18 Aug 1979 (33),Stoke City FC (1),3-2,?,Coventry City FC (1)
?,(Sat) 18 Aug 1979 (33),West Bromwich Albion FC (1),0-0,?,Derby County FC (1)
?,(Sat) 18 Aug 1979 (33),Ipswich Town FC (1),0-1,?,Nottingham Forest FC (1)
?,(Sat) 18 Aug 1979 (33),Bristol City FC (1),2-2,?,Leeds United FC (1)
?,(Sat) 18 Aug 1979 (33),Southampton FC (1),1-1,?,Manchester United FC (1)
?,(Sat) 18 Aug 1979 (33),Manchester City FC (1),0-0,?,Crystal Palace FC (1)
?,(Sat) 18 Aug 1979 (33),Tottenham Hotspur FC (1),1-3,?,Middlesbrough FC (1)
?,(Sat) 18 Aug 1979 (33),Bolton Wanderers FC (1),1-1,?,Aston Villa FC (1)
?,(Tue) 21 Aug 1979 (34),Liverpool FC (1),0-0,?,Bolton Wanderers FC (2)
?,(Tue) 21 Aug 1979 (34),Arsenal FC (2),0-2,?,Ipswich Town FC (2)
?,(Tue) 21 Aug 1979 (34),Middlesbrough FC (2),3-0,?,Manchester City FC (2)
?,(Tue) 21 Aug 1979 (34),Coventry City FC (2),3-1,?,Bristol City FC (2)
?,(Tue) 21 Aug 1979 (34),Crystal Palace FC (2),0-0,?,Southampton FC (2)
?,(Wed) 22 Aug 1979 (34),Leeds United FC (2),2-0,?,Everton FC (2)
?,(Wed) 22 Aug 1979 (34),Derby County FC (2),0-1,?,Wolverhampton Wanderers FC (1)
?,(Wed) 22 Aug 1979 (34),Manchester United FC (2),2-0,?,West Bromwich Albion FC (2)
?,(Wed) 22 Aug 1979 (34),Aston Villa FC (2),2-1,?,Brighton & Hove Albion FC (2)
?,(Wed) 22 Aug 1979 (34),Norwich City FC (2),4-0,?,Tottenham Hotspur FC (2)
?,(Wed) 22 Aug 1979 (34),Nottingham Forest FC (2),1-0,?,Stoke City FC (2)
?,(Sat) 25 Aug 1979 (34),Liverpool FC (2),3-1,?,West Bromwich Albion FC (3)
?,(Sat) 25 Aug 1979 (34),Nottingham Forest FC (3),4-1,?,Coventry City FC (3)
?,(Sat) 25 Aug 1979 (34),Stoke City FC (3),3-1,?,Tottenham Hotspur FC (3)
?,(Sat) 25 Aug 1979 (34),Aston Villa FC (3),0-2,?,Bristol City FC (3)
?,(Sat) 25 Aug 1979 (34),Middlesbrough FC (3),1-1,?,Crystal Palace FC (3)
?,(Sat) 25 Aug 1979 (34),Derby County FC (3),0-1,?,Everton FC (3)
?,(Sat) 25 Aug 1979 (34),Arsenal FC (3),0-0,?,Manchester United FC (3)
?,(Sat) 25 Aug 1979 (34),Wolverhampton Wanderers FC (2),3-0,?,Ipswich Town FC (3)
?,(Sat) 25 Aug 1979 (34),Manchester City FC (3),3-2,?,Brighton & Hove Albion FC (3)
?,(Sat) 25 Aug 1979 (34),Norwich City FC (3),2-1,?,Leeds United FC (3)
?,(Sat) 25 Aug 1979 (34),Bolton Wanderers FC (3),2-1,?,Southampton FC (3)
?,(Sat) 1 Sep 1979 (35),Bristol City FC (4),2-0,?,Wolverhampton Wanderers FC (3)
?,(Sat) 1 Sep 1979 (35),Ipswich Town FC (4),3-1,?,Stoke City FC (4)
?,(Sat) 1 Sep 1979 (35),Coventry City FC (4),2-0,?,Norwich City FC (4)
?,(Sat) 1 Sep 1979 (35),Brighton & Hove Albion FC (4),3-1,?,Bolton Wanderers FC (4)
?,(Sat) 1 Sep 1979 (35),West Bromwich Albion FC (4),1-5,?,Nottingham Forest FC (4)
?,(Sat) 1 Sep 1979 (35),Crystal Palace FC (4),4-0,?,Derby County FC (4)
?,(Sat) 1 Sep 1979 (35),Manchester United FC (4),2-1,?,Middlesbrough FC (4)
?,(Sat) 1 Sep 1979 (35),Southampton FC (4),3-2,?,Liverpool FC (3)
?,(Sat) 1 Sep 1979 (35),Tottenham Hotspur FC (4),2-1,?,Manchester City FC (4)
?,(Sat) 1 Sep 1979 (35),Everton FC (4),1-1,?,Aston Villa FC (4)
?,(Sat) 1 Sep 1979 (35),Leeds United FC (4),1-1,?,Arsenal FC (4)
?,(Sat) 8 Sep 1979 (36),Ipswich Town FC (5),1-0,?,Bristol City FC (5)
?,(Sat) 8 Sep 1979 (36),Wolverhampton Wanderers FC (4),1-1,?,Crystal Palace FC (5)
?,(Sat) 8 Sep 1979 (36),Manchester City FC (5),0-1,?,Southampton FC (5)
?,(Sat) 8 Sep 1979 (36),Derby County FC (5),3-2,?,Arsenal FC (5)
?,(Sat) 8 Sep 1979 (36),Middlesbrough FC (5),1-0,?,Norwich City FC (5)
?,(Sat) 8 Sep 1979 (36),Aston Villa FC (5),0-3,?,Manchester United FC (5)
?,(Sat) 8 Sep 1979 (36),Tottenham Hotspur FC (5),2-1,?,Brighton & Hove Albion FC (5)
?,(Sat) 8 Sep 1979 (36),Bolton Wanderers FC (5),0-0,?,West Bromwich Albion FC (5)
?,(Sat) 8 Sep 1979 (36),Stoke City FC (5),2-3,?,Everton FC (5)
?,(Sat) 8 Sep 1979 (36),Liverpool FC (4),4-0,?,Coventry City FC (5)
?,(Sat) 8 Sep 1979 (36),Nottingham Forest FC (5),0-0,?,Leeds United FC (5)
?,(Sat) 15 Sep 1979 (37),Manchester United FC (6),1-0,?,Derby County FC (6)
?,(Sat) 15 Sep 1979 (37),Leeds United FC (6),1-1,?,Liverpool FC (5)
?,(Sat) 15 Sep 1979 (37),Arsenal FC (6),2-0,?,Middlesbrough FC (6)
?,(Sat) 15 Sep 1979 (37),Brighton & Hove Albion FC (6),2-0,?,Ipswich Town FC (6)
?,(Sat) 15 Sep 1979 (37),Crystal Palace FC (6),2-0,?,Aston Villa FC (6)
?,(Sat) 15 Sep 1979 (37),West Bromwich Albion FC (6),4-0,?,Manchester City FC (6)
?,(Sat) 15 Sep 1979 (37),Southampton FC (6),5-2,?,Tottenham Hotspur FC (6)
?,(Sat) 15 Sep 1979 (37),Bristol City FC (6),0-0,?,Stoke City FC (6)
?,(Sat) 15 Sep 1979 (37),Everton FC (6),2-3,?,Wolverhampton Wanderers FC (5)
?,(Sat) 15 Sep 1979 (37),Coventry City FC (6),3-1,?,Bolton Wanderers FC (6)
?,(Sat) 15 Sep 1979 (37),Norwich City FC (6),3-1,?,Nottingham Forest FC (6)
?,(Sat) 22 Sep 1979 (38),Stoke City FC (7),1-2,?,Crystal Palace FC (7)
?,(Sat) 22 Sep 1979 (38),Manchester City FC (7),3-0,?,Coventry City FC (7)
?,(Sat) 22 Sep 1979 (38),Ipswich Town FC (7),1-1,?,Everton FC (7)
?,(Sat) 22 Sep 1979 (38),Bolton Wanderers FC (7),1-1,?,Leeds United FC (7)
?,(Sat) 22 Sep 1979 (38),Tottenham Hotspur FC (7),1-1,?,West Bromwich Albion FC (7)
?,(Sat) 22 Sep 1979 (38),Derby County FC (7),1-0,?,Middlesbrough FC (7)
?,(Sat) 22 Sep 1979 (38),Wolverhampton Wanderers FC (6),3-1,?,Manchester United FC (7)
?,(Sat) 22 Sep 1979 (38),Bristol City FC (7),1-1,?,Nottingham Forest FC (7)
?,(Sat) 22 Sep 1979 (38),Brighton & Hove Albion FC (7),0-0,?,Southampton FC (7)
?,(Sat) 22 Sep 1979 (38),Aston Villa FC (7),0-0,?,Arsenal FC (7)
?,(Sat) 22 Sep 1979 (38),Liverpool FC (6),0-0,?,Norwich City FC (7)
?,(Sat) 29 Sep 1979 (39),Manchester United FC (8),4-0,?,Stoke City FC (8)
?,(Sat) 29 Sep 1979 (39),Middlesbrough FC (8),0-0,?,Aston Villa FC (8)
?,(Sat) 29 Sep 1979 (39),Crystal Palace FC (8),4-1,?,Ipswich Town FC (8)
?,(Sat) 29 Sep 1979 (39),West Bromwich Albion FC (8),2-2,?,Brighton & Hove Albion FC (8)
?,(Sat) 29 Sep 1979 (39),Southampton FC (8),4-0,?,Derby County FC (8)
?,(Sat) 29 Sep 1979 (39),Leeds United FC (8),1-2,?,Manchester City FC (8)
?,(Sat) 29 Sep 1979 (39),Coventry City FC (8),1-1,?,Tottenham Hotspur FC (8)
?,(Sat) 29 Sep 1979 (39),Arsenal FC (8),2-3,?,Wolverhampton Wanderers FC (7)
?,(Sat) 29 Sep 1979 (39),Norwich City FC (8),2-1,?,Bolton Wanderers FC (8)
?,(Sat) 29 Sep 1979 (39),Everton FC (8),0-0,?,Bristol City FC (8)
?,(Sat) 29 Sep 1979 (39),Nottingham Forest FC (8),1-0,?,Liverpool FC (7)
?,(Sat) 6 Oct 1979 (40),Norwich City FC (9),2-2,?,Stoke City FC (9)
?,(Sat) 6 Oct 1979 (40),Liverpool FC (8),4-0,?,Bristol City FC (9)
?,(Sat) 6 Oct 1979 (40),Coventry City FC (9),2-1,?,Everton FC (9)
?,(Sat) 6 Oct 1979 (40),Nottingham Forest FC (9),3-2,?,Wolverhampton Wanderers FC (8)
?,(Sat) 6 Oct 1979 (40),Arsenal FC (9),0-0,?,Manchester City FC (9)
?,(Sat) 6 Oct 1979 (40),Derby County FC (9),4-0,?,Bolton Wanderers FC (9)
?,(Sat) 6 Oct 1979 (40),Manchester United FC (9),2-0,?,Brighton & Hove Albion FC (9)
?,(Sat) 6 Oct 1979 (40),Middlesbrough FC (9),2-1,?,West Bromwich Albion FC (9)
?,(Sat) 6 Oct 1979 (40),Crystal Palace FC (9),1-1,?,Tottenham Hotspur FC (9)
?,(Sat) 6 Oct 1979 (40),Aston Villa FC (9),3-0,?,Southampton FC (9)
?,(Sat) 6 Oct 1979 (40),Leeds United FC (9),2-1,?,Ipswich Town FC (9)
?,(Tue) 9 Oct 1979 (41),Ipswich Town FC (10),1-2,?,Arsenal FC (10)
?,(Tue) 9 Oct 1979 (41),Bolton Wanderers FC (10),1-1,?,Liverpool FC (9)
?,(Tue) 9 Oct 1979 (41),Wolverhampton Wanderers FC (9),0-0,?,Derby County FC (10)
?,(Tue) 9 Oct 1979 (41),Southampton FC (10),4-1,?,Crystal Palace FC (10)
?,(Tue) 9 Oct 1979 (41),Bristol City FC (10),1-0,?,Coventry City FC (10)
?,(Wed) 10 Oct 1979 (41),Tottenham Hotspur FC (10),3-2,?,Norwich City FC (10)
?,(Wed) 10 Oct 1979 (41),Stoke City FC (10),1-1,?,Nottingham Forest FC (10)
?,(Wed) 10 Oct 1979 (41),West Bromwich Albion FC (10),2-0,?,Manchester United FC (10)
?,(Wed) 10 Oct 1979 (41),Manchester City FC (10),1-0,?,Middlesbrough FC (10)
?,(Sat) 13 Oct 1979 (41),Ipswich Town FC (11),1-2,?,Liverpool FC (10)
?,(Sat) 13 Oct 1979 (41),Southampton FC (11),2-3,?,Coventry City FC (11)
?,(Sat) 13 Oct 1979 (41),Wolverhampton Wanderers FC (10),1-0,?,Norwich City FC (11)
?,(Sat) 13 Oct 1979 (41),Bolton Wanderers FC (11),0-0,?,Arsenal FC (11)
?,(Sat) 13 Oct 1979 (41),Aston Villa FC (10),0-0,?,West Bromwich Albion FC (11)
?,(Sat) 13 Oct 1979 (41),Bristol City FC (11),1-1,?,Manchester United FC (11)
?,(Sat) 13 Oct 1979 (41),Stoke City FC (11),0-0,?,Middlesbrough FC (11)
?,(Sat) 13 Oct 1979 (41),Brighton & Hove Albion FC (10),0-0,?,Leeds United FC (10)
?,(Sat) 13 Oct 1979 (41),Everton FC (10),3-1,?,Crystal Palace FC (11)
?,(Sat) 13 Oct 1979 (41),Tottenham Hotspur FC (11),1-0,?,Derby County FC (11)
?,(Sat) 13 Oct 1979 (41),Manchester City FC (11),1-0,?,Nottingham Forest FC (11)
?,(Sat) 20 Oct 1979 (42),Middlesbrough FC (12),1-0,?,Wolverhampton Wanderers FC (11)
?,(Sat) 20 Oct 1979 (42),Derby County FC (12),1-3,?,Aston Villa FC (11)
?,(Sat) 20 Oct 1979 (42),Manchester United FC (12),1-0,?,Ipswich Town FC (12)
?,(Sat) 20 Oct 1979 (42),Leeds United FC (11),1-2,?,Tottenham Hotspur FC (12)
?,(Sat) 20 Oct 1979 (42),Liverpool FC (11),2-2,?,Everton FC (11)
?,(Sat) 20 Oct 1979 (42),Coventry City FC (12),2-1,?,Brighton & Hove Albion FC (11)
?,(Sat) 20 Oct 1979 (42),Norwich City FC (12),2-2,?,Manchester City FC (12)
?,(Sat) 20 Oct 1979 (42),Arsenal FC (12),0-0,?,Stoke City FC (12)
?,(Sat) 20 Oct 1979 (42),West Bromwich Albion FC (12),4-0,?,Southampton FC (12)
?,(Sat) 20 Oct 1979 (42),Crystal Palace FC (12),1-1,?,Bristol City FC (12)
?,(Sat) 20 Oct 1979 (42),Nottingham Forest FC (12),5-2,?,Bolton Wanderers FC (12)
?,(Sat) 27 Oct 1979 (43),Southampton FC (13),1-2,?,Leeds United FC (12)
?,(Sat) 27 Oct 1979 (43),Manchester City FC (13),0-4,?,Liverpool FC (12)
?,(Sat) 27 Oct 1979 (43),Bristol City FC (13),0-1,?,Arsenal FC (13)
?,(Sat) 27 Oct 1979 (43),West Bromwich Albion FC (13),4-1,?,Coventry City FC (13)
?,(Sat) 27 Oct 1979 (43),Stoke City FC (13),3-2,?,Derby County FC (13)
?,(Sat) 27 Oct 1979 (43),Tottenham Hotspur FC (13),1-0,?,Nottingham Forest FC (13)
?,(Sat) 27 Oct 1979 (43),Brighton & Hove Albion FC (12),2-4,?,Norwich City FC (13)
?,(Sat) 27 Oct 1979 (43),Bolton Wanderers FC (13),1-1,?,Crystal Palace FC (13)
?,(Sat) 27 Oct 1979 (43),Ipswich Town FC (13),1-0,?,Middlesbrough FC (13)
?,(Sat) 27 Oct 1979 (43),Wolverhampton Wanderers FC (12),1-1,?,Aston Villa FC (12)
?,(Sat) 27 Oct 1979 (43),Everton FC (12),0-0,?,Manchester United FC (13)
?,(Sat) 3 Nov 1979 (44),Manchester United FC (14),1-0,?,Southampton FC (14)
?,(Sat) 3 Nov 1979 (44),Coventry City FC (14),1-3,?,Stoke City FC (14)
?,(Sat) 3 Nov 1979 (44),Arsenal FC (14),3-0,?,Brighton & Hove Albion FC (13)
?,(Sat) 3 Nov 1979 (44),Crystal Palace FC (14),2-0,?,Manchester City FC (14)
?,(Sat) 3 Nov 1979 (44),Liverpool FC (13),3-0,?,Wolverhampton Wanderers FC (13)
?,(Sat) 3 Nov 1979 (44),Norwich City FC (14),0-0,?,Everton FC (13)
?,(Sat) 3 Nov 1979 (44),Middlesbrough FC (14),0-0,?,Tottenham Hotspur FC (14)
?,(Sat) 3 Nov 1979 (44),Aston Villa FC (13),3-1,?,Bolton Wanderers FC (14)
?,(Sat) 3 Nov 1979 (44),Leeds United FC (13),1-3,?,Bristol City FC (14)
?,(Sat) 3 Nov 1979 (44),Nottingham Forest FC (14),2-0,?,Ipswich Town FC (14)
?,(Sat) 3 Nov 1979 (44),Derby County FC (14),2-1,?,West Bromwich Albion FC (14)
?,(Sat) 10 Nov 1979 (45),Stoke City FC (15),0-1,?,Wolverhampton Wanderers FC (14)
?,(Sat) 10 Nov 1979 (45),Ipswich Town FC (15),0-0,?,Aston Villa FC (14)
?,(Sat) 10 Nov 1979 (45),Bristol City FC (15),0-2,?,Derby County FC (15)
?,(Sat) 10 Nov 1979 (45),Everton FC (14),0-2,?,Middlesbrough FC (15)
?,(Sat) 10 Nov 1979 (45),Tottenham Hotspur FC (15),2-0,?,Bolton Wanderers FC (15)
?,(Sat) 10 Nov 1979 (45),Brighton & Hove Albion FC (14),1-4,?,Liverpool FC (14)
?,(Sat) 10 Nov 1979 (45),Southampton FC (15),4-1,?,Nottingham Forest FC (15)
?,(Sat) 10 Nov 1979 (45),West Bromwich Albion FC (15),2-1,?,Norwich City FC (15)
?,(Sat) 10 Nov 1979 (45),Manchester City FC (15),2-0,?,Manchester United FC (15)
?,(Sat) 10 Nov 1979 (45),Coventry City FC (15),3-0,?,Leeds United FC (14)
?,(Sat) 10 Nov 1979 (45),Crystal Palace FC (15),1-0,?,Arsenal FC (15)
?,(Tue) 13 Nov 1979 (46),Everton FC (15),5-1,?,Leeds United FC (15)
?,(Sat) 17 Nov 1979 (46),Wolverhampton Wanderers FC (15),0-3,?,Coventry City FC (16)
?,(Sat) 17 Nov 1979 (46),Arsenal FC (16),2-0,?,Everton FC (16)
?,(Sat) 17 Nov 1979 (46),Nottingham Forest FC (16),0-1,?,Brighton & Hove Albion FC (15)
?,(Sat) 17 Nov 1979 (46),Leeds United FC (16),1-0,?,West Bromwich Albion FC (16)
?,(Sat) 17 Nov 1979 (46),Aston Villa FC (15),2-1,?,Stoke City FC (16)
?,(Sat) 17 Nov 1979 (46),Manchester United FC (16),1-1,?,Crystal Palace FC (16)
?,(Sat) 17 Nov 1979 (46),Liverpool FC (15),2-1,?,Tottenham Hotspur FC (16)
?,(Sat) 17 Nov 1979 (46),Middlesbrough FC (16),1-0,?,Bristol City FC (16)
?,(Sat) 17 Nov 1979 (46),Derby County FC (16),0-1,?,Ipswich Town FC (16)
?,(Sat) 17 Nov 1979 (46),Bolton Wanderers FC (16),0-1,?,Manchester City FC (16)
?,(Sat) 17 Nov 1979 (46),Norwich City FC (16),2-1,?,Southampton FC (16)
?,(Sat) 24 Nov 1979 (47),Wolverhampton Wanderers FC (16),0-0,?,West Bromwich Albion FC (17)
?,(Sat) 24 Nov 1979 (47),Ipswich Town FC (17),3-1,?,Southampton FC (17)
?,(Sat) 24 Nov 1979 (47),Arsenal FC (17),0-0,?,Liverpool FC (16)
?,(Sat) 24 Nov 1979 (47),Aston Villa FC (16),0-0,?,Leeds United FC (17)
?,(Sat) 24 Nov 1979 (47),Stoke City FC (17),1-0,?,Bolton Wanderers FC (17)
?,(Sat) 24 Nov 1979 (47),Everton FC (17),1-1,?,Tottenham Hotspur FC (17)
?,(Sat) 24 Nov 1979 (47),Manchester United FC (17),5-0,?,Norwich City FC (17)
?,(Sat) 24 Nov 1979 (47),Middlesbrough FC (17),1-1,?,Brighton & Hove Albion FC (16)
?,(Sat) 24 Nov 1979 (47),Crystal Palace FC (17),0-0,?,Coventry City FC (17)
?,(Sat) 24 Nov 1979 (47),Derby County FC (17),4-1,?,Nottingham Forest FC (17)
?,(Sat) 24 Nov 1979 (47),Bristol City FC (17),1-0,?,Manchester City FC (17)
?,(Sat) 1 Dec 1979 (48),Coventry City FC (18),4-1,?,Ipswich Town FC (18)
?,(Sat) 1 Dec 1979 (48),Norwich City FC (18),1-1,?,Aston Villa FC (17)
?,(Sat) 1 Dec 1979 (48),Manchester City FC (18),2-3,?,Wolverhampton Wanderers FC (17)
?,(Sat) 1 Dec 1979 (48),West Bromwich Albion FC (18),1-1,?,Everton FC (18)
?,(Sat) 1 Dec 1979 (48),Nottingham Forest FC (18),1-1,?,Arsenal FC (18)
?,(Sat) 1 Dec 1979 (48),Leeds United FC (18),1-0,?,Crystal Palace FC (18)
?,(Sat) 1 Dec 1979 (48),Southampton FC (18),3-1,?,Stoke City FC (18)
?,(Sat) 1 Dec 1979 (48),Brighton & Hove Albion FC (17),2-0,?,Derby County FC (18)
?,(Sat) 1 Dec 1979 (48),Liverpool FC (17),4-0,?,Middlesbrough FC (18)
?,(Sat) 1 Dec 1979 (48),Tottenham Hotspur FC (18),1-2,?,Manchester United FC (18)
?,(Sat) 1 Dec 1979 (48),Bolton Wanderers FC (18),1-1,?,Bristol City FC (18)
?,(Sat) 8 Dec 1979 (49),Stoke City FC (19),3-2,?,West Bromwich Albion FC (19)
?,(Sat) 8 Dec 1979 (49),Aston Villa FC (18),1-3,?,Liverpool FC (18)
?,(Sat) 8 Dec 1979 (49),Crystal Palace FC (19),1-0,?,Nottingham Forest FC (19)
?,(Sat) 8 Dec 1979 (49),Manchester United FC (19),1-1,?,Leeds United FC (19)
?,(Sat) 8 Dec 1979 (49),Ipswich Town FC (19),4-0,?,Manchester City FC (19)
?,(Sat) 8 Dec 1979 (49),Bristol City FC (19),1-3,?,Tottenham Hotspur FC (19)
?,(Sat) 8 Dec 1979 (49),Wolverhampton Wanderers FC (18),3-1,?,Bolton Wanderers FC (19)
?,(Sat) 8 Dec 1979 (49),Middlesbrough FC (19),0-1,?,Southampton FC (19)
?,(Sat) 8 Dec 1979 (49),Arsenal FC (19),3-1,?,Coventry City FC (19)
?,(Sat) 8 Dec 1979 (49),Derby County FC (19),0-0,?,Norwich City FC (19)
?,(Sat) 8 Dec 1979 (49),Everton FC (19),2-0,?,Brighton & Hove Albion FC (18)
?,(Sat) 15 Dec 1979 (50),Tottenham Hotspur FC (20),1-2,?,Aston Villa FC (19)
?,(Sat) 15 Dec 1979 (50),Coventry City FC (20),1-2,?,Manchester United FC (20)
?,(Sat) 15 Dec 1979 (50),Norwich City FC (20),2-0,?,Bristol City FC (20)
?,(Sat) 15 Dec 1979 (50),Leeds United FC (20),3-0,?,Wolverhampton Wanderers FC (19)
?,(Sat) 15 Dec 1979 (50),Manchester City FC (20),3-0,?,Derby County FC (20)
?,(Sat) 15 Dec 1979 (50),Liverpool FC (19),3-0,?,Crystal Palace FC (20)
?,(Sat) 15 Dec 1979 (50),Southampton FC (20),1-0,?,Everton FC (20)
?,(Sat) 15 Dec 1979 (50),West Bromwich Albion FC (20),2-2,?,Arsenal FC (20)
?,(Sat) 15 Dec 1979 (50),Bolton Wanderers FC (20),0-1,?,Ipswich Town FC (20)
?,(Sat) 15 Dec 1979 (50),Brighton & Hove Albion FC (19),0-0,?,Stoke City FC (20)
?,(Wed) 19 Dec 1979 (51),Aston Villa FC (20),3-0,?,Coventry City FC (21)
?,(Fri) 21 Dec 1979 (51),Arsenal FC (21),1-1,?,Norwich City FC (21)
?,(Fri) 21 Dec 1979 (51),Stoke City FC (21),0-2,?,Leeds United FC (21)
?,(Fri) 21 Dec 1979 (51),Wolverhampton Wanderers FC (20),1-3,?,Brighton & Hove Albion FC (20)
?,(Fri) 21 Dec 1979 (51),Bristol City FC (21),0-1,?,Southampton FC (21)
?,(Fri) 21 Dec 1979 (51),Ipswich Town FC (21),3-1,?,Tottenham Hotspur FC (21)
?,(Fri) 21 Dec 1979 (51),Middlesbrough FC (20),3-1,?,Bolton Wanderers FC (21)
?,(Sat) 22 Dec 1979 (51),Derby County FC (21),1-3,?,Liverpool FC (20)
?,(Sat) 22 Dec 1979 (51),Everton FC (21),1-2,?,Manchester City FC (21)
?,(Sat) 22 Dec 1979 (51),Manchester United FC (21),3-0,?,Nottingham Forest FC (20)
?,(Wed) 26 Dec 1979 (52),West Bromwich Albion FC (21),3-0,?,Bristol City FC (22)
?,(Wed) 26 Dec 1979 (52),Wolverhampton Wanderers FC (21),0-0,?,Southampton FC (22)
?,(Wed) 26 Dec 1979 (52),Nottingham Forest FC (21),2-1,?,Aston Villa FC (21)
?,(Wed) 26 Dec 1979 (52),Middlesbrough FC (21),3-1,?,Leeds United FC (22)
?,(Wed) 26 Dec 1979 (52),Liverpool FC (21),2-0,?,Manchester United FC (22)
?,(Wed) 26 Dec 1979 (52),Norwich City FC (22),3-3,?,Ipswich Town FC (22)
?,(Wed) 26 Dec 1979 (52),Derby County FC (22),1-2,?,Coventry City FC (22)
?,(Wed) 26 Dec 1979 (52),Bolton Wanderers FC (22),1-1,?,Everton FC (22)
?,(Wed) 26 Dec 1979 (52),Arsenal FC (22),1-0,?,Tottenham Hotspur FC (22)
?,(Wed) 26 Dec 1979 (52),Brighton & Hove Albion FC (21),3-0,?,Crystal Palace FC (21)
?,(Wed) 26 Dec 1979 (52),Manchester City FC (22),1-1,?,Stoke City FC (22)
?,(Sat) 29 Dec 1979 (52),Brighton & Hove Albion FC (22),4-1,?,Manchester City FC (23)
?,(Sat) 29 Dec 1979 (52),Manchester United FC (23),3-0,?,Arsenal FC (23)
?,(Sat) 29 Dec 1979 (52),Coventry City FC (23),0-3,?,Nottingham Forest FC (22)
?,(Sat) 29 Dec 1979 (52),Tottenham Hotspur FC (23),1-0,?,Stoke City FC (23)
?,(Sat) 29 Dec 1979 (52),Leeds United FC (23),2-2,?,Norwich City FC (23)
?,(Sat) 29 Dec 1979 (52),Crystal Palace FC (22),1-2,?,Middlesbrough FC (22)
?,(Sat) 29 Dec 1979 (52),West Bromwich Albion FC (22),0-2,?,Liverpool FC (22)
?,(Sat) 29 Dec 1979 (52),Bristol City FC (23),1-3,?,Aston Villa FC (22)
?,(Sat) 29 Dec 1979 (52),Everton FC (23),1-1,?,Derby County FC (23)
?,(Sat) 29 Dec 1979 (52),Southampton FC (23),2-0,?,Bolton Wanderers FC (23)
?,(Sat) 29 Dec 1979 (52),Ipswich Town FC (23),1-0,?,Wolverhampton Wanderers FC (22)
?,(Tue) 1 Jan 1980 (0),Crystal Palace FC (23),0-0,?,Norwich City FC (24)
?,(Tue) 1 Jan 1980 (0),Leeds United FC (24),1-0,?,Derby County FC (24)
?,(Tue) 1 Jan 1980 (0),Bristol City FC (24),2-2,?,Brighton & Hove Albion FC (23)
?,(Tue) 1 Jan 1980 (0),Everton FC (24),1-0,?,Nottingham Forest FC (23)
?,(Tue) 1 Jan 1980 (0),Coventry City FC (24),2-0,?,Middlesbrough FC (23)
?,(Tue) 1 Jan 1980 (0),Ipswich Town FC (24),4-0,?,West Bromwich Albion FC (23)
?,(Tue) 1 Jan 1980 (0),Southampton FC (24),0-1,?,Arsenal FC (24)
?,(Sat) 12 Jan 1980 (1),Nottingham Forest FC (24),3-1,?,West Bromwich Albion FC (24)
?,(Sat) 12 Jan 1980 (1),Liverpool FC (23),1-1,?,Southampton FC (25)
?,(Sat) 12 Jan 1980 (1),Bolton Wanderers FC (24),0-2,?,Brighton & Hove Albion FC (24)
?,(Sat) 12 Jan 1980 (1),Middlesbrough FC (24),1-1,?,Manchester United FC (24)
?,(Sat) 12 Jan 1980 (1),Arsenal FC (25),0-1,?,Leeds United FC (25)
?,(Sat) 12 Jan 1980 (1),Norwich City FC (25),1-0,?,Coventry City FC (25)
?,(Sat) 12 Jan 1980 (1),Derby County FC (25),1-2,?,Crystal Palace FC (24)
?,(Sat) 12 Jan 1980 (1),Wolverhampton Wanderers FC (23),3-0,?,Bristol City FC (25)
?,(Sat) 12 Jan 1980 (1),Aston Villa FC (23),2-1,?,Everton FC (25)
?,(Sat) 12 Jan 1980 (1),Stoke City FC (24),0-1,?,Ipswich Town FC (25)
?,(Sat) 12 Jan 1980 (1),Manchester City FC (24),1-1,?,Tottenham Hotspur FC (24)
?,(Sat) 19 Jan 1980 (2),Leeds United FC (26),1-2,?,Nottingham Forest FC (25)
?,(Sat) 19 Jan 1980 (2),Southampton FC (26),4-1,?,Manchester City FC (25)
?,(Sat) 19 Jan 1980 (2),Brighton & Hove Albion FC (25),0-2,?,Tottenham Hotspur FC (25)
?,(Sat) 19 Jan 1980 (2),Crystal Palace FC (25),1-0,?,Wolverhampton Wanderers FC (24)
?,(Sat) 19 Jan 1980 (2),Coventry City FC (26),1-0,?,Liverpool FC (24)
?,(Sat) 19 Jan 1980 (2),Bristol City FC (26),0-3,?,Ipswich Town FC (26)
?,(Sat) 19 Jan 1980 (2),Arsenal FC (26),2-0,?,Derby County FC (26)
?,(Sat) 26 Jan 1980 (3),Crystal Palace FC (26),2-2,?,West Bromwich Albion FC (25)
?,(Sat) 2 Feb 1980 (4),Aston Villa FC (24),2-0,?,Crystal Palace FC (27)
?,(Sat) 2 Feb 1980 (4),Ipswich Town FC (27),1-1,?,Brighton & Hove Albion FC (26)
?,(Sat) 2 Feb 1980 (4),Manchester City FC (26),1-3,?,West Bromwich Albion FC (26)
?,(Sat) 2 Feb 1980 (4),Wolverhampton Wanderers FC (25),0-0,?,Everton FC (26)
?,(Sat) 2 Feb 1980 (4),Stoke City FC (25),1-0,?,Bristol City FC (27)
?,(Sat) 2 Feb 1980 (4),Derby County FC (27),1-3,?,Manchester United FC (25)
?,(Sat) 2 Feb 1980 (4),Tottenham Hotspur FC (26),0-0,?,Southampton FC (27)
?,(Sat) 9 Feb 1980 (5),Southampton FC (28),5-1,?,Brighton & Hove Albion FC (27)
?,(Sat) 9 Feb 1980 (5),Coventry City FC (27),0-0,?,Manchester City FC (27)
?,(Sat) 9 Feb 1980 (5),Leeds United FC (27),2-2,?,Bolton Wanderers FC (25)
?,(Sat) 9 Feb 1980 (5),Everton FC (27),0-4,?,Ipswich Town FC (28)
?,(Sat) 9 Feb 1980 (5),Crystal Palace FC (28),0-1,?,Stoke City FC (26)
?,(Sat) 9 Feb 1980 (5),Nottingham Forest FC (26),0-0,?,Bristol City FC (28)
?,(Sat) 9 Feb 1980 (5),West Bromwich Albion FC (27),2-1,?,Tottenham Hotspur FC (27)
?,(Sat) 9 Feb 1980 (5),Manchester United FC (26),0-1,?,Wolverhampton Wanderers FC (26)
?,(Sat) 9 Feb 1980 (5),Middlesbrough FC (25),3-0,?,Derby County FC (28)
?,(Sat) 9 Feb 1980 (5),Norwich City FC (26),3-5,?,Liverpool FC (25)
?,(Sat) 9 Feb 1980 (5),Arsenal FC (27),3-1,?,Aston Villa FC (25)
?,(Sat) 16 Feb 1980 (6),Nottingham Forest FC (27),2-2,?,Middlesbrough FC (26)
?,(Sat) 16 Feb 1980 (6),Manchester City FC (28),1-1,?,Leeds United FC (28)
?,(Sat) 16 Feb 1980 (6),Derby County FC (29),2-2,?,Southampton FC (29)
?,(Sat) 16 Feb 1980 (6),Stoke City FC (27),1-1,?,Manchester United FC (27)
?,(Sat) 16 Feb 1980 (6),Brighton & Hove Albion FC (28),0-0,?,West Bromwich Albion FC (28)
?,(Tue) 19 Feb 1980 (7),Liverpool FC (26),2-0,?,Nottingham Forest FC (28)
?,(Tue) 19 Feb 1980 (7),Ipswich Town FC (29),3-0,?,Crystal Palace FC (29)
?,(Tue) 19 Feb 1980 (7),Bristol City FC (29),2-1,?,Everton FC (28)
?,(Sat) 23 Feb 1980 (7),Derby County FC (30),2-1,?,Tottenham Hotspur FC (28)
?,(Sat) 23 Feb 1980 (7),Nottingham Forest FC (29),4-0,?,Manchester City FC (29)
?,(Sat) 23 Feb 1980 (7),Leeds United FC (29),1-1,?,Brighton & Hove Albion FC (29)
?,(Sat) 23 Feb 1980 (7),Crystal Palace FC (30),1-1,?,Everton FC (29)
?,(Sat) 23 Feb 1980 (7),Arsenal FC (28),2-0,?,Bolton Wanderers FC (26)
?,(Sat) 23 Feb 1980 (7),West Bromwich Albion FC (29),1-2,?,Aston Villa FC (26)
?,(Sat) 23 Feb 1980 (7),Manchester United FC (28),4-0,?,Bristol City FC (30)
?,(Sat) 23 Feb 1980 (7),Norwich City FC (27),0-4,?,Wolverhampton Wanderers FC (27)
?,(Sat) 23 Feb 1980 (7),Liverpool FC (27),1-1,?,Ipswich Town FC (30)
?,(Sat) 23 Feb 1980 (7),Coventry City FC (28),3-0,?,Southampton FC (30)
?,(Sat) 23 Feb 1980 (7),Middlesbrough FC (27),1-3,?,Stoke City FC (28)
?,(Tue) 26 Feb 1980 (8),Wolverhampton Wanderers FC (28),1-0,?,Liverpool FC (28)
?,(Wed) 27 Feb 1980 (8),Tottenham Hotspur FC (29),4-3,?,Coventry City FC (29)
?,(Wed) 27 Feb 1980 (8),Aston Villa FC (27),2-2,?,Manchester City FC (30)
?,(Wed) 27 Feb 1980 (8),Manchester United FC (29),2-0,?,Bolton Wanderers FC (27)
?,(Wed) 27 Feb 1980 (8),Norwich City FC (28),0-0,?,Middlesbrough FC (28)
?,(Sat) 1 Mar 1980 (8),Stoke City FC (29),2-3,?,Arsenal FC (29)
?,(Sat) 1 Mar 1980 (8),Aston Villa FC (28),1-0,?,Derby County FC (31)
?,(Sat) 1 Mar 1980 (8),Bolton Wanderers FC (28),1-0,?,Nottingham Forest FC (30)
?,(Sat) 1 Mar 1980 (8),Wolverhampton Wanderers FC (29),0-2,?,Middlesbrough FC (29)
?,(Sat) 1 Mar 1980 (8),Tottenham Hotspur FC (30),2-1,?,Leeds United FC (30)
?,(Sat) 1 Mar 1980 (8),Bristol City FC (31),0-2,?,Crystal Palace FC (31)
?,(Sat) 1 Mar 1980 (8),Southampton FC (31),1-1,?,West Bromwich Albion FC (30)
?,(Sat) 1 Mar 1980 (8),Everton FC (30),1-2,?,Liverpool FC (29)
?,(Sat) 1 Mar 1980 (8),Ipswich Town FC (31),6-0,?,Manchester United FC (30)
?,(Sat) 1 Mar 1980 (8),Brighton & Hove Albion FC (30),1-1,?,Coventry City FC (30)
?,(Sat) 1 Mar 1980 (8),Manchester City FC (31),0-0,?,Norwich City FC (29)
?,(Mon) 3 Mar 1980 (9),Brighton & Hove Albion FC (31),1-1,?,Aston Villa FC (29)
?,(Sat) 8 Mar 1980 (9),Crystal Palace FC (32),3-1,?,Bolton Wanderers FC (29)
?,(Sat) 8 Mar 1980 (9),Derby County FC (32),2-2,?,Stoke City FC (30)
?,(Sat) 8 Mar 1980 (9),Coventry City FC (31),0-2,?,West Bromwich Albion FC (31)
?,(Sat) 8 Mar 1980 (9),Leeds United FC (31),2-0,?,Southampton FC (32)
?,(Sat) 8 Mar 1980 (9),Norwich City FC (30),2-2,?,Brighton & Hove Albion FC (32)
?,(Mon) 10 Mar 1980 (10),Aston Villa FC (30),1-3,?,Wolverhampton Wanderers FC (30)
?,(Tue) 11 Mar 1980 (10),Liverpool FC (30),2-0,?,Manchester City FC (32)
?,(Tue) 11 Mar 1980 (10),Middlesbrough FC (30),1-1,?,Ipswich Town FC (32)
?,(Tue) 11 Mar 1980 (10),Nottingham Forest FC (31),4-0,?,Tottenham Hotspur FC (31)
?,(Tue) 11 Mar 1980 (10),Arsenal FC (30),0-0,?,Bristol City FC (32)
?,(Tue) 11 Mar 1980 (10),Bolton Wanderers FC (30),1-0,?,Norwich City FC (31)
?,(Wed) 12 Mar 1980 (10),Manchester United FC (31),0-0,?,Everton FC (31)
?,(Fri) 14 Mar 1980 (10),Ipswich Town FC (33),1-0,?,Leeds United FC (32)
?,(Fri) 14 Mar 1980 (10),West Bromwich Albion FC (32),0-0,?,Middlesbrough FC (31)
?,(Sat) 15 Mar 1980 (10),Bolton Wanderers FC (31),1-2,?,Derby County FC (33)
?,(Sat) 15 Mar 1980 (10),Everton FC (32),1-1,?,Coventry City FC (32)
?,(Sat) 15 Mar 1980 (10),Tottenham Hotspur FC (32),0-0,?,Crystal Palace FC (33)
?,(Sat) 15 Mar 1980 (10),Manchester City FC (33),0-3,?,Arsenal FC (31)
?,(Sat) 15 Mar 1980 (10),Southampton FC (33),2-0,?,Aston Villa FC (31)
?,(Sat) 15 Mar 1980 (10),Brighton & Hove Albion FC (33),0-0,?,Manchester United FC (32)
?,(Sat) 15 Mar 1980 (10),Bristol City FC (33),1-3,?,Liverpool FC (31)
?,(Sat) 15 Mar 1980 (10),Stoke City FC (31),2-1,?,Norwich City FC (32)
?,(Tue) 18 Mar 1980 (11),Everton FC (33),2-0,?,Stoke City FC (32)
?,(Tue) 18 Mar 1980 (11),West Bromwich Albion FC (33),4-4,?,Bolton Wanderers FC (32)
?,(Wed) 19 Mar 1980 (11),Liverpool FC (32),3-0,?,Leeds United FC (33)
?,(Wed) 19 Mar 1980 (11),Aston Villa FC (32),0-2,?,Middlesbrough FC (32)
?,(Sat) 22 Mar 1980 (11),Arsenal FC (32),1-1,?,Crystal Palace FC (34)
?,(Sat) 22 Mar 1980 (11),Manchester United FC (33),1-0,?,Manchester City FC (34)
?,(Sat) 22 Mar 1980 (11),Bolton Wanderers FC (33),2-1,?,Tottenham Hotspur FC (33)
?,(Sat) 22 Mar 1980 (11),Aston Villa FC (33),1-1,?,Ipswich Town FC (34)
?,(Sat) 22 Mar 1980 (11),Nottingham Forest FC (32),2-0,?,Southampton FC (34)
?,(Sat) 22 Mar 1980 (11),Middlesbrough FC (33),2-1,?,Everton FC (34)
?,(Sat) 22 Mar 1980 (11),Leeds United FC (34),0-0,?,Coventry City FC (33)
?,(Sat) 22 Mar 1980 (11),Wolverhampton Wanderers FC (31),3-0,?,Stoke City FC (33)
?,(Sat) 22 Mar 1980 (11),Liverpool FC (33),1-0,?,Brighton & Hove Albion FC (34)
?,(Sat) 22 Mar 1980 (11),Norwich City FC (33),1-1,?,West Bromwich Albion FC (34)
?,(Sat) 22 Mar 1980 (11),Derby County FC (34),3-3,?,Bristol City FC (34)
?,(Wed) 26 Mar 1980 (12),Aston Villa FC (34),2-0,?,Norwich City FC (34)
?,(Fri) 28 Mar 1980 (12),Everton FC (35),0-1,?,Arsenal FC (33)
?,(Sat) 29 Mar 1980 (12),Brighton & Hove Albion FC (35),1-0,?,Nottingham Forest FC (33)
?,(Sat) 29 Mar 1980 (12),Crystal Palace FC (35),0-2,?,Manchester United FC (34)
?,(Sat) 29 Mar 1980 (12),Manchester City FC (35),2-2,?,Bolton Wanderers FC (34)
?,(Sat) 29 Mar 1980 (12),West Bromwich Albion FC (35),2-1,?,Leeds United FC (35)
?,(Sat) 29 Mar 1980 (12),Southampton FC (35),2-0,?,Norwich City FC (35)
?,(Sat) 29 Mar 1980 (12),Tottenham Hotspur FC (34),2-0,?,Liverpool FC (34)
?,(Sat) 29 Mar 1980 (12),Coventry City FC (34),1-3,?,Wolverhampton Wanderers FC (32)
?,(Sat) 29 Mar 1980 (12),Ipswich Town FC (35),1-1,?,Derby County FC (35)
?,(Sat) 29 Mar 1980 (12),Stoke City FC (34),2-0,?,Aston Villa FC (35)
?,(Tue) 1 Apr 1980 (13),West Bromwich Albion FC (36),3-0,?,Crystal Palace FC (36)
?,(Tue) 1 Apr 1980 (13),Liverpool FC (35),1-0,?,Stoke City FC (35)
?,(Wed) 2 Apr 1980 (13),Leeds United FC (36),2-0,?,Middlesbrough FC (34)
?,(Wed) 2 Apr 1980 (13),Norwich City FC (36),2-1,?,Arsenal FC (34)
?,(Wed) 2 Apr 1980 (13),Manchester City FC (36),1-1,?,Everton FC (36)
?,(Wed) 2 Apr 1980 (13),Tottenham Hotspur FC (35),0-2,?,Ipswich Town FC (36)
?,(Wed) 2 Apr 1980 (13),Nottingham Forest FC (34),2-0,?,Manchester United FC (35)
?,(Sat) 5 Apr 1980 (13),Crystal Palace FC (37),1-1,?,Brighton & Hove Albion FC (36)
?,(Sat) 5 Apr 1980 (13),Aston Villa FC (36),3-2,?,Nottingham Forest FC (35)
?,(Sat) 5 Apr 1980 (13),Arsenal FC (35),1-1,?,Southampton FC (36)
?,(Sat) 5 Apr 1980 (13),Middlesbrough FC (35),1-2,?,Coventry City FC (35)
?,(Sat) 5 Apr 1980 (13),Derby County FC (36),2-0,?,Leeds United FC (37)
?,(Sat) 5 Apr 1980 (13),Manchester United FC (36),2-1,?,Liverpool FC (36)
?,(Sat) 5 Apr 1980 (13),Stoke City FC (36),0-0,?,Manchester City FC (37)
?,(Sat) 5 Apr 1980 (13),Wolverhampton Wanderers FC (33),1-2,?,Tottenham Hotspur FC (36)
?,(Sat) 5 Apr 1980 (13),Ipswich Town FC (37),4-2,?,Norwich City FC (37)
?,(Sat) 5 Apr 1980 (13),Everton FC (37),3-1,?,Bolton Wanderers FC (35)
?,(Sat) 5 Apr 1980 (13),Bristol City FC (35),0-0,?,West Bromwich Albion FC (37)
?,(Mon) 7 Apr 1980 (14),West Bromwich Albion FC (38),0-0,?,Ipswich Town FC (38)
?,(Mon) 7 Apr 1980 (14),Manchester City FC (38),1-1,?,Aston Villa FC (37)
?,(Mon) 7 Apr 1980 (14),Brighton & Hove Albion FC (37),0-1,?,Bristol City FC (36)
?,(Mon) 7 Apr 1980 (14),Bolton Wanderers FC (36),1-3,?,Manchester United FC (37)
?,(Mon) 7 Apr 1980 (14),Tottenham Hotspur FC (37),1-2,?,Arsenal FC (36)
?,(Mon) 7 Apr 1980 (14),Coventry City FC (36),2-1,?,Derby County FC (37)
?,(Mon) 7 Apr 1980 (14),Norwich City FC (38),2-1,?,Crystal Palace FC (38)
?,(Mon) 7 Apr 1980 (14),Southampton FC (37),0-3,?,Wolverhampton Wanderers FC (34)
?,(Tue) 8 Apr 1980 (14),Leeds United FC (38),3-0,?,Stoke City FC (37)
?,(Tue) 8 Apr 1980 (14),Brighton & Hove Albion FC (38),3-0,?,Wolverhampton Wanderers FC (35)
?,(Tue) 8 Apr 1980 (14),Liverpool FC (37),3-0,?,Derby County FC (38)
?,(Tue) 8 Apr 1980 (14),Bolton Wanderers FC (37),2-2,?,Middlesbrough FC (36)
?,(Sat) 12 Apr 1980 (14),Stoke City FC (38),1-2,?,Southampton FC (38)
?,(Sat) 12 Apr 1980 (14),Wolverhampton Wanderers FC (36),1-2,?,Manchester City FC (39)
?,(Sat) 12 Apr 1980 (14),Bristol City FC (37),2-1,?,Bolton Wanderers FC (38)
?,(Sat) 12 Apr 1980 (14),Derby County FC (39),3-0,?,Brighton & Hove Albion FC (39)
?,(Sat) 12 Apr 1980 (14),Manchester United FC (38),4-1,?,Tottenham Hotspur FC (38)
?,(Sat) 12 Apr 1980 (14),Crystal Palace FC (39),1-0,?,Leeds United FC (39)
?,(Sat) 12 Apr 1980 (14),Ipswich Town FC (39),3-0,?,Coventry City FC (37)
?,(Tue) 15 Apr 1980 (15),Bolton Wanderers FC (39),1-1,?,Coventry City FC (38)
?,(Sat) 19 Apr 1980 (15),Southampton FC (39),0-1,?,Ipswich Town FC (40)
?,(Sat) 19 Apr 1980 (15),Leeds United FC (40),0-0,?,Aston Villa FC (38)
?,(Sat) 19 Apr 1980 (15),Liverpool FC (38),1-1,?,Arsenal FC (37)
?,(Sat) 19 Apr 1980 (15),Coventry City FC (39),2-1,?,Crystal Palace FC (40)
?,(Sat) 19 Apr 1980 (15),Tottenham Hotspur FC (39),3-0,?,Everton FC (38)
?,(Sat) 19 Apr 1980 (15),Bolton Wanderers FC (40),2-1,?,Stoke City FC (39)
?,(Sat) 19 Apr 1980 (15),Brighton & Hove Albion FC (40),2-1,?,Middlesbrough FC (37)
?,(Sat) 19 Apr 1980 (15),West Bromwich Albion FC (39),0-0,?,Wolverhampton Wanderers FC (37)
?,(Sat) 19 Apr 1980 (15),Manchester City FC (40),3-1,?,Bristol City FC (38)
?,(Sat) 19 Apr 1980 (15),Nottingham Forest FC (36),1-0,?,Derby County FC (40)
?,(Sat) 19 Apr 1980 (15),Norwich City FC (39),0-2,?,Manchester United FC (39)
?,(Tue) 22 Apr 1980 (16),Bristol City FC (39),3-1,?,Middlesbrough FC (38)
?,(Wed) 23 Apr 1980 (16),Stoke City FC (40),0-2,?,Liverpool FC (39)
?,(Wed) 23 Apr 1980 (16),Tottenham Hotspur FC (40),2-2,?,Wolverhampton Wanderers FC (38)
?,(Wed) 23 Apr 1980 (16),Manchester United FC (40),2-1,?,Aston Villa FC (39)
?,(Sat) 26 Apr 1980 (16),Ipswich Town FC (41),1-0,?,Bolton Wanderers FC (41)
?,(Sat) 26 Apr 1980 (16),Crystal Palace FC (41),0-0,?,Liverpool FC (40)
?,(Sat) 26 Apr 1980 (16),Manchester United FC (41),2-1,?,Coventry City FC (40)
?,(Sat) 26 Apr 1980 (16),Wolverhampton Wanderers FC (39),3-1,?,Leeds United FC (41)
?,(Sat) 26 Apr 1980 (16),Derby County FC (41),3-1,?,Manchester City FC (41)
?,(Sat) 26 Apr 1980 (16),Everton FC (39),2-0,?,Southampton FC (40)
?,(Sat) 26 Apr 1980 (16),Arsenal FC (38),1-1,?,West Bromwich Albion FC (40)
?,(Sat) 26 Apr 1980 (16),Middlesbrough FC (39),0-0,?,Nottingham Forest FC (37)
?,(Sat) 26 Apr 1980 (16),Stoke City FC (41),1-0,?,Brighton & Hove Albion FC (41)
?,(Sat) 26 Apr 1980 (16),Bristol City FC (40),2-3,?,Norwich City FC (40)
?,(Sat) 26 Apr 1980 (16),Aston Villa FC (40),1-0,?,Tottenham Hotspur FC (41)
?,(Mon) 28 Apr 1980 (17),Everton FC (40),0-0,?,West Bromwich Albion FC (41)
?,(Tue) 29 Apr 1980 (17),Southampton FC (41),5-2,?,Bristol City FC (41)
?,(Tue) 29 Apr 1980 (17),Coventry City FC (41),1-2,?,Aston Villa FC (41)
?,(Wed) 30 Apr 1980 (17),Nottingham Forest FC (38),2-0,?,Norwich City FC (41)
?,(Sat) 3 May 1980 (17),Nottingham Forest FC (39),4-0,?,Crystal Palace FC (42)
?,(Sat) 3 May 1980 (17),Tottenham Hotspur FC (42),0-0,?,Bristol City FC (42)
?,(Sat) 3 May 1980 (17),Bolton Wanderers FC (42),0-0,?,Wolverhampton Wanderers FC (40)
?,(Sat) 3 May 1980 (17),Norwich City FC (42),4-2,?,Derby County FC (42)
?,(Sat) 3 May 1980 (17),West Bromwich Albion FC (42),0-1,?,Stoke City FC (42)
?,(Sat) 3 May 1980 (17),Leeds United FC (42),2-0,?,Manchester United FC (42)
?,(Sat) 3 May 1980 (17),Manchester City FC (42),2-1,?,Ipswich Town FC (42)
?,(Sat) 3 May 1980 (17),Coventry City FC (42),0-1,?,Arsenal FC (39)
?,(Sat) 3 May 1980 (17),Brighton & Hove Albion FC (42),0-0,?,Everton FC (41)
?,(Sat) 3 May 1980 (17),Liverpool FC (41),4-1,?,Aston Villa FC (42)
?,(Sat) 3 May 1980 (17),Southampton FC (42),4-1,?,Middlesbrough FC (40)
?,(Mon) 5 May 1980 (18),Arsenal FC (40),0-0,?,Nottingham Forest FC (40)
?,(Tue) 6 May 1980 (18),Middlesbrough FC (41),1-0,?,Liverpool FC (42)
?,(Fri) 9 May 1980 (18),Nottingham Forest FC (41),1-0,?,Everton FC (42)
?,(Mon) 12 May 1980 (19),Wolverhampton Wanderers FC (41),3-1,?,Nottingham Forest FC (42)
?,(Fri) 16 May 1980 (19),Wolverhampton Wanderers FC (42),1-2,?,Arsenal FC (41)
?,(Mon) 19 May 1980 (20),Middlesbrough FC (42),5-0,?,Arsenal FC (42)
