Round,Date,Team 1,FT,HT,Team 2
?,(Sat) 18 Aug 1979 (33),Wrexham AFC (1),1-0,?,West Ham United FC (1)
?,(Sat) 18 Aug 1979 (33),Charlton Athletic FC (1),0-3,?,Preston North End FC (1)
?,(Sat) 18 Aug 1979 (33),Chelsea FC (1),0-0,?,Sunderland AFC (1)
?,(Sat) 18 Aug 1979 (33),Leicester City FC (1),2-0,?,Watford FC (1)
?,(Sat) 18 Aug 1979 (33),Leyton Orient FC (1),2-2,?,Burnley FC (1)
?,(Sat) 18 Aug 1979 (33),Luton Town FC (1),1-1,?,Cambridge United FC (1)
?,(Sat) 18 Aug 1979 (33),Birmingham City FC (1),3-4,?,Fulham FC (1)
?,(Sat) 18 Aug 1979 (33),Swansea City AFC (1),2-0,?,Shrewsbury Town FC (1)
?,(Sat) 18 Aug 1979 (33),Queens Park Rangers FC (1),2-0,?,Bristol Rovers FC (1)
?,(Sat) 18 Aug 1979 (33),Notts County FC (1),4-1,?,Cardiff City FC (1)
?,(Sat) 18 Aug 1979 (33),Newcastle United FC (1),3-2,?,Oldham Athletic AFC (1)
?,(Mon) 20 Aug 1979 (34),West Ham United FC (2),0-1,?,Chelsea FC (2)
?,(Tue) 21 Aug 1979 (34),Burnley FC (2),1-1,?,Charlton Athletic FC (2)
?,(Tue) 21 Aug 1979 (34),Bristol Rovers FC (2),3-2,?,Luton Town FC (2)
?,(Tue) 21 Aug 1979 (34),Cambridge United FC (2),1-1,?,Leicester City FC (2)
?,(Tue) 21 Aug 1979 (34),Shrewsbury Town FC (2),1-1,?,Notts County FC (2)
?,(Tue) 21 Aug 1979 (34),Watford FC (2),0-0,?,Swansea City AFC (2)
?,(Tue) 21 Aug 1979 (34),Oldham Athletic AFC (2),2-3,?,Wrexham AFC (2)
?,(Tue) 21 Aug 1979 (34),Preston North End FC (2),1-0,?,Newcastle United FC (2)
?,(Wed) 22 Aug 1979 (34),Fulham FC (2),0-0,?,Leyton Orient FC (2)
?,(Wed) 22 Aug 1979 (34),Sunderland AFC (2),2-0,?,Birmingham City FC (2)
?,(Wed) 22 Aug 1979 (34),Cardiff City FC (2),1-0,?,Queens Park Rangers FC (2)
?,(Sat) 25 Aug 1979 (34),Charlton Athletic FC (3),1-1,?,Newcastle United FC (3)
?,(Sat) 25 Aug 1979 (34),Sunderland AFC (3),2-1,?,Fulham FC (3)
?,(Sat) 25 Aug 1979 (34),Luton Town FC (3),2-1,?,Leyton Orient FC (3)
?,(Sat) 25 Aug 1979 (34),Cardiff City FC (3),1-2,?,Birmingham City FC (3)
?,(Sat) 25 Aug 1979 (34),Bristol Rovers FC (3),2-1,?,Shrewsbury Town FC (3)
?,(Sat) 25 Aug 1979 (34),Cambridge United FC (3),2-2,?,Watford FC (3)
?,(Sat) 25 Aug 1979 (34),Preston North End FC (3),1-1,?,Swansea City AFC (3)
?,(Sat) 25 Aug 1979 (34),West Ham United FC (3),1-0,?,Oldham Athletic AFC (3)
?,(Sat) 25 Aug 1979 (34),Queens Park Rangers FC (3),1-4,?,Leicester City FC (3)
?,(Sat) 25 Aug 1979 (34),Chelsea FC (3),3-1,?,Wrexham AFC (3)
?,(Sat) 25 Aug 1979 (34),Burnley FC (3),0-1,?,Notts County FC (3)
?,(Sat) 1 Sep 1979 (35),Fulham FC (4),1-0,?,Preston North End FC (4)
?,(Sat) 1 Sep 1979 (35),Leicester City FC (4),1-3,?,Luton Town FC (4)
?,(Sat) 1 Sep 1979 (35),Wrexham AFC (4),0-1,?,Cardiff City FC (4)
?,(Sat) 1 Sep 1979 (35),Leyton Orient FC (4),1-1,?,Charlton Athletic FC (4)
?,(Sat) 1 Sep 1979 (35),Newcastle United FC (4),2-1,?,Chelsea FC (4)
?,(Sat) 1 Sep 1979 (35),Swansea City AFC (4),2-1,?,Burnley FC (4)
?,(Sat) 1 Sep 1979 (35),Notts County FC (4),1-0,?,Queens Park Rangers FC (4)
?,(Sat) 1 Sep 1979 (35),Oldham Athletic AFC (4),3-0,?,Sunderland AFC (4)
?,(Sat) 1 Sep 1979 (35),Shrewsbury Town FC (4),1-2,?,Cambridge United FC (4)
?,(Sat) 1 Sep 1979 (35),Watford FC (4),2-0,?,West Ham United FC (4)
?,(Sat) 1 Sep 1979 (35),Birmingham City FC (4),1-1,?,Bristol Rovers FC (4)
?,(Sat) 8 Sep 1979 (36),Burnley FC (5),1-1,?,Oldham Athletic AFC (5)
?,(Sat) 8 Sep 1979 (36),Preston North End FC (5),1-1,?,West Ham United FC (5)
?,(Sat) 8 Sep 1979 (36),Bristol Rovers FC (5),1-1,?,Watford FC (5)
?,(Sat) 8 Sep 1979 (36),Chelsea FC (5),1-2,?,Birmingham City FC (5)
?,(Sat) 8 Sep 1979 (36),Leyton Orient FC (5),1-4,?,Newcastle United FC (5)
?,(Sat) 8 Sep 1979 (36),Charlton Athletic FC (5),1-2,?,Wrexham AFC (5)
?,(Sat) 8 Sep 1979 (36),Sunderland AFC (5),2-0,?,Cambridge United FC (5)
?,(Sat) 8 Sep 1979 (36),Cardiff City FC (5),1-0,?,Shrewsbury Town FC (5)
?,(Sat) 8 Sep 1979 (36),Luton Town FC (5),5-0,?,Swansea City AFC (5)
?,(Sat) 8 Sep 1979 (36),Leicester City FC (5),1-0,?,Notts County FC (5)
?,(Sat) 8 Sep 1979 (36),Queens Park Rangers FC (5),3-0,?,Fulham FC (5)
?,(Sat) 15 Sep 1979 (37),Watford FC (6),1-1,?,Cardiff City FC (6)
?,(Sat) 15 Sep 1979 (37),Wrexham AFC (6),2-1,?,Leyton Orient FC (6)
?,(Sat) 15 Sep 1979 (37),Swansea City AFC (6),1-2,?,Queens Park Rangers FC (6)
?,(Sat) 15 Sep 1979 (37),Newcastle United FC (6),3-2,?,Leicester City FC (6)
?,(Sat) 15 Sep 1979 (37),Birmingham City FC (6),1-0,?,Charlton Athletic FC (6)
?,(Sat) 15 Sep 1979 (37),Shrewsbury Town FC (6),3-0,?,Chelsea FC (6)
?,(Sat) 15 Sep 1979 (37),Notts County FC (6),0-0,?,Luton Town FC (6)
?,(Sat) 15 Sep 1979 (37),Oldham Athletic AFC (6),3-2,?,Preston North End FC (6)
?,(Sat) 15 Sep 1979 (37),West Ham United FC (6),2-0,?,Sunderland AFC (6)
?,(Sat) 15 Sep 1979 (37),Cambridge United FC (6),4-1,?,Bristol Rovers FC (6)
?,(Sat) 15 Sep 1979 (37),Fulham FC (6),3-1,?,Burnley FC (6)
?,(Sat) 22 Sep 1979 (38),Notts County FC (7),0-0,?,Swansea City AFC (7)
?,(Sat) 22 Sep 1979 (38),Leyton Orient FC (7),2-2,?,Birmingham City FC (7)
?,(Sat) 22 Sep 1979 (38),Leicester City FC (7),3-3,?,Fulham FC (7)
?,(Sat) 22 Sep 1979 (38),Cardiff City FC (7),0-0,?,Cambridge United FC (7)
?,(Sat) 22 Sep 1979 (38),Chelsea FC (7),2-0,?,Watford FC (7)
?,(Sat) 22 Sep 1979 (38),Burnley FC (7),1-1,?,Sunderland AFC (7)
?,(Sat) 22 Sep 1979 (38),Charlton Athletic FC (7),2-1,?,Shrewsbury Town FC (7)
?,(Sat) 22 Sep 1979 (38),Newcastle United FC (7),1-0,?,Wrexham AFC (7)
?,(Sat) 22 Sep 1979 (38),Preston North End FC (7),3-2,?,Bristol Rovers FC (7)
?,(Sat) 22 Sep 1979 (38),Luton Town FC (7),0-0,?,Oldham Athletic AFC (7)
?,(Sat) 22 Sep 1979 (38),Queens Park Rangers FC (7),3-0,?,West Ham United FC (7)
?,(Sat) 29 Sep 1979 (39),Sunderland AFC (8),1-1,?,Preston North End FC (8)
?,(Sat) 29 Sep 1979 (39),Swansea City AFC (8),0-2,?,Leicester City FC (8)
?,(Sat) 29 Sep 1979 (39),Wrexham AFC (8),1-0,?,Notts County FC (8)
?,(Sat) 29 Sep 1979 (39),West Ham United FC (8),2-1,?,Burnley FC (8)
?,(Sat) 29 Sep 1979 (39),Cambridge United FC (8),0-1,?,Chelsea FC (8)
?,(Sat) 29 Sep 1979 (39),Shrewsbury Town FC (8),1-0,?,Leyton Orient FC (8)
?,(Sat) 29 Sep 1979 (39),Birmingham City FC (8),0-0,?,Newcastle United FC (8)
?,(Sat) 29 Sep 1979 (39),Oldham Athletic AFC (8),0-0,?,Queens Park Rangers FC (8)
?,(Sat) 29 Sep 1979 (39),Watford FC (8),2-1,?,Charlton Athletic FC (8)
?,(Sat) 29 Sep 1979 (39),Bristol Rovers FC (8),1-1,?,Cardiff City FC (8)
?,(Sat) 29 Sep 1979 (39),Fulham FC (8),1-3,?,Luton Town FC (8)
?,(Sat) 6 Oct 1979 (40),Shrewsbury Town FC (9),2-2,?,Leicester City FC (9)
?,(Sat) 6 Oct 1979 (40),Cambridge United FC (9),0-1,?,Swansea City AFC (9)
?,(Sat) 6 Oct 1979 (40),Burnley FC (9),0-1,?,Chelsea FC (9)
?,(Sat) 6 Oct 1979 (40),Watford FC (9),1-2,?,Queens Park Rangers FC (9)
?,(Sat) 6 Oct 1979 (40),Sunderland AFC (9),4-0,?,Charlton Athletic FC (9)
?,(Sat) 6 Oct 1979 (40),Cardiff City FC (9),2-1,?,Luton Town FC (9)
?,(Sat) 6 Oct 1979 (40),Oldham Athletic AFC (9),1-0,?,Leyton Orient FC (9)
?,(Sat) 6 Oct 1979 (40),West Ham United FC (9),1-1,?,Newcastle United FC (9)
?,(Sat) 6 Oct 1979 (40),Fulham FC (9),0-2,?,Wrexham AFC (9)
?,(Sat) 6 Oct 1979 (40),Preston North End FC (9),0-0,?,Birmingham City FC (9)
?,(Sat) 6 Oct 1979 (40),Bristol Rovers FC (9),2-3,?,Notts County FC (9)
?,(Mon) 8 Oct 1979 (41),Wrexham AFC (10),1-1,?,Oldham Athletic AFC (10)
?,(Tue) 9 Oct 1979 (41),Birmingham City FC (10),1-0,?,Sunderland AFC (10)
?,(Tue) 9 Oct 1979 (41),Notts County FC (10),5-2,?,Shrewsbury Town FC (10)
?,(Tue) 9 Oct 1979 (41),Queens Park Rangers FC (10),3-0,?,Cardiff City FC (10)
?,(Tue) 9 Oct 1979 (41),Leyton Orient FC (10),1-0,?,Fulham FC (10)
?,(Tue) 9 Oct 1979 (41),Swansea City AFC (10),1-0,?,Watford FC (10)
?,(Tue) 9 Oct 1979 (41),Charlton Athletic FC (10),3-3,?,Burnley FC (10)
?,(Tue) 9 Oct 1979 (41),Luton Town FC (10),3-1,?,Bristol Rovers FC (10)
?,(Wed) 10 Oct 1979 (41),Leicester City FC (10),2-1,?,Cambridge United FC (10)
?,(Wed) 10 Oct 1979 (41),Newcastle United FC (10),0-0,?,Preston North End FC (10)
?,(Sat) 13 Oct 1979 (41),Newcastle United FC (11),1-0,?,Shrewsbury Town FC (11)
?,(Sat) 13 Oct 1979 (41),Burnley FC (11),0-2,?,Cardiff City FC (11)
?,(Sat) 13 Oct 1979 (41),Luton Town FC (11),2-0,?,Sunderland AFC (11)
?,(Sat) 13 Oct 1979 (41),Swansea City AFC (11),4-1,?,Fulham FC (11)
?,(Sat) 13 Oct 1979 (41),Queens Park Rangers FC (11),1-1,?,Preston North End FC (11)
?,(Sat) 13 Oct 1979 (41),Leyton Orient FC (11),1-0,?,Watford FC (11)
?,(Sat) 13 Oct 1979 (41),Chelsea FC (10),1-0,?,Bristol Rovers FC (11)
?,(Sat) 13 Oct 1979 (41),Charlton Athletic FC (11),1-1,?,Cambridge United FC (11)
?,(Sat) 13 Oct 1979 (41),Wrexham AFC (11),1-0,?,Birmingham City FC (11)
?,(Sat) 13 Oct 1979 (41),Notts County FC (11),1-1,?,Oldham Athletic AFC (11)
?,(Sat) 13 Oct 1979 (41),Leicester City FC (11),1-2,?,West Ham United FC (10)
?,(Sat) 20 Oct 1979 (42),Oldham Athletic AFC (12),1-1,?,Leicester City FC (12)
?,(Sat) 20 Oct 1979 (42),Shrewsbury Town FC (12),3-1,?,Wrexham AFC (12)
?,(Sat) 20 Oct 1979 (42),Preston North End FC (12),3-2,?,Burnley FC (12)
?,(Sat) 20 Oct 1979 (42),Fulham FC (12),1-3,?,Notts County FC (12)
?,(Sat) 20 Oct 1979 (42),Watford FC (12),2-0,?,Newcastle United FC (12)
?,(Sat) 20 Oct 1979 (42),Birmingham City FC (12),2-0,?,Swansea City AFC (12)
?,(Sat) 20 Oct 1979 (42),Cardiff City FC (12),1-2,?,Chelsea FC (11)
?,(Sat) 20 Oct 1979 (42),West Ham United FC (11),1-2,?,Luton Town FC (12)
?,(Sat) 20 Oct 1979 (42),Bristol Rovers FC (12),3-0,?,Charlton Athletic FC (12)
?,(Sat) 20 Oct 1979 (42),Sunderland AFC (12),3-0,?,Queens Park Rangers FC (12)
?,(Mon) 22 Oct 1979 (43),Cambridge United FC (12),1-1,?,Leyton Orient FC (12)
?,(Sat) 27 Oct 1979 (43),Queens Park Rangers FC (13),7-0,?,Burnley FC (13)
?,(Sat) 27 Oct 1979 (43),Chelsea FC (12),0-2,?,Fulham FC (13)
?,(Sat) 27 Oct 1979 (43),Birmingham City FC (13),1-0,?,Shrewsbury Town FC (13)
?,(Sat) 27 Oct 1979 (43),Notts County FC (13),0-1,?,West Ham United FC (12)
?,(Sat) 27 Oct 1979 (43),Luton Town FC (13),1-1,?,Preston North End FC (13)
?,(Sat) 27 Oct 1979 (43),Swansea City AFC (13),2-0,?,Oldham Athletic AFC (13)
?,(Sat) 27 Oct 1979 (43),Wrexham AFC (13),3-0,?,Watford FC (13)
?,(Sat) 27 Oct 1979 (43),Charlton Athletic FC (13),3-2,?,Cardiff City FC (13)
?,(Sat) 27 Oct 1979 (43),Leicester City FC (13),2-1,?,Sunderland AFC (13)
?,(Sat) 27 Oct 1979 (43),Newcastle United FC (13),2-0,?,Cambridge United FC (13)
?,(Sat) 27 Oct 1979 (43),Leyton Orient FC (13),2-1,?,Bristol Rovers FC (13)
?,(Sat) 3 Nov 1979 (44),Cambridge United FC (14),1-2,?,Luton Town FC (14)
?,(Sat) 3 Nov 1979 (44),Sunderland AFC (14),2-1,?,Chelsea FC (13)
?,(Sat) 3 Nov 1979 (44),Burnley FC (14),1-2,?,Leyton Orient FC (14)
?,(Sat) 3 Nov 1979 (44),Bristol Rovers FC (14),1-3,?,Queens Park Rangers FC (14)
?,(Sat) 3 Nov 1979 (44),Cardiff City FC (14),3-2,?,Notts County FC (14)
?,(Sat) 3 Nov 1979 (44),Fulham FC (14),2-4,?,Birmingham City FC (14)
?,(Sat) 3 Nov 1979 (44),West Ham United FC (13),1-0,?,Wrexham AFC (14)
?,(Sat) 3 Nov 1979 (44),Preston North End FC (14),1-1,?,Charlton Athletic FC (14)
?,(Sat) 3 Nov 1979 (44),Shrewsbury Town FC (14),2-2,?,Swansea City AFC (14)
?,(Sat) 3 Nov 1979 (44),Watford FC (14),1-3,?,Leicester City FC (14)
?,(Sat) 3 Nov 1979 (44),Oldham Athletic AFC (14),1-0,?,Newcastle United FC (14)
?,(Fri) 9 Nov 1979 (45),Charlton Athletic FC (15),2-1,?,Oldham Athletic AFC (15)
?,(Sat) 10 Nov 1979 (45),Leicester City FC (15),1-1,?,Burnley FC (15)
?,(Sat) 10 Nov 1979 (45),Leyton Orient FC (15),3-7,?,Chelsea FC (14)
?,(Sat) 10 Nov 1979 (45),Swansea City AFC (15),3-1,?,Sunderland AFC (15)
?,(Sat) 10 Nov 1979 (45),Birmingham City FC (15),1-0,?,Cambridge United FC (15)
?,(Sat) 10 Nov 1979 (45),Notts County FC (15),2-1,?,Preston North End FC (15)
?,(Sat) 10 Nov 1979 (45),Shrewsbury Town FC (15),1-0,?,Watford FC (15)
?,(Sat) 10 Nov 1979 (45),Fulham FC (15),1-2,?,West Ham United FC (14)
?,(Sat) 10 Nov 1979 (45),Luton Town FC (15),1-1,?,Queens Park Rangers FC (15)
?,(Sat) 10 Nov 1979 (45),Wrexham AFC (15),1-2,?,Bristol Rovers FC (15)
?,(Sat) 10 Nov 1979 (45),Newcastle United FC (15),1-0,?,Cardiff City FC (15)
?,(Wed) 14 Nov 1979 (46),Chelsea FC (15),2-1,?,West Ham United FC (15)
?,(Sat) 17 Nov 1979 (46),Queens Park Rangers FC (16),2-1,?,Shrewsbury Town FC (16)
?,(Sat) 17 Nov 1979 (46),Bristol Rovers FC (16),1-1,?,Newcastle United FC (16)
?,(Sat) 17 Nov 1979 (46),Burnley FC (16),0-0,?,Luton Town FC (16)
?,(Sat) 17 Nov 1979 (46),Oldham Athletic AFC (16),0-1,?,Fulham FC (16)
?,(Sat) 17 Nov 1979 (46),Cardiff City FC (16),0-0,?,Leyton Orient FC (16)
?,(Sat) 17 Nov 1979 (46),Chelsea FC (16),3-1,?,Charlton Athletic FC (16)
?,(Sat) 17 Nov 1979 (46),West Ham United FC (16),2-0,?,Swansea City AFC (16)
?,(Sat) 17 Nov 1979 (46),Preston North End FC (16),1-1,?,Leicester City FC (16)
?,(Sat) 17 Nov 1979 (46),Sunderland AFC (16),3-1,?,Notts County FC (16)
?,(Sat) 17 Nov 1979 (46),Cambridge United FC (16),2-0,?,Wrexham AFC (16)
?,(Sat) 17 Nov 1979 (46),Watford FC (16),1-0,?,Birmingham City FC (16)
?,(Mon) 19 Nov 1979 (47),Newcastle United FC (17),2-0,?,Leyton Orient FC (17)
?,(Sat) 24 Nov 1979 (47),Burnley FC (17),5-3,?,Cambridge United FC (17)
?,(Sat) 24 Nov 1979 (47),Fulham FC (17),0-0,?,Watford FC (17)
?,(Sat) 24 Nov 1979 (47),West Ham United FC (17),3-0,?,Cardiff City FC (17)
?,(Sat) 24 Nov 1979 (47),Luton Town FC (17),2-3,?,Birmingham City FC (17)
?,(Sat) 24 Nov 1979 (47),Oldham Athletic AFC (17),0-2,?,Shrewsbury Town FC (17)
?,(Sat) 24 Nov 1979 (47),Preston North End FC (17),2-2,?,Leyton Orient FC (18)
?,(Sat) 24 Nov 1979 (47),Leicester City FC (17),2-0,?,Wrexham AFC (17)
?,(Sat) 24 Nov 1979 (47),Notts County FC (17),2-3,?,Chelsea FC (17)
?,(Sat) 24 Nov 1979 (47),Queens Park Rangers FC (17),4-0,?,Charlton Athletic FC (17)
?,(Sat) 24 Nov 1979 (47),Sunderland AFC (17),3-2,?,Bristol Rovers FC (17)
?,(Sat) 24 Nov 1979 (47),Swansea City AFC (17),2-3,?,Newcastle United FC (18)
?,(Sat) 1 Dec 1979 (48),Birmingham City FC (18),1-2,?,Leicester City FC (18)
?,(Sat) 1 Dec 1979 (48),Shrewsbury Town FC (18),1-2,?,Luton Town FC (18)
?,(Sat) 1 Dec 1979 (48),Charlton Athletic FC (18),1-0,?,West Ham United FC (18)
?,(Sat) 1 Dec 1979 (48),Wrexham AFC (18),1-0,?,Swansea City AFC (18)
?,(Sat) 1 Dec 1979 (48),Chelsea FC (18),2-0,?,Preston North End FC (18)
?,(Sat) 1 Dec 1979 (48),Cambridge United FC (18),2-1,?,Queens Park Rangers FC (18)
?,(Sat) 1 Dec 1979 (48),Bristol Rovers FC (18),0-0,?,Burnley FC (18)
?,(Sat) 1 Dec 1979 (48),Watford FC (18),2-1,?,Notts County FC (18)
?,(Sat) 1 Dec 1979 (48),Newcastle United FC (19),2-0,?,Fulham FC (18)
?,(Sat) 1 Dec 1979 (48),Leyton Orient FC (19),2-1,?,Sunderland AFC (18)
?,(Sat) 1 Dec 1979 (48),Cardiff City FC (18),1-0,?,Oldham Athletic AFC (18)
?,(Sat) 8 Dec 1979 (49),Queens Park Rangers FC (19),2-2,?,Wrexham AFC (19)
?,(Sat) 8 Dec 1979 (49),Luton Town FC (19),1-1,?,Newcastle United FC (20)
?,(Sat) 8 Dec 1979 (49),Leicester City FC (19),2-2,?,Leyton Orient FC (20)
?,(Sat) 8 Dec 1979 (49),Burnley FC (19),1-0,?,Watford FC (19)
?,(Sat) 8 Dec 1979 (49),Oldham Athletic AFC (19),1-0,?,Chelsea FC (19)
?,(Sat) 8 Dec 1979 (49),Fulham FC (19),2-1,?,Shrewsbury Town FC (19)
?,(Sat) 8 Dec 1979 (49),Swansea City AFC (19),1-0,?,Charlton Athletic FC (19)
?,(Sat) 8 Dec 1979 (49),West Ham United FC (19),2-1,?,Bristol Rovers FC (19)
?,(Sat) 8 Dec 1979 (49),Sunderland AFC (19),2-1,?,Cardiff City FC (19)
?,(Sat) 8 Dec 1979 (49),Notts County FC (19),1-1,?,Birmingham City FC (19)
?,(Sat) 8 Dec 1979 (49),Preston North End FC (19),2-2,?,Cambridge United FC (19)
?,(Sat) 15 Dec 1979 (50),Chelsea FC (20),3-0,?,Swansea City AFC (20)
?,(Sat) 15 Dec 1979 (50),Watford FC (20),1-1,?,Sunderland AFC (20)
?,(Sat) 15 Dec 1979 (50),Charlton Athletic FC (20),2-0,?,Leicester City FC (20)
?,(Sat) 15 Dec 1979 (50),Cardiff City FC (20),0-2,?,Preston North End FC (20)
?,(Sat) 15 Dec 1979 (50),Cambridge United FC (20),4-0,?,Fulham FC (20)
?,(Sat) 15 Dec 1979 (50),Bristol Rovers FC (20),2-0,?,Oldham Athletic AFC (20)
?,(Sat) 15 Dec 1979 (50),Birmingham City FC (20),2-0,?,Burnley FC (20)
?,(Sat) 15 Dec 1979 (50),Wrexham AFC (20),3-1,?,Luton Town FC (20)
?,(Sat) 15 Dec 1979 (50),Shrewsbury Town FC (20),3-0,?,West Ham United FC (20)
?,(Sat) 15 Dec 1979 (50),Newcastle United FC (21),4-2,?,Queens Park Rangers FC (20)
?,(Sat) 15 Dec 1979 (50),Leyton Orient FC (21),1-0,?,Notts County FC (20)
?,(Tue) 18 Dec 1979 (51),Queens Park Rangers FC (21),2-2,?,Chelsea FC (21)
?,(Fri) 21 Dec 1979 (51),Luton Town FC (21),3-0,?,Charlton Athletic FC (21)
?,(Fri) 21 Dec 1979 (51),Preston North End FC (21),1-2,?,Watford FC (21)
?,(Fri) 21 Dec 1979 (51),Oldham Athletic AFC (21),1-0,?,Birmingham City FC (21)
?,(Fri) 21 Dec 1979 (51),Leicester City FC (21),0-0,?,Cardiff City FC (21)
?,(Fri) 21 Dec 1979 (51),Burnley FC (21),1-0,?,Wrexham AFC (21)
?,(Fri) 21 Dec 1979 (51),West Ham United FC (21),3-1,?,Cambridge United FC (21)
?,(Fri) 21 Dec 1979 (51),Swansea City AFC (21),0-1,?,Leyton Orient FC (22)
?,(Fri) 21 Dec 1979 (51),Sunderland AFC (21),2-1,?,Shrewsbury Town FC (21)
?,(Sat) 22 Dec 1979 (51),Notts County FC (21),2-2,?,Newcastle United FC (22)
?,(Wed) 26 Dec 1979 (52),Cambridge United FC (22),3-3,?,Oldham Athletic AFC (22)
?,(Wed) 26 Dec 1979 (52),Charlton Athletic FC (22),0-0,?,Notts County FC (22)
?,(Wed) 26 Dec 1979 (52),Burnley FC (22),3-2,?,Newcastle United FC (23)
?,(Wed) 26 Dec 1979 (52),Watford FC (22),0-1,?,Luton Town FC (22)
?,(Wed) 26 Dec 1979 (52),Bristol Rovers FC (21),4-1,?,Swansea City AFC (22)
?,(Wed) 26 Dec 1979 (52),Chelsea FC (22),1-0,?,Leicester City FC (22)
?,(Wed) 26 Dec 1979 (52),Cardiff City FC (22),1-0,?,Fulham FC (21)
?,(Wed) 26 Dec 1979 (52),Sunderland AFC (22),1-1,?,Wrexham AFC (22)
?,(Wed) 26 Dec 1979 (52),Preston North End FC (22),3-0,?,Shrewsbury Town FC (22)
?,(Sat) 29 Dec 1979 (52),Leicester City FC (23),2-0,?,Queens Park Rangers FC (22)
?,(Sat) 29 Dec 1979 (52),Newcastle United FC (24),2-0,?,Charlton Athletic FC (23)
?,(Sat) 29 Dec 1979 (52),Shrewsbury Town FC (23),3-1,?,Bristol Rovers FC (22)
?,(Sat) 29 Dec 1979 (52),Watford FC (23),0-0,?,Cambridge United FC (23)
?,(Sat) 29 Dec 1979 (52),Fulham FC (22),0-1,?,Sunderland AFC (23)
?,(Sat) 29 Dec 1979 (52),Birmingham City FC (22),2-1,?,Cardiff City FC (23)
?,(Sat) 29 Dec 1979 (52),Leyton Orient FC (23),2-2,?,Luton Town FC (23)
?,(Sat) 29 Dec 1979 (52),Notts County FC (23),2-3,?,Burnley FC (23)
?,(Sat) 29 Dec 1979 (52),Swansea City AFC (23),1-0,?,Preston North End FC (23)
?,(Sat) 29 Dec 1979 (52),Wrexham AFC (23),2-0,?,Chelsea FC (23)
?,(Tue) 1 Jan 1980 (0),Birmingham City FC (23),2-1,?,Queens Park Rangers FC (23)
?,(Tue) 1 Jan 1980 (0),Leicester City FC (24),3-0,?,Bristol Rovers FC (23)
?,(Tue) 1 Jan 1980 (0),Wrexham AFC (24),2-0,?,Preston North End FC (24)
?,(Tue) 1 Jan 1980 (0),Luton Town FC (24),3-3,?,Chelsea FC (24)
?,(Tue) 1 Jan 1980 (0),Newcastle United FC (25),3-1,?,Sunderland AFC (24)
?,(Tue) 1 Jan 1980 (0),Notts County FC (24),0-0,?,Cambridge United FC (24)
?,(Tue) 1 Jan 1980 (0),Shrewsbury Town FC (24),2-0,?,Burnley FC (24)
?,(Tue) 1 Jan 1980 (0),Swansea City AFC (24),2-1,?,Cardiff City FC (24)
?,(Tue) 1 Jan 1980 (0),Leyton Orient FC (24),0-4,?,West Ham United FC (22)
?,(Sat) 12 Jan 1980 (1),West Ham United FC (23),1-1,?,Watford FC (24)
?,(Sat) 12 Jan 1980 (1),Luton Town FC (25),0-0,?,Leicester City FC (25)
?,(Sat) 12 Jan 1980 (1),Burnley FC (25),0-0,?,Swansea City AFC (25)
?,(Sat) 12 Jan 1980 (1),Charlton Athletic FC (24),0-1,?,Leyton Orient FC (25)
?,(Sat) 12 Jan 1980 (1),Cambridge United FC (25),2-0,?,Shrewsbury Town FC (25)
?,(Sat) 12 Jan 1980 (1),Sunderland AFC (25),4-2,?,Oldham Athletic AFC (23)
?,(Sat) 12 Jan 1980 (1),Queens Park Rangers FC (24),1-3,?,Notts County FC (25)
?,(Sat) 12 Jan 1980 (1),Preston North End FC (25),3-2,?,Fulham FC (23)
?,(Sat) 12 Jan 1980 (1),Chelsea FC (25),4-0,?,Newcastle United FC (26)
?,(Sat) 12 Jan 1980 (1),Cardiff City FC (25),1-0,?,Wrexham AFC (25)
?,(Sat) 12 Jan 1980 (1),Bristol Rovers FC (24),1-0,?,Birmingham City FC (24)
?,(Sat) 19 Jan 1980 (2),Watford FC (25),0-0,?,Bristol Rovers FC (25)
?,(Sat) 19 Jan 1980 (2),Shrewsbury Town FC (26),1-2,?,Cardiff City FC (26)
?,(Sat) 19 Jan 1980 (2),West Ham United FC (24),2-0,?,Preston North End FC (26)
?,(Sat) 19 Jan 1980 (2),Notts County FC (26),0-1,?,Leicester City FC (26)
?,(Sat) 19 Jan 1980 (2),Wrexham AFC (26),3-2,?,Charlton Athletic FC (25)
?,(Sat) 19 Jan 1980 (2),Fulham FC (24),0-2,?,Queens Park Rangers FC (25)
?,(Sat) 19 Jan 1980 (2),Cambridge United FC (26),3-3,?,Sunderland AFC (26)
?,(Sat) 2 Feb 1980 (4),Queens Park Rangers FC (26),3-2,?,Swansea City AFC (26)
?,(Sat) 2 Feb 1980 (4),Preston North End FC (27),0-1,?,Oldham Athletic AFC (24)
?,(Sat) 2 Feb 1980 (4),Charlton Athletic FC (26),0-1,?,Birmingham City FC (25)
?,(Sat) 2 Feb 1980 (4),Cardiff City FC (27),1-0,?,Watford FC (26)
?,(Sat) 2 Feb 1980 (4),Leicester City FC (27),1-0,?,Newcastle United FC (27)
?,(Sat) 2 Feb 1980 (4),Bristol Rovers FC (26),0-0,?,Cambridge United FC (27)
?,(Sat) 2 Feb 1980 (4),Burnley FC (26),2-1,?,Fulham FC (25)
?,(Sat) 2 Feb 1980 (4),Leyton Orient FC (26),4-0,?,Wrexham AFC (27)
?,(Sat) 2 Feb 1980 (4),Chelsea FC (26),2-4,?,Shrewsbury Town FC (27)
?,(Sat) 2 Feb 1980 (4),Luton Town FC (26),2-1,?,Notts County FC (27)
?,(Sat) 9 Feb 1980 (5),Oldham Athletic AFC (25),2-1,?,Luton Town FC (27)
?,(Sat) 9 Feb 1980 (5),Shrewsbury Town FC (28),3-1,?,Charlton Athletic FC (27)
?,(Sat) 9 Feb 1980 (5),Sunderland AFC (27),5-0,?,Burnley FC (27)
?,(Sat) 9 Feb 1980 (5),Birmingham City FC (26),3-1,?,Leyton Orient FC (27)
?,(Sat) 9 Feb 1980 (5),Wrexham AFC (28),1-0,?,Newcastle United FC (28)
?,(Sat) 9 Feb 1980 (5),Fulham FC (26),0-0,?,Leicester City FC (28)
?,(Sat) 9 Feb 1980 (5),Swansea City AFC (27),0-1,?,Notts County FC (28)
?,(Sat) 9 Feb 1980 (5),West Ham United FC (25),2-1,?,Queens Park Rangers FC (27)
?,(Sat) 9 Feb 1980 (5),Watford FC (27),2-3,?,Chelsea FC (27)
?,(Sat) 9 Feb 1980 (5),Cambridge United FC (28),2-0,?,Cardiff City FC (28)
?,(Tue) 12 Feb 1980 (6),Queens Park Rangers FC (28),0-0,?,Leyton Orient FC (28)
?,(Sat) 16 Feb 1980 (6),Leyton Orient FC (29),0-1,?,Shrewsbury Town FC (29)
?,(Sat) 16 Feb 1980 (6),Queens Park Rangers FC (29),4-3,?,Oldham Athletic AFC (26)
?,(Sat) 16 Feb 1980 (6),Cardiff City FC (29),0-1,?,Bristol Rovers FC (27)
?,(Sat) 16 Feb 1980 (6),Preston North End FC (28),2-1,?,Sunderland AFC (28)
?,(Sat) 16 Feb 1980 (6),Luton Town FC (28),4-0,?,Fulham FC (27)
?,(Sat) 16 Feb 1980 (6),Chelsea FC (28),1-1,?,Cambridge United FC (29)
?,(Tue) 19 Feb 1980 (7),Oldham Athletic AFC (27),1-1,?,Watford FC (28)
?,(Tue) 19 Feb 1980 (7),Burnley FC (28),0-1,?,West Ham United FC (26)
?,(Wed) 20 Feb 1980 (7),Leicester City FC (29),1-1,?,Swansea City AFC (28)
?,(Wed) 20 Feb 1980 (7),Newcastle United FC (29),0-0,?,Birmingham City FC (27)
?,(Sat) 23 Feb 1980 (7),Preston North End FC (29),0-3,?,Queens Park Rangers FC (30)
?,(Sat) 23 Feb 1980 (7),Shrewsbury Town FC (30),3-1,?,Newcastle United FC (30)
?,(Sat) 23 Feb 1980 (7),Fulham FC (28),1-2,?,Swansea City AFC (29)
?,(Sat) 23 Feb 1980 (7),Sunderland AFC (29),1-0,?,Luton Town FC (29)
?,(Sat) 23 Feb 1980 (7),Cambridge United FC (30),1-0,?,Charlton Athletic FC (28)
?,(Sat) 23 Feb 1980 (7),West Ham United FC (27),3-1,?,Leicester City FC (30)
?,(Sat) 23 Feb 1980 (7),Oldham Athletic AFC (28),1-0,?,Notts County FC (29)
?,(Sat) 23 Feb 1980 (7),Watford FC (29),0-3,?,Leyton Orient FC (30)
?,(Sat) 23 Feb 1980 (7),Bristol Rovers FC (28),3-0,?,Chelsea FC (29)
?,(Sat) 23 Feb 1980 (7),Birmingham City FC (28),2-0,?,Wrexham AFC (29)
?,(Sat) 23 Feb 1980 (7),Cardiff City FC (30),2-1,?,Burnley FC (29)
?,(Tue) 26 Feb 1980 (8),Fulham FC (29),1-1,?,Bristol Rovers FC (29)
?,(Tue) 26 Feb 1980 (8),Charlton Athletic FC (29),0-0,?,Watford FC (30)
?,(Tue) 26 Feb 1980 (8),Notts County FC (30),1-1,?,Wrexham AFC (30)
?,(Fri) 29 Feb 1980 (8),Swansea City AFC (30),0-1,?,Birmingham City FC (29)
?,(Sat) 1 Mar 1980 (8),Burnley FC (30),1-1,?,Preston North End FC (30)
?,(Sat) 1 Mar 1980 (8),Notts County FC (31),1-1,?,Fulham FC (30)
?,(Sat) 1 Mar 1980 (8),Leyton Orient FC (31),2-0,?,Cambridge United FC (31)
?,(Sat) 1 Mar 1980 (8),Leicester City FC (31),0-1,?,Oldham Athletic AFC (29)
?,(Sat) 1 Mar 1980 (8),Newcastle United FC (31),0-2,?,Watford FC (31)
?,(Sat) 1 Mar 1980 (8),Luton Town FC (30),1-1,?,West Ham United FC (28)
?,(Sat) 1 Mar 1980 (8),Wrexham AFC (31),0-1,?,Shrewsbury Town FC (31)
?,(Sat) 1 Mar 1980 (8),Chelsea FC (30),1-0,?,Cardiff City FC (31)
?,(Sat) 1 Mar 1980 (8),Queens Park Rangers FC (31),0-0,?,Sunderland AFC (30)
?,(Sat) 1 Mar 1980 (8),Charlton Athletic FC (30),4-0,?,Bristol Rovers FC (30)
?,(Tue) 4 Mar 1980 (9),Swansea City AFC (31),2-0,?,Luton Town FC (31)
?,(Tue) 4 Mar 1980 (9),Oldham Athletic AFC (30),2-1,?,Burnley FC (31)
?,(Sat) 8 Mar 1980 (9),Cardiff City FC (32),3-1,?,Charlton Athletic FC (31)
?,(Sat) 8 Mar 1980 (9),Shrewsbury Town FC (32),1-0,?,Birmingham City FC (30)
?,(Sat) 8 Mar 1980 (9),Oldham Athletic AFC (31),4-1,?,Swansea City AFC (32)
?,(Sat) 8 Mar 1980 (9),Fulham FC (31),1-2,?,Chelsea FC (31)
?,(Sat) 8 Mar 1980 (9),Sunderland AFC (31),0-0,?,Leicester City FC (32)
?,(Sat) 8 Mar 1980 (9),Preston North End FC (31),1-1,?,Luton Town FC (32)
?,(Sat) 8 Mar 1980 (9),Burnley FC (32),0-3,?,Queens Park Rangers FC (32)
?,(Sat) 8 Mar 1980 (9),Cambridge United FC (32),0-0,?,Newcastle United FC (32)
?,(Sat) 8 Mar 1980 (9),Bristol Rovers FC (31),1-2,?,Leyton Orient FC (32)
?,(Tue) 11 Mar 1980 (10),West Ham United FC (29),1-2,?,Notts County FC (32)
?,(Tue) 11 Mar 1980 (10),Birmingham City FC (31),5-1,?,Chelsea FC (32)
?,(Tue) 11 Mar 1980 (10),Bristol Rovers FC (32),3-3,?,Preston North End FC (32)
?,(Fri) 14 Mar 1980 (10),Queens Park Rangers FC (33),1-1,?,Watford FC (32)
?,(Fri) 14 Mar 1980 (10),Swansea City AFC (33),2-4,?,Cambridge United FC (33)
?,(Fri) 14 Mar 1980 (10),Luton Town FC (33),1-2,?,Cardiff City FC (33)
?,(Fri) 14 Mar 1980 (10),Leyton Orient FC (33),1-1,?,Oldham Athletic AFC (32)
?,(Sat) 15 Mar 1980 (10),Charlton Athletic FC (32),0-4,?,Sunderland AFC (32)
?,(Sat) 15 Mar 1980 (10),Leicester City FC (33),2-0,?,Shrewsbury Town FC (33)
?,(Sat) 15 Mar 1980 (10),Chelsea FC (33),2-1,?,Burnley FC (33)
?,(Sat) 15 Mar 1980 (10),Birmingham City FC (32),2-2,?,Preston North End FC (33)
?,(Sat) 15 Mar 1980 (10),Wrexham AFC (32),1-1,?,Fulham FC (32)
?,(Sat) 15 Mar 1980 (10),Newcastle United FC (33),0-0,?,West Ham United FC (30)
?,(Sat) 15 Mar 1980 (10),Notts County FC (33),0-0,?,Bristol Rovers FC (33)
?,(Tue) 18 Mar 1980 (11),Watford FC (33),3-1,?,Wrexham AFC (33)
?,(Sat) 22 Mar 1980 (11),Preston North End FC (34),2-0,?,Notts County FC (34)
?,(Sat) 22 Mar 1980 (11),Cardiff City FC (34),1-1,?,Newcastle United FC (34)
?,(Sat) 22 Mar 1980 (11),Watford FC (34),0-1,?,Shrewsbury Town FC (34)
?,(Sat) 22 Mar 1980 (11),Oldham Athletic AFC (33),4-3,?,Charlton Athletic FC (33)
?,(Sat) 22 Mar 1980 (11),Cambridge United FC (34),2-1,?,Birmingham City FC (33)
?,(Sat) 22 Mar 1980 (11),Sunderland AFC (33),1-1,?,Swansea City AFC (34)
?,(Sat) 22 Mar 1980 (11),Chelsea FC (34),1-0,?,Leyton Orient FC (34)
?,(Sat) 22 Mar 1980 (11),Burnley FC (34),1-2,?,Leicester City FC (34)
?,(Sat) 22 Mar 1980 (11),Queens Park Rangers FC (34),2-2,?,Luton Town FC (34)
?,(Sat) 22 Mar 1980 (11),Bristol Rovers FC (34),1-0,?,Wrexham AFC (34)
?,(Sat) 22 Mar 1980 (11),West Ham United FC (31),2-3,?,Fulham FC (33)
?,(Fri) 28 Mar 1980 (12),Fulham FC (34),0-1,?,Oldham Athletic AFC (34)
?,(Sat) 29 Mar 1980 (12),Luton Town FC (35),1-1,?,Burnley FC (35)
?,(Sat) 29 Mar 1980 (12),Shrewsbury Town FC (35),3-0,?,Queens Park Rangers FC (35)
?,(Sat) 29 Mar 1980 (12),Birmingham City FC (34),2-0,?,Watford FC (35)
?,(Sat) 29 Mar 1980 (12),Wrexham AFC (35),1-0,?,Cambridge United FC (35)
?,(Sat) 29 Mar 1980 (12),Newcastle United FC (35),3-1,?,Bristol Rovers FC (35)
?,(Sat) 29 Mar 1980 (12),Leicester City FC (35),1-2,?,Preston North End FC (35)
?,(Sat) 29 Mar 1980 (12),Notts County FC (35),0-1,?,Sunderland AFC (34)
?,(Sat) 29 Mar 1980 (12),Leyton Orient FC (35),1-1,?,Cardiff City FC (35)
?,(Sat) 29 Mar 1980 (12),Charlton Athletic FC (34),1-2,?,Chelsea FC (35)
?,(Sat) 29 Mar 1980 (12),Swansea City AFC (35),2-1,?,West Ham United FC (32)
?,(Tue) 1 Apr 1980 (13),Shrewsbury Town FC (36),1-3,?,Preston North End FC (36)
?,(Tue) 1 Apr 1980 (13),Cambridge United FC (36),2-0,?,West Ham United FC (33)
?,(Tue) 1 Apr 1980 (13),Birmingham City FC (35),2-0,?,Oldham Athletic AFC (35)
?,(Wed) 2 Apr 1980 (13),Chelsea FC (36),0-2,?,Queens Park Rangers FC (36)
?,(Wed) 2 Apr 1980 (13),Newcastle United FC (36),2-2,?,Notts County FC (36)
?,(Fri) 4 Apr 1980 (13),Bristol Rovers FC (36),1-0,?,Fulham FC (35)
?,(Fri) 4 Apr 1980 (13),Charlton Athletic FC (35),1-4,?,Luton Town FC (36)
?,(Fri) 4 Apr 1980 (13),Wrexham AFC (36),1-0,?,Burnley FC (36)
?,(Sat) 5 Apr 1980 (13),Preston North End FC (37),0-0,?,Wrexham AFC (37)
?,(Sat) 5 Apr 1980 (13),Queens Park Rangers FC (37),1-1,?,Birmingham City FC (36)
?,(Sat) 5 Apr 1980 (13),Leicester City FC (36),1-0,?,Chelsea FC (37)
?,(Sat) 5 Apr 1980 (13),Notts County FC (37),0-0,?,Charlton Athletic FC (36)
?,(Sat) 5 Apr 1980 (13),West Ham United FC (34),2-0,?,Leyton Orient FC (36)
?,(Sat) 5 Apr 1980 (13),Oldham Athletic AFC (36),1-1,?,Cambridge United FC (37)
?,(Sat) 5 Apr 1980 (13),Swansea City AFC (36),2-0,?,Bristol Rovers FC (37)
?,(Sat) 5 Apr 1980 (13),Luton Town FC (37),1-0,?,Watford FC (36)
?,(Sat) 5 Apr 1980 (13),Sunderland AFC (35),1-0,?,Newcastle United FC (37)
?,(Sat) 5 Apr 1980 (13),Burnley FC (37),0-0,?,Shrewsbury Town FC (37)
?,(Mon) 7 Apr 1980 (14),Newcastle United FC (38),1-1,?,Burnley FC (38)
?,(Mon) 7 Apr 1980 (14),Cardiff City FC (36),1-0,?,Swansea City AFC (37)
?,(Mon) 7 Apr 1980 (14),Birmingham City FC (37),0-0,?,West Ham United FC (35)
?,(Mon) 7 Apr 1980 (14),Chelsea FC (38),1-1,?,Luton Town FC (38)
?,(Mon) 7 Apr 1980 (14),Wrexham AFC (38),0-1,?,Sunderland AFC (36)
?,(Mon) 7 Apr 1980 (14),Watford FC (37),1-0,?,Oldham Athletic AFC (37)
?,(Tue) 8 Apr 1980 (14),Leyton Orient FC (37),1-1,?,Queens Park Rangers FC (38)
?,(Tue) 8 Apr 1980 (14),Shrewsbury Town FC (38),1-2,?,Sunderland AFC (37)
?,(Tue) 8 Apr 1980 (14),Cardiff City FC (37),0-1,?,Leicester City FC (37)
?,(Tue) 8 Apr 1980 (14),Cambridge United FC (38),2-3,?,Notts County FC (38)
?,(Tue) 8 Apr 1980 (14),Charlton Athletic FC (37),0-1,?,Fulham FC (36)
?,(Wed) 9 Apr 1980 (14),Watford FC (38),0-0,?,Preston North End FC (38)
?,(Sat) 12 Apr 1980 (14),Notts County FC (39),1-2,?,Watford FC (39)
?,(Sat) 12 Apr 1980 (14),Queens Park Rangers FC (39),2-2,?,Cambridge United FC (39)
?,(Sat) 12 Apr 1980 (14),Swansea City AFC (38),1-0,?,Wrexham AFC (39)
?,(Sat) 12 Apr 1980 (14),Oldham Athletic AFC (38),0-3,?,Cardiff City FC (38)
?,(Sat) 12 Apr 1980 (14),Fulham FC (37),1-0,?,Newcastle United FC (39)
?,(Sat) 12 Apr 1980 (14),Burnley FC (39),1-1,?,Bristol Rovers FC (38)
?,(Sat) 12 Apr 1980 (14),Preston North End FC (39),1-1,?,Chelsea FC (39)
?,(Sat) 12 Apr 1980 (14),Sunderland AFC (38),1-1,?,Leyton Orient FC (38)
?,(Sat) 12 Apr 1980 (14),Leicester City FC (38),2-1,?,Birmingham City FC (38)
?,(Sat) 12 Apr 1980 (14),Luton Town FC (39),0-0,?,Shrewsbury Town FC (39)
?,(Tue) 15 Apr 1980 (15),Fulham FC (38),2-1,?,Cardiff City FC (39)
?,(Sat) 19 Apr 1980 (15),Charlton Athletic FC (38),2-2,?,Queens Park Rangers FC (40)
?,(Sat) 19 Apr 1980 (15),Wrexham AFC (40),0-1,?,Leicester City FC (39)
?,(Sat) 19 Apr 1980 (15),Bristol Rovers FC (39),2-2,?,Sunderland AFC (39)
?,(Sat) 19 Apr 1980 (15),Chelsea FC (40),1-0,?,Notts County FC (40)
?,(Sat) 19 Apr 1980 (15),Watford FC (40),4-0,?,Fulham FC (39)
?,(Sat) 19 Apr 1980 (15),Newcastle United FC (40),1-3,?,Swansea City AFC (39)
?,(Sat) 19 Apr 1980 (15),Cambridge United FC (40),3-1,?,Burnley FC (40)
?,(Sat) 19 Apr 1980 (15),Birmingham City FC (39),1-0,?,Luton Town FC (40)
?,(Sat) 19 Apr 1980 (15),Cardiff City FC (40),0-1,?,West Ham United FC (36)
?,(Sat) 19 Apr 1980 (15),Leyton Orient FC (39),2-2,?,Preston North End FC (40)
?,(Sat) 19 Apr 1980 (15),Shrewsbury Town FC (40),0-1,?,Oldham Athletic AFC (39)
?,(Tue) 22 Apr 1980 (16),Fulham FC (40),1-0,?,Charlton Athletic FC (39)
?,(Tue) 22 Apr 1980 (16),West Ham United FC (37),1-2,?,Birmingham City FC (40)
?,(Wed) 23 Apr 1980 (16),Bristol Rovers FC (40),1-1,?,Leicester City FC (40)
?,(Sat) 26 Apr 1980 (16),Sunderland AFC (40),5-0,?,Watford FC (41)
?,(Sat) 26 Apr 1980 (16),Fulham FC (41),1-2,?,Cambridge United FC (41)
?,(Sat) 26 Apr 1980 (16),Swansea City AFC (40),1-1,?,Chelsea FC (41)
?,(Sat) 26 Apr 1980 (16),Leicester City FC (41),2-1,?,Charlton Athletic FC (40)
?,(Sat) 26 Apr 1980 (16),Luton Town FC (41),2-0,?,Wrexham AFC (41)
?,(Sat) 26 Apr 1980 (16),West Ham United FC (38),1-3,?,Shrewsbury Town FC (41)
?,(Sat) 26 Apr 1980 (16),Notts County FC (41),1-1,?,Leyton Orient FC (40)
?,(Sat) 26 Apr 1980 (16),Queens Park Rangers FC (41),2-1,?,Newcastle United FC (41)
?,(Sat) 26 Apr 1980 (16),Preston North End FC (41),2-0,?,Cardiff City FC (41)
?,(Sat) 26 Apr 1980 (16),Oldham Athletic AFC (40),2-1,?,Bristol Rovers FC (41)
?,(Sat) 26 Apr 1980 (16),Burnley FC (41),0-0,?,Birmingham City FC (41)
?,(Tue) 29 Apr 1980 (17),Oldham Athletic AFC (41),0-0,?,West Ham United FC (39)
?,(Wed) 30 Apr 1980 (17),Leyton Orient FC (41),0-0,?,Swansea City AFC (41)
?,(Sat) 3 May 1980 (17),Chelsea FC (42),3-0,?,Oldham Athletic AFC (42)
?,(Sat) 3 May 1980 (17),Bristol Rovers FC (42),0-2,?,West Ham United FC (40)
?,(Sat) 3 May 1980 (17),Cardiff City FC (42),1-1,?,Sunderland AFC (41)
?,(Sat) 3 May 1980 (17),Shrewsbury Town FC (42),5-2,?,Fulham FC (42)
?,(Sat) 3 May 1980 (17),Newcastle United FC (42),2-2,?,Luton Town FC (42)
?,(Sat) 3 May 1980 (17),Birmingham City FC (42),3-3,?,Notts County FC (42)
?,(Sat) 3 May 1980 (17),Watford FC (42),4-0,?,Burnley FC (42)
?,(Sat) 3 May 1980 (17),Leyton Orient FC (42),0-1,?,Leicester City FC (42)
?,(Sat) 3 May 1980 (17),Cambridge United FC (42),3-2,?,Preston North End FC (42)
?,(Sat) 3 May 1980 (17),Charlton Athletic FC (41),1-2,?,Swansea City AFC (42)
?,(Sat) 3 May 1980 (17),Wrexham AFC (42),1-3,?,Queens Park Rangers FC (42)
?,(Mon) 5 May 1980 (18),West Ham United FC (41),4-1,?,Charlton Athletic FC (42)
?,(Mon) 12 May 1980 (19),Sunderland AFC (42),2-0,?,West Ham United FC (42)
