Round,Date,Team 1,FT,HT,Team 2
?,(Sat) 18 Aug 1979 (33),Doncaster Rovers FC (1),2-1,?,Northampton Town FC (1)
?,(Sat) 18 Aug 1979 (33),Torquay United FC (1),3-0,?,Scunthorpe United FC (1)
?,(Sat) 18 Aug 1979 (33),Newport County AFC (1),2-1,?,Port Vale FC (1)
?,(Sat) 18 Aug 1979 (33),Lincoln City FC (1),0-1,?,Peterborough United FC (1)
?,(Sat) 18 Aug 1979 (33),Tranmere Rovers FC (1),2-0,?,FC Halifax Town (1)
?,(Sat) 18 Aug 1979 (33),Rochdale AFC (1),0-2,?,AFC Bournemouth (1)
?,(Sat) 18 Aug 1979 (33),Darlington FC (1),2-2,?,Wigan Athletic FC (1)
?,(Sat) 18 Aug 1979 (33),Bradford City AFC (1),4-0,?,Crewe Alexandra FC (1)
?,(Sat) 18 Aug 1979 (33),Hereford United FC (1924-2014) (1),3-1,?,York City FC (1)
?,(Sat) 18 Aug 1979 (33),Hartlepool United FC (1),0-3,?,Portsmouth FC (1)
?,(Sat) 18 Aug 1979 (33),Huddersfield Town AFC (1),2-0,?,Aldershot Town FC (1)
?,(Sat) 18 Aug 1979 (33),Walsall FC (1),2-1,?,Stockport County FC (1)
?,(Mon) 20 Aug 1979 (34),Port Vale FC (2),0-1,?,Hereford United FC (1924-2014) (2)
?,(Mon) 20 Aug 1979 (34),Stockport County FC (2),1-1,?,Rochdale AFC (2)
?,(Tue) 21 Aug 1979 (34),Aldershot Town FC (2),0-1,?,Newport County AFC (2)
?,(Tue) 21 Aug 1979 (34),Scunthorpe United FC (2),1-3,?,Hartlepool United FC (2)
?,(Tue) 21 Aug 1979 (34),FC Halifax Town (2),1-1,?,Doncaster Rovers FC (2)
?,(Tue) 21 Aug 1979 (34),Portsmouth FC (2),3-0,?,Torquay United FC (2)
?,(Tue) 21 Aug 1979 (34),York City FC (2),3-1,?,Darlington FC (2)
?,(Tue) 21 Aug 1979 (34),AFC Bournemouth (2),1-1,?,Walsall FC (2)
?,(Wed) 22 Aug 1979 (34),Wigan Athletic FC (2),1-2,?,Huddersfield Town AFC (2)
?,(Wed) 22 Aug 1979 (34),Northampton Town FC (2),1-2,?,Bradford City AFC (2)
?,(Wed) 22 Aug 1979 (34),Peterborough United FC (2),1-2,?,Tranmere Rovers FC (2)
?,(Wed) 22 Aug 1979 (34),Crewe Alexandra FC (2),0-2,?,Lincoln City FC (2)
?,(Fri) 24 Aug 1979 (34),Crewe Alexandra FC (3),2-2,?,Torquay United FC (3)
?,(Fri) 24 Aug 1979 (34),Rochdale AFC (3),1-0,?,Hartlepool United FC (3)
?,(Sat) 25 Aug 1979 (34),Hereford United FC (1924-2014) (3),1-0,?,Darlington FC (3)
?,(Sat) 25 Aug 1979 (34),York City FC (3),0-2,?,Lincoln City FC (3)
?,(Sat) 25 Aug 1979 (34),Portsmouth FC (3),6-1,?,Scunthorpe United FC (3)
?,(Sat) 25 Aug 1979 (34),Stockport County FC (3),1-2,?,Wigan Athletic FC (3)
?,(Sat) 25 Aug 1979 (34),Huddersfield Town AFC (3),3-0,?,Doncaster Rovers FC (3)
?,(Sat) 25 Aug 1979 (34),Bradford City AFC (3),2-0,?,Tranmere Rovers FC (3)
?,(Sat) 25 Aug 1979 (34),Northampton Town FC (3),1-2,?,Walsall FC (3)
?,(Sat) 25 Aug 1979 (34),AFC Bournemouth (3),3-2,?,Newport County AFC (3)
?,(Sat) 25 Aug 1979 (34),Aldershot Town FC (3),3-1,?,Port Vale FC (3)
?,(Sat) 25 Aug 1979 (34),Peterborough United FC (3),2-1,?,FC Halifax Town (3)
?,(Fri) 31 Aug 1979 (35),Darlington FC (4),3-1,?,Rochdale AFC (4)
?,(Fri) 31 Aug 1979 (35),Tranmere Rovers FC (4),0-1,?,Stockport County FC (4)
?,(Sat) 1 Sep 1979 (35),Newport County AFC (4),2-0,?,York City FC (4)
?,(Sat) 1 Sep 1979 (35),Hartlepool United FC (4),1-0,?,Aldershot Town FC (4)
?,(Sat) 1 Sep 1979 (35),Port Vale FC (4),0-1,?,Peterborough United FC (4)
?,(Sat) 1 Sep 1979 (35),Scunthorpe United FC (4),2-1,?,AFC Bournemouth (4)
?,(Sat) 1 Sep 1979 (35),FC Halifax Town (4),3-1,?,Crewe Alexandra FC (4)
?,(Sat) 1 Sep 1979 (35),Wigan Athletic FC (4),1-2,?,Portsmouth FC (4)
?,(Sat) 1 Sep 1979 (35),Lincoln City FC (4),2-0,?,Huddersfield Town AFC (4)
?,(Sat) 1 Sep 1979 (35),Walsall FC (4),3-2,?,Hereford United FC (1924-2014) (4)
?,(Sat) 1 Sep 1979 (35),Doncaster Rovers FC (4),0-3,?,Bradford City AFC (4)
?,(Sat) 1 Sep 1979 (35),Torquay United FC (4),2-2,?,Northampton Town FC (4)
?,(Fri) 7 Sep 1979 (36),Northampton Town FC (5),0-0,?,FC Halifax Town (5)
?,(Fri) 7 Sep 1979 (36),Crewe Alexandra FC (5),0-2,?,Port Vale FC (5)
?,(Sat) 8 Sep 1979 (36),Rochdale AFC (5),1-1,?,Walsall FC (5)
?,(Sat) 8 Sep 1979 (36),Portsmouth FC (5),1-0,?,Stockport County FC (5)
?,(Sat) 8 Sep 1979 (36),Huddersfield Town AFC (5),2-1,?,Newport County AFC (5)
?,(Sat) 8 Sep 1979 (36),AFC Bournemouth (5),1-2,?,Wigan Athletic FC (5)
?,(Sat) 8 Sep 1979 (36),Hereford United FC (1924-2014) (5),1-2,?,Tranmere Rovers FC (5)
?,(Sat) 8 Sep 1979 (36),Hartlepool United FC (5),3-1,?,Darlington FC (5)
?,(Sat) 8 Sep 1979 (36),Aldershot Town FC (5),2-0,?,Scunthorpe United FC (5)
?,(Sat) 8 Sep 1979 (36),York City FC (5),0-2,?,Peterborough United FC (5)
?,(Sat) 8 Sep 1979 (36),Bradford City AFC (5),1-1,?,Lincoln City FC (5)
?,(Tue) 11 Sep 1979 (37),Doncaster Rovers FC (5),5-3,?,Torquay United FC (5)
?,(Fri) 14 Sep 1979 (37),Stockport County FC (6),1-1,?,AFC Bournemouth (6)
?,(Fri) 14 Sep 1979 (37),Tranmere Rovers FC (6),4-1,?,Portsmouth FC (6)
?,(Fri) 14 Sep 1979 (37),Scunthorpe United FC (6),1-1,?,Huddersfield Town AFC (6)
?,(Sat) 15 Sep 1979 (37),Wigan Athletic FC (6),2-5,?,York City FC (6)
?,(Sat) 15 Sep 1979 (37),Darlington FC (6),0-0,?,Aldershot Town FC (6)
?,(Sat) 15 Sep 1979 (37),Torquay United FC (6),3-0,?,Rochdale AFC (6)
?,(Sat) 15 Sep 1979 (37),Peterborough United FC (6),3-0,?,Crewe Alexandra FC (6)
?,(Sat) 15 Sep 1979 (37),Lincoln City FC (6),1-1,?,Doncaster Rovers FC (6)
?,(Sat) 15 Sep 1979 (37),Walsall FC (6),3-1,?,Hartlepool United FC (6)
?,(Sat) 15 Sep 1979 (37),Newport County AFC (6),1-2,?,Bradford City AFC (6)
?,(Sat) 15 Sep 1979 (37),Port Vale FC (6),5-0,?,Northampton Town FC (6)
?,(Sat) 15 Sep 1979 (37),FC Halifax Town (6),1-0,?,Hereford United FC (1924-2014) (6)
?,(Mon) 17 Sep 1979 (38),Tranmere Rovers FC (7),1-0,?,Doncaster Rovers FC (7)
?,(Mon) 17 Sep 1979 (38),Port Vale FC (7),1-2,?,Bradford City AFC (7)
?,(Mon) 17 Sep 1979 (38),Stockport County FC (7),1-1,?,Darlington FC (7)
?,(Tue) 18 Sep 1979 (38),Portsmouth FC (7),4-0,?,AFC Bournemouth (7)
?,(Tue) 18 Sep 1979 (38),FC Halifax Town (7),1-0,?,Rochdale AFC (7)
?,(Tue) 18 Sep 1979 (38),Newport County AFC (7),2-1,?,Northampton Town FC (7)
?,(Tue) 18 Sep 1979 (38),Walsall FC (7),3-0,?,Lincoln City FC (7)
?,(Tue) 18 Sep 1979 (38),Scunthorpe United FC (7),6-1,?,York City FC (7)
?,(Wed) 19 Sep 1979 (38),Crewe Alexandra FC (7),1-3,?,Huddersfield Town AFC (7)
?,(Wed) 19 Sep 1979 (38),Torquay United FC (7),1-1,?,Hereford United FC (1924-2014) (7)
?,(Wed) 19 Sep 1979 (38),Peterborough United FC (7),1-3,?,Aldershot Town FC (7)
?,(Wed) 19 Sep 1979 (38),Wigan Athletic FC (7),2-1,?,Hartlepool United FC (7)
?,(Sat) 22 Sep 1979 (38),Lincoln City FC (8),3-0,?,Tranmere Rovers FC (8)
?,(Sat) 22 Sep 1979 (38),Hereford United FC (1924-2014) (8),2-1,?,Wigan Athletic FC (8)
?,(Sat) 22 Sep 1979 (38),AFC Bournemouth (8),0-1,?,FC Halifax Town (8)
?,(Sat) 22 Sep 1979 (38),Rochdale AFC (8),1-2,?,Portsmouth FC (8)
?,(Sat) 22 Sep 1979 (38),Hartlepool United FC (8),2-2,?,Torquay United FC (8)
?,(Sat) 22 Sep 1979 (38),York City FC (8),2-2,?,Stockport County FC (8)
?,(Sat) 22 Sep 1979 (38),Northampton Town FC (8),1-0,?,Peterborough United FC (8)
?,(Sat) 22 Sep 1979 (38),Huddersfield Town AFC (8),7-1,?,Port Vale FC (8)
?,(Sat) 22 Sep 1979 (38),Aldershot Town FC (8),3-0,?,Crewe Alexandra FC (8)
?,(Sat) 22 Sep 1979 (38),Doncaster Rovers FC (8),1-3,?,Newport County AFC (8)
?,(Sat) 22 Sep 1979 (38),Bradford City AFC (8),2-0,?,Scunthorpe United FC (8)
?,(Sat) 22 Sep 1979 (38),Darlington FC (8),1-3,?,Walsall FC (8)
?,(Fri) 28 Sep 1979 (39),Stockport County FC (9),1-2,?,Huddersfield Town AFC (9)
?,(Fri) 28 Sep 1979 (39),Scunthorpe United FC (9),0-0,?,Doncaster Rovers FC (9)
?,(Fri) 28 Sep 1979 (39),Tranmere Rovers FC (9),0-5,?,AFC Bournemouth (9)
?,(Sat) 29 Sep 1979 (39),Peterborough United FC (9),2-0,?,Hereford United FC (1924-2014) (9)
?,(Sat) 29 Sep 1979 (39),Portsmouth FC (9),5-2,?,York City FC (9)
?,(Sat) 29 Sep 1979 (39),Torquay United FC (9),4-0,?,Darlington FC (9)
?,(Sat) 29 Sep 1979 (39),Walsall FC (9),1-1,?,Aldershot Town FC (9)
?,(Sat) 29 Sep 1979 (39),Crewe Alexandra FC (9),2-1,?,Northampton Town FC (9)
?,(Sat) 29 Sep 1979 (39),FC Halifax Town (9),2-1,?,Hartlepool United FC (9)
?,(Sat) 29 Sep 1979 (39),Newport County AFC (9),1-1,?,Lincoln City FC (9)
?,(Sat) 29 Sep 1979 (39),Port Vale FC (9),5-1,?,Rochdale AFC (9)
?,(Sat) 29 Sep 1979 (39),Wigan Athletic FC (9),4-1,?,Bradford City AFC (9)
?,(Tue) 2 Oct 1979 (40),AFC Bournemouth (10),0-1,?,Portsmouth FC (10)
?,(Tue) 2 Oct 1979 (40),Darlington FC (10),3-0,?,Stockport County FC (10)
?,(Tue) 2 Oct 1979 (40),Doncaster Rovers FC (10),1-1,?,Tranmere Rovers FC (10)
?,(Tue) 2 Oct 1979 (40),Huddersfield Town AFC (10),3-0,?,Crewe Alexandra FC (10)
?,(Tue) 2 Oct 1979 (40),Northampton Town FC (10),3-2,?,Newport County AFC (10)
?,(Tue) 2 Oct 1979 (40),Bradford City AFC (10),2-0,?,Port Vale FC (10)
?,(Tue) 2 Oct 1979 (40),York City FC (10),2-0,?,Scunthorpe United FC (10)
?,(Tue) 2 Oct 1979 (40),Rochdale AFC (10),2-2,?,FC Halifax Town (10)
?,(Wed) 3 Oct 1979 (40),Hereford United FC (1924-2014) (10),0-0,?,Torquay United FC (10)
?,(Wed) 3 Oct 1979 (40),Lincoln City FC (10),2-2,?,Walsall FC (10)
?,(Fri) 5 Oct 1979 (40),Stockport County FC (11),2-1,?,Hereford United FC (1924-2014) (11)
?,(Sat) 6 Oct 1979 (40),Wigan Athletic FC (10),0-3,?,Torquay United FC (11)
?,(Sat) 6 Oct 1979 (40),Northampton Town FC (11),2-1,?,Tranmere Rovers FC (11)
?,(Sat) 6 Oct 1979 (40),Crewe Alexandra FC (11),1-2,?,Doncaster Rovers FC (11)
?,(Sat) 6 Oct 1979 (40),AFC Bournemouth (11),2-1,?,Hartlepool United FC (10)
?,(Sat) 6 Oct 1979 (40),Peterborough United FC (10),1-3,?,Huddersfield Town AFC (11)
?,(Sat) 6 Oct 1979 (40),Port Vale FC (11),1-2,?,Lincoln City FC (11)
?,(Sat) 6 Oct 1979 (40),Aldershot Town FC (10),3-1,?,Bradford City AFC (11)
?,(Sat) 6 Oct 1979 (40),Portsmouth FC (11),4-3,?,Darlington FC (11)
?,(Sat) 6 Oct 1979 (40),York City FC (11),3-2,?,Rochdale AFC (11)
?,(Sat) 6 Oct 1979 (40),FC Halifax Town (11),2-1,?,Newport County AFC (11)
?,(Sat) 6 Oct 1979 (40),Scunthorpe United FC (11),2-2,?,Walsall FC (11)
?,(Mon) 8 Oct 1979 (41),Tranmere Rovers FC (12),3-0,?,Peterborough United FC (11)
?,(Tue) 9 Oct 1979 (41),Walsall FC (12),0-0,?,AFC Bournemouth (12)
?,(Tue) 9 Oct 1979 (41),Darlington FC (12),2-1,?,York City FC (12)
?,(Tue) 9 Oct 1979 (41),Rochdale AFC (12),0-1,?,Stockport County FC (12)
?,(Tue) 9 Oct 1979 (41),Doncaster Rovers FC (12),2-1,?,FC Halifax Town (12)
?,(Tue) 9 Oct 1979 (41),Huddersfield Town AFC (12),4-0,?,Wigan Athletic FC (11)
?,(Tue) 9 Oct 1979 (41),Newport County AFC (12),4-2,?,Aldershot Town FC (11)
?,(Tue) 9 Oct 1979 (41),Hartlepool United FC (11),3-2,?,Scunthorpe United FC (12)
?,(Wed) 10 Oct 1979 (41),Bradford City AFC (12),3-1,?,Northampton Town FC (12)
?,(Wed) 10 Oct 1979 (41),Hereford United FC (1924-2014) (12),0-0,?,Port Vale FC (12)
?,(Wed) 10 Oct 1979 (41),Torquay United FC (12),2-1,?,Portsmouth FC (12)
?,(Wed) 10 Oct 1979 (41),Lincoln City FC (12),3-0,?,Crewe Alexandra FC (12)
?,(Fri) 12 Oct 1979 (41),York City FC (13),1-1,?,AFC Bournemouth (13)
?,(Fri) 12 Oct 1979 (41),Rochdale AFC (13),0-0,?,Peterborough United FC (12)
?,(Sat) 13 Oct 1979 (41),Hartlepool United FC (12),2-1,?,Port Vale FC (13)
?,(Sat) 13 Oct 1979 (41),Darlington FC (13),1-1,?,FC Halifax Town (13)
?,(Sat) 13 Oct 1979 (41),Aldershot Town FC (12),2-0,?,Northampton Town FC (13)
?,(Sat) 13 Oct 1979 (41),Lincoln City FC (13),4-0,?,Scunthorpe United FC (13)
?,(Sat) 13 Oct 1979 (41),Huddersfield Town AFC (13),1-3,?,Portsmouth FC (13)
?,(Sat) 13 Oct 1979 (41),Hereford United FC (1924-2014) (13),2-0,?,Crewe Alexandra FC (13)
?,(Sat) 13 Oct 1979 (41),Bradford City AFC (13),6-1,?,Stockport County FC (13)
?,(Sat) 13 Oct 1979 (41),Newport County AFC (13),2-0,?,Tranmere Rovers FC (13)
?,(Sat) 13 Oct 1979 (41),Walsall FC (13),1-1,?,Torquay United FC (13)
?,(Sat) 13 Oct 1979 (41),Doncaster Rovers FC (13),3-1,?,Wigan Athletic FC (12)
?,(Fri) 19 Oct 1979 (42),Tranmere Rovers FC (14),1-2,?,York City FC (14)
?,(Fri) 19 Oct 1979 (42),Stockport County FC (14),0-3,?,Doncaster Rovers FC (14)
?,(Sat) 20 Oct 1979 (42),Scunthorpe United FC (14),1-3,?,Newport County AFC (14)
?,(Sat) 20 Oct 1979 (42),Port Vale FC (14),2-0,?,Darlington FC (14)
?,(Sat) 20 Oct 1979 (42),FC Halifax Town (14),2-1,?,Walsall FC (14)
?,(Sat) 20 Oct 1979 (42),Crewe Alexandra FC (14),2-1,?,Rochdale AFC (14)
?,(Sat) 20 Oct 1979 (42),Torquay United FC (14),2-1,?,Aldershot Town FC (13)
?,(Sat) 20 Oct 1979 (42),Portsmouth FC (14),4-1,?,Bradford City AFC (14)
?,(Sat) 20 Oct 1979 (42),Wigan Athletic FC (13),2-1,?,Lincoln City FC (14)
?,(Sat) 20 Oct 1979 (42),Northampton Town FC (14),2-0,?,Hereford United FC (1924-2014) (14)
?,(Sat) 20 Oct 1979 (42),AFC Bournemouth (14),1-3,?,Huddersfield Town AFC (14)
?,(Sat) 20 Oct 1979 (42),Peterborough United FC (13),2-0,?,Hartlepool United FC (13)
?,(Mon) 22 Oct 1979 (43),Port Vale FC (15),0-1,?,Tranmere Rovers FC (15)
?,(Mon) 22 Oct 1979 (43),Stockport County FC (15),0-0,?,Hartlepool United FC (14)
?,(Tue) 23 Oct 1979 (43),Northampton Town FC (15),4-2,?,Huddersfield Town AFC (15)
?,(Tue) 23 Oct 1979 (43),FC Halifax Town (15),0-1,?,Bradford City AFC (15)
?,(Tue) 23 Oct 1979 (43),York City FC (15),1-3,?,Doncaster Rovers FC (15)
?,(Tue) 23 Oct 1979 (43),Portsmouth FC (15),0-2,?,Newport County AFC (15)
?,(Tue) 23 Oct 1979 (43),Aldershot Town FC (14),2-0,?,Lincoln City FC (15)
?,(Tue) 23 Oct 1979 (43),AFC Bournemouth (15),2-2,?,Hereford United FC (1924-2014) (15)
?,(Tue) 23 Oct 1979 (43),Scunthorpe United FC (15),3-0,?,Darlington FC (15)
?,(Wed) 24 Oct 1979 (43),Peterborough United FC (14),2-1,?,Torquay United FC (15)
?,(Wed) 24 Oct 1979 (43),Wigan Athletic FC (14),1-1,?,Rochdale AFC (15)
?,(Wed) 24 Oct 1979 (43),Crewe Alexandra FC (15),1-2,?,Walsall FC (15)
?,(Fri) 26 Oct 1979 (43),Rochdale AFC (16),3-2,?,Northampton Town FC (16)
?,(Fri) 26 Oct 1979 (43),Tranmere Rovers FC (16),1-2,?,Scunthorpe United FC (16)
?,(Fri) 26 Oct 1979 (43),Doncaster Rovers FC (16),2-0,?,Portsmouth FC (16)
?,(Sat) 27 Oct 1979 (43),Darlington FC (16),1-1,?,Peterborough United FC (15)
?,(Sat) 27 Oct 1979 (43),Hartlepool United FC (15),3-1,?,Crewe Alexandra FC (16)
?,(Sat) 27 Oct 1979 (43),Torquay United FC (16),3-0,?,FC Halifax Town (16)
?,(Sat) 27 Oct 1979 (43),Walsall FC (16),2-1,?,Port Vale FC (16)
?,(Sat) 27 Oct 1979 (43),Hereford United FC (1924-2014) (16),0-1,?,Aldershot Town FC (15)
?,(Sat) 27 Oct 1979 (43),Lincoln City FC (16),1-0,?,Stockport County FC (16)
?,(Sat) 27 Oct 1979 (43),Newport County AFC (16),3-2,?,Wigan Athletic FC (15)
?,(Sat) 27 Oct 1979 (43),Huddersfield Town AFC (16),2-2,?,York City FC (16)
?,(Sat) 27 Oct 1979 (43),Bradford City AFC (16),2-2,?,AFC Bournemouth (16)
?,(Tue) 30 Oct 1979 (44),Aldershot Town FC (16),2-0,?,Peterborough United FC (16)
?,(Fri) 2 Nov 1979 (44),Stockport County FC (17),1-0,?,Walsall FC (17)
?,(Sat) 3 Nov 1979 (44),AFC Bournemouth (17),4-0,?,Rochdale AFC (17)
?,(Sat) 3 Nov 1979 (44),Port Vale FC (17),2-0,?,Newport County AFC (17)
?,(Sat) 3 Nov 1979 (44),York City FC (17),3-1,?,Hereford United FC (1924-2014) (17)
?,(Sat) 3 Nov 1979 (44),Aldershot Town FC (17),0-2,?,Huddersfield Town AFC (17)
?,(Sat) 3 Nov 1979 (44),Peterborough United FC (17),3-1,?,Lincoln City FC (17)
?,(Sat) 3 Nov 1979 (44),Scunthorpe United FC (17),1-1,?,Torquay United FC (17)
?,(Sat) 3 Nov 1979 (44),Wigan Athletic FC (16),4-1,?,Darlington FC (17)
?,(Sat) 3 Nov 1979 (44),Northampton Town FC (17),1-0,?,Doncaster Rovers FC (17)
?,(Sat) 3 Nov 1979 (44),Crewe Alexandra FC (17),2-0,?,Bradford City AFC (17)
?,(Sat) 3 Nov 1979 (44),FC Halifax Town (17),0-0,?,Tranmere Rovers FC (17)
?,(Sat) 3 Nov 1979 (44),Portsmouth FC (17),2-1,?,Hartlepool United FC (16)
?,(Tue) 6 Nov 1979 (45),Doncaster Rovers FC (18),2-0,?,York City FC (18)
?,(Tue) 6 Nov 1979 (45),Newport County AFC (18),4-3,?,Portsmouth FC (18)
?,(Tue) 6 Nov 1979 (45),Hartlepool United FC (17),1-2,?,Stockport County FC (18)
?,(Tue) 6 Nov 1979 (45),Huddersfield Town AFC (18),5-0,?,Northampton Town FC (18)
?,(Tue) 6 Nov 1979 (45),Walsall FC (18),1-0,?,Crewe Alexandra FC (18)
?,(Tue) 6 Nov 1979 (45),Rochdale AFC (18),0-2,?,Wigan Athletic FC (17)
?,(Tue) 6 Nov 1979 (45),Darlington FC (18),3-1,?,Scunthorpe United FC (18)
?,(Wed) 7 Nov 1979 (45),Bradford City AFC (18),2-0,?,FC Halifax Town (18)
?,(Wed) 7 Nov 1979 (45),Hereford United FC (1924-2014) (18),2-1,?,AFC Bournemouth (18)
?,(Wed) 7 Nov 1979 (45),Torquay United FC (18),2-0,?,Peterborough United FC (18)
?,(Fri) 9 Nov 1979 (45),Doncaster Rovers FC (19),2-1,?,Peterborough United FC (19)
?,(Sat) 10 Nov 1979 (45),Hartlepool United FC (18),3-0,?,Hereford United FC (1924-2014) (19)
?,(Sat) 10 Nov 1979 (45),Torquay United FC (19),4-3,?,York City FC (19)
?,(Sat) 10 Nov 1979 (45),FC Halifax Town (19),0-0,?,Port Vale FC (18)
?,(Sat) 10 Nov 1979 (45),Darlington FC (19),0-0,?,Northampton Town FC (19)
?,(Sat) 10 Nov 1979 (45),Scunthorpe United FC (19),1-1,?,Stockport County FC (19)
?,(Sat) 10 Nov 1979 (45),Bradford City AFC (19),0-0,?,Huddersfield Town AFC (19)
?,(Sat) 10 Nov 1979 (45),Walsall FC (19),1-1,?,Portsmouth FC (19)
?,(Sat) 10 Nov 1979 (45),Lincoln City FC (18),1-1,?,AFC Bournemouth (19)
?,(Sat) 10 Nov 1979 (45),Newport County AFC (19),1-1,?,Crewe Alexandra FC (19)
?,(Mon) 12 Nov 1979 (46),Tranmere Rovers FC (18),1-1,?,Port Vale FC (19)
?,(Sat) 17 Nov 1979 (46),Wigan Athletic FC (18),4-1,?,Scunthorpe United FC (20)
?,(Sat) 17 Nov 1979 (46),Crewe Alexandra FC (20),0-0,?,Darlington FC (20)
?,(Sat) 17 Nov 1979 (46),Huddersfield Town AFC (20),1-1,?,Tranmere Rovers FC (19)
?,(Sat) 17 Nov 1979 (46),Hereford United FC (1924-2014) (20),1-1,?,Rochdale AFC (19)
?,(Sat) 17 Nov 1979 (46),Stockport County FC (20),0-5,?,Newport County AFC (20)
?,(Sat) 17 Nov 1979 (46),AFC Bournemouth (20),0-0,?,Doncaster Rovers FC (20)
?,(Sat) 17 Nov 1979 (46),Peterborough United FC (20),1-3,?,Walsall FC (20)
?,(Sat) 17 Nov 1979 (46),Port Vale FC (20),1-1,?,Torquay United FC (20)
?,(Sat) 17 Nov 1979 (46),Northampton Town FC (20),2-1,?,Hartlepool United FC (19)
?,(Sat) 17 Nov 1979 (46),York City FC (20),2-2,?,Bradford City AFC (20)
?,(Sat) 17 Nov 1979 (46),Portsmouth FC (20),4-0,?,Lincoln City FC (19)
?,(Sat) 17 Nov 1979 (46),Aldershot Town FC (18),3-1,?,FC Halifax Town (20)
?,(Fri) 30 Nov 1979 (48),Stockport County FC (21),2-1,?,Crewe Alexandra FC (21)
?,(Fri) 30 Nov 1979 (48),Tranmere Rovers FC (20),2-0,?,Torquay United FC (21)
?,(Fri) 30 Nov 1979 (48),Scunthorpe United FC (21),2-0,?,Rochdale AFC (20)
?,(Fri) 30 Nov 1979 (48),Lincoln City FC (20),3-3,?,Hartlepool United FC (20)
?,(Sat) 1 Dec 1979 (48),Portsmouth FC (21),3-1,?,FC Halifax Town (21)
?,(Sat) 1 Dec 1979 (48),Huddersfield Town AFC (21),0-1,?,Hereford United FC (1924-2014) (21)
?,(Sat) 1 Dec 1979 (48),Newport County AFC (21),4-0,?,Darlington FC (21)
?,(Sat) 1 Dec 1979 (48),Bradford City AFC (21),0-1,?,Walsall FC (21)
?,(Sat) 1 Dec 1979 (48),Doncaster Rovers FC (21),1-1,?,Aldershot Town FC (19)
?,(Sat) 1 Dec 1979 (48),AFC Bournemouth (21),0-0,?,Peterborough United FC (21)
?,(Sat) 1 Dec 1979 (48),Wigan Athletic FC (19),0-0,?,Northampton Town FC (21)
?,(Sat) 1 Dec 1979 (48),York City FC (21),5-1,?,Port Vale FC (21)
?,(Tue) 4 Dec 1979 (49),Rochdale AFC (21),2-1,?,Aldershot Town FC (20)
?,(Fri) 7 Dec 1979 (49),Port Vale FC (22),1-2,?,Stockport County FC (22)
?,(Fri) 7 Dec 1979 (49),Crewe Alexandra FC (22),0-0,?,AFC Bournemouth (22)
?,(Sat) 8 Dec 1979 (49),Aldershot Town FC (21),2-2,?,York City FC (22)
?,(Sat) 8 Dec 1979 (49),Darlington FC (22),3-1,?,Tranmere Rovers FC (21)
?,(Sat) 8 Dec 1979 (49),Walsall FC (22),1-1,?,Wigan Athletic FC (20)
?,(Sat) 8 Dec 1979 (49),Torquay United FC (22),3-1,?,Huddersfield Town AFC (22)
?,(Sat) 8 Dec 1979 (49),Hartlepool United FC (21),0-0,?,Newport County AFC (22)
?,(Sat) 8 Dec 1979 (49),Hereford United FC (1924-2014) (22),0-2,?,Bradford City AFC (22)
?,(Sat) 8 Dec 1979 (49),Northampton Town FC (22),0-0,?,Scunthorpe United FC (22)
?,(Sat) 8 Dec 1979 (49),Peterborough United FC (22),0-0,?,Portsmouth FC (22)
?,(Sat) 8 Dec 1979 (49),FC Halifax Town (22),1-0,?,Lincoln City FC (21)
?,(Sat) 15 Dec 1979 (50),Newport County AFC (23),2-1,?,Scunthorpe United FC (23)
?,(Fri) 21 Dec 1979 (51),Tranmere Rovers FC (22),1-2,?,Aldershot Town FC (22)
?,(Fri) 21 Dec 1979 (51),Portsmouth FC (23),2-2,?,Port Vale FC (23)
?,(Fri) 21 Dec 1979 (51),Stockport County FC (23),4-0,?,Torquay United FC (23)
?,(Fri) 21 Dec 1979 (51),Huddersfield Town AFC (23),5-1,?,Rochdale AFC (22)
?,(Fri) 21 Dec 1979 (51),Newport County AFC (24),1-1,?,Peterborough United FC (23)
?,(Fri) 21 Dec 1979 (51),Bradford City AFC (23),2-0,?,Hartlepool United FC (22)
?,(Fri) 21 Dec 1979 (51),Wigan Athletic FC (21),2-0,?,Crewe Alexandra FC (23)
?,(Fri) 21 Dec 1979 (51),AFC Bournemouth (23),2-2,?,Northampton Town FC (23)
?,(Fri) 21 Dec 1979 (51),York City FC (23),0-1,?,Walsall FC (23)
?,(Fri) 21 Dec 1979 (51),Doncaster Rovers FC (22),0-1,?,Darlington FC (23)
?,(Fri) 21 Dec 1979 (51),Scunthorpe United FC (24),1-0,?,FC Halifax Town (23)
?,(Wed) 26 Dec 1979 (52),Port Vale FC (24),1-0,?,Scunthorpe United FC (25)
?,(Wed) 26 Dec 1979 (52),FC Halifax Town (24),2-1,?,Huddersfield Town AFC (24)
?,(Wed) 26 Dec 1979 (52),Crewe Alexandra FC (24),0-0,?,Tranmere Rovers FC (23)
?,(Wed) 26 Dec 1979 (52),Hereford United FC (1924-2014) (23),0-0,?,Portsmouth FC (24)
?,(Wed) 26 Dec 1979 (52),Torquay United FC (24),2-0,?,Newport County AFC (25)
?,(Wed) 26 Dec 1979 (52),Aldershot Town FC (23),0-1,?,AFC Bournemouth (24)
?,(Wed) 26 Dec 1979 (52),Walsall FC (24),3-1,?,Doncaster Rovers FC (23)
?,(Wed) 26 Dec 1979 (52),Hartlepool United FC (23),3-1,?,York City FC (24)
?,(Wed) 26 Dec 1979 (52),Northampton Town FC (24),2-0,?,Stockport County FC (24)
?,(Wed) 26 Dec 1979 (52),Peterborough United FC (24),1-2,?,Wigan Athletic FC (22)
?,(Fri) 28 Dec 1979 (52),Tranmere Rovers FC (24),4-0,?,Bradford City AFC (24)
?,(Sat) 29 Dec 1979 (52),Portsmouth FC (25),6-1,?,Northampton Town FC (25)
?,(Sat) 29 Dec 1979 (52),Torquay United FC (25),1-0,?,Crewe Alexandra FC (25)
?,(Sat) 29 Dec 1979 (52),Hartlepool United FC (24),1-1,?,Rochdale AFC (23)
?,(Sat) 29 Dec 1979 (52),AFC Bournemouth (25),1-0,?,Darlington FC (24)
?,(Sat) 29 Dec 1979 (52),Wigan Athletic FC (23),3-1,?,Stockport County FC (25)
?,(Sat) 29 Dec 1979 (52),Port Vale FC (25),0-2,?,Aldershot Town FC (24)
?,(Sat) 29 Dec 1979 (52),FC Halifax Town (25),0-0,?,Peterborough United FC (25)
?,(Sat) 29 Dec 1979 (52),Doncaster Rovers FC (24),1-2,?,Huddersfield Town AFC (25)
?,(Sat) 29 Dec 1979 (52),Lincoln City FC (22),1-1,?,York City FC (25)
?,(Sat) 29 Dec 1979 (52),Newport County AFC (26),0-1,?,Walsall FC (25)
?,(Sat) 29 Dec 1979 (52),Scunthorpe United FC (26),1-0,?,Hereford United FC (1924-2014) (24)
?,(Tue) 1 Jan 1980 (0),Huddersfield Town AFC (26),2-1,?,Darlington FC (25)
?,(Tue) 1 Jan 1980 (0),Bradford City AFC (25),1-2,?,Rochdale AFC (24)
?,(Tue) 1 Jan 1980 (0),AFC Bournemouth (26),1-2,?,Torquay United FC (26)
?,(Tue) 1 Jan 1980 (0),Portsmouth FC (26),1-3,?,Aldershot Town FC (25)
?,(Tue) 1 Jan 1980 (0),Newport County AFC (27),1-0,?,Hereford United FC (1924-2014) (25)
?,(Sat) 5 Jan 1980 (0),Hereford United FC (1924-2014) (26),2-2,?,Doncaster Rovers FC (25)
?,(Sat) 5 Jan 1980 (0),Peterborough United FC (26),3-1,?,Scunthorpe United FC (27)
?,(Sat) 5 Jan 1980 (0),Northampton Town FC (26),2-0,?,York City FC (26)
?,(Sat) 5 Jan 1980 (0),Port Vale FC (26),1-1,?,AFC Bournemouth (27)
?,(Sat) 5 Jan 1980 (0),Walsall FC (26),1-1,?,Huddersfield Town AFC (27)
?,(Sat) 5 Jan 1980 (0),Hartlepool United FC (25),2-1,?,Tranmere Rovers FC (25)
?,(Fri) 11 Jan 1980 (1),Rochdale AFC (25),2-2,?,Darlington FC (26)
?,(Fri) 11 Jan 1980 (1),Stockport County FC (26),2-2,?,Tranmere Rovers FC (26)
?,(Sat) 12 Jan 1980 (1),Aldershot Town FC (26),0-2,?,Hartlepool United FC (26)
?,(Sat) 12 Jan 1980 (1),Bradford City AFC (26),1-1,?,Peterborough United FC (27)
?,(Sat) 12 Jan 1980 (1),Hereford United FC (1924-2014) (27),0-1,?,Walsall FC (27)
?,(Sat) 12 Jan 1980 (1),Doncaster Rovers FC (26),2-3,?,Port Vale FC (27)
?,(Sat) 12 Jan 1980 (1),Crewe Alexandra FC (26),2-1,?,FC Halifax Town (26)
?,(Sat) 12 Jan 1980 (1),York City FC (27),2-1,?,Newport County AFC (28)
?,(Sat) 12 Jan 1980 (1),Huddersfield Town AFC (28),3-2,?,Lincoln City FC (23)
?,(Sat) 12 Jan 1980 (1),Portsmouth FC (27),1-1,?,Wigan Athletic FC (24)
?,(Fri) 18 Jan 1980 (2),Newport County AFC (29),2-2,?,Huddersfield Town AFC (29)
?,(Sat) 19 Jan 1980 (2),Torquay United FC (27),2-2,?,Doncaster Rovers FC (27)
?,(Sat) 19 Jan 1980 (2),Darlington FC (27),0-1,?,Hartlepool United FC (27)
?,(Mon) 21 Jan 1980 (3),Stockport County FC (27),1-0,?,Peterborough United FC (28)
?,(Fri) 25 Jan 1980 (3),Tranmere Rovers FC (27),5-1,?,Rochdale AFC (26)
?,(Sat) 26 Jan 1980 (3),Bradford City AFC (27),3-1,?,Doncaster Rovers FC (28)
?,(Sat) 26 Jan 1980 (3),Lincoln City FC (24),2-0,?,Torquay United FC (28)
?,(Sat) 26 Jan 1980 (3),Darlington FC (28),1-1,?,Hereford United FC (1924-2014) (28)
?,(Sat) 26 Jan 1980 (3),Peterborough United FC (29),3-0,?,Port Vale FC (28)
?,(Sat) 26 Jan 1980 (3),Hartlepool United FC (28),1-1,?,Huddersfield Town AFC (30)
?,(Sat) 26 Jan 1980 (3),Newport County AFC (30),0-0,?,AFC Bournemouth (28)
?,(Sat) 26 Jan 1980 (3),Scunthorpe United FC (28),1-0,?,Portsmouth FC (28)
?,(Sat) 26 Jan 1980 (3),Aldershot Town FC (27),2-0,?,Stockport County FC (28)
?,(Sat) 26 Jan 1980 (3),Walsall FC (28),5-1,?,Northampton Town FC (27)
?,(Sat) 26 Jan 1980 (3),York City FC (28),2-2,?,Crewe Alexandra FC (27)
?,(Wed) 30 Jan 1980 (4),Lincoln City FC (25),1-0,?,Bradford City AFC (28)
?,(Fri) 1 Feb 1980 (4),Crewe Alexandra FC (28),1-4,?,Peterborough United FC (30)
?,(Sat) 2 Feb 1980 (4),Aldershot Town FC (28),1-1,?,Darlington FC (29)
?,(Sat) 2 Feb 1980 (4),Portsmouth FC (29),1-1,?,Tranmere Rovers FC (28)
?,(Sat) 2 Feb 1980 (4),Northampton Town FC (28),3-1,?,Port Vale FC (29)
?,(Sat) 2 Feb 1980 (4),AFC Bournemouth (29),2-0,?,Stockport County FC (29)
?,(Sat) 2 Feb 1980 (4),Doncaster Rovers FC (29),1-1,?,Lincoln City FC (26)
?,(Sat) 2 Feb 1980 (4),Hartlepool United FC (29),2-2,?,Walsall FC (29)
?,(Sat) 2 Feb 1980 (4),Hereford United FC (1924-2014) (29),2-0,?,FC Halifax Town (27)
?,(Sat) 2 Feb 1980 (4),York City FC (29),1-2,?,Wigan Athletic FC (25)
?,(Wed) 6 Feb 1980 (5),Wigan Athletic FC (26),2-1,?,AFC Bournemouth (30)
?,(Wed) 6 Feb 1980 (5),Lincoln City FC (27),2-0,?,Hereford United FC (1924-2014) (30)
?,(Fri) 8 Feb 1980 (5),Stockport County FC (30),1-0,?,York City FC (30)
?,(Sat) 9 Feb 1980 (5),Crewe Alexandra FC (29),1-0,?,Aldershot Town FC (29)
?,(Sat) 9 Feb 1980 (5),Wigan Athletic FC (27),1-1,?,Hereford United FC (1924-2014) (31)
?,(Sat) 9 Feb 1980 (5),Peterborough United FC (31),0-0,?,Northampton Town FC (29)
?,(Sat) 9 Feb 1980 (5),Scunthorpe United FC (29),3-3,?,Bradford City AFC (29)
?,(Sat) 9 Feb 1980 (5),Walsall FC (30),1-1,?,Darlington FC (30)
?,(Sat) 9 Feb 1980 (5),Tranmere Rovers FC (29),1-0,?,Lincoln City FC (28)
?,(Sat) 9 Feb 1980 (5),Port Vale FC (30),1-1,?,Huddersfield Town AFC (31)
?,(Sat) 9 Feb 1980 (5),Portsmouth FC (30),3-0,?,Rochdale AFC (27)
?,(Sat) 9 Feb 1980 (5),FC Halifax Town (28),2-0,?,AFC Bournemouth (31)
?,(Tue) 12 Feb 1980 (6),Crewe Alexandra FC (30),1-1,?,Portsmouth FC (31)
?,(Tue) 12 Feb 1980 (6),York City FC (31),2-2,?,FC Halifax Town (29)
?,(Tue) 12 Feb 1980 (6),Rochdale AFC (28),3-2,?,Doncaster Rovers FC (30)
?,(Wed) 13 Feb 1980 (6),Lincoln City FC (29),0-0,?,Northampton Town FC (30)
?,(Fri) 15 Feb 1980 (6),Rochdale AFC (29),0-2,?,Port Vale FC (31)
?,(Sat) 16 Feb 1980 (6),Darlington FC (31),2-0,?,Torquay United FC (29)
?,(Sat) 16 Feb 1980 (6),Lincoln City FC (30),2-1,?,Newport County AFC (31)
?,(Sat) 16 Feb 1980 (6),Huddersfield Town AFC (32),5-0,?,Stockport County FC (31)
?,(Sat) 16 Feb 1980 (6),Hereford United FC (1924-2014) (32),0-1,?,Peterborough United FC (32)
?,(Sat) 16 Feb 1980 (6),Bradford City AFC (30),2-1,?,Wigan Athletic FC (28)
?,(Sat) 16 Feb 1980 (6),Hartlepool United FC (30),1-2,?,FC Halifax Town (30)
?,(Sat) 16 Feb 1980 (6),York City FC (32),1-0,?,Portsmouth FC (32)
?,(Sat) 16 Feb 1980 (6),Doncaster Rovers FC (31),5-0,?,Scunthorpe United FC (30)
?,(Sat) 16 Feb 1980 (6),Northampton Town FC (31),1-0,?,Crewe Alexandra FC (31)
?,(Sat) 16 Feb 1980 (6),AFC Bournemouth (32),2-1,?,Tranmere Rovers FC (30)
?,(Sat) 16 Feb 1980 (6),Aldershot Town FC (30),1-1,?,Walsall FC (31)
?,(Tue) 19 Feb 1980 (7),Walsall FC (32),2-0,?,Rochdale AFC (30)
?,(Wed) 20 Feb 1980 (7),Port Vale FC (32),2-0,?,Crewe Alexandra FC (32)
?,(Fri) 22 Feb 1980 (7),Stockport County FC (32),2-2,?,Bradford City AFC (31)
?,(Fri) 22 Feb 1980 (7),Tranmere Rovers FC (31),0-2,?,Newport County AFC (32)
?,(Sat) 23 Feb 1980 (7),Peterborough United FC (33),2-0,?,Rochdale AFC (31)
?,(Sat) 23 Feb 1980 (7),Portsmouth FC (33),4-1,?,Huddersfield Town AFC (33)
?,(Sat) 23 Feb 1980 (7),Northampton Town FC (32),2-1,?,Aldershot Town FC (31)
?,(Sat) 23 Feb 1980 (7),Port Vale FC (33),1-1,?,Hartlepool United FC (31)
?,(Sat) 23 Feb 1980 (7),Torquay United FC (30),0-1,?,Walsall FC (33)
?,(Sat) 23 Feb 1980 (7),Crewe Alexandra FC (33),1-0,?,Hereford United FC (1924-2014) (33)
?,(Sat) 23 Feb 1980 (7),Scunthorpe United FC (31),1-0,?,Lincoln City FC (31)
?,(Sat) 23 Feb 1980 (7),AFC Bournemouth (33),0-0,?,York City FC (33)
?,(Sat) 23 Feb 1980 (7),FC Halifax Town (31),1-1,?,Darlington FC (32)
?,(Tue) 26 Feb 1980 (8),Newport County AFC (33),2-1,?,Doncaster Rovers FC (32)
?,(Tue) 26 Feb 1980 (8),Darlington FC (33),3-4,?,Bradford City AFC (32)
?,(Fri) 29 Feb 1980 (8),Lincoln City FC (32),4-0,?,Wigan Athletic FC (29)
?,(Sat) 1 Mar 1980 (8),Bradford City AFC (33),0-0,?,Portsmouth FC (34)
?,(Sat) 1 Mar 1980 (8),Rochdale AFC (32),0-0,?,Crewe Alexandra FC (34)
?,(Sat) 1 Mar 1980 (8),Huddersfield Town AFC (34),2-0,?,AFC Bournemouth (34)
?,(Sat) 1 Mar 1980 (8),Darlington FC (34),1-1,?,Port Vale FC (34)
?,(Sat) 1 Mar 1980 (8),Walsall FC (34),2-0,?,FC Halifax Town (32)
?,(Sat) 1 Mar 1980 (8),Hartlepool United FC (32),1-2,?,Peterborough United FC (34)
?,(Sat) 1 Mar 1980 (8),Hereford United FC (1924-2014) (34),0-1,?,Northampton Town FC (33)
?,(Sat) 1 Mar 1980 (8),Aldershot Town FC (32),1-1,?,Torquay United FC (31)
?,(Sat) 1 Mar 1980 (8),York City FC (34),0-1,?,Tranmere Rovers FC (32)
?,(Sat) 1 Mar 1980 (8),Doncaster Rovers FC (33),1-1,?,Stockport County FC (33)
?,(Tue) 4 Mar 1980 (9),Scunthorpe United FC (32),1-1,?,Crewe Alexandra FC (35)
?,(Tue) 4 Mar 1980 (9),FC Halifax Town (33),2-1,?,Northampton Town FC (34)
?,(Tue) 4 Mar 1980 (9),Darlington FC (35),1-1,?,Lincoln City FC (33)
?,(Tue) 4 Mar 1980 (9),Tranmere Rovers FC (33),0-1,?,Walsall FC (35)
?,(Wed) 5 Mar 1980 (9),Peterborough United FC (35),2-1,?,York City FC (35)
?,(Wed) 5 Mar 1980 (9),Torquay United FC (32),2-3,?,Bradford City AFC (34)
?,(Wed) 5 Mar 1980 (9),Wigan Athletic FC (30),2-1,?,Aldershot Town FC (33)
?,(Sat) 8 Mar 1980 (9),Portsmouth FC (35),2-0,?,Doncaster Rovers FC (34)
?,(Sat) 8 Mar 1980 (9),Crewe Alexandra FC (36),2-1,?,Hartlepool United FC (33)
?,(Sat) 8 Mar 1980 (9),Stockport County FC (34),2-1,?,Lincoln City FC (34)
?,(Sat) 8 Mar 1980 (9),AFC Bournemouth (35),1-1,?,Bradford City AFC (35)
?,(Sat) 8 Mar 1980 (9),Port Vale FC (35),2-2,?,Walsall FC (36)
?,(Sat) 8 Mar 1980 (9),York City FC (36),0-4,?,Huddersfield Town AFC (35)
?,(Sat) 8 Mar 1980 (9),Wigan Athletic FC (31),0-1,?,Newport County AFC (34)
?,(Sat) 8 Mar 1980 (9),Aldershot Town FC (34),3-3,?,Hereford United FC (1924-2014) (35)
?,(Sat) 8 Mar 1980 (9),Peterborough United FC (36),3-0,?,Darlington FC (36)
?,(Sat) 8 Mar 1980 (9),Scunthorpe United FC (33),2-2,?,Tranmere Rovers FC (34)
?,(Sat) 8 Mar 1980 (9),Northampton Town FC (35),0-0,?,Rochdale AFC (33)
?,(Mon) 10 Mar 1980 (10),Tranmere Rovers FC (35),1-3,?,Wigan Athletic FC (32)
?,(Mon) 10 Mar 1980 (10),Stockport County FC (35),1-1,?,Portsmouth FC (36)
?,(Tue) 11 Mar 1980 (10),Rochdale AFC (34),1-1,?,Lincoln City FC (35)
?,(Tue) 11 Mar 1980 (10),Doncaster Rovers FC (35),0-2,?,Hartlepool United FC (34)
?,(Fri) 14 Mar 1980 (10),Tranmere Rovers FC (36),1-1,?,Northampton Town FC (36)
?,(Fri) 14 Mar 1980 (10),Torquay United FC (33),2-2,?,Wigan Athletic FC (33)
?,(Fri) 14 Mar 1980 (10),Rochdale AFC (35),0-2,?,York City FC (37)
?,(Fri) 14 Mar 1980 (10),Newport County AFC (35),5-2,?,FC Halifax Town (34)
?,(Sat) 15 Mar 1980 (10),Hartlepool United FC (35),3-1,?,AFC Bournemouth (36)
?,(Sat) 15 Mar 1980 (10),Hereford United FC (1924-2014) (36),2-0,?,Stockport County FC (36)
?,(Sat) 15 Mar 1980 (10),Bradford City AFC (36),2-0,?,Aldershot Town FC (35)
?,(Sat) 15 Mar 1980 (10),Lincoln City FC (36),3-0,?,Port Vale FC (36)
?,(Sat) 15 Mar 1980 (10),Walsall FC (37),1-1,?,Scunthorpe United FC (34)
?,(Sat) 15 Mar 1980 (10),Darlington FC (37),1-1,?,Portsmouth FC (37)
?,(Sat) 15 Mar 1980 (10),Huddersfield Town AFC (36),0-0,?,Peterborough United FC (37)
?,(Tue) 18 Mar 1980 (11),Northampton Town FC (37),3-0,?,Torquay United FC (34)
?,(Wed) 19 Mar 1980 (11),FC Halifax Town (35),0-0,?,Wigan Athletic FC (34)
?,(Wed) 19 Mar 1980 (11),Lincoln City FC (37),1-1,?,Aldershot Town FC (36)
?,(Fri) 21 Mar 1980 (11),Stockport County FC (37),1-2,?,Scunthorpe United FC (35)
?,(Sat) 22 Mar 1980 (11),Port Vale FC (37),1-0,?,FC Halifax Town (36)
?,(Sat) 22 Mar 1980 (11),AFC Bournemouth (37),0-0,?,Lincoln City FC (38)
?,(Sat) 22 Mar 1980 (11),Huddersfield Town AFC (37),0-0,?,Bradford City AFC (37)
?,(Sat) 22 Mar 1980 (11),Northampton Town FC (38),2-0,?,Darlington FC (38)
?,(Sat) 22 Mar 1980 (11),Aldershot Town FC (37),3-0,?,Rochdale AFC (36)
?,(Sat) 22 Mar 1980 (11),Portsmouth FC (38),1-2,?,Walsall FC (38)
?,(Sat) 22 Mar 1980 (11),Wigan Athletic FC (35),0-0,?,Tranmere Rovers FC (37)
?,(Sat) 22 Mar 1980 (11),Hereford United FC (1924-2014) (37),2-1,?,Hartlepool United FC (36)
?,(Sat) 22 Mar 1980 (11),York City FC (38),1-0,?,Torquay United FC (35)
?,(Sat) 22 Mar 1980 (11),Peterborough United FC (38),3-2,?,Doncaster Rovers FC (36)
?,(Sat) 22 Mar 1980 (11),Crewe Alexandra FC (37),0-3,?,Newport County AFC (36)
?,(Tue) 25 Mar 1980 (12),Tranmere Rovers FC (38),0-0,?,Hereford United FC (1924-2014) (38)
?,(Tue) 25 Mar 1980 (12),AFC Bournemouth (38),3-3,?,Scunthorpe United FC (36)
?,(Wed) 26 Mar 1980 (12),Wigan Athletic FC (36),3-1,?,Port Vale FC (38)
?,(Sat) 29 Mar 1980 (12),Darlington FC (39),0-0,?,Crewe Alexandra FC (38)
?,(Sat) 29 Mar 1980 (12),Tranmere Rovers FC (39),0-0,?,Huddersfield Town AFC (38)
?,(Sat) 29 Mar 1980 (12),Scunthorpe United FC (37),1-3,?,Wigan Athletic FC (37)
?,(Sat) 29 Mar 1980 (12),Bradford City AFC (38),1-2,?,York City FC (39)
?,(Sat) 29 Mar 1980 (12),Hartlepool United FC (37),2-1,?,Northampton Town FC (39)
?,(Sat) 29 Mar 1980 (12),Walsall FC (39),2-3,?,Peterborough United FC (39)
?,(Sat) 29 Mar 1980 (12),FC Halifax Town (37),1-0,?,Aldershot Town FC (38)
?,(Sat) 29 Mar 1980 (12),Lincoln City FC (39),1-0,?,Portsmouth FC (39)
?,(Sat) 29 Mar 1980 (12),Doncaster Rovers FC (37),1-0,?,AFC Bournemouth (39)
?,(Sat) 29 Mar 1980 (12),Newport County AFC (37),3-1,?,Stockport County FC (38)
?,(Sat) 29 Mar 1980 (12),Torquay United FC (36),1-1,?,Port Vale FC (39)
?,(Tue) 1 Apr 1980 (13),Walsall FC (40),3-1,?,York City FC (40)
?,(Tue) 1 Apr 1980 (13),Port Vale FC (40),2-3,?,Portsmouth FC (40)
?,(Tue) 1 Apr 1980 (13),Rochdale AFC (37),0-2,?,Huddersfield Town AFC (39)
?,(Wed) 2 Apr 1980 (13),Torquay United FC (37),0-0,?,Stockport County FC (39)
?,(Wed) 2 Apr 1980 (13),Hereford United FC (1924-2014) (39),0-0,?,Lincoln City FC (40)
?,(Fri) 4 Apr 1980 (13),Stockport County FC (40),2-0,?,Northampton Town FC (40)
?,(Fri) 4 Apr 1980 (13),Crewe Alexandra FC (39),2-1,?,Wigan Athletic FC (38)
?,(Fri) 4 Apr 1980 (13),Darlington FC (40),2-1,?,Doncaster Rovers FC (38)
?,(Fri) 4 Apr 1980 (13),Hartlepool United FC (38),0-1,?,Bradford City AFC (39)
?,(Sat) 5 Apr 1980 (13),Lincoln City FC (41),0-0,?,Rochdale AFC (38)
?,(Sat) 5 Apr 1980 (13),AFC Bournemouth (40),3-1,?,Aldershot Town FC (39)
?,(Sat) 5 Apr 1980 (13),Newport County AFC (38),3-0,?,Torquay United FC (38)
?,(Sat) 5 Apr 1980 (13),Bradford City AFC (40),3-0,?,Darlington FC (41)
?,(Sat) 5 Apr 1980 (13),Portsmouth FC (41),0-0,?,Hereford United FC (1924-2014) (40)
?,(Sat) 5 Apr 1980 (13),Huddersfield Town AFC (40),5-0,?,FC Halifax Town (38)
?,(Sat) 5 Apr 1980 (13),Scunthorpe United FC (38),1-0,?,Port Vale FC (41)
?,(Sat) 5 Apr 1980 (13),Tranmere Rovers FC (40),2-0,?,Crewe Alexandra FC (40)
?,(Sat) 5 Apr 1980 (13),Doncaster Rovers FC (39),1-1,?,Walsall FC (41)
?,(Sat) 5 Apr 1980 (13),York City FC (41),2-1,?,Hartlepool United FC (39)
?,(Sat) 5 Apr 1980 (13),Wigan Athletic FC (39),2-1,?,Peterborough United FC (40)
?,(Mon) 7 Apr 1980 (14),Crewe Alexandra FC (41),1-1,?,Scunthorpe United FC (39)
?,(Mon) 7 Apr 1980 (14),Hereford United FC (1924-2014) (41),0-2,?,Newport County AFC (39)
?,(Mon) 7 Apr 1980 (14),FC Halifax Town (39),1-1,?,York City FC (42)
?,(Mon) 7 Apr 1980 (14),Rochdale AFC (39),0-1,?,Bradford City AFC (41)
?,(Mon) 7 Apr 1980 (14),Aldershot Town FC (40),1-2,?,Portsmouth FC (42)
?,(Mon) 7 Apr 1980 (14),Torquay United FC (39),0-0,?,AFC Bournemouth (41)
?,(Mon) 7 Apr 1980 (14),Walsall FC (42),2-0,?,Tranmere Rovers FC (41)
?,(Mon) 7 Apr 1980 (14),Port Vale FC (42),1-1,?,Wigan Athletic FC (40)
?,(Mon) 7 Apr 1980 (14),Northampton Town FC (41),0-0,?,Lincoln City FC (42)
?,(Mon) 7 Apr 1980 (14),Peterborough United FC (41),1-1,?,Stockport County FC (41)
?,(Tue) 8 Apr 1980 (14),Hartlepool United FC (40),1-2,?,Doncaster Rovers FC (40)
?,(Tue) 8 Apr 1980 (14),Darlington FC (42),2-3,?,Huddersfield Town AFC (41)
?,(Tue) 8 Apr 1980 (14),FC Halifax Town (40),2-2,?,Scunthorpe United FC (40)
?,(Tue) 8 Apr 1980 (14),Peterborough United FC (42),0-1,?,Newport County AFC (40)
?,(Tue) 8 Apr 1980 (14),Northampton Town FC (42),0-1,?,AFC Bournemouth (42)
?,(Fri) 11 Apr 1980 (14),Tranmere Rovers FC (42),1-0,?,Hartlepool United FC (41)
?,(Fri) 11 Apr 1980 (14),Stockport County FC (42),0-4,?,Aldershot Town FC (41)
?,(Fri) 11 Apr 1980 (14),Doncaster Rovers FC (41),1-0,?,Hereford United FC (1924-2014) (42)
?,(Sat) 12 Apr 1980 (14),Wigan Athletic FC (41),3-1,?,FC Halifax Town (41)
?,(Sat) 12 Apr 1980 (14),Scunthorpe United FC (41),1-0,?,Peterborough United FC (43)
?,(Sat) 12 Apr 1980 (14),Lincoln City FC (43),2-1,?,Darlington FC (43)
?,(Sat) 12 Apr 1980 (14),Newport County AFC (41),1-0,?,Rochdale AFC (40)
?,(Sat) 12 Apr 1980 (14),York City FC (43),1-2,?,Northampton Town FC (43)
?,(Sat) 12 Apr 1980 (14),Huddersfield Town AFC (42),1-1,?,Walsall FC (43)
?,(Sat) 12 Apr 1980 (14),Portsmouth FC (43),1-1,?,Crewe Alexandra FC (42)
?,(Sat) 12 Apr 1980 (14),AFC Bournemouth (43),3-1,?,Port Vale FC (43)
?,(Sat) 12 Apr 1980 (14),Bradford City AFC (42),1-1,?,Torquay United FC (40)
?,(Tue) 15 Apr 1980 (15),Rochdale AFC (41),0-0,?,Torquay United FC (41)
?,(Tue) 15 Apr 1980 (15),Huddersfield Town AFC (43),2-1,?,Scunthorpe United FC (42)
?,(Tue) 15 Apr 1980 (15),Hartlepool United FC (42),1-1,?,Wigan Athletic FC (42)
?,(Fri) 18 Apr 1980 (15),Rochdale AFC (42),0-1,?,Scunthorpe United FC (43)
?,(Sat) 19 Apr 1980 (15),Walsall FC (44),1-1,?,Bradford City AFC (43)
?,(Sat) 19 Apr 1980 (15),Crewe Alexandra FC (43),1-0,?,Stockport County FC (43)
?,(Sat) 19 Apr 1980 (15),Darlington FC (44),1-1,?,Newport County AFC (42)
?,(Sat) 19 Apr 1980 (15),Hartlepool United FC (43),0-0,?,Lincoln City FC (44)
?,(Sat) 19 Apr 1980 (15),Port Vale FC (44),1-2,?,York City FC (44)
?,(Sat) 19 Apr 1980 (15),Torquay United FC (42),3-1,?,Tranmere Rovers FC (43)
?,(Sat) 19 Apr 1980 (15),Hereford United FC (1924-2014) (43),1-3,?,Huddersfield Town AFC (44)
?,(Sat) 19 Apr 1980 (15),Northampton Town FC (44),1-1,?,Wigan Athletic FC (43)
?,(Sat) 19 Apr 1980 (15),FC Halifax Town (42),1-2,?,Portsmouth FC (44)
?,(Sat) 19 Apr 1980 (15),Aldershot Town FC (42),1-1,?,Doncaster Rovers FC (42)
?,(Sat) 19 Apr 1980 (15),Peterborough United FC (44),2-0,?,AFC Bournemouth (44)
?,(Tue) 22 Apr 1980 (16),FC Halifax Town (43),1-3,?,Stockport County FC (44)
?,(Tue) 22 Apr 1980 (16),Scunthorpe United FC (44),1-1,?,Aldershot Town FC (43)
?,(Tue) 22 Apr 1980 (16),Doncaster Rovers FC (43),1-1,?,Crewe Alexandra FC (44)
?,(Tue) 22 Apr 1980 (16),Bradford City AFC (44),3-0,?,Newport County AFC (43)
?,(Wed) 23 Apr 1980 (16),Torquay United FC (43),3-1,?,Hartlepool United FC (44)
?,(Fri) 25 Apr 1980 (16),Lincoln City FC (45),4-0,?,FC Halifax Town (44)
?,(Fri) 25 Apr 1980 (16),Stockport County FC (45),0-1,?,Port Vale FC (45)
?,(Fri) 25 Apr 1980 (16),Scunthorpe United FC (45),3-0,?,Northampton Town FC (45)
?,(Sat) 26 Apr 1980 (16),Portsmouth FC (45),4-0,?,Peterborough United FC (45)
?,(Sat) 26 Apr 1980 (16),Wigan Athletic FC (44),3-0,?,Walsall FC (45)
?,(Sat) 26 Apr 1980 (16),Bradford City AFC (45),1-0,?,Hereford United FC (1924-2014) (44)
?,(Sat) 26 Apr 1980 (16),Huddersfield Town AFC (45),4-2,?,Torquay United FC (44)
?,(Sat) 26 Apr 1980 (16),York City FC (45),1-1,?,Aldershot Town FC (44)
?,(Sat) 26 Apr 1980 (16),Tranmere Rovers FC (44),1-2,?,Darlington FC (45)
?,(Sat) 26 Apr 1980 (16),Newport County AFC (44),1-0,?,Hartlepool United FC (45)
?,(Sat) 26 Apr 1980 (16),Doncaster Rovers FC (44),2-0,?,Rochdale AFC (43)
?,(Sat) 26 Apr 1980 (16),AFC Bournemouth (45),0-1,?,Crewe Alexandra FC (45)
?,(Tue) 29 Apr 1980 (17),Rochdale AFC (44),2-0,?,Newport County AFC (45)
?,(Tue) 29 Apr 1980 (17),FC Halifax Town (45),3-3,?,Torquay United FC (45)
?,(Wed) 30 Apr 1980 (17),Wigan Athletic FC (45),0-0,?,Doncaster Rovers FC (45)
?,(Fri) 2 May 1980 (17),Rochdale AFC (45),2-0,?,Tranmere Rovers FC (45)
?,(Fri) 2 May 1980 (17),Stockport County FC (46),4-1,?,FC Halifax Town (46)
?,(Sat) 3 May 1980 (17),Port Vale FC (46),3-0,?,Doncaster Rovers FC (46)
?,(Sat) 3 May 1980 (17),Walsall FC (46),2-4,?,Newport County AFC (46)
?,(Sat) 3 May 1980 (17),Northampton Town FC (46),0-2,?,Portsmouth FC (46)
?,(Sat) 3 May 1980 (17),Huddersfield Town AFC (46),2-1,?,Hartlepool United FC (46)
?,(Sat) 3 May 1980 (17),Torquay United FC (46),2-5,?,Lincoln City FC (46)
?,(Sat) 3 May 1980 (17),Hereford United FC (1924-2014) (45),1-1,?,Scunthorpe United FC (46)
?,(Sat) 3 May 1980 (17),Crewe Alexandra FC (46),2-0,?,York City FC (46)
?,(Sat) 3 May 1980 (17),Darlington FC (46),0-1,?,AFC Bournemouth (46)
?,(Sat) 3 May 1980 (17),Aldershot Town FC (45),0-3,?,Wigan Athletic FC (46)
?,(Sat) 3 May 1980 (17),Peterborough United FC (46),1-0,?,Bradford City AFC (46)
?,(Tue) 6 May 1980 (18),Rochdale AFC (46),0-2,?,Hereford United FC (1924-2014) (46)
?,(Tue) 6 May 1980 (18),Aldershot Town FC (46),0-0,?,Tranmere Rovers FC (46)
